Stn Id,Stn Name,CIMIS Region,Date,Hour (PST),Jul,Air Temp (C),qc,Rel Hum (%),qc,Wind Speed (m/s),qc
6,Davis,Sacramento Valley,3/1/2012,0500,061,6.7, ,83, ,3.8, 
6,Davis,Sacramento Valley,3/1/2012,0600,061,6.9, ,82, ,3.2, 
6,Davis,Sacramento Valley,3/1/2012,0700,061,7.0, ,81, ,3.5, 
6,Davis,Sacramento Valley,3/1/2012,0800,061,7.5, ,81, ,5.6, 
6,Davis,Sacramento Valley,3/1/2012,0900,061,8.6, ,84, ,5.9, 
6,Davis,Sacramento Valley,3/1/2012,1000,061,9.3, ,86, ,5.8, 
6,Davis,Sacramento Valley,3/1/2012,1100,061,10.8, ,84, ,6.2, 
6,Davis,Sacramento Valley,3/1/2012,1200,061,12.6, ,77, ,4.8, 
6,Davis,Sacramento Valley,3/1/2012,1300,061,14.0, ,67, ,5.0, 
6,Davis,Sacramento Valley,3/1/2012,1400,061,14.7, ,62, ,3.6, 
6,Davis,Sacramento Valley,3/1/2012,1500,061,14.6, ,54, ,3.8, 
6,Davis,Sacramento Valley,3/1/2012,1600,061,15.0, ,49, ,4.5, 
6,Davis,Sacramento Valley,3/1/2012,1700,061,14.4, ,45, ,3.8, 
6,Davis,Sacramento Valley,3/1/2012,1800,061,12.8, ,50, ,2.7, 
6,Davis,Sacramento Valley,3/1/2012,1900,061,10.7, ,64, ,1.9, 
6,Davis,Sacramento Valley,3/1/2012,2000,061,9.5, ,81, ,2.1, 
6,Davis,Sacramento Valley,3/1/2012,2100,061,8.5, ,86, ,3.0, 
6,Davis,Sacramento Valley,3/1/2012,2200,061,7.0, ,88, ,2.0, 
6,Davis,Sacramento Valley,3/2/2012,0500,062,6.1, ,50, ,6.0, 
6,Davis,Sacramento Valley,3/2/2012,0600,062,5.9, ,50, ,7.1, 
6,Davis,Sacramento Valley,3/2/2012,0700,062,5.8, ,50, ,6.4, 
6,Davis,Sacramento Valley,3/2/2012,0800,062,6.8, ,47, ,6.0, 
6,Davis,Sacramento Valley,3/2/2012,0900,062,8.7, ,42, ,6.9, 
6,Davis,Sacramento Valley,3/2/2012,1000,062,9.8, ,40, ,7.4, 
6,Davis,Sacramento Valley,3/2/2012,1100,062,11.9, ,35, ,7.7, 
6,Davis,Sacramento Valley,3/2/2012,1200,062,13.6, ,31, ,7.1, 
6,Davis,Sacramento Valley,3/2/2012,1300,062,14.8, ,27, ,7.0, 
6,Davis,Sacramento Valley,3/2/2012,1400,062,15.9, ,24, ,6.7, 
6,Davis,Sacramento Valley,3/2/2012,1500,062,16.3, ,26, ,5.8, 
6,Davis,Sacramento Valley,3/2/2012,1600,062,16.6, ,25, ,4.8, 
6,Davis,Sacramento Valley,3/2/2012,1700,062,17.0, ,26, ,4.0, 
6,Davis,Sacramento Valley,3/2/2012,1800,062,15.4, ,31, ,2.3, 
6,Davis,Sacramento Valley,3/2/2012,1900,062,11.9, ,42, ,1.2, 
6,Davis,Sacramento Valley,3/2/2012,2000,062,9.4, ,52, ,0.9, 
6,Davis,Sacramento Valley,3/2/2012,2100,062,7.9, ,58, ,1.0, 
6,Davis,Sacramento Valley,3/2/2012,2200,062,7.1, ,59, ,0.8, 
6,Davis,Sacramento Valley,3/3/2012,0500,063,1.5, ,85, ,1.1, 
6,Davis,Sacramento Valley,3/3/2012,0600,063,1.5, ,85, ,1.0, 
6,Davis,Sacramento Valley,3/3/2012,0700,063,1.3, ,87, ,1.3, 
6,Davis,Sacramento Valley,3/3/2012,0800,063,3.4, ,81, ,1.4, 
6,Davis,Sacramento Valley,3/3/2012,0900,063,7.3, ,71, ,1.3, 
6,Davis,Sacramento Valley,3/3/2012,1000,063,10.9, ,57, ,1.4, 
6,Davis,Sacramento Valley,3/3/2012,1100,063,13.3, ,49, ,1.2, 
6,Davis,Sacramento Valley,3/3/2012,1200,063,15.1, ,44, ,1.3, 
6,Davis,Sacramento Valley,3/3/2012,1300,063,16.6, ,40, ,1.2, 
6,Davis,Sacramento Valley,3/3/2012,1400,063,18.0, ,36, ,1.4, 
6,Davis,Sacramento Valley,3/3/2012,1500,063,19.0, ,34, ,1.4, 
6,Davis,Sacramento Valley,3/3/2012,1600,063,19.7, ,32, ,1.1, 
6,Davis,Sacramento Valley,3/3/2012,1700,063,19.8, ,31, ,1.3, 
6,Davis,Sacramento Valley,3/3/2012,1800,063,18.4, ,36, ,1.2, 
6,Davis,Sacramento Valley,3/3/2012,1900,063,15.5, ,45, ,1.2, 
6,Davis,Sacramento Valley,3/3/2012,2000,063,12.2, ,56, ,0.7, 
6,Davis,Sacramento Valley,3/3/2012,2100,063,11.5, ,58, ,0.8, 
6,Davis,Sacramento Valley,3/3/2012,2200,063,9.5, ,66, ,0.7, 
6,Davis,Sacramento Valley,3/4/2012,0500,064,4.5, ,84, ,1.5, 
6,Davis,Sacramento Valley,3/4/2012,0600,064,4.7, ,85, ,1.9, 
6,Davis,Sacramento Valley,3/4/2012,0700,064,4.5, ,86, ,1.4, 
6,Davis,Sacramento Valley,3/4/2012,0800,064,6.1, ,83, ,1.5, 
6,Davis,Sacramento Valley,3/4/2012,0900,064,10.0, ,73, ,2.7, 
6,Davis,Sacramento Valley,3/4/2012,1000,064,13.5, ,62, ,3.7, 
6,Davis,Sacramento Valley,3/4/2012,1100,064,15.9, ,54, ,3.5, 
6,Davis,Sacramento Valley,3/4/2012,1200,064,18.0, ,46, ,3.2, 
6,Davis,Sacramento Valley,3/4/2012,1300,064,19.6, ,44, ,2.9, 
6,Davis,Sacramento Valley,3/4/2012,1400,064,21.0, ,40, ,2.2, 
6,Davis,Sacramento Valley,3/4/2012,1500,064,21.9, ,35, ,1.7, 
6,Davis,Sacramento Valley,3/4/2012,1600,064,22.7, ,32, ,1.3, 
6,Davis,Sacramento Valley,3/4/2012,1700,064,23.1, ,31, ,0.8, 
6,Davis,Sacramento Valley,3/4/2012,1800,064,21.4, ,35, ,1.1, 
6,Davis,Sacramento Valley,3/4/2012,1900,064,17.9, ,44, ,1.4, 
6,Davis,Sacramento Valley,3/4/2012,2000,064,15.5, ,53, ,1.5, 
6,Davis,Sacramento Valley,3/4/2012,2100,064,13.2, ,60, ,0.8, 
6,Davis,Sacramento Valley,3/4/2012,2200,064,11.9, ,65, ,0.6, 
6,Davis,Sacramento Valley,3/5/2012,0500,065,5.0, ,89, ,0.9, 
6,Davis,Sacramento Valley,3/5/2012,0600,065,4.4, ,91, ,0.9, 
6,Davis,Sacramento Valley,3/5/2012,0700,065,4.2, ,93, ,0.9, 
6,Davis,Sacramento Valley,3/5/2012,0800,065,5.8, ,89, ,0.9, 
6,Davis,Sacramento Valley,3/5/2012,0900,065,10.0, ,78, ,1.3, 
6,Davis,Sacramento Valley,3/5/2012,1000,065,12.6, ,70, ,1.4, 
6,Davis,Sacramento Valley,3/5/2012,1100,065,15.4, ,60, ,1.2, 
6,Davis,Sacramento Valley,3/5/2012,1200,065,17.3, ,56, ,1.6, 
6,Davis,Sacramento Valley,3/5/2012,1300,065,19.5, ,50, ,2.1, 
6,Davis,Sacramento Valley,3/5/2012,1400,065,20.9, ,44, ,3.1, 
6,Davis,Sacramento Valley,3/5/2012,1500,065,22.1, ,41, ,3.2, 
6,Davis,Sacramento Valley,3/5/2012,1600,065,23.5, ,36, ,3.3, 
6,Davis,Sacramento Valley,3/5/2012,1700,065,22.9, ,30, ,4.9, 
6,Davis,Sacramento Valley,3/5/2012,1800,065,19.9, ,36, ,3.6, 
6,Davis,Sacramento Valley,3/5/2012,1900,065,16.3, ,44, ,3.3, 
6,Davis,Sacramento Valley,3/5/2012,2000,065,14.7, ,48, ,3.4, 
6,Davis,Sacramento Valley,3/5/2012,2100,065,12.9, ,56, ,3.3, 
6,Davis,Sacramento Valley,3/5/2012,2200,065,10.4, ,69, ,4.8, 
6,Davis,Sacramento Valley,3/6/2012,0500,066,9.0, ,78, ,3.6, 
6,Davis,Sacramento Valley,3/6/2012,0600,066,8.2, ,69, ,4.5, 
6,Davis,Sacramento Valley,3/6/2012,0700,066,7.7, ,56, ,4.8, 
6,Davis,Sacramento Valley,3/6/2012,0800,066,7.8, ,54, ,3.5, 
6,Davis,Sacramento Valley,3/6/2012,0900,066,9.9, ,40, ,5.0, 
6,Davis,Sacramento Valley,3/6/2012,1000,066,11.7, ,28, ,7.1, 
6,Davis,Sacramento Valley,3/6/2012,1100,066,12.1, ,23, ,10.1, 
6,Davis,Sacramento Valley,3/6/2012,1200,066,12.4, ,25, ,10.2, 
6,Davis,Sacramento Valley,3/6/2012,1300,066,12.8, ,21, ,10.7, 
6,Davis,Sacramento Valley,3/6/2012,1400,066,13.0, ,21, ,9.9, 
6,Davis,Sacramento Valley,3/6/2012,1500,066,13.2, ,19, ,9.8, 
6,Davis,Sacramento Valley,3/6/2012,1600,066,13.2, ,19, ,9.6, 
6,Davis,Sacramento Valley,3/6/2012,1700,066,12.8, ,19, ,8.3, 
6,Davis,Sacramento Valley,3/6/2012,1800,066,11.8, ,20, ,7.4, 
6,Davis,Sacramento Valley,3/6/2012,1900,066,10.0, ,24, ,5.2, 
6,Davis,Sacramento Valley,3/6/2012,2000,066,7.8, ,31, ,3.1, 
6,Davis,Sacramento Valley,3/6/2012,2100,066,6.4, ,35, ,2.8, 
6,Davis,Sacramento Valley,3/6/2012,2200,066,5.9, ,38, ,3.5, 
6,Davis,Sacramento Valley,3/7/2012,0500,067,4.6, ,44, ,7.6, 
6,Davis,Sacramento Valley,3/7/2012,0600,067,4.7, ,42, ,7.9, 
6,Davis,Sacramento Valley,3/7/2012,0700,067,5.1, ,38, ,8.0, 
6,Davis,Sacramento Valley,3/7/2012,0800,067,6.0, ,36, ,8.5, 
6,Davis,Sacramento Valley,3/7/2012,0900,067,7.6, ,33, ,9.1, 
6,Davis,Sacramento Valley,3/7/2012,1000,067,9.6, ,30, ,8.1, 
6,Davis,Sacramento Valley,3/7/2012,1100,067,11.4, ,26, ,8.4, 
6,Davis,Sacramento Valley,3/7/2012,1200,067,13.2, ,22, ,8.0, 
6,Davis,Sacramento Valley,3/7/2012,1300,067,15.0, ,19, ,7.6, 
6,Davis,Sacramento Valley,3/7/2012,1400,067,15.9, ,19, ,7.5, 
6,Davis,Sacramento Valley,3/7/2012,1500,067,17.0, ,17, ,7.0, 
6,Davis,Sacramento Valley,3/7/2012,1600,067,17.5, ,17, ,6.3, 
6,Davis,Sacramento Valley,3/7/2012,1700,067,17.3, ,19, ,5.9, 
6,Davis,Sacramento Valley,3/7/2012,1800,067,15.9, ,24, ,4.3, 
6,Davis,Sacramento Valley,3/7/2012,1900,067,13.4, ,28, ,2.9, 
6,Davis,Sacramento Valley,3/7/2012,2000,067,11.6, ,32, ,2.5, 
6,Davis,Sacramento Valley,3/7/2012,2100,067,11.2, ,32, ,2.8, 
6,Davis,Sacramento Valley,3/7/2012,2200,067,10.6, ,34, ,3.3, 
6,Davis,Sacramento Valley,3/8/2012,0500,068,2.6, ,68, ,0.6, 
6,Davis,Sacramento Valley,3/8/2012,0600,068,2.2, ,68, ,0.9, 
6,Davis,Sacramento Valley,3/8/2012,0700,068,1.4, ,70, ,0.7, 
6,Davis,Sacramento Valley,3/8/2012,0800,068,4.2, ,61, ,0.8, 
6,Davis,Sacramento Valley,3/8/2012,0900,068,7.9, ,46, ,1.9, 
6,Davis,Sacramento Valley,3/8/2012,1000,068,10.6, ,39, ,2.2, 
6,Davis,Sacramento Valley,3/8/2012,1100,068,12.8, ,35, ,1.9, 
6,Davis,Sacramento Valley,3/8/2012,1200,068,14.8, ,32, ,1.5, 
6,Davis,Sacramento Valley,3/8/2012,1300,068,16.4, ,29, ,1.4, 
6,Davis,Sacramento Valley,3/8/2012,1400,068,17.8, ,26, ,1.9, 
6,Davis,Sacramento Valley,3/8/2012,1500,068,18.6, ,26, ,1.7, 
6,Davis,Sacramento Valley,3/8/2012,1600,068,18.9, ,25, ,1.6, 
6,Davis,Sacramento Valley,3/8/2012,1700,068,19.3, ,25, ,1.1, 
6,Davis,Sacramento Valley,3/8/2012,1800,068,18.2, ,28, ,1.3, 
6,Davis,Sacramento Valley,3/8/2012,1900,068,15.0, ,34, ,0.6, 
6,Davis,Sacramento Valley,3/8/2012,2000,068,11.6, ,44, ,0.7, 
6,Davis,Sacramento Valley,3/8/2012,2100,068,9.1, ,52, ,0.8, 
6,Davis,Sacramento Valley,3/8/2012,2200,068,7.9, ,57, ,1.0, 
6,Davis,Sacramento Valley,3/9/2012,0500,069,3.3, ,68, ,1.2, 
6,Davis,Sacramento Valley,3/9/2012,0600,069,3.1, ,70, ,0.6, 
6,Davis,Sacramento Valley,3/9/2012,0700,069,2.3, ,71, ,0.9, 
6,Davis,Sacramento Valley,3/9/2012,0800,069,5.3, ,65, ,1.4, 
6,Davis,Sacramento Valley,3/9/2012,0900,069,8.9, ,59, ,2.7, 
6,Davis,Sacramento Valley,3/9/2012,1000,069,12.8, ,49, ,2.9, 
6,Davis,Sacramento Valley,3/9/2012,1100,069,15.5, ,41, ,2.7, 
6,Davis,Sacramento Valley,3/9/2012,1200,069,17.4, ,36, ,2.3, 
6,Davis,Sacramento Valley,3/9/2012,1300,069,19.1, ,31, ,1.5, 
6,Davis,Sacramento Valley,3/9/2012,1400,069,20.2, ,28, ,1.7, 
6,Davis,Sacramento Valley,3/9/2012,1500,069,21.3, ,28, ,1.4, 
6,Davis,Sacramento Valley,3/9/2012,1600,069,21.9, ,27, ,1.4, 
6,Davis,Sacramento Valley,3/9/2012,1700,069,21.6, ,28, ,2.0, 
6,Davis,Sacramento Valley,3/9/2012,1800,069,19.8, ,33, ,2.4, 
6,Davis,Sacramento Valley,3/9/2012,1900,069,16.8, ,38, ,1.6, 
6,Davis,Sacramento Valley,3/9/2012,2000,069,14.5, ,41, ,1.7, 
6,Davis,Sacramento Valley,3/9/2012,2100,069,12.1, ,48, ,1.2, 
6,Davis,Sacramento Valley,3/9/2012,2200,069,9.8, ,55, ,1.2, 
6,Davis,Sacramento Valley,3/10/2012,0500,070,3.5, ,81, ,1.2, 
6,Davis,Sacramento Valley,3/10/2012,0600,070,3.9, ,82, ,1.1, 
6,Davis,Sacramento Valley,3/10/2012,0700,070,4.3, ,80, ,1.9, 
6,Davis,Sacramento Valley,3/10/2012,0800,070,6.9, ,75, ,2.1, 
6,Davis,Sacramento Valley,3/10/2012,0900,070,9.0, ,67, ,3.1, 
6,Davis,Sacramento Valley,3/10/2012,1000,070,11.6, ,56, ,3.1, 
6,Davis,Sacramento Valley,3/10/2012,1100,070,15.0, ,42, ,2.2, 
6,Davis,Sacramento Valley,3/10/2012,1200,070,16.6, ,37, ,2.2, 
6,Davis,Sacramento Valley,3/10/2012,1300,070,18.4, ,36, ,2.6, 
6,Davis,Sacramento Valley,3/10/2012,1400,070,19.8, ,41, ,3.4, 
6,Davis,Sacramento Valley,3/10/2012,1500,070,19.5, ,46, ,5.3, 
6,Davis,Sacramento Valley,3/10/2012,1600,070,19.2, ,47, ,5.2, 
6,Davis,Sacramento Valley,3/10/2012,1700,070,17.4, ,52, ,5.4, 
6,Davis,Sacramento Valley,3/10/2012,1800,070,14.3, ,61, ,5.8, 
6,Davis,Sacramento Valley,3/10/2012,1900,070,11.3, ,71, ,5.6, 
6,Davis,Sacramento Valley,3/10/2012,2000,070,9.7, ,76, ,5.8, 
6,Davis,Sacramento Valley,3/10/2012,2100,070,8.9, ,79, ,5.1, 
6,Davis,Sacramento Valley,3/10/2012,2200,070,8.5, ,80, ,4.9, 
6,Davis,Sacramento Valley,3/11/2012,0500,071,8.1, ,79, ,2.2, 
6,Davis,Sacramento Valley,3/11/2012,0600,071,9.0, ,70, ,4.4, 
6,Davis,Sacramento Valley,3/11/2012,0700,071,9.3, ,71, ,4.9, 
6,Davis,Sacramento Valley,3/11/2012,0800,071,8.7, ,76, ,2.2, 
6,Davis,Sacramento Valley,3/11/2012,0900,071,10.0, ,76, ,4.0, 
6,Davis,Sacramento Valley,3/11/2012,1000,071,12.0, ,69, ,4.6, 
6,Davis,Sacramento Valley,3/11/2012,1100,071,12.8, ,66, ,3.5, 
6,Davis,Sacramento Valley,3/11/2012,1200,071,14.3, ,61, ,4.5, 
6,Davis,Sacramento Valley,3/11/2012,1300,071,14.3, ,60, ,3.5, 
6,Davis,Sacramento Valley,3/11/2012,1400,071,14.8, ,57, ,1.9, 
6,Davis,Sacramento Valley,3/11/2012,1500,071,15.6, ,52, ,4.2, 
6,Davis,Sacramento Valley,3/11/2012,1600,071,15.0, ,53, ,4.6, 
6,Davis,Sacramento Valley,3/11/2012,1700,071,15.1, ,47, ,4.2, 
6,Davis,Sacramento Valley,3/11/2012,1800,071,14.2, ,44, ,3.8, 
6,Davis,Sacramento Valley,3/11/2012,1900,071,11.7, ,51, ,3.1, 
6,Davis,Sacramento Valley,3/11/2012,2000,071,9.7, ,60, ,2.9, 
6,Davis,Sacramento Valley,3/11/2012,2100,071,8.7, ,62, ,3.9, 
6,Davis,Sacramento Valley,3/11/2012,2200,071,7.4, ,65, ,2.6, 
6,Davis,Sacramento Valley,3/12/2012,0500,072,2.5, ,88, ,1.2, 
6,Davis,Sacramento Valley,3/12/2012,0600,072,1.7, ,90, ,0.9, 
6,Davis,Sacramento Valley,3/12/2012,0700,072,1.7, ,90, ,0.7, 
6,Davis,Sacramento Valley,3/12/2012,0800,072,4.7, ,84, ,1.5, 
6,Davis,Sacramento Valley,3/12/2012,0900,072,8.2, ,76, ,2.1, 
6,Davis,Sacramento Valley,3/12/2012,1000,072,11.5, ,62, ,3.3, 
6,Davis,Sacramento Valley,3/12/2012,1100,072,13.3, ,49, ,4.5, 
6,Davis,Sacramento Valley,3/12/2012,1200,072,14.2, ,47, ,4.6, 
6,Davis,Sacramento Valley,3/12/2012,1300,072,15.0, ,46, ,4.8, 
6,Davis,Sacramento Valley,3/12/2012,1400,072,14.7, ,45, ,4.9, 
6,Davis,Sacramento Valley,3/12/2012,1500,072,16.0, ,41, ,4.9, 
6,Davis,Sacramento Valley,3/12/2012,1600,072,16.0, ,40, ,4.8, 
6,Davis,Sacramento Valley,3/12/2012,1700,072,15.7, ,42, ,4.7, 
6,Davis,Sacramento Valley,3/12/2012,1800,072,14.1, ,45, ,4.7, 
6,Davis,Sacramento Valley,3/12/2012,1900,072,12.3, ,51, ,4.5, 
6,Davis,Sacramento Valley,3/12/2012,2000,072,11.3, ,54, ,2.6, 
6,Davis,Sacramento Valley,3/12/2012,2100,072,11.3, ,57, ,3.3, 
6,Davis,Sacramento Valley,3/12/2012,2200,072,11.2, ,65, ,5.7, 
6,Davis,Sacramento Valley,3/13/2012,0500,073,11.7, ,67, ,5.2, 
6,Davis,Sacramento Valley,3/13/2012,0600,073,11.7, ,75, ,6.4, 
6,Davis,Sacramento Valley,3/13/2012,0700,073,11.3, ,81, ,5.0, 
6,Davis,Sacramento Valley,3/13/2012,0800,073,10.7, ,86, ,5.1, 
6,Davis,Sacramento Valley,3/13/2012,0900,073,10.8, ,87, ,5.4, 
6,Davis,Sacramento Valley,3/13/2012,1000,073,11.3, ,86, ,6.5, 
6,Davis,Sacramento Valley,3/13/2012,1100,073,11.8, ,86, ,5.9, 
6,Davis,Sacramento Valley,3/13/2012,1200,073,11.9, ,88, ,4.1, 
6,Davis,Sacramento Valley,3/13/2012,1300,073,12.0, ,88, ,5.6, 
6,Davis,Sacramento Valley,3/13/2012,1400,073,12.1, ,89, ,5.7, 
6,Davis,Sacramento Valley,3/13/2012,1500,073,12.2, ,89, ,5.8, 
6,Davis,Sacramento Valley,3/13/2012,1600,073,12.2, ,90, ,5.0, 
6,Davis,Sacramento Valley,3/13/2012,1700,073,12.1, ,90, ,4.2, 
6,Davis,Sacramento Valley,3/13/2012,1800,073,11.9, ,90, ,4.9, 
6,Davis,Sacramento Valley,3/13/2012,1900,073,11.8, ,91, ,5.0, 
6,Davis,Sacramento Valley,3/13/2012,2000,073,11.7, ,91, ,5.1, 
6,Davis,Sacramento Valley,3/13/2012,2100,073,11.7, ,91, ,4.9, 
6,Davis,Sacramento Valley,3/13/2012,2200,073,11.5, ,92, ,4.4, 
6,Davis,Sacramento Valley,3/14/2012,0500,074,10.7, ,96, ,2.6, 
6,Davis,Sacramento Valley,3/14/2012,0600,074,10.7, ,96, ,2.1, 
6,Davis,Sacramento Valley,3/14/2012,0700,074,10.7, ,96, ,2.6, 
6,Davis,Sacramento Valley,3/14/2012,0800,074,10.9, ,96, ,2.6, 
6,Davis,Sacramento Valley,3/14/2012,0900,074,11.3, ,96, ,3.5, 
6,Davis,Sacramento Valley,3/14/2012,1000,074,11.6, ,95, ,4.5, 
6,Davis,Sacramento Valley,3/14/2012,1100,074,12.2, ,94, ,5.1, 
6,Davis,Sacramento Valley,3/14/2012,1200,074,12.4, ,94, ,4.5, 
6,Davis,Sacramento Valley,3/14/2012,1300,074,12.6, ,94, ,3.3, 
6,Davis,Sacramento Valley,3/14/2012,1400,074,13.2, ,93, ,3.2, 
6,Davis,Sacramento Valley,3/14/2012,1500,074,13.3, ,93, ,3.4, 
6,Davis,Sacramento Valley,3/14/2012,1600,074,13.6, ,91, ,3.2, 
6,Davis,Sacramento Valley,3/14/2012,1700,074,13.6, ,90, ,2.9, 
6,Davis,Sacramento Valley,3/14/2012,1800,074,13.3, ,94, ,2.7, 
6,Davis,Sacramento Valley,3/14/2012,1900,074,13.2, ,96, ,2.3, 
6,Davis,Sacramento Valley,3/14/2012,2000,074,13.1, ,96, ,2.6, 
6,Davis,Sacramento Valley,3/14/2012,2100,074,13.0, ,95, ,2.9, 
6,Davis,Sacramento Valley,3/14/2012,2200,074,13.0, ,95, ,3.2, 
6,Davis,Sacramento Valley,3/15/2012,0500,075,12.6, ,92, ,2.5, 
6,Davis,Sacramento Valley,3/15/2012,0600,075,12.4, ,93, ,1.6, 
6,Davis,Sacramento Valley,3/15/2012,0700,075,12.4, ,94, ,1.6, 
6,Davis,Sacramento Valley,3/15/2012,0800,075,12.6, ,94, ,1.7, 
6,Davis,Sacramento Valley,3/15/2012,0900,075,13.4, ,89, ,3.0, 
6,Davis,Sacramento Valley,3/15/2012,1000,075,14.0, ,89, ,4.0, 
6,Davis,Sacramento Valley,3/15/2012,1100,075,14.3, ,89, ,4.3, 
6,Davis,Sacramento Valley,3/15/2012,1200,075,14.7, ,87, ,4.8, 
6,Davis,Sacramento Valley,3/15/2012,1300,075,14.8, ,88, ,4.0, 
6,Davis,Sacramento Valley,3/15/2012,1400,075,14.5, ,89, ,3.3, 
6,Davis,Sacramento Valley,3/15/2012,1500,075,14.9, ,88, ,3.8, 
6,Davis,Sacramento Valley,3/15/2012,1600,075,15.3, ,83, ,3.6, 
6,Davis,Sacramento Valley,3/15/2012,1700,075,15.0, ,81, ,4.6, 
6,Davis,Sacramento Valley,3/15/2012,1800,075,14.0, ,86, ,4.0, 
6,Davis,Sacramento Valley,3/15/2012,1900,075,13.2, ,88, ,4.0, 
6,Davis,Sacramento Valley,3/15/2012,2000,075,12.8, ,88, ,4.2, 
6,Davis,Sacramento Valley,3/15/2012,2100,075,12.5, ,87, ,3.8, 
6,Davis,Sacramento Valley,3/15/2012,2200,075,12.4, ,86, ,4.5, 
6,Davis,Sacramento Valley,3/16/2012,0500,076,11.9, ,92, ,4.1, 
6,Davis,Sacramento Valley,3/16/2012,0600,076,11.7, ,95, ,4.0, 
6,Davis,Sacramento Valley,3/16/2012,0700,076,11.6, ,96, ,3.3, 
6,Davis,Sacramento Valley,3/16/2012,0800,076,11.8, ,94, ,4.1, 
6,Davis,Sacramento Valley,3/16/2012,0900,076,12.2, ,94, ,3.6, 
6,Davis,Sacramento Valley,3/16/2012,1000,076,12.8, ,91, ,4.2, 
6,Davis,Sacramento Valley,3/16/2012,1100,076,13.7, ,86, ,5.3, 
6,Davis,Sacramento Valley,3/16/2012,1200,076,13.4, ,90, ,6.0, 
6,Davis,Sacramento Valley,3/16/2012,1300,076,13.4, ,92, ,6.3, 
6,Davis,Sacramento Valley,3/16/2012,1400,076,13.7, ,91, ,5.0, 
6,Davis,Sacramento Valley,3/16/2012,1500,076,13.5, ,93, ,5.0, 
6,Davis,Sacramento Valley,3/16/2012,1600,076,13.5, ,93, ,6.3, 
6,Davis,Sacramento Valley,3/16/2012,1700,076,13.0, ,89, ,6.7, 
6,Davis,Sacramento Valley,3/16/2012,1800,076,12.5, ,92, ,4.8, 
6,Davis,Sacramento Valley,3/16/2012,1900,076,12.3, ,92, ,5.7, 
6,Davis,Sacramento Valley,3/16/2012,2000,076,11.9, ,84, ,4.9, 
6,Davis,Sacramento Valley,3/16/2012,2100,076,10.4, ,76, ,4.0, 
6,Davis,Sacramento Valley,3/16/2012,2200,076,9.3, ,74, ,3.6, 
6,Davis,Sacramento Valley,3/17/2012,0500,077,4.9, ,95, ,0.9, 
6,Davis,Sacramento Valley,3/17/2012,0600,077,4.4, ,96, ,0.9, 
6,Davis,Sacramento Valley,3/17/2012,0700,077,4.1, ,96, ,1.4, 
6,Davis,Sacramento Valley,3/17/2012,0800,077,5.1, ,95, ,2.3, 
6,Davis,Sacramento Valley,3/17/2012,0900,077,6.7, ,83, ,2.4, 
6,Davis,Sacramento Valley,3/17/2012,1000,077,8.1, ,82, ,4.6, 
6,Davis,Sacramento Valley,3/17/2012,1100,077,8.6, ,79, ,3.9, 
6,Davis,Sacramento Valley,3/17/2012,1200,077,9.5, ,75, ,3.3, 
6,Davis,Sacramento Valley,3/17/2012,1300,077,10.0, ,76, ,3.6, 
6,Davis,Sacramento Valley,3/17/2012,1400,077,10.3, ,69, ,3.7, 
6,Davis,Sacramento Valley,3/17/2012,1500,077,10.5, ,66, ,2.3, 
6,Davis,Sacramento Valley,3/17/2012,1600,077,10.7, ,64, ,1.3, 
6,Davis,Sacramento Valley,3/17/2012,1700,077,10.1, ,71, ,2.8, 
6,Davis,Sacramento Valley,3/17/2012,1800,077,8.0,Y,79,Y,4.1, 
6,Davis,Sacramento Valley,3/17/2012,1900,077,6.9,Y,81,Y,2.7, 
6,Davis,Sacramento Valley,3/17/2012,2000,077,6.6, ,89, ,2.1, 
6,Davis,Sacramento Valley,3/17/2012,2100,077,6.1, ,91, ,3.4, 
6,Davis,Sacramento Valley,3/17/2012,2200,077,5.9, ,92, ,2.3, 
6,Davis,Sacramento Valley,3/18/2012,0500,078,4.4, ,81, ,2.0, 
6,Davis,Sacramento Valley,3/18/2012,0600,078,3.5, ,85, ,1.6, 
6,Davis,Sacramento Valley,3/18/2012,0700,078,2.6, ,87, ,1.1, 
6,Davis,Sacramento Valley,3/18/2012,0800,078,5.6, ,72, ,1.1, 
6,Davis,Sacramento Valley,3/18/2012,0900,078,8.5, ,61, ,1.2, 
6,Davis,Sacramento Valley,3/18/2012,1000,078,9.8, ,56, ,1.4, 
6,Davis,Sacramento Valley,3/18/2012,1100,078,11.0, ,52, ,2.2, 
6,Davis,Sacramento Valley,3/18/2012,1200,078,11.5, ,48, ,2.4, 
6,Davis,Sacramento Valley,3/18/2012,1300,078,11.7, ,49, ,2.7, 
6,Davis,Sacramento Valley,3/18/2012,1400,078,12.6, ,48, ,6.0, 
6,Davis,Sacramento Valley,3/18/2012,1500,078,12.8, ,43, ,6.1, 
6,Davis,Sacramento Valley,3/18/2012,1600,078,12.4, ,39, ,6.2, 
6,Davis,Sacramento Valley,3/18/2012,1700,078,11.4, ,38, ,6.0, 
6,Davis,Sacramento Valley,3/18/2012,1800,078,9.3, ,44, ,4.1, 
6,Davis,Sacramento Valley,3/18/2012,1900,078,7.0,Y,56,Y,1.4, 
6,Davis,Sacramento Valley,3/18/2012,2000,078,6.1,Y,60,Y,1.3, 
6,Davis,Sacramento Valley,3/18/2012,2100,078,6.0, ,63, ,1.1, 
6,Davis,Sacramento Valley,3/18/2012,2200,078,5.3, ,61, ,1.4, 
6,Davis,Sacramento Valley,3/19/2012,0500,079,0.8, ,91, ,0.8, 
6,Davis,Sacramento Valley,3/19/2012,0600,079,0.7, ,91, ,1.1, 
6,Davis,Sacramento Valley,3/19/2012,0700,079,0.4,Y,94,Y,1.4, 
6,Davis,Sacramento Valley,3/19/2012,0800,079,2.7,Y,91,Y,1.9, 
6,Davis,Sacramento Valley,3/19/2012,0900,079,5.0,Y,80,Y,1.6, 
6,Davis,Sacramento Valley,3/19/2012,1000,079,7.0,Y,70,Y,1.0, 
6,Davis,Sacramento Valley,3/19/2012,1100,079,8.9, ,63, ,1.3, 
6,Davis,Sacramento Valley,3/19/2012,1200,079,9.6, ,57, ,1.6, 
6,Davis,Sacramento Valley,3/19/2012,1300,079,10.7, ,54, ,1.5, 
6,Davis,Sacramento Valley,3/19/2012,1400,079,11.2, ,52, ,1.7, 
6,Davis,Sacramento Valley,3/19/2012,1500,079,11.3, ,48, ,1.6, 
6,Davis,Sacramento Valley,3/19/2012,1600,079,11.3, ,45, ,1.2, 
6,Davis,Sacramento Valley,3/19/2012,1700,079,11.2, ,47, ,1.2, 
6,Davis,Sacramento Valley,3/19/2012,1800,079,11.0, ,49, ,1.4, 
6,Davis,Sacramento Valley,3/19/2012,1900,079,10.4, ,50, ,1.0, 
6,Davis,Sacramento Valley,3/19/2012,2000,079,9.9, ,55, ,0.6, 
6,Davis,Sacramento Valley,3/19/2012,2100,079,9.2, ,62, ,0.6, 
6,Davis,Sacramento Valley,3/19/2012,2200,079,9.1, ,66, ,0.8, 
6,Davis,Sacramento Valley,3/20/2012,0500,080,7.6, ,84, ,0.6, 
6,Davis,Sacramento Valley,3/20/2012,0600,080,7.9, ,83, ,0.7, 
6,Davis,Sacramento Valley,3/20/2012,0700,080,7.5, ,88, ,0.9, 
6,Davis,Sacramento Valley,3/20/2012,0800,080,8.4, ,81, ,0.6, 
6,Davis,Sacramento Valley,3/20/2012,0900,080,9.6, ,70, ,0.7, 
6,Davis,Sacramento Valley,3/20/2012,1000,080,11.0, ,62, ,1.0, 
6,Davis,Sacramento Valley,3/20/2012,1100,080,12.3, ,53, ,1.2, 
6,Davis,Sacramento Valley,3/20/2012,1200,080,13.6, ,48, ,1.6, 
6,Davis,Sacramento Valley,3/20/2012,1300,080,14.7, ,48, ,1.7, 
6,Davis,Sacramento Valley,3/20/2012,1400,080,15.4, ,49, ,1.7, 
6,Davis,Sacramento Valley,3/20/2012,1500,080,16.0, ,49, ,1.5, 
6,Davis,Sacramento Valley,3/20/2012,1600,080,16.2, ,50, ,1.6, 
6,Davis,Sacramento Valley,3/20/2012,1700,080,16.0, ,50, ,1.2, 
6,Davis,Sacramento Valley,3/20/2012,1800,080,16.0, ,51, ,1.2, 
6,Davis,Sacramento Valley,3/20/2012,1900,080,14.1, ,61, ,0.8, 
6,Davis,Sacramento Valley,3/20/2012,2000,080,11.9, ,73, ,0.9, 
6,Davis,Sacramento Valley,3/20/2012,2100,080,11.1, ,77, ,0.9, 
6,Davis,Sacramento Valley,3/20/2012,2200,080,11.3, ,81, ,0.9, 
6,Davis,Sacramento Valley,3/21/2012,0500,081,9.1, ,90, ,0.9, 
6,Davis,Sacramento Valley,3/21/2012,0600,081,9.0, ,88, ,0.7, 
6,Davis,Sacramento Valley,3/21/2012,0700,081,8.4, ,89, ,0.8, 
6,Davis,Sacramento Valley,3/21/2012,0800,081,10.6, ,81, ,1.0, 
6,Davis,Sacramento Valley,3/21/2012,0900,081,13.2, ,69, ,1.2, 
6,Davis,Sacramento Valley,3/21/2012,1000,081,14.9, ,67, ,2.1, 
6,Davis,Sacramento Valley,3/21/2012,1100,081,16.5, ,61, ,2.9, 
6,Davis,Sacramento Valley,3/21/2012,1200,081,17.7, ,54, ,3.6, 
6,Davis,Sacramento Valley,3/21/2012,1300,081,18.7, ,55, ,3.4, 
6,Davis,Sacramento Valley,3/21/2012,1400,081,19.8, ,55, ,3.3, 
6,Davis,Sacramento Valley,3/21/2012,1500,081,19.7, ,55, ,3.6, 
6,Davis,Sacramento Valley,3/21/2012,1600,081,19.9, ,54, ,3.5, 
6,Davis,Sacramento Valley,3/21/2012,1700,081,19.2, ,52, ,3.2, 
6,Davis,Sacramento Valley,3/21/2012,1800,081,18.2, ,59, ,3.0, 
6,Davis,Sacramento Valley,3/21/2012,1900,081,17.0, ,61, ,3.0, 
6,Davis,Sacramento Valley,3/21/2012,2000,081,15.6, ,57, ,2.8, 
6,Davis,Sacramento Valley,3/21/2012,2100,081,14.7, ,62, ,1.6, 
6,Davis,Sacramento Valley,3/21/2012,2200,081,13.4, ,74, ,2.2, 
6,Davis,Sacramento Valley,3/22/2012,0500,082,10.4, ,92, ,2.2, 
6,Davis,Sacramento Valley,3/22/2012,0600,082,10.2, ,92, ,2.2, 
6,Davis,Sacramento Valley,3/22/2012,0700,082,10.6, ,91, ,2.7, 
6,Davis,Sacramento Valley,3/22/2012,0800,082,11.4, ,88, ,2.6, 
6,Davis,Sacramento Valley,3/22/2012,0900,082,13.0, ,79, ,3.7, 
6,Davis,Sacramento Valley,3/22/2012,1000,082,14.3, ,73, ,4.1, 
6,Davis,Sacramento Valley,3/22/2012,1100,082,15.0, ,67, ,5.7, 
6,Davis,Sacramento Valley,3/22/2012,1200,082,15.9, ,62, ,5.6, 
6,Davis,Sacramento Valley,3/22/2012,1300,082,16.5, ,57, ,5.9, 
6,Davis,Sacramento Valley,3/22/2012,1400,082,16.7, ,52, ,5.5, 
6,Davis,Sacramento Valley,3/22/2012,1500,082,17.2, ,42, ,5.5, 
6,Davis,Sacramento Valley,3/22/2012,1600,082,16.8, ,38, ,5.8, 
6,Davis,Sacramento Valley,3/22/2012,1700,082,15.7, ,35, ,6.2, 
6,Davis,Sacramento Valley,3/22/2012,1800,082,14.3, ,41, ,4.8, 
6,Davis,Sacramento Valley,3/22/2012,1900,082,11.8, ,48, ,4.6, 
6,Davis,Sacramento Valley,3/22/2012,2000,082,9.5, ,53, ,2.9, 
6,Davis,Sacramento Valley,3/22/2012,2100,082,8.0, ,58, ,1.8, 
6,Davis,Sacramento Valley,3/22/2012,2200,082,7.7, ,53, ,2.0, 
6,Davis,Sacramento Valley,3/23/2012,0500,083,4.0, ,73, ,2.1, 
6,Davis,Sacramento Valley,3/23/2012,0600,083,3.1, ,79, ,2.4, 
6,Davis,Sacramento Valley,3/23/2012,0700,083,3.8, ,78, ,2.8, 
6,Davis,Sacramento Valley,3/23/2012,0800,083,6.5, ,76, ,3.6, 
6,Davis,Sacramento Valley,3/23/2012,0900,083,8.4, ,70, ,3.6, 
6,Davis,Sacramento Valley,3/23/2012,1000,083,9.4, ,66, ,3.0, 
6,Davis,Sacramento Valley,3/23/2012,1100,083,11.1, ,60, ,2.6, 
6,Davis,Sacramento Valley,3/23/2012,1200,083,12.3, ,56, ,2.3, 
6,Davis,Sacramento Valley,3/23/2012,1300,083,13.6, ,52, ,2.6, 
6,Davis,Sacramento Valley,3/23/2012,1400,083,14.3, ,47, ,2.4, 
6,Davis,Sacramento Valley,3/23/2012,1500,083,15.0, ,44, ,3.2, 
6,Davis,Sacramento Valley,3/23/2012,1600,083,15.3, ,43, ,3.2, 
6,Davis,Sacramento Valley,3/23/2012,1700,083,14.8, ,43, ,2.9, 
6,Davis,Sacramento Valley,3/23/2012,1800,083,14.1, ,46, ,3.2, 
6,Davis,Sacramento Valley,3/23/2012,1900,083,12.6, ,53, ,2.4, 
6,Davis,Sacramento Valley,3/23/2012,2000,083,11.8, ,54, ,2.1, 
6,Davis,Sacramento Valley,3/23/2012,2100,083,11.3, ,49, ,2.2, 
6,Davis,Sacramento Valley,3/23/2012,2200,083,11.0, ,48, ,2.5, 
6,Davis,Sacramento Valley,3/24/2012,0500,084,8.9, ,64, ,2.7, 
6,Davis,Sacramento Valley,3/24/2012,0600,084,8.8, ,65, ,2.6, 
6,Davis,Sacramento Valley,3/24/2012,0700,084,9.1, ,70, ,4.2, 
6,Davis,Sacramento Valley,3/24/2012,0800,084,8.6, ,74, ,2.0, 
6,Davis,Sacramento Valley,3/24/2012,0900,084,8.4, ,73, ,2.0, 
6,Davis,Sacramento Valley,3/24/2012,1000,084,8.5, ,73, ,1.8, 
6,Davis,Sacramento Valley,3/24/2012,1100,084,9.0, ,70, ,2.1, 
6,Davis,Sacramento Valley,3/24/2012,1200,084,9.4, ,70, ,2.3, 
6,Davis,Sacramento Valley,3/24/2012,1300,084,9.4, ,69, ,2.7, 
6,Davis,Sacramento Valley,3/24/2012,1400,084,8.8,Y,73,Y,3.6, 
6,Davis,Sacramento Valley,3/24/2012,1500,084,8.1,Y,79,Y,3.8, 
6,Davis,Sacramento Valley,3/24/2012,1600,084,8.0,Y,80,Y,3.7, 
6,Davis,Sacramento Valley,3/24/2012,1700,084,7.7,Y,83,Y,3.6, 
6,Davis,Sacramento Valley,3/24/2012,1800,084,7.5,Y,87,Y,3.0, 
6,Davis,Sacramento Valley,3/24/2012,1900,084,7.2, ,92, ,2.7, 
6,Davis,Sacramento Valley,3/24/2012,2000,084,7.0, ,92, ,3.0, 
6,Davis,Sacramento Valley,3/24/2012,2100,084,6.7, ,93, ,3.0, 
6,Davis,Sacramento Valley,3/24/2012,2200,084,6.5, ,93, ,3.3, 
6,Davis,Sacramento Valley,3/25/2012,0500,085,4.9, ,93, ,1.2, 
6,Davis,Sacramento Valley,3/25/2012,0600,085,4.8, ,93, ,0.7, 
6,Davis,Sacramento Valley,3/25/2012,0700,085,5.2, ,93, ,1.0, 
6,Davis,Sacramento Valley,3/25/2012,0800,085,5.8, ,90, ,1.4, 
6,Davis,Sacramento Valley,3/25/2012,0900,085,7.1, ,87, ,1.0, 
6,Davis,Sacramento Valley,3/25/2012,1000,085,7.9, ,82, ,1.4, 
6,Davis,Sacramento Valley,3/25/2012,1100,085,9.8, ,76, ,1.5, 
6,Davis,Sacramento Valley,3/25/2012,1200,085,10.6, ,68, ,1.3, 
6,Davis,Sacramento Valley,3/25/2012,1300,085,11.2, ,68, ,1.6, 
6,Davis,Sacramento Valley,3/25/2012,1400,085,11.4, ,66, ,1.3, 
6,Davis,Sacramento Valley,3/25/2012,1500,085,11.8, ,63, ,1.3, 
6,Davis,Sacramento Valley,3/25/2012,1600,085,13.6, ,56, ,1.8, 
6,Davis,Sacramento Valley,3/25/2012,1700,085,13.6, ,57, ,2.6, 
6,Davis,Sacramento Valley,3/25/2012,1800,085,12.6, ,64, ,2.0, 
6,Davis,Sacramento Valley,3/25/2012,1900,085,10.7, ,75, ,0.7, 
6,Davis,Sacramento Valley,3/25/2012,2000,085,10.1, ,75, ,1.0, 
6,Davis,Sacramento Valley,3/25/2012,2100,085,9.6, ,77, ,1.6, 
6,Davis,Sacramento Valley,3/25/2012,2200,085,8.2, ,88, ,0.9, 
6,Davis,Sacramento Valley,3/26/2012,0500,086,4.3, ,91, ,3.4, 
6,Davis,Sacramento Valley,3/26/2012,0600,086,4.7, ,88, ,3.5, 
6,Davis,Sacramento Valley,3/26/2012,0700,086,5.5, ,84, ,2.6, 
6,Davis,Sacramento Valley,3/26/2012,0800,086,7.4, ,81, ,4.0, 
6,Davis,Sacramento Valley,3/26/2012,0900,086,9.4, ,75, ,4.4, 
6,Davis,Sacramento Valley,3/26/2012,1000,086,10.7, ,69, ,4.4, 
6,Davis,Sacramento Valley,3/26/2012,1100,086,11.6, ,63, ,4.3, 
6,Davis,Sacramento Valley,3/26/2012,1200,086,12.3, ,62, ,3.6, 
6,Davis,Sacramento Valley,3/26/2012,1300,086,12.9, ,60, ,3.1, 
6,Davis,Sacramento Valley,3/26/2012,1400,086,13.6, ,59, ,3.4, 
6,Davis,Sacramento Valley,3/26/2012,1500,086,14.1, ,54, ,3.7, 
6,Davis,Sacramento Valley,3/26/2012,1600,086,14.3, ,51, ,3.6, 
6,Davis,Sacramento Valley,3/26/2012,1700,086,14.2, ,51, ,3.9, 
6,Davis,Sacramento Valley,3/26/2012,1800,086,13.4, ,53, ,3.3, 
6,Davis,Sacramento Valley,3/26/2012,1900,086,12.3, ,60, ,2.5, 
6,Davis,Sacramento Valley,3/26/2012,2000,086,11.5, ,65, ,2.4, 
6,Davis,Sacramento Valley,3/26/2012,2100,086,11.0, ,67, ,2.4, 
6,Davis,Sacramento Valley,3/26/2012,2200,086,10.4, ,69, ,2.0, 
6,Davis,Sacramento Valley,3/27/2012,0500,087,8.5, ,81, ,2.1, 
6,Davis,Sacramento Valley,3/27/2012,0600,087,8.6, ,85, ,2.9, 
6,Davis,Sacramento Valley,3/27/2012,0700,087,8.5, ,90, ,2.9, 
6,Davis,Sacramento Valley,3/27/2012,0800,087,8.9, ,90, ,2.9, 
6,Davis,Sacramento Valley,3/27/2012,0900,087,9.7, ,85, ,2.8, 
6,Davis,Sacramento Valley,3/27/2012,1000,087,10.5, ,86, ,2.9, 
6,Davis,Sacramento Valley,3/27/2012,1100,087,10.8, ,84, ,2.7, 
6,Davis,Sacramento Valley,3/27/2012,1200,087,11.5, ,83, ,3.0, 
6,Davis,Sacramento Valley,3/27/2012,1300,087,11.4, ,80, ,4.4, 
6,Davis,Sacramento Valley,3/27/2012,1400,087,11.0, ,83, ,3.8, 
6,Davis,Sacramento Valley,3/27/2012,1500,087,11.3, ,82, ,3.7, 
6,Davis,Sacramento Valley,3/27/2012,1600,087,11.4, ,85, ,3.5, 
6,Davis,Sacramento Valley,3/27/2012,1700,087,10.8, ,88, ,3.5, 
6,Davis,Sacramento Valley,3/27/2012,1800,087,10.4, ,89, ,3.9, 
6,Davis,Sacramento Valley,3/27/2012,1900,087,10.5, ,91, ,3.8, 
6,Davis,Sacramento Valley,3/27/2012,2000,087,10.6, ,94, ,3.8, 
6,Davis,Sacramento Valley,3/27/2012,2100,087,10.7, ,95, ,4.0, 
6,Davis,Sacramento Valley,3/27/2012,2200,087,10.7, ,96, ,4.0, 
6,Davis,Sacramento Valley,3/28/2012,0500,088,10.9, ,92, ,4.2, 
6,Davis,Sacramento Valley,3/28/2012,0600,088,10.8, ,93, ,3.7, 
6,Davis,Sacramento Valley,3/28/2012,0700,088,10.4, ,94, ,3.5, 
6,Davis,Sacramento Valley,3/28/2012,0800,088,11.3, ,93, ,3.2, 
6,Davis,Sacramento Valley,3/28/2012,0900,088,12.6, ,88, ,3.6, 
6,Davis,Sacramento Valley,3/28/2012,1000,088,13.9, ,81, ,4.3, 
6,Davis,Sacramento Valley,3/28/2012,1100,088,14.4, ,74, ,3.4, 
6,Davis,Sacramento Valley,3/28/2012,1200,088,15.5, ,70, ,3.3, 
6,Davis,Sacramento Valley,3/28/2012,1300,088,16.7, ,64, ,4.0, 
6,Davis,Sacramento Valley,3/28/2012,1400,088,17.2, ,58, ,4.1, 
6,Davis,Sacramento Valley,3/28/2012,1500,088,17.6, ,54, ,4.3, 
6,Davis,Sacramento Valley,3/28/2012,1600,088,17.6, ,49, ,4.6, 
6,Davis,Sacramento Valley,3/28/2012,1700,088,17.4, ,48, ,3.9, 
6,Davis,Sacramento Valley,3/28/2012,1800,088,16.0, ,57, ,3.6, 
6,Davis,Sacramento Valley,3/28/2012,1900,088,13.9, ,65, ,2.2, 
6,Davis,Sacramento Valley,3/28/2012,2000,088,12.7, ,68, ,2.3, 
6,Davis,Sacramento Valley,3/28/2012,2100,088,10.9, ,81, ,2.0, 
6,Davis,Sacramento Valley,3/28/2012,2200,088,11.0, ,83, ,1.5, 
6,Davis,Sacramento Valley,3/29/2012,0500,089,7.2, ,95, ,0.8, 
6,Davis,Sacramento Valley,3/29/2012,0600,089,7.9, ,95, ,1.3, 
6,Davis,Sacramento Valley,3/29/2012,0700,089,8.7, ,88, ,2.6, 
6,Davis,Sacramento Valley,3/29/2012,0800,089,9.7, ,88, ,2.7, 
6,Davis,Sacramento Valley,3/29/2012,0900,089,12.3, ,81, ,3.2, 
6,Davis,Sacramento Valley,3/29/2012,1000,089,13.9, ,75, ,4.1, 
6,Davis,Sacramento Valley,3/29/2012,1100,089,14.9, ,70, ,5.1, 
6,Davis,Sacramento Valley,3/29/2012,1200,089,15.4, ,68, ,4.3, 
6,Davis,Sacramento Valley,3/29/2012,1300,089,15.8, ,64, ,4.1, 
6,Davis,Sacramento Valley,3/29/2012,1400,089,15.5, ,62, ,3.1, 
6,Davis,Sacramento Valley,3/29/2012,1500,089,15.0, ,66, ,2.3, 
6,Davis,Sacramento Valley,3/29/2012,1600,089,15.0, ,68, ,2.3, 
6,Davis,Sacramento Valley,3/29/2012,1700,089,14.8, ,74, ,1.9, 
6,Davis,Sacramento Valley,3/29/2012,1800,089,14.1, ,80, ,2.0, 
6,Davis,Sacramento Valley,3/29/2012,1900,089,13.5, ,81, ,2.9, 
6,Davis,Sacramento Valley,3/29/2012,2000,089,12.6, ,88, ,1.3, 
6,Davis,Sacramento Valley,3/29/2012,2100,089,12.3, ,87, ,1.4, 
6,Davis,Sacramento Valley,3/29/2012,2200,089,12.0, ,89, ,2.7, 
6,Davis,Sacramento Valley,3/30/2012,0500,090,11.3, ,91, ,2.2, 
6,Davis,Sacramento Valley,3/30/2012,0600,090,11.0, ,92, ,2.3, 
6,Davis,Sacramento Valley,3/30/2012,0700,090,10.8, ,93, ,2.1, 
6,Davis,Sacramento Valley,3/30/2012,0800,090,12.6, ,87, ,2.4, 
6,Davis,Sacramento Valley,3/30/2012,0900,090,14.8, ,79, ,3.4, 
6,Davis,Sacramento Valley,3/30/2012,1000,090,16.2, ,72, ,3.8, 
6,Davis,Sacramento Valley,3/30/2012,1100,090,17.2, ,68, ,4.6, 
6,Davis,Sacramento Valley,3/30/2012,1200,090,17.9, ,68, ,4.7, 
6,Davis,Sacramento Valley,3/30/2012,1300,090,18.3, ,66, ,5.3, 
6,Davis,Sacramento Valley,3/30/2012,1400,090,18.0, ,67, ,5.8, 
6,Davis,Sacramento Valley,3/30/2012,1500,090,17.9, ,68, ,5.8, 
6,Davis,Sacramento Valley,3/30/2012,1600,090,17.4, ,69, ,5.3, 
6,Davis,Sacramento Valley,3/30/2012,1700,090,16.8, ,71, ,4.7, 
6,Davis,Sacramento Valley,3/30/2012,1800,090,16.5, ,70, ,4.1, 
6,Davis,Sacramento Valley,3/30/2012,1900,090,14.9, ,76, ,4.2, 
6,Davis,Sacramento Valley,3/30/2012,2000,090,13.6, ,82, ,3.3, 
6,Davis,Sacramento Valley,3/30/2012,2100,090,12.8, ,85, ,3.8, 
6,Davis,Sacramento Valley,3/30/2012,2200,090,12.9, ,87, ,3.0, 
6,Davis,Sacramento Valley,3/31/2012,0500,091,13.1, ,79, ,3.9, 
6,Davis,Sacramento Valley,3/31/2012,0600,091,12.4, ,81, ,4.3, 
6,Davis,Sacramento Valley,3/31/2012,0700,091,13.1, ,77, ,6.1, 
6,Davis,Sacramento Valley,3/31/2012,0800,091,13.7, ,74, ,4.6, 
6,Davis,Sacramento Valley,3/31/2012,0900,091,12.2, ,77, ,6.7, 
6,Davis,Sacramento Valley,3/31/2012,1000,091,10.1, ,83, ,6.2, 
6,Davis,Sacramento Valley,3/31/2012,1100,091,9.0, ,81, ,6.5, 
6,Davis,Sacramento Valley,3/31/2012,1200,091,9.1, ,84, ,5.3, 
6,Davis,Sacramento Valley,3/31/2012,1300,091,10.4, ,81, ,5.3, 
6,Davis,Sacramento Valley,3/31/2012,1400,091,12.7, ,70, ,6.9, 
6,Davis,Sacramento Valley,3/31/2012,1500,091,13.8, ,61, ,8.0, 
6,Davis,Sacramento Valley,3/31/2012,1600,091,13.8, ,58, ,7.4, 
6,Davis,Sacramento Valley,3/31/2012,1700,091,13.6, ,55, ,7.0, 
6,Davis,Sacramento Valley,3/31/2012,1800,091,12.4, ,60, ,6.9, 
6,Davis,Sacramento Valley,3/31/2012,1900,091,10.9, ,65, ,5.3, 
6,Davis,Sacramento Valley,3/31/2012,2000,091,8.9, ,77, ,5.6, 
6,Davis,Sacramento Valley,3/31/2012,2100,091,8.5, ,83, ,4.0, 
6,Davis,Sacramento Valley,3/31/2012,2200,091,7.9, ,88, ,3.4, 
6,Davis,Sacramento Valley,4/1/2012,0500,092,5.6, ,78, ,2.1, 
6,Davis,Sacramento Valley,4/1/2012,0600,092,6.1, ,73, ,1.7, 
6,Davis,Sacramento Valley,4/1/2012,0700,092,6.1, ,73, ,1.5, 
6,Davis,Sacramento Valley,4/1/2012,0800,092,8.3, ,67, ,3.2, 
6,Davis,Sacramento Valley,4/1/2012,0900,092,10.3, ,60, ,3.0, 
6,Davis,Sacramento Valley,4/1/2012,1000,092,11.8, ,51, ,3.5, 
6,Davis,Sacramento Valley,4/1/2012,1100,092,13.0, ,48, ,3.3, 
6,Davis,Sacramento Valley,4/1/2012,1200,092,13.8, ,41, ,2.8, 
6,Davis,Sacramento Valley,4/1/2012,1300,092,14.8, ,40, ,2.1, 
6,Davis,Sacramento Valley,4/1/2012,1400,092,15.3, ,38, ,2.2, 
6,Davis,Sacramento Valley,4/1/2012,1500,092,15.7, ,38, ,2.0, 
6,Davis,Sacramento Valley,4/1/2012,1600,092,16.4, ,37, ,1.6, 
6,Davis,Sacramento Valley,4/1/2012,1700,092,16.5, ,36, ,1.9, 
6,Davis,Sacramento Valley,4/1/2012,1800,092,15.5, ,41, ,1.7, 
6,Davis,Sacramento Valley,4/1/2012,1900,092,13.5, ,48, ,1.5, 
6,Davis,Sacramento Valley,4/1/2012,2000,092,11.7, ,54, ,1.3, 
6,Davis,Sacramento Valley,4/1/2012,2100,092,9.2, ,68, ,1.2, 
6,Davis,Sacramento Valley,4/1/2012,2200,092,8.6, ,70, ,1.8, 
6,Davis,Sacramento Valley,4/2/2012,0500,093,6.9, ,73, ,3.3, 
6,Davis,Sacramento Valley,4/2/2012,0600,093,7.4, ,70, ,4.1, 
6,Davis,Sacramento Valley,4/2/2012,0700,093,8.1, ,69, ,3.1, 
6,Davis,Sacramento Valley,4/2/2012,0800,093,9.9, ,64, ,4.7, 
6,Davis,Sacramento Valley,4/2/2012,0900,093,11.3, ,61, ,4.9, 
6,Davis,Sacramento Valley,4/2/2012,1000,093,12.9, ,57, ,5.4, 
6,Davis,Sacramento Valley,4/2/2012,1100,093,14.4, ,53, ,5.7, 
6,Davis,Sacramento Valley,4/2/2012,1200,093,15.8, ,50, ,5.7, 
6,Davis,Sacramento Valley,4/2/2012,1300,093,16.8, ,45, ,5.0, 
6,Davis,Sacramento Valley,4/2/2012,1400,093,17.9, ,42, ,3.9, 
6,Davis,Sacramento Valley,4/2/2012,1500,093,18.6, ,39, ,3.5, 
6,Davis,Sacramento Valley,4/2/2012,1600,093,18.7, ,37, ,3.2, 
6,Davis,Sacramento Valley,4/2/2012,1700,093,18.4, ,40, ,2.4, 
6,Davis,Sacramento Valley,4/2/2012,1800,093,17.7, ,41, ,1.1, 
6,Davis,Sacramento Valley,4/2/2012,1900,093,16.2, ,50, ,1.4, 
6,Davis,Sacramento Valley,4/2/2012,2000,093,13.9, ,64, ,1.2, 
6,Davis,Sacramento Valley,4/2/2012,2100,093,11.8, ,73, ,1.3, 
6,Davis,Sacramento Valley,4/2/2012,2200,093,9.7, ,81, ,1.3, 
6,Davis,Sacramento Valley,4/3/2012,0500,094,7.5, ,88, ,3.4, 
6,Davis,Sacramento Valley,4/3/2012,0600,094,7.7, ,87, ,3.0, 
6,Davis,Sacramento Valley,4/3/2012,0700,094,8.1, ,86, ,2.4, 
6,Davis,Sacramento Valley,4/3/2012,0800,094,9.7, ,80, ,3.0, 
6,Davis,Sacramento Valley,4/3/2012,0900,094,12.1, ,68, ,2.9, 
6,Davis,Sacramento Valley,4/3/2012,1000,094,14.1, ,56, ,2.1, 
6,Davis,Sacramento Valley,4/3/2012,1100,094,15.6, ,52, ,1.9, 
6,Davis,Sacramento Valley,4/3/2012,1200,094,17.1, ,47, ,1.9, 
6,Davis,Sacramento Valley,4/3/2012,1300,094,18.2, ,45, ,3.3, 
6,Davis,Sacramento Valley,4/3/2012,1400,094,19.4, ,44, ,4.3, 
6,Davis,Sacramento Valley,4/3/2012,1500,094,20.1, ,43, ,4.3, 
6,Davis,Sacramento Valley,4/3/2012,1600,094,19.7, ,47, ,5.4, 
6,Davis,Sacramento Valley,4/3/2012,1700,094,17.7, ,56, ,5.6, 
6,Davis,Sacramento Valley,4/3/2012,1800,094,16.2, ,60, ,5.0, 
6,Davis,Sacramento Valley,4/3/2012,1900,094,15.3, ,62, ,4.4, 
6,Davis,Sacramento Valley,4/3/2012,2000,094,14.4, ,67, ,3.7, 
6,Davis,Sacramento Valley,4/3/2012,2100,094,13.1, ,78, ,4.2, 
6,Davis,Sacramento Valley,4/3/2012,2200,094,12.7, ,76, ,3.8, 
6,Davis,Sacramento Valley,4/4/2012,0500,095,4.4, ,81, ,1.6, 
6,Davis,Sacramento Valley,4/4/2012,0600,095,3.9, ,83, ,1.4, 
6,Davis,Sacramento Valley,4/4/2012,0700,095,5.6, ,76, ,1.4, 
6,Davis,Sacramento Valley,4/4/2012,0800,095,8.2, ,67, ,2.3, 
6,Davis,Sacramento Valley,4/4/2012,0900,095,10.6, ,55, ,1.4, 
6,Davis,Sacramento Valley,4/4/2012,1000,095,12.0, ,50, ,2.4, 
6,Davis,Sacramento Valley,4/4/2012,1100,095,13.3, ,44, ,2.5, 
6,Davis,Sacramento Valley,4/4/2012,1200,095,14.2, ,38, ,2.7, 
6,Davis,Sacramento Valley,4/4/2012,1300,095,15.1, ,37, ,3.1, 
6,Davis,Sacramento Valley,4/4/2012,1400,095,15.9, ,34, ,2.9, 
6,Davis,Sacramento Valley,4/4/2012,1500,095,15.7, ,30, ,4.3, 
6,Davis,Sacramento Valley,4/4/2012,1600,095,15.2, ,32, ,4.9, 
6,Davis,Sacramento Valley,4/4/2012,1700,095,15.7, ,32, ,4.6, 
6,Davis,Sacramento Valley,4/4/2012,1800,095,14.8, ,31, ,4.3, 
6,Davis,Sacramento Valley,4/4/2012,1900,095,12.4, ,38, ,5.0, 
6,Davis,Sacramento Valley,4/4/2012,2000,095,10.6, ,43, ,3.6, 
6,Davis,Sacramento Valley,4/4/2012,2100,095,8.8, ,50, ,3.3, 
6,Davis,Sacramento Valley,4/4/2012,2200,095,7.7, ,53, ,3.0, 
6,Davis,Sacramento Valley,4/5/2012,0500,096,2.6, ,76, ,0.9, 
6,Davis,Sacramento Valley,4/5/2012,0600,096,1.4,Y,83,Y,0.6, 
6,Davis,Sacramento Valley,4/5/2012,0700,096,2.8,Y,75,Y,0.9, 
6,Davis,Sacramento Valley,4/5/2012,0800,096,6.0,Y,64,Y,1.6, 
6,Davis,Sacramento Valley,4/5/2012,0900,096,8.9, ,49, ,2.5, 
6,Davis,Sacramento Valley,4/5/2012,1000,096,10.4, ,43, ,3.6, 
6,Davis,Sacramento Valley,4/5/2012,1100,096,11.2, ,41, ,3.2, 
6,Davis,Sacramento Valley,4/5/2012,1200,096,12.2, ,38, ,2.8, 
6,Davis,Sacramento Valley,4/5/2012,1300,096,13.1, ,36, ,3.3, 
6,Davis,Sacramento Valley,4/5/2012,1400,096,13.8, ,34, ,2.5, 
6,Davis,Sacramento Valley,4/5/2012,1500,096,14.3, ,32, ,2.0, 
6,Davis,Sacramento Valley,4/5/2012,1600,096,14.0, ,31, ,3.2, 
6,Davis,Sacramento Valley,4/5/2012,1700,096,12.8, ,31, ,3.8, 
6,Davis,Sacramento Valley,4/5/2012,1800,096,13.0, ,31, ,1.9, 
6,Davis,Sacramento Valley,4/5/2012,1900,096,10.7, ,51, ,3.3, 
6,Davis,Sacramento Valley,4/5/2012,2000,096,8.8, ,63, ,2.6, 
6,Davis,Sacramento Valley,4/5/2012,2100,096,7.3, ,68, ,1.3, 
6,Davis,Sacramento Valley,4/5/2012,2200,096,6.5, ,66, ,1.0, 
6,Davis,Sacramento Valley,4/6/2012,0500,097,0.9,Y,86,Y,1.2, 
6,Davis,Sacramento Valley,4/6/2012,0600,097,0.6,Y,87,Y,1.0, 
6,Davis,Sacramento Valley,4/6/2012,0700,097,1.5,Y,86,Y,1.3, 
6,Davis,Sacramento Valley,4/6/2012,0800,097,4.7,Y,82,Y,2.0, 
6,Davis,Sacramento Valley,4/6/2012,0900,097,7.1,Y,74,Y,1.9, 
6,Davis,Sacramento Valley,4/6/2012,1000,097,9.5, ,64, ,2.2, 
6,Davis,Sacramento Valley,4/6/2012,1100,097,11.2, ,57, ,1.8, 
6,Davis,Sacramento Valley,4/6/2012,1200,097,12.9, ,51, ,1.9, 
6,Davis,Sacramento Valley,4/6/2012,1300,097,14.2, ,43, ,1.9, 
6,Davis,Sacramento Valley,4/6/2012,1400,097,15.1, ,36, ,2.1, 
6,Davis,Sacramento Valley,4/6/2012,1500,097,15.5, ,31, ,2.1, 
6,Davis,Sacramento Valley,4/6/2012,1600,097,15.9, ,27, ,2.4, 
6,Davis,Sacramento Valley,4/6/2012,1700,097,15.8, ,27, ,2.4, 
6,Davis,Sacramento Valley,4/6/2012,1800,097,14.6, ,33, ,1.8, 
6,Davis,Sacramento Valley,4/6/2012,1900,097,12.9, ,36, ,1.2, 
6,Davis,Sacramento Valley,4/6/2012,2000,097,10.7, ,45, ,0.7, 
6,Davis,Sacramento Valley,4/6/2012,2100,097,8.4, ,55, ,0.9, 
6,Davis,Sacramento Valley,4/6/2012,2200,097,6.7, ,63, ,1.0, 
6,Davis,Sacramento Valley,4/7/2012,0500,098,2.4,Y,78,Y,1.1, 
6,Davis,Sacramento Valley,4/7/2012,0600,098,1.9,Y,81,Y,1.0, 
6,Davis,Sacramento Valley,4/7/2012,0700,098,3.2,Y,78,Y,1.6, 
6,Davis,Sacramento Valley,4/7/2012,0800,098,6.3, ,74, ,2.5, 
6,Davis,Sacramento Valley,4/7/2012,0900,098,9.3, ,66, ,2.9, 
6,Davis,Sacramento Valley,4/7/2012,1000,098,11.8, ,55, ,2.8, 
6,Davis,Sacramento Valley,4/7/2012,1100,098,14.1, ,45, ,2.6, 
6,Davis,Sacramento Valley,4/7/2012,1200,098,15.9, ,38, ,2.1, 
6,Davis,Sacramento Valley,4/7/2012,1300,098,17.1, ,31, ,1.8, 
6,Davis,Sacramento Valley,4/7/2012,1400,098,18.0, ,31, ,1.5, 
6,Davis,Sacramento Valley,4/7/2012,1500,098,18.8, ,30, ,1.9, 
6,Davis,Sacramento Valley,4/7/2012,1600,098,19.1, ,28, ,1.6, 
6,Davis,Sacramento Valley,4/7/2012,1700,098,18.7, ,29, ,1.5, 
6,Davis,Sacramento Valley,4/7/2012,1800,098,18.3, ,31, ,0.8, 
6,Davis,Sacramento Valley,4/7/2012,1900,098,16.3, ,39, ,0.5, 
6,Davis,Sacramento Valley,4/7/2012,2000,098,13.6, ,52, ,0.9, 
6,Davis,Sacramento Valley,4/7/2012,2100,098,12.0, ,58, ,0.8, 
6,Davis,Sacramento Valley,4/7/2012,2200,098,10.3, ,63, ,1.0, 
6,Davis,Sacramento Valley,4/8/2012,0500,099,4.5, ,83, ,1.2, 
6,Davis,Sacramento Valley,4/8/2012,0600,099,3.9, ,84, ,0.7, 
6,Davis,Sacramento Valley,4/8/2012,0700,099,5.0, ,80, ,0.9, 
6,Davis,Sacramento Valley,4/8/2012,0800,099,8.7, ,71, ,1.8, 
6,Davis,Sacramento Valley,4/8/2012,0900,099,12.1, ,62, ,3.2, 
6,Davis,Sacramento Valley,4/8/2012,1000,099,14.5, ,55, ,3.1, 
6,Davis,Sacramento Valley,4/8/2012,1100,099,16.5, ,49, ,2.6, 
6,Davis,Sacramento Valley,4/8/2012,1200,099,18.0, ,43, ,2.2, 
6,Davis,Sacramento Valley,4/8/2012,1300,099,19.6, ,38, ,1.5, 
6,Davis,Sacramento Valley,4/8/2012,1400,099,20.9, ,36, ,1.6, 
6,Davis,Sacramento Valley,4/8/2012,1500,099,21.5, ,34, ,2.6, 
6,Davis,Sacramento Valley,4/8/2012,1600,099,21.2, ,31, ,3.0, 
6,Davis,Sacramento Valley,4/8/2012,1700,099,20.3, ,37, ,3.1, 
6,Davis,Sacramento Valley,4/8/2012,1800,099,18.7, ,36, ,3.1, 
6,Davis,Sacramento Valley,4/8/2012,1900,099,16.5, ,46, ,2.7, 
6,Davis,Sacramento Valley,4/8/2012,2000,099,13.5, ,61, ,1.4, 
6,Davis,Sacramento Valley,4/8/2012,2100,099,11.3, ,56, ,1.9, 
6,Davis,Sacramento Valley,4/8/2012,2200,099,10.1, ,59, ,1.3, 
6,Davis,Sacramento Valley,4/9/2012,0500,100,5.8, ,73, ,1.0, 
6,Davis,Sacramento Valley,4/9/2012,0600,100,5.7, ,78, ,0.9, 
6,Davis,Sacramento Valley,4/9/2012,0700,100,6.0, ,81, ,1.0, 
6,Davis,Sacramento Valley,4/9/2012,0800,100,8.8, ,70, ,0.7, 
6,Davis,Sacramento Valley,4/9/2012,0900,100,12.6, ,52, ,0.8, 
6,Davis,Sacramento Valley,4/9/2012,1000,100,15.5, ,42, ,1.2, 
6,Davis,Sacramento Valley,4/9/2012,1100,100,17.4, ,32, ,1.4, 
6,Davis,Sacramento Valley,4/9/2012,1200,100,19.0, ,26, ,1.3, 
6,Davis,Sacramento Valley,4/9/2012,1300,100,19.5, ,26, ,1.6, 
6,Davis,Sacramento Valley,4/9/2012,1400,100,20.2, ,24, ,1.3, 
6,Davis,Sacramento Valley,4/9/2012,1500,100,20.5, ,25, ,1.4, 
6,Davis,Sacramento Valley,4/9/2012,1600,100,20.4, ,26, ,1.4, 
6,Davis,Sacramento Valley,4/9/2012,1700,100,20.7, ,27, ,1.2, 
6,Davis,Sacramento Valley,4/9/2012,1800,100,20.4, ,31, ,1.4, 
6,Davis,Sacramento Valley,4/9/2012,1900,100,18.7, ,38, ,1.4, 
6,Davis,Sacramento Valley,4/9/2012,2000,100,16.0, ,46, ,2.5, 
6,Davis,Sacramento Valley,4/9/2012,2100,100,13.2, ,49, ,4.3, 
6,Davis,Sacramento Valley,4/9/2012,2200,100,12.6, ,48, ,4.5, 
6,Davis,Sacramento Valley,4/10/2012,0500,101,10.4, ,69, ,1.3, 
6,Davis,Sacramento Valley,4/10/2012,0600,101,10.6, ,66, ,1.3, 
6,Davis,Sacramento Valley,4/10/2012,0700,101,10.6, ,68, ,1.3, 
6,Davis,Sacramento Valley,4/10/2012,0800,101,10.4, ,73, ,1.9, 
6,Davis,Sacramento Valley,4/10/2012,0900,101,10.2, ,86, ,1.5, 
6,Davis,Sacramento Valley,4/10/2012,1000,101,11.4, ,90, ,2.6, 
6,Davis,Sacramento Valley,4/10/2012,1100,101,12.2, ,87, ,2.6, 
6,Davis,Sacramento Valley,4/10/2012,1200,101,13.0, ,84, ,2.4, 
6,Davis,Sacramento Valley,4/10/2012,1300,101,13.3, ,83, ,2.1, 
6,Davis,Sacramento Valley,4/10/2012,1400,101,13.3, ,84, ,2.1, 
6,Davis,Sacramento Valley,4/10/2012,1500,101,13.2, ,84, ,2.1, 
6,Davis,Sacramento Valley,4/10/2012,1600,101,12.6, ,86, ,1.5, 
6,Davis,Sacramento Valley,4/10/2012,1700,101,12.6, ,88, ,1.4, 
6,Davis,Sacramento Valley,4/10/2012,1800,101,12.0, ,90, ,1.6, 
6,Davis,Sacramento Valley,4/10/2012,1900,101,11.6, ,93, ,1.0, 
6,Davis,Sacramento Valley,4/10/2012,2000,101,11.5, ,94, ,1.8, 
6,Davis,Sacramento Valley,4/10/2012,2100,101,11.4, ,95, ,1.9, 
6,Davis,Sacramento Valley,4/10/2012,2200,101,11.2, ,93, ,1.8, 
6,Davis,Sacramento Valley,4/11/2012,0500,102,9.7, ,95, ,1.6, 
6,Davis,Sacramento Valley,4/11/2012,0600,102,8.9, ,94, ,2.3, 
6,Davis,Sacramento Valley,4/11/2012,0700,102,9.1, ,89, ,2.1, 
6,Davis,Sacramento Valley,4/11/2012,0800,102,9.7, ,88, ,2.2, 
6,Davis,Sacramento Valley,4/11/2012,0900,102,12.1, ,80, ,3.4, 
6,Davis,Sacramento Valley,4/11/2012,1000,102,13.4, ,71, ,4.5, 
6,Davis,Sacramento Valley,4/11/2012,1100,102,14.3, ,64, ,5.1, 
6,Davis,Sacramento Valley,4/11/2012,1200,102,15.4, ,56, ,6.4, 
6,Davis,Sacramento Valley,4/11/2012,1300,102,15.8, ,53, ,7.3, 
6,Davis,Sacramento Valley,4/11/2012,1400,102,15.5, ,53, ,7.7, 
6,Davis,Sacramento Valley,4/11/2012,1500,102,14.9, ,53, ,7.5, 
6,Davis,Sacramento Valley,4/11/2012,1600,102,13.9, ,54, ,7.4, 
6,Davis,Sacramento Valley,4/11/2012,1700,102,13.4, ,58, ,6.0, 
6,Davis,Sacramento Valley,4/11/2012,1800,102,13.5, ,60, ,4.9, 
6,Davis,Sacramento Valley,4/11/2012,1900,102,12.5, ,66, ,4.9, 
6,Davis,Sacramento Valley,4/11/2012,2000,102,11.3, ,75, ,3.2, 
6,Davis,Sacramento Valley,4/11/2012,2100,102,10.7, ,75, ,3.1, 
6,Davis,Sacramento Valley,4/11/2012,2200,102,10.0, ,78, ,3.6, 
6,Davis,Sacramento Valley,4/12/2012,0500,103,8.5, ,89, ,4.2, 
6,Davis,Sacramento Valley,4/12/2012,0600,103,7.8, ,92, ,3.2, 
6,Davis,Sacramento Valley,4/12/2012,0700,103,8.3, ,93, ,3.0, 
6,Davis,Sacramento Valley,4/12/2012,0800,103,8.9, ,90, ,3.8, 
6,Davis,Sacramento Valley,4/12/2012,0900,103,10.7, ,81, ,4.2, 
6,Davis,Sacramento Valley,4/12/2012,1000,103,12.0, ,78, ,4.4, 
6,Davis,Sacramento Valley,4/12/2012,1100,103,11.5, ,70, ,3.8, 
6,Davis,Sacramento Valley,4/12/2012,1200,103,13.9, ,61, ,5.8, 
6,Davis,Sacramento Valley,4/12/2012,1300,103,14.6, ,56, ,5.8, 
6,Davis,Sacramento Valley,4/12/2012,1400,103,15.4, ,49, ,5.5, 
6,Davis,Sacramento Valley,4/12/2012,1500,103,14.6, ,49, ,4.9, 
6,Davis,Sacramento Valley,4/12/2012,1600,103,14.0, ,56, ,4.4, 
6,Davis,Sacramento Valley,4/12/2012,1700,103,13.0, ,59, ,5.9, 
6,Davis,Sacramento Valley,4/12/2012,1800,103,10.7, ,73, ,2.8, 
6,Davis,Sacramento Valley,4/12/2012,1900,103,10.4, ,80, ,2.2, 
6,Davis,Sacramento Valley,4/12/2012,2000,103,11.2, ,70, ,4.8, 
6,Davis,Sacramento Valley,4/12/2012,2100,103,10.2, ,80, ,4.3, 
6,Davis,Sacramento Valley,4/12/2012,2200,103,9.0, ,90, ,3.0, 
6,Davis,Sacramento Valley,4/13/2012,0500,104,8.1, ,94, ,1.9, 
6,Davis,Sacramento Valley,4/13/2012,0600,104,7.8, ,94, ,2.2, 
6,Davis,Sacramento Valley,4/13/2012,0700,104,7.7, ,93, ,2.5, 
6,Davis,Sacramento Valley,4/13/2012,0800,104,7.7, ,90, ,3.7, 
6,Davis,Sacramento Valley,4/13/2012,0900,104,9.4, ,80, ,3.7, 
6,Davis,Sacramento Valley,4/13/2012,1000,104,11.3, ,68, ,2.6, 
6,Davis,Sacramento Valley,4/13/2012,1100,104,11.9, ,65, ,2.2, 
6,Davis,Sacramento Valley,4/13/2012,1200,104,13.2, ,56, ,2.7, 
6,Davis,Sacramento Valley,4/13/2012,1300,104,12.0, ,64, ,4.0, 
6,Davis,Sacramento Valley,4/13/2012,1400,104,13.1, ,60, ,2.8, 
6,Davis,Sacramento Valley,4/13/2012,1500,104,11.6, ,72, ,4.7, 
6,Davis,Sacramento Valley,4/13/2012,1600,104,11.4, ,69, ,3.0, 
6,Davis,Sacramento Valley,4/13/2012,1700,104,10.9, ,65, ,2.5, 
6,Davis,Sacramento Valley,4/13/2012,1800,104,10.6, ,70, ,2.8, 
6,Davis,Sacramento Valley,4/13/2012,1900,104,9.6, ,80, ,1.9, 
6,Davis,Sacramento Valley,4/13/2012,2000,104,8.7, ,83, ,1.5, 
6,Davis,Sacramento Valley,4/13/2012,2100,104,8.4, ,78, ,2.3, 
6,Davis,Sacramento Valley,4/13/2012,2200,104,8.0, ,76, ,2.5, 
6,Davis,Sacramento Valley,4/14/2012,0500,105,7.2, ,82, ,0.9, 
6,Davis,Sacramento Valley,4/14/2012,0600,105,5.9, ,90, ,0.7, 
6,Davis,Sacramento Valley,4/14/2012,0700,105,7.1, ,82, ,1.2, 
6,Davis,Sacramento Valley,4/14/2012,0800,105,9.5, ,71, ,2.2, 
6,Davis,Sacramento Valley,4/14/2012,0900,105,11.3, ,64, ,2.5, 
6,Davis,Sacramento Valley,4/14/2012,1000,105,12.6, ,60, ,2.5, 
6,Davis,Sacramento Valley,4/14/2012,1100,105,13.7, ,58, ,2.6, 
6,Davis,Sacramento Valley,4/14/2012,1200,105,15.0, ,56, ,3.2, 
6,Davis,Sacramento Valley,4/14/2012,1300,105,16.4, ,53, ,3.2, 
6,Davis,Sacramento Valley,4/14/2012,1400,105,17.2, ,51, ,3.6, 
6,Davis,Sacramento Valley,4/14/2012,1500,105,17.6, ,51, ,4.1, 
6,Davis,Sacramento Valley,4/14/2012,1600,105,18.2, ,49, ,3.8, 
6,Davis,Sacramento Valley,4/14/2012,1700,105,18.4, ,48, ,3.1, 
6,Davis,Sacramento Valley,4/14/2012,1800,105,18.2, ,51, ,2.0, 
6,Davis,Sacramento Valley,4/14/2012,1900,105,17.2, ,54, ,0.9, 
6,Davis,Sacramento Valley,4/14/2012,2000,105,14.6, ,68, ,2.2, 
6,Davis,Sacramento Valley,4/14/2012,2100,105,12.1, ,78, ,1.0, 
6,Davis,Sacramento Valley,4/14/2012,2200,105,10.9, ,81, ,1.7, 
6,Davis,Sacramento Valley,4/15/2012,0500,106,6.4, ,96, ,0.9, 
6,Davis,Sacramento Valley,4/15/2012,0600,106,6.0, ,96, ,1.0, 
6,Davis,Sacramento Valley,4/15/2012,0700,106,6.8, ,95, ,0.7, 
6,Davis,Sacramento Valley,4/15/2012,0800,106,10.2, ,87, ,1.7, 
6,Davis,Sacramento Valley,4/15/2012,0900,106,13.2, ,75, ,1.4, 
6,Davis,Sacramento Valley,4/15/2012,1000,106,14.9, ,70, ,1.5, 
6,Davis,Sacramento Valley,4/15/2012,1100,106,15.3, ,69, ,2.6, 
6,Davis,Sacramento Valley,4/15/2012,1200,106,16.8, ,63, ,2.1, 
6,Davis,Sacramento Valley,4/15/2012,1300,106,18.7, ,54, ,1.7, 
6,Davis,Sacramento Valley,4/15/2012,1400,106,20.0, ,53, ,2.2, 
6,Davis,Sacramento Valley,4/15/2012,1500,106,20.2, ,55, ,3.2, 
6,Davis,Sacramento Valley,4/15/2012,1600,106,20.7, ,47, ,3.9, 
6,Davis,Sacramento Valley,4/15/2012,1700,106,20.7, ,44, ,4.2, 
6,Davis,Sacramento Valley,4/15/2012,1800,106,20.0, ,48, ,3.6, 
6,Davis,Sacramento Valley,4/15/2012,1900,106,18.0, ,65, ,2.6, 
6,Davis,Sacramento Valley,4/15/2012,2000,106,14.4, ,72, ,1.7, 
6,Davis,Sacramento Valley,4/15/2012,2100,106,11.9, ,74, ,1.2, 
6,Davis,Sacramento Valley,4/15/2012,2200,106,10.9, ,80, ,1.1, 
6,Davis,Sacramento Valley,4/16/2012,0500,107,7.8, ,90, ,1.8, 
6,Davis,Sacramento Valley,4/16/2012,0600,107,7.5, ,90, ,1.6, 
6,Davis,Sacramento Valley,4/16/2012,0700,107,8.4, ,88, ,2.6, 
6,Davis,Sacramento Valley,4/16/2012,0800,107,10.9, ,81, ,2.8, 
6,Davis,Sacramento Valley,4/16/2012,0900,107,13.2, ,70, ,3.7, 
6,Davis,Sacramento Valley,4/16/2012,1000,107,15.0, ,63, ,4.1, 
6,Davis,Sacramento Valley,4/16/2012,1100,107,16.6, ,56, ,4.7, 
6,Davis,Sacramento Valley,4/16/2012,1200,107,18.3, ,49, ,4.6, 
6,Davis,Sacramento Valley,4/16/2012,1300,107,20.2, ,45, ,4.4, 
6,Davis,Sacramento Valley,4/16/2012,1400,107,21.4, ,40, ,4.7, 
6,Davis,Sacramento Valley,4/16/2012,1500,107,21.6, ,39, ,4.3, 
6,Davis,Sacramento Valley,4/16/2012,1600,107,20.3, ,46, ,3.5, 
6,Davis,Sacramento Valley,4/16/2012,1700,107,20.3, ,38, ,3.6, 
6,Davis,Sacramento Valley,4/16/2012,1800,107,18.4, ,45, ,3.8, 
6,Davis,Sacramento Valley,4/16/2012,1900,107,16.4, ,53, ,2.6, 
6,Davis,Sacramento Valley,4/16/2012,2000,107,15.0, ,61, ,2.1, 
6,Davis,Sacramento Valley,4/16/2012,2100,107,13.2, ,74, ,1.7, 
6,Davis,Sacramento Valley,4/16/2012,2200,107,12.1, ,81, ,1.5, 
6,Davis,Sacramento Valley,4/17/2012,0500,108,7.5, ,94, ,0.8, 
6,Davis,Sacramento Valley,4/17/2012,0600,108,7.5, ,94, ,0.9, 
6,Davis,Sacramento Valley,4/17/2012,0700,108,8.2, ,93, ,1.2, 
6,Davis,Sacramento Valley,4/17/2012,0800,108,11.4, ,85, ,1.2, 
6,Davis,Sacramento Valley,4/17/2012,0900,108,14.7, ,73, ,1.4, 
6,Davis,Sacramento Valley,4/17/2012,1000,108,17.2, ,65, ,1.2, 
6,Davis,Sacramento Valley,4/17/2012,1100,108,18.6, ,60, ,2.3, 
6,Davis,Sacramento Valley,4/17/2012,1200,108,19.6, ,62, ,3.1, 
6,Davis,Sacramento Valley,4/17/2012,1300,108,20.7, ,54, ,4.0, 
6,Davis,Sacramento Valley,4/17/2012,1400,108,21.1, ,45, ,4.9, 
6,Davis,Sacramento Valley,4/17/2012,1500,108,21.0, ,50, ,4.7, 
6,Davis,Sacramento Valley,4/17/2012,1600,108,21.2, ,54, ,4.8, 
6,Davis,Sacramento Valley,4/17/2012,1700,108,20.7, ,50, ,5.0, 
6,Davis,Sacramento Valley,4/17/2012,1800,108,18.8, ,52, ,4.7, 
6,Davis,Sacramento Valley,4/17/2012,1900,108,16.8, ,58, ,4.0, 
6,Davis,Sacramento Valley,4/17/2012,2000,108,15.0, ,56, ,3.9, 
6,Davis,Sacramento Valley,4/17/2012,2100,108,13.7, ,66, ,3.6, 
6,Davis,Sacramento Valley,4/17/2012,2200,108,12.5, ,75, ,2.1, 
6,Davis,Sacramento Valley,4/18/2012,0500,109,9.4, ,90, ,1.1, 
6,Davis,Sacramento Valley,4/18/2012,0600,109,9.5, ,89, ,1.1, 
6,Davis,Sacramento Valley,4/18/2012,0700,109,10.1, ,87, ,1.1, 
6,Davis,Sacramento Valley,4/18/2012,0800,109,12.7, ,75, ,1.4, 
6,Davis,Sacramento Valley,4/18/2012,0900,109,14.8, ,67, ,1.2, 
6,Davis,Sacramento Valley,4/18/2012,1000,109,17.2, ,57, ,1.2, 
6,Davis,Sacramento Valley,4/18/2012,1100,109,18.8, ,51, ,1.5, 
6,Davis,Sacramento Valley,4/18/2012,1200,109,19.9, ,48, ,1.6, 
6,Davis,Sacramento Valley,4/18/2012,1300,109,21.2, ,45, ,1.4, 
6,Davis,Sacramento Valley,4/18/2012,1400,109,21.6, ,45, ,1.9, 
6,Davis,Sacramento Valley,4/18/2012,1500,109,22.4, ,43, ,1.6, 
6,Davis,Sacramento Valley,4/18/2012,1600,109,23.1, ,43, ,2.3, 
6,Davis,Sacramento Valley,4/18/2012,1700,109,22.8, ,44, ,1.9, 
6,Davis,Sacramento Valley,4/18/2012,1800,109,22.1, ,51, ,3.9, 
6,Davis,Sacramento Valley,4/18/2012,1900,109,20.2, ,59, ,2.8, 
6,Davis,Sacramento Valley,4/18/2012,2000,109,16.8, ,72, ,2.7, 
6,Davis,Sacramento Valley,4/18/2012,2100,109,15.9, ,74, ,2.3, 
6,Davis,Sacramento Valley,4/18/2012,2200,109,15.7, ,75, ,1.7, 
6,Davis,Sacramento Valley,4/19/2012,0500,110,12.6, ,89, ,1.3, 
6,Davis,Sacramento Valley,4/19/2012,0600,110,11.9, ,90, ,1.3, 
6,Davis,Sacramento Valley,4/19/2012,0700,110,14.4, ,79, ,0.7, 
6,Davis,Sacramento Valley,4/19/2012,0800,110,16.7, ,71, ,2.0, 
6,Davis,Sacramento Valley,4/19/2012,0900,110,18.0, ,67, ,2.5, 
6,Davis,Sacramento Valley,4/19/2012,1000,110,19.6, ,62, ,3.2, 
6,Davis,Sacramento Valley,4/19/2012,1100,110,21.2, ,58, ,3.4, 
6,Davis,Sacramento Valley,4/19/2012,1200,110,22.5, ,53, ,3.4, 
6,Davis,Sacramento Valley,4/19/2012,1300,110,23.8, ,52, ,3.7, 
6,Davis,Sacramento Valley,4/19/2012,1400,110,25.0, ,49, ,3.7, 
6,Davis,Sacramento Valley,4/19/2012,1500,110,25.9, ,45, ,3.7, 
6,Davis,Sacramento Valley,4/19/2012,1600,110,26.5, ,43, ,3.3, 
6,Davis,Sacramento Valley,4/19/2012,1700,110,26.4, ,45, ,3.5, 
6,Davis,Sacramento Valley,4/19/2012,1800,110,25.6, ,47, ,3.4, 
6,Davis,Sacramento Valley,4/19/2012,1900,110,23.8, ,54, ,3.0, 
6,Davis,Sacramento Valley,4/19/2012,2000,110,21.5, ,63, ,2.6, 
6,Davis,Sacramento Valley,4/19/2012,2100,110,19.9, ,69, ,2.4, 
6,Davis,Sacramento Valley,4/19/2012,2200,110,19.4,Y,70,Y,2.4, 
6,Davis,Sacramento Valley,4/20/2012,0500,111,16.8,Y,75,Y,2.4, 
6,Davis,Sacramento Valley,4/20/2012,0600,111,16.6,Y,76,Y,2.9, 
6,Davis,Sacramento Valley,4/20/2012,0700,111,17.7,Y,73,Y,2.7, 
6,Davis,Sacramento Valley,4/20/2012,0800,111,19.8,Y,67,Y,3.9, 
6,Davis,Sacramento Valley,4/20/2012,0900,111,21.6, ,62, ,4.7, 
6,Davis,Sacramento Valley,4/20/2012,1000,111,23.2, ,59, ,3.9, 
6,Davis,Sacramento Valley,4/20/2012,1100,111,24.9, ,54, ,3.2, 
6,Davis,Sacramento Valley,4/20/2012,1200,111,26.6, ,50, ,3.2, 
6,Davis,Sacramento Valley,4/20/2012,1300,111,27.8, ,47, ,2.9, 
6,Davis,Sacramento Valley,4/20/2012,1400,111,28.9, ,45, ,2.7, 
6,Davis,Sacramento Valley,4/20/2012,1500,111,30.0, ,40, ,2.2, 
6,Davis,Sacramento Valley,4/20/2012,1600,111,30.7, ,36, ,1.7, 
6,Davis,Sacramento Valley,4/20/2012,1700,111,30.4, ,36, ,2.4, 
6,Davis,Sacramento Valley,4/20/2012,1800,111,29.7, ,35, ,2.2, 
6,Davis,Sacramento Valley,4/20/2012,1900,111,27.3,Y,48,Y,2.4, 
6,Davis,Sacramento Valley,4/20/2012,2000,111,24.8,Y,56,Y,2.0, 
6,Davis,Sacramento Valley,4/20/2012,2100,111,22.4,Y,63,Y,1.2, 
6,Davis,Sacramento Valley,4/20/2012,2200,111,21.2,Y,63,Y,1.2, 
6,Davis,Sacramento Valley,4/21/2012,0500,112,14.6, ,88, ,1.2, 
6,Davis,Sacramento Valley,4/21/2012,0600,112,14.2, ,91, ,1.5, 
6,Davis,Sacramento Valley,4/21/2012,0700,112,16.3, ,86, ,2.1, 
6,Davis,Sacramento Valley,4/21/2012,0800,112,19.1, ,73, ,2.8, 
6,Davis,Sacramento Valley,4/21/2012,0900,112,21.9, ,65, ,2.8, 
6,Davis,Sacramento Valley,4/21/2012,1000,112,24.4, ,60, ,2.5, 
6,Davis,Sacramento Valley,4/21/2012,1100,112,26.1, ,56, ,2.7, 
6,Davis,Sacramento Valley,4/21/2012,1200,112,27.3, ,52, ,2.2, 
6,Davis,Sacramento Valley,4/21/2012,1300,112,28.6, ,46, ,1.8, 
6,Davis,Sacramento Valley,4/21/2012,1400,112,29.8, ,42, ,1.6, 
6,Davis,Sacramento Valley,4/21/2012,1500,112,30.5, ,41, ,1.9, 
6,Davis,Sacramento Valley,4/21/2012,1600,112,31.2, ,38, ,1.4, 
6,Davis,Sacramento Valley,4/21/2012,1700,112,31.6,Y,36,Y,1.5, 
6,Davis,Sacramento Valley,4/21/2012,1800,112,30.0, ,49, ,3.1, 
6,Davis,Sacramento Valley,4/21/2012,1900,112,28.1,Y,54,Y,1.8, 
6,Davis,Sacramento Valley,4/21/2012,2000,112,25.6,Y,61,Y,1.3, 
6,Davis,Sacramento Valley,4/21/2012,2100,112,24.1,Y,65,Y,1.9, 
6,Davis,Sacramento Valley,4/21/2012,2200,112,21.9,Y,69,Y,1.1, 
6,Davis,Sacramento Valley,4/22/2012,0500,113,14.2, ,89, ,0.7, 
6,Davis,Sacramento Valley,4/22/2012,0600,113,13.8, ,91, ,0.8, 
6,Davis,Sacramento Valley,4/22/2012,0700,113,16.2, ,87, ,1.6, 
6,Davis,Sacramento Valley,4/22/2012,0800,113,19.2, ,81, ,2.2, 
6,Davis,Sacramento Valley,4/22/2012,0900,113,21.9, ,70, ,2.1, 
6,Davis,Sacramento Valley,4/22/2012,1000,113,23.7, ,64, ,1.9, 
6,Davis,Sacramento Valley,4/22/2012,1100,113,25.9, ,58, ,1.4, 
6,Davis,Sacramento Valley,4/22/2012,1200,113,27.8, ,51, ,1.3, 
6,Davis,Sacramento Valley,4/22/2012,1300,113,29.5, ,45, ,1.5, 
6,Davis,Sacramento Valley,4/22/2012,1400,113,30.7, ,43, ,2.1, 
6,Davis,Sacramento Valley,4/22/2012,1500,113,31.0, ,43, ,2.5, 
6,Davis,Sacramento Valley,4/22/2012,1600,113,31.4, ,36, ,3.0, 
6,Davis,Sacramento Valley,4/22/2012,1700,113,31.0, ,36, ,3.3, 
6,Davis,Sacramento Valley,4/22/2012,1800,113,28.8, ,47, ,2.9, 
6,Davis,Sacramento Valley,4/22/2012,1900,113,24.0, ,62, ,3.0, 
6,Davis,Sacramento Valley,4/22/2012,2000,113,19.9, ,71, ,2.1, 
6,Davis,Sacramento Valley,4/22/2012,2100,113,17.1, ,78, ,2.6, 
6,Davis,Sacramento Valley,4/22/2012,2200,113,16.1, ,80, ,3.5, 
6,Davis,Sacramento Valley,4/23/2012,0500,114,13.4, ,81, ,2.2, 
6,Davis,Sacramento Valley,4/23/2012,0600,114,12.9, ,82, ,2.2, 
6,Davis,Sacramento Valley,4/23/2012,0700,114,14.2, ,75, ,2.2, 
6,Davis,Sacramento Valley,4/23/2012,0800,114,16.6, ,66, ,2.8, 
6,Davis,Sacramento Valley,4/23/2012,0900,114,18.5, ,59, ,3.1, 
6,Davis,Sacramento Valley,4/23/2012,1000,114,19.7, ,58, ,3.4, 
6,Davis,Sacramento Valley,4/23/2012,1100,114,20.6, ,58, ,3.4, 
6,Davis,Sacramento Valley,4/23/2012,1200,114,21.3, ,54, ,3.2, 
6,Davis,Sacramento Valley,4/23/2012,1300,114,22.3, ,51, ,2.9, 
6,Davis,Sacramento Valley,4/23/2012,1400,114,22.8, ,49, ,3.1, 
6,Davis,Sacramento Valley,4/23/2012,1500,114,23.2, ,48, ,3.0, 
6,Davis,Sacramento Valley,4/23/2012,1600,114,22.6, ,47, ,4.7, 
6,Davis,Sacramento Valley,4/23/2012,1700,114,21.8, ,48, ,4.6, 
6,Davis,Sacramento Valley,4/23/2012,1800,114,19.6, ,53, ,5.4, 
6,Davis,Sacramento Valley,4/23/2012,1900,114,17.0, ,61, ,4.6, 
6,Davis,Sacramento Valley,4/23/2012,2000,114,15.4, ,67, ,3.9, 
6,Davis,Sacramento Valley,4/23/2012,2100,114,14.6, ,70, ,4.1, 
6,Davis,Sacramento Valley,4/23/2012,2200,114,13.9, ,73, ,3.3, 
6,Davis,Sacramento Valley,4/24/2012,0500,115,13.0, ,84, ,0.7, 
6,Davis,Sacramento Valley,4/24/2012,0600,115,12.8, ,85, ,1.1, 
6,Davis,Sacramento Valley,4/24/2012,0700,115,13.7, ,83, ,1.1, 
6,Davis,Sacramento Valley,4/24/2012,0800,115,15.8, ,75, ,1.6, 
6,Davis,Sacramento Valley,4/24/2012,0900,115,17.3, ,67, ,1.5, 
6,Davis,Sacramento Valley,4/24/2012,1000,115,18.7, ,61, ,1.5, 
6,Davis,Sacramento Valley,4/24/2012,1100,115,19.1, ,59, ,2.1, 
6,Davis,Sacramento Valley,4/24/2012,1200,115,20.1, ,56, ,1.8, 
6,Davis,Sacramento Valley,4/24/2012,1300,115,20.7, ,54, ,1.8, 
6,Davis,Sacramento Valley,4/24/2012,1400,115,21.4, ,53, ,2.0, 
6,Davis,Sacramento Valley,4/24/2012,1500,115,22.1, ,52, ,2.1, 
6,Davis,Sacramento Valley,4/24/2012,1600,115,22.4, ,51, ,3.2, 
6,Davis,Sacramento Valley,4/24/2012,1700,115,22.2, ,51, ,2.8, 
6,Davis,Sacramento Valley,4/24/2012,1800,115,21.4, ,54, ,3.2, 
6,Davis,Sacramento Valley,4/24/2012,1900,115,20.4, ,59, ,3.1, 
6,Davis,Sacramento Valley,4/24/2012,2000,115,18.7, ,67, ,3.2, 
6,Davis,Sacramento Valley,4/24/2012,2100,115,18.3, ,69, ,1.5, 
6,Davis,Sacramento Valley,4/24/2012,2200,115,17.8, ,71, ,2.2, 
6,Davis,Sacramento Valley,4/25/2012,0500,116,15.3, ,75, ,0.9, 
6,Davis,Sacramento Valley,4/25/2012,0600,116,15.5,Y,75,Y,1.2, 
6,Davis,Sacramento Valley,4/25/2012,0700,116,15.7, ,76, ,1.7, 
6,Davis,Sacramento Valley,4/25/2012,0800,116,15.4, ,77, ,2.4, 
6,Davis,Sacramento Valley,4/25/2012,0900,116,15.2, ,84, ,2.7, 
6,Davis,Sacramento Valley,4/25/2012,1000,116,15.4, ,86, ,2.5, 
6,Davis,Sacramento Valley,4/25/2012,1100,116,16.3, ,82, ,2.0, 
6,Davis,Sacramento Valley,4/25/2012,1200,116,17.7, ,76, ,1.9, 
6,Davis,Sacramento Valley,4/25/2012,1300,116,19.0, ,69, ,2.6, 
6,Davis,Sacramento Valley,4/25/2012,1400,116,19.6, ,65, ,2.1, 
6,Davis,Sacramento Valley,4/25/2012,1500,116,20.4, ,62, ,2.0, 
6,Davis,Sacramento Valley,4/25/2012,1600,116,20.8, ,63, ,2.6, 
6,Davis,Sacramento Valley,4/25/2012,1700,116,20.5, ,62, ,2.2, 
6,Davis,Sacramento Valley,4/25/2012,1800,116,19.6, ,68, ,2.1, 
6,Davis,Sacramento Valley,4/25/2012,1900,116,17.9, ,83, ,2.4, 
6,Davis,Sacramento Valley,4/25/2012,2000,116,16.4, ,89, ,2.5, 
6,Davis,Sacramento Valley,4/25/2012,2100,116,15.4, ,89, ,2.7, 
6,Davis,Sacramento Valley,4/25/2012,2200,116,14.9, ,90, ,1.2, 
6,Davis,Sacramento Valley,4/26/2012,0500,117,13.4, ,89, ,4.7, 
6,Davis,Sacramento Valley,4/26/2012,0600,117,12.9, ,91, ,4.4, 
6,Davis,Sacramento Valley,4/26/2012,0700,117,13.0, ,84, ,4.6, 
6,Davis,Sacramento Valley,4/26/2012,0800,117,14.7, ,75, ,4.3, 
6,Davis,Sacramento Valley,4/26/2012,0900,117,15.5, ,72, ,5.9, 
6,Davis,Sacramento Valley,4/26/2012,1000,117,15.9, ,67, ,4.1, 
6,Davis,Sacramento Valley,4/26/2012,1100,117,15.4, ,67, ,5.3, 
6,Davis,Sacramento Valley,4/26/2012,1200,117,16.4, ,58, ,6.3, 
6,Davis,Sacramento Valley,4/26/2012,1300,117,17.2, ,51, ,5.9, 
6,Davis,Sacramento Valley,4/26/2012,1400,117,17.6, ,45, ,5.2, 
6,Davis,Sacramento Valley,4/26/2012,1500,117,18.0, ,41, ,4.9, 
6,Davis,Sacramento Valley,4/26/2012,1600,117,17.9, ,43, ,5.0, 
6,Davis,Sacramento Valley,4/26/2012,1700,117,17.3, ,46, ,5.7, 
6,Davis,Sacramento Valley,4/26/2012,1800,117,16.3, ,48, ,5.4, 
6,Davis,Sacramento Valley,4/26/2012,1900,117,14.6, ,56, ,3.9, 
6,Davis,Sacramento Valley,4/26/2012,2000,117,13.0, ,61, ,3.1, 
6,Davis,Sacramento Valley,4/26/2012,2100,117,11.7, ,65, ,2.2, 
6,Davis,Sacramento Valley,4/26/2012,2200,117,10.4, ,66, ,1.3, 
6,Davis,Sacramento Valley,4/27/2012,0500,118,7.0, ,75, ,3.2, 
6,Davis,Sacramento Valley,4/27/2012,0600,118,7.5, ,73, ,3.2, 
6,Davis,Sacramento Valley,4/27/2012,0700,118,8.2, ,72, ,2.2, 
6,Davis,Sacramento Valley,4/27/2012,0800,118,11.4, ,60, ,3.4, 
6,Davis,Sacramento Valley,4/27/2012,0900,118,14.2, ,47, ,4.7, 
6,Davis,Sacramento Valley,4/27/2012,1000,118,15.9, ,41, ,5.5, 
6,Davis,Sacramento Valley,4/27/2012,1100,118,17.5, ,39, ,5.1, 
6,Davis,Sacramento Valley,4/27/2012,1200,118,18.9, ,36, ,4.7, 
6,Davis,Sacramento Valley,4/27/2012,1300,118,19.8, ,32, ,4.2, 
6,Davis,Sacramento Valley,4/27/2012,1400,118,20.7, ,28, ,3.9, 
6,Davis,Sacramento Valley,4/27/2012,1500,118,21.4, ,30, ,3.2, 
6,Davis,Sacramento Valley,4/27/2012,1600,118,21.8, ,28, ,2.8, 
6,Davis,Sacramento Valley,4/27/2012,1700,118,21.8, ,28, ,2.5, 
6,Davis,Sacramento Valley,4/27/2012,1800,118,20.9, ,33, ,2.0, 
6,Davis,Sacramento Valley,4/27/2012,1900,118,18.6, ,38, ,1.7, 
6,Davis,Sacramento Valley,4/27/2012,2000,118,17.2, ,41, ,1.4, 
6,Davis,Sacramento Valley,4/27/2012,2100,118,15.7, ,45, ,1.6, 
6,Davis,Sacramento Valley,4/27/2012,2200,118,13.0, ,59, ,1.4, 
6,Davis,Sacramento Valley,4/28/2012,0500,119,12.1, ,61, ,2.2, 
6,Davis,Sacramento Valley,4/28/2012,0600,119,11.9, ,62, ,2.2, 
6,Davis,Sacramento Valley,4/28/2012,0700,119,14.8, ,55, ,1.1, 
6,Davis,Sacramento Valley,4/28/2012,0800,119,16.3, ,51, ,3.2, 
6,Davis,Sacramento Valley,4/28/2012,0900,119,18.2, ,44, ,5.9, 
6,Davis,Sacramento Valley,4/28/2012,1000,119,19.8, ,43, ,5.7, 
6,Davis,Sacramento Valley,4/28/2012,1100,119,22.0, ,41, ,5.5, 
6,Davis,Sacramento Valley,4/28/2012,1200,119,24.0, ,37, ,5.9, 
6,Davis,Sacramento Valley,4/28/2012,1300,119,25.3, ,35, ,5.8, 
6,Davis,Sacramento Valley,4/28/2012,1400,119,26.3, ,32, ,5.4, 
6,Davis,Sacramento Valley,4/28/2012,1500,119,27.2, ,29, ,4.6, 
6,Davis,Sacramento Valley,4/28/2012,1600,119,27.4, ,28, ,4.0, 
6,Davis,Sacramento Valley,4/28/2012,1700,119,27.0, ,28, ,3.8, 
6,Davis,Sacramento Valley,4/28/2012,1800,119,26.2, ,30, ,2.9, 
6,Davis,Sacramento Valley,4/28/2012,1900,119,24.1, ,34, ,2.2, 
6,Davis,Sacramento Valley,4/28/2012,2000,119,22.1, ,36, ,1.8, 
6,Davis,Sacramento Valley,4/28/2012,2100,119,18.2, ,49, ,1.5, 
6,Davis,Sacramento Valley,4/28/2012,2200,119,16.4, ,56, ,1.2, 
6,Davis,Sacramento Valley,4/29/2012,0500,120,13.6, ,67, ,1.1, 
6,Davis,Sacramento Valley,4/29/2012,0600,120,12.7, ,73, ,1.1, 
6,Davis,Sacramento Valley,4/29/2012,0700,120,15.3, ,68, ,1.3, 
6,Davis,Sacramento Valley,4/29/2012,0800,120,18.0, ,56, ,3.5, 
6,Davis,Sacramento Valley,4/29/2012,0900,120,20.2, ,49, ,3.3, 
6,Davis,Sacramento Valley,4/29/2012,1000,120,21.9, ,45, ,3.8, 
6,Davis,Sacramento Valley,4/29/2012,1100,120,23.6, ,40, ,3.4, 
6,Davis,Sacramento Valley,4/29/2012,1200,120,25.2, ,36, ,3.3, 
6,Davis,Sacramento Valley,4/29/2012,1300,120,26.9, ,32, ,3.6, 
6,Davis,Sacramento Valley,4/29/2012,1400,120,27.9, ,30, ,3.6, 
6,Davis,Sacramento Valley,4/29/2012,1500,120,28.6, ,29, ,2.6, 
6,Davis,Sacramento Valley,4/29/2012,1600,120,29.0, ,27, ,1.9, 
6,Davis,Sacramento Valley,4/29/2012,1700,120,29.4, ,25, ,1.5, 
6,Davis,Sacramento Valley,4/29/2012,1800,120,27.8, ,32, ,2.4, 
6,Davis,Sacramento Valley,4/29/2012,1900,120,25.0, ,50, ,3.1, 
6,Davis,Sacramento Valley,4/29/2012,2000,120,22.1, ,59, ,2.5, 
6,Davis,Sacramento Valley,4/29/2012,2100,120,20.2, ,66, ,1.7, 
6,Davis,Sacramento Valley,4/29/2012,2200,120,18.5, ,70, ,1.0, 
6,Davis,Sacramento Valley,4/30/2012,0500,121,13.1, ,81, ,1.4, 
6,Davis,Sacramento Valley,4/30/2012,0600,121,12.4, ,84, ,1.7, 
6,Davis,Sacramento Valley,4/30/2012,0700,121,13.7, ,81, ,1.6, 
6,Davis,Sacramento Valley,4/30/2012,0800,121,17.2, ,70, ,2.8, 
6,Davis,Sacramento Valley,4/30/2012,0900,121,19.0, ,65, ,2.4, 
6,Davis,Sacramento Valley,4/30/2012,1000,121,21.4, ,57, ,3.3, 
6,Davis,Sacramento Valley,4/30/2012,1100,121,23.1, ,53, ,3.9, 
6,Davis,Sacramento Valley,4/30/2012,1200,121,25.4, ,48, ,4.0, 
6,Davis,Sacramento Valley,4/30/2012,1300,121,26.9, ,41, ,5.1, 
6,Davis,Sacramento Valley,4/30/2012,1400,121,28.0, ,40, ,4.9, 
6,Davis,Sacramento Valley,4/30/2012,1500,121,28.9, ,40, ,4.8, 
6,Davis,Sacramento Valley,4/30/2012,1600,121,28.0, ,43, ,6.4, 
6,Davis,Sacramento Valley,4/30/2012,1700,121,25.1, ,50, ,5.4, 
6,Davis,Sacramento Valley,4/30/2012,1800,121,23.5, ,54, ,3.4, 
6,Davis,Sacramento Valley,4/30/2012,1900,121,22.4, ,53, ,3.4, 
6,Davis,Sacramento Valley,4/30/2012,2000,121,18.7, ,61, ,3.5, 
6,Davis,Sacramento Valley,4/30/2012,2100,121,16.3, ,68, ,3.6, 
6,Davis,Sacramento Valley,4/30/2012,2200,121,15.6, ,68, ,1.6, 
6,Davis,Sacramento Valley,5/1/2012,0500,122,8.4, ,86, ,0.9, 
6,Davis,Sacramento Valley,5/1/2012,0600,122,8.5, ,87, ,1.5, 
6,Davis,Sacramento Valley,5/1/2012,0700,122,11.2, ,79, ,1.9, 
6,Davis,Sacramento Valley,5/1/2012,0800,122,15.2, ,58, ,3.0, 
6,Davis,Sacramento Valley,5/1/2012,0900,122,17.8, ,41, ,5.0, 
6,Davis,Sacramento Valley,5/1/2012,1000,122,19.0, ,37, ,4.2, 
6,Davis,Sacramento Valley,5/1/2012,1100,122,20.5, ,34, ,2.8, 
6,Davis,Sacramento Valley,5/1/2012,1200,122,21.6, ,35, ,2.2, 
6,Davis,Sacramento Valley,5/1/2012,1300,122,21.9, ,43, ,3.9, 
6,Davis,Sacramento Valley,5/1/2012,1400,122,22.2, ,43, ,4.1, 
6,Davis,Sacramento Valley,5/1/2012,1500,122,22.7, ,41, ,4.9, 
6,Davis,Sacramento Valley,5/1/2012,1600,122,22.2, ,43, ,5.3, 
6,Davis,Sacramento Valley,5/1/2012,1700,122,21.0, ,44, ,6.0, 
6,Davis,Sacramento Valley,5/1/2012,1800,122,19.5, ,49, ,5.3, 
6,Davis,Sacramento Valley,5/1/2012,1900,122,17.2, ,54, ,4.8, 
6,Davis,Sacramento Valley,5/1/2012,2000,122,14.6, ,59, ,5.4, 
6,Davis,Sacramento Valley,5/1/2012,2100,122,13.2, ,64, ,4.1, 
6,Davis,Sacramento Valley,5/1/2012,2200,122,12.3, ,66, ,2.9, 
6,Davis,Sacramento Valley,5/2/2012,0500,123,6.2, ,89, ,1.6, 
6,Davis,Sacramento Valley,5/2/2012,0600,123,6.3, ,90, ,1.9, 
6,Davis,Sacramento Valley,5/2/2012,0700,123,8.4, ,83, ,2.1, 
6,Davis,Sacramento Valley,5/2/2012,0800,123,11.0, ,74, ,2.2, 
6,Davis,Sacramento Valley,5/2/2012,0900,123,13.2, ,65, ,1.5, 
6,Davis,Sacramento Valley,5/2/2012,1000,123,15.5, ,60, ,1.4, 
6,Davis,Sacramento Valley,5/2/2012,1100,123,17.4, ,56, ,1.7, 
6,Davis,Sacramento Valley,5/2/2012,1200,123,19.5, ,52, ,2.2, 
6,Davis,Sacramento Valley,5/2/2012,1300,123,20.6, ,47, ,3.9, 
6,Davis,Sacramento Valley,5/2/2012,1400,123,20.6, ,44, ,4.7, 
6,Davis,Sacramento Valley,5/2/2012,1500,123,21.4, ,42, ,5.4, 
6,Davis,Sacramento Valley,5/2/2012,1600,123,20.4, ,42, ,5.9, 
6,Davis,Sacramento Valley,5/2/2012,1700,123,18.7, ,45, ,5.5, 
6,Davis,Sacramento Valley,5/2/2012,1800,123,17.4, ,44, ,5.9, 
6,Davis,Sacramento Valley,5/2/2012,1900,123,15.8, ,41, ,5.4, 
6,Davis,Sacramento Valley,5/2/2012,2000,123,14.1, ,41, ,5.6, 
6,Davis,Sacramento Valley,5/2/2012,2100,123,11.9, ,51, ,6.6, 
6,Davis,Sacramento Valley,5/2/2012,2200,123,10.6, ,61, ,6.0, 
6,Davis,Sacramento Valley,5/3/2012,0500,124,10.3, ,69, ,5.0, 
6,Davis,Sacramento Valley,5/3/2012,0600,124,10.2, ,72, ,4.6, 
6,Davis,Sacramento Valley,5/3/2012,0700,124,11.3, ,71, ,4.5, 
6,Davis,Sacramento Valley,5/3/2012,0800,124,12.3, ,71, ,6.1, 
6,Davis,Sacramento Valley,5/3/2012,0900,124,12.3, ,75, ,5.8, 
6,Davis,Sacramento Valley,5/3/2012,1000,124,13.0, ,73, ,5.0, 
6,Davis,Sacramento Valley,5/3/2012,1100,124,14.0, ,69, ,4.5, 
6,Davis,Sacramento Valley,5/3/2012,1200,124,14.9, ,70, ,5.6, 
6,Davis,Sacramento Valley,5/3/2012,1300,124,15.6, ,68, ,5.3, 
6,Davis,Sacramento Valley,5/3/2012,1400,124,16.6, ,66, ,6.2, 
6,Davis,Sacramento Valley,5/3/2012,1500,124,17.4, ,63, ,6.0, 
6,Davis,Sacramento Valley,5/3/2012,1600,124,17.8, ,62, ,5.5, 
6,Davis,Sacramento Valley,5/3/2012,1700,124,17.0, ,65, ,5.4, 
6,Davis,Sacramento Valley,5/3/2012,1800,124,16.1, ,69, ,5.0, 
6,Davis,Sacramento Valley,5/3/2012,1900,124,15.1, ,73, ,4.3, 
6,Davis,Sacramento Valley,5/3/2012,2000,124,14.0, ,79, ,3.1, 
6,Davis,Sacramento Valley,5/3/2012,2100,124,13.4, ,82, ,3.1, 
6,Davis,Sacramento Valley,5/3/2012,2200,124,12.8, ,84, ,4.0, 
6,Davis,Sacramento Valley,5/4/2012,0500,125,9.8, ,87, ,3.1, 
6,Davis,Sacramento Valley,5/4/2012,0600,125,9.8, ,84, ,2.8, 
6,Davis,Sacramento Valley,5/4/2012,0700,125,11.1, ,79, ,3.3, 
6,Davis,Sacramento Valley,5/4/2012,0800,125,13.1, ,72, ,3.5, 
6,Davis,Sacramento Valley,5/4/2012,0900,125,14.6, ,61, ,2.2, 
6,Davis,Sacramento Valley,5/4/2012,1000,125,16.1, ,54, ,2.0, 
6,Davis,Sacramento Valley,5/4/2012,1100,125,17.2, ,51, ,2.2, 
6,Davis,Sacramento Valley,5/4/2012,1200,125,18.3, ,45, ,1.8, 
6,Davis,Sacramento Valley,5/4/2012,1300,125,19.4, ,42, ,2.1, 
6,Davis,Sacramento Valley,5/4/2012,1400,125,20.7, ,40, ,2.7, 
6,Davis,Sacramento Valley,5/4/2012,1500,125,20.7, ,40, ,2.2, 
6,Davis,Sacramento Valley,5/4/2012,1600,125,21.3, ,40, ,2.8, 
6,Davis,Sacramento Valley,5/4/2012,1700,125,21.3, ,41, ,3.6, 
6,Davis,Sacramento Valley,5/4/2012,1800,125,20.3, ,44, ,3.4, 
6,Davis,Sacramento Valley,5/4/2012,1900,125,17.5, ,52, ,3.2, 
6,Davis,Sacramento Valley,5/4/2012,2000,125,15.2, ,62, ,1.7, 
6,Davis,Sacramento Valley,5/4/2012,2100,125,13.9, ,67, ,1.0, 
6,Davis,Sacramento Valley,5/4/2012,2200,125,12.5, ,72, ,0.7, 
6,Davis,Sacramento Valley,5/5/2012,0500,126,12.7, ,46, ,7.0, 
6,Davis,Sacramento Valley,5/5/2012,0600,126,12.6, ,46, ,7.1, 
6,Davis,Sacramento Valley,5/5/2012,0700,126,13.3, ,45, ,7.7, 
6,Davis,Sacramento Valley,5/5/2012,0800,126,14.7, ,42, ,7.6, 
6,Davis,Sacramento Valley,5/5/2012,0900,126,16.3, ,38, ,8.4, 
6,Davis,Sacramento Valley,5/5/2012,1000,126,18.2, ,35, ,7.8, 
6,Davis,Sacramento Valley,5/5/2012,1100,126,19.8, ,31, ,8.0, 
6,Davis,Sacramento Valley,5/5/2012,1200,126,21.3, ,26, ,8.1, 
6,Davis,Sacramento Valley,5/5/2012,1300,126,22.6, ,24, ,7.9, 
6,Davis,Sacramento Valley,5/5/2012,1400,126,23.7, ,20, ,7.7, 
6,Davis,Sacramento Valley,5/5/2012,1500,126,24.3, ,17, ,7.3, 
6,Davis,Sacramento Valley,5/5/2012,1600,126,24.7, ,18, ,6.9, 
6,Davis,Sacramento Valley,5/5/2012,1700,126,24.6, ,20, ,6.6, 
6,Davis,Sacramento Valley,5/5/2012,1800,126,23.7, ,21, ,6.2, 
6,Davis,Sacramento Valley,5/5/2012,1900,126,22.2, ,22, ,5.3, 
6,Davis,Sacramento Valley,5/5/2012,2000,126,20.6, ,25, ,4.4, 
6,Davis,Sacramento Valley,5/5/2012,2100,126,19.9, ,28, ,5.2, 
6,Davis,Sacramento Valley,5/5/2012,2200,126,19.8, ,27, ,6.8, 
6,Davis,Sacramento Valley,5/6/2012,0500,127,16.0, ,37, ,6.3, 
6,Davis,Sacramento Valley,5/6/2012,0600,127,15.8, ,39, ,6.2, 
6,Davis,Sacramento Valley,5/6/2012,0700,127,16.8, ,38, ,6.2, 
6,Davis,Sacramento Valley,5/6/2012,0800,127,18.5, ,36, ,6.7, 
6,Davis,Sacramento Valley,5/6/2012,0900,127,20.5, ,31, ,7.3, 
6,Davis,Sacramento Valley,5/6/2012,1000,127,22.6, ,27, ,7.2, 
6,Davis,Sacramento Valley,5/6/2012,1100,127,24.2, ,23, ,6.5, 
6,Davis,Sacramento Valley,5/6/2012,1200,127,25.4, ,21, ,6.1, 
6,Davis,Sacramento Valley,5/6/2012,1300,127,26.6, ,19, ,5.8, 
6,Davis,Sacramento Valley,5/6/2012,1400,127,27.4, ,19, ,5.2, 
6,Davis,Sacramento Valley,5/6/2012,1500,127,27.4, ,18, ,5.3, 
6,Davis,Sacramento Valley,5/6/2012,1600,127,27.6, ,18, ,5.2, 
6,Davis,Sacramento Valley,5/6/2012,1700,127,26.7, ,21, ,4.2, 
6,Davis,Sacramento Valley,5/6/2012,1800,127,26.6, ,21, ,3.9, 
6,Davis,Sacramento Valley,5/6/2012,1900,127,24.7, ,23, ,2.6, 
6,Davis,Sacramento Valley,5/6/2012,2000,127,22.2, ,27, ,2.0, 
6,Davis,Sacramento Valley,5/6/2012,2100,127,18.6, ,33, ,1.8, 
6,Davis,Sacramento Valley,5/6/2012,2200,127,16.8, ,37, ,1.4, 
6,Davis,Sacramento Valley,5/7/2012,0500,128,12.1, ,52, ,2.0, 
6,Davis,Sacramento Valley,5/7/2012,0600,128,13.5, ,47, ,2.4, 
6,Davis,Sacramento Valley,5/7/2012,0700,128,17.7, ,37, ,3.5, 
6,Davis,Sacramento Valley,5/7/2012,0800,128,20.9, ,32, ,4.2, 
6,Davis,Sacramento Valley,5/7/2012,0900,128,23.1, ,27, ,5.1, 
6,Davis,Sacramento Valley,5/7/2012,1000,128,24.7, ,25, ,5.4, 
6,Davis,Sacramento Valley,5/7/2012,1100,128,26.7, ,22, ,5.1, 
6,Davis,Sacramento Valley,5/7/2012,1200,128,27.9, ,19, ,5.3, 
6,Davis,Sacramento Valley,5/7/2012,1300,128,29.2, ,18, ,5.2, 
6,Davis,Sacramento Valley,5/7/2012,1400,128,29.9, ,17, ,4.8, 
6,Davis,Sacramento Valley,5/7/2012,1500,128,30.4, ,16, ,4.3, 
6,Davis,Sacramento Valley,5/7/2012,1600,128,31.0, ,13, ,4.9, 
6,Davis,Sacramento Valley,5/7/2012,1700,128,31.1, ,12, ,4.2, 
6,Davis,Sacramento Valley,5/7/2012,1800,128,30.0, ,16, ,3.1, 
6,Davis,Sacramento Valley,5/7/2012,1900,128,27.5, ,21, ,1.7, 
6,Davis,Sacramento Valley,5/7/2012,2000,128,23.6, ,27, ,1.1, 
6,Davis,Sacramento Valley,5/7/2012,2100,128,20.5, ,33, ,0.8, 
6,Davis,Sacramento Valley,5/7/2012,2200,128,17.7, ,41, ,1.1, 
6,Davis,Sacramento Valley,5/8/2012,0500,129,12.2, ,57, ,1.0, 
6,Davis,Sacramento Valley,5/8/2012,0600,129,13.6, ,49, ,1.3, 
6,Davis,Sacramento Valley,5/8/2012,0700,129,16.4, ,47, ,1.6, 
6,Davis,Sacramento Valley,5/8/2012,0800,129,20.5, ,37, ,2.2, 
6,Davis,Sacramento Valley,5/8/2012,0900,129,23.4, ,30, ,3.3, 
6,Davis,Sacramento Valley,5/8/2012,1000,129,25.4, ,28, ,3.1, 
6,Davis,Sacramento Valley,5/8/2012,1100,129,27.1, ,26, ,2.7, 
6,Davis,Sacramento Valley,5/8/2012,1200,129,29.3, ,21, ,1.9, 
6,Davis,Sacramento Valley,5/8/2012,1300,129,30.5, ,19, ,2.0, 
6,Davis,Sacramento Valley,5/8/2012,1400,129,30.9, ,19, ,2.2, 
6,Davis,Sacramento Valley,5/8/2012,1500,129,32.0, ,18, ,2.2, 
6,Davis,Sacramento Valley,5/8/2012,1600,129,32.7, ,15, ,2.0, 
6,Davis,Sacramento Valley,5/8/2012,1700,129,32.7, ,16, ,1.8, 
6,Davis,Sacramento Valley,5/8/2012,1800,129,31.5, ,23, ,3.8, 
6,Davis,Sacramento Valley,5/8/2012,1900,129,28.7, ,34, ,2.5, 
6,Davis,Sacramento Valley,5/8/2012,2000,129,25.7, ,40, ,1.8, 
6,Davis,Sacramento Valley,5/8/2012,2100,129,21.8, ,51, ,1.1, 
6,Davis,Sacramento Valley,5/8/2012,2200,129,19.8, ,54, ,1.5, 
6,Davis,Sacramento Valley,5/9/2012,0500,130,11.5, ,80, ,1.1, 
6,Davis,Sacramento Valley,5/9/2012,0600,130,11.1, ,81, ,1.0, 
6,Davis,Sacramento Valley,5/9/2012,0700,130,13.2, ,75, ,1.3, 
6,Davis,Sacramento Valley,5/9/2012,0800,130,16.5, ,64, ,1.8, 
6,Davis,Sacramento Valley,5/9/2012,0900,130,20.3, ,53, ,2.4, 
6,Davis,Sacramento Valley,5/9/2012,1000,130,23.6, ,46, ,2.7, 
6,Davis,Sacramento Valley,5/9/2012,1100,130,25.5, ,40, ,2.2, 
6,Davis,Sacramento Valley,5/9/2012,1200,130,27.3, ,36, ,2.3, 
6,Davis,Sacramento Valley,5/9/2012,1300,130,29.0, ,31, ,2.8, 
6,Davis,Sacramento Valley,5/9/2012,1400,130,30.1, ,25, ,3.6, 
6,Davis,Sacramento Valley,5/9/2012,1500,130,31.0, ,19, ,5.2, 
6,Davis,Sacramento Valley,5/9/2012,1600,130,30.6, ,20, ,5.1, 
6,Davis,Sacramento Valley,5/9/2012,1700,130,30.0, ,30, ,4.6, 
6,Davis,Sacramento Valley,5/9/2012,1800,130,27.8, ,41, ,4.8, 
6,Davis,Sacramento Valley,5/9/2012,1900,130,24.2, ,47, ,4.1, 
6,Davis,Sacramento Valley,5/9/2012,2000,130,21.1, ,51, ,2.3, 
6,Davis,Sacramento Valley,5/9/2012,2100,130,18.2, ,59, ,1.6, 
6,Davis,Sacramento Valley,5/9/2012,2200,130,16.2, ,63, ,2.5, 
6,Davis,Sacramento Valley,5/10/2012,0500,131,17.2, ,39, ,5.9, 
6,Davis,Sacramento Valley,5/10/2012,0600,131,17.0, ,36, ,6.3, 
6,Davis,Sacramento Valley,5/10/2012,0700,131,17.9, ,30, ,7.3, 
6,Davis,Sacramento Valley,5/10/2012,0800,131,19.0, ,26, ,8.3, 
6,Davis,Sacramento Valley,5/10/2012,0900,131,20.5, ,23, ,8.2, 
6,Davis,Sacramento Valley,5/10/2012,1000,131,22.2, ,22, ,8.2, 
6,Davis,Sacramento Valley,5/10/2012,1100,131,23.9, ,21, ,7.7, 
6,Davis,Sacramento Valley,5/10/2012,1200,131,25.5, ,20, ,7.2, 
6,Davis,Sacramento Valley,5/10/2012,1300,131,26.9, ,19, ,6.6, 
6,Davis,Sacramento Valley,5/10/2012,1400,131,28.1, ,18, ,5.8, 
6,Davis,Sacramento Valley,5/10/2012,1500,131,28.9, ,18, ,5.4, 
6,Davis,Sacramento Valley,5/10/2012,1600,131,29.4, ,17, ,5.3, 
6,Davis,Sacramento Valley,5/10/2012,1700,131,29.4, ,17, ,4.9, 
6,Davis,Sacramento Valley,5/10/2012,1800,131,28.9, ,16, ,4.0, 
6,Davis,Sacramento Valley,5/10/2012,1900,131,26.5, ,19, ,2.6, 
6,Davis,Sacramento Valley,5/10/2012,2000,131,23.3, ,22, ,1.7, 
6,Davis,Sacramento Valley,5/10/2012,2100,131,20.6, ,25, ,1.9, 
6,Davis,Sacramento Valley,5/10/2012,2200,131,17.8, ,31, ,1.5, 
6,Davis,Sacramento Valley,5/11/2012,0500,132,15.1, ,34, ,2.2, 
6,Davis,Sacramento Valley,5/11/2012,0600,132,16.0, ,33, ,3.2, 
6,Davis,Sacramento Valley,5/11/2012,0700,132,19.5, ,28, ,5.0, 
6,Davis,Sacramento Valley,5/11/2012,0800,132,21.9, ,25, ,6.1, 
6,Davis,Sacramento Valley,5/11/2012,0900,132,23.6, ,22, ,7.5, 
6,Davis,Sacramento Valley,5/11/2012,1000,132,25.4, ,21, ,6.7, 
6,Davis,Sacramento Valley,5/11/2012,1100,132,27.0, ,19, ,6.2, 
6,Davis,Sacramento Valley,5/11/2012,1200,132,28.5, ,18, ,5.4, 
6,Davis,Sacramento Valley,5/11/2012,1300,132,29.8, ,16, ,4.8, 
6,Davis,Sacramento Valley,5/11/2012,1400,132,30.5, ,15, ,4.1, 
6,Davis,Sacramento Valley,5/11/2012,1500,132,31.3, ,15, ,3.2, 
6,Davis,Sacramento Valley,5/11/2012,1600,132,31.8, ,12, ,3.1, 
6,Davis,Sacramento Valley,5/11/2012,1700,132,31.9, ,11, ,2.8, 
6,Davis,Sacramento Valley,5/11/2012,1800,132,31.3, ,16, ,2.8, 
6,Davis,Sacramento Valley,5/11/2012,1900,132,28.1, ,31, ,3.5, 
6,Davis,Sacramento Valley,5/11/2012,2000,132,24.3, ,37, ,2.0, 
6,Davis,Sacramento Valley,5/11/2012,2100,132,22.0, ,39, ,1.7, 
6,Davis,Sacramento Valley,5/11/2012,2200,132,18.2, ,49, ,1.8, 
6,Davis,Sacramento Valley,5/12/2012,0500,133,10.6, ,78, ,1.3, 
6,Davis,Sacramento Valley,5/12/2012,0600,133,11.3, ,75, ,1.2, 
6,Davis,Sacramento Valley,5/12/2012,0700,133,14.0, ,66, ,2.6, 
6,Davis,Sacramento Valley,5/12/2012,0800,133,17.2, ,57, ,2.6, 
6,Davis,Sacramento Valley,5/12/2012,0900,133,20.5, ,48, ,2.4, 
6,Davis,Sacramento Valley,5/12/2012,1000,133,23.5, ,39, ,2.7, 
6,Davis,Sacramento Valley,5/12/2012,1100,133,26.0, ,34, ,2.6, 
6,Davis,Sacramento Valley,5/12/2012,1200,133,28.0, ,29, ,1.6, 
6,Davis,Sacramento Valley,5/12/2012,1300,133,29.8, ,26, ,1.6, 
6,Davis,Sacramento Valley,5/12/2012,1400,133,31.1, ,23, ,2.2, 
6,Davis,Sacramento Valley,5/12/2012,1500,133,32.0, ,20, ,2.1, 
6,Davis,Sacramento Valley,5/12/2012,1600,133,32.5, ,20, ,2.4, 
6,Davis,Sacramento Valley,5/12/2012,1700,133,32.6, ,22, ,2.3, 
6,Davis,Sacramento Valley,5/12/2012,1800,133,31.5, ,29, ,3.7, 
6,Davis,Sacramento Valley,5/12/2012,1900,133,28.8, ,38, ,3.0, 
6,Davis,Sacramento Valley,5/12/2012,2000,133,23.4, ,52, ,2.1, 
6,Davis,Sacramento Valley,5/12/2012,2100,133,19.4, ,58, ,1.7, 
6,Davis,Sacramento Valley,5/12/2012,2200,133,17.6, ,61, ,1.2, 
6,Davis,Sacramento Valley,5/13/2012,0500,134,10.0, ,81, ,1.5, 
6,Davis,Sacramento Valley,5/13/2012,0600,134,10.7, ,77, ,1.4, 
6,Davis,Sacramento Valley,5/13/2012,0700,134,13.2, ,70, ,1.6, 
6,Davis,Sacramento Valley,5/13/2012,0800,134,17.2, ,61, ,2.6, 
6,Davis,Sacramento Valley,5/13/2012,0900,134,20.3, ,54, ,2.0, 
6,Davis,Sacramento Valley,5/13/2012,1000,134,22.5, ,48, ,2.2, 
6,Davis,Sacramento Valley,5/13/2012,1100,134,22.7, ,46, ,3.4, 
6,Davis,Sacramento Valley,5/13/2012,1200,134,22.7, ,46, ,4.2, 
6,Davis,Sacramento Valley,5/13/2012,1300,134,23.4, ,45, ,4.3, 
6,Davis,Sacramento Valley,5/13/2012,1400,134,23.6, ,43, ,4.2, 
6,Davis,Sacramento Valley,5/13/2012,1500,134,27.1, ,34, ,4.5, 
6,Davis,Sacramento Valley,5/13/2012,1600,134,26.7, ,36, ,4.9, 
6,Davis,Sacramento Valley,5/13/2012,1700,134,25.6, ,38, ,5.4, 
6,Davis,Sacramento Valley,5/13/2012,1800,134,23.0, ,44, ,4.9, 
6,Davis,Sacramento Valley,5/13/2012,1900,134,19.5, ,53, ,4.6, 
6,Davis,Sacramento Valley,5/13/2012,2000,134,16.7, ,58, ,4.0, 
6,Davis,Sacramento Valley,5/13/2012,2100,134,15.2, ,60, ,3.2, 
6,Davis,Sacramento Valley,5/13/2012,2200,134,14.0, ,63, ,2.8, 
6,Davis,Sacramento Valley,5/14/2012,0500,135,9.9, ,80, ,1.1, 
6,Davis,Sacramento Valley,5/14/2012,0600,135,10.5, ,77, ,1.7, 
6,Davis,Sacramento Valley,5/14/2012,0700,135,13.4, ,68, ,3.0, 
6,Davis,Sacramento Valley,5/14/2012,0800,135,15.3, ,60, ,2.2, 
6,Davis,Sacramento Valley,5/14/2012,0900,135,17.1, ,55, ,2.1, 
6,Davis,Sacramento Valley,5/14/2012,1000,135,18.4, ,52, ,2.7, 
6,Davis,Sacramento Valley,5/14/2012,1100,135,19.3, ,48, ,3.2, 
6,Davis,Sacramento Valley,5/14/2012,1200,135,20.1, ,44, ,3.9, 
6,Davis,Sacramento Valley,5/14/2012,1300,135,20.5, ,42, ,2.8, 
6,Davis,Sacramento Valley,5/14/2012,1400,135,21.2, ,40, ,3.1, 
6,Davis,Sacramento Valley,5/14/2012,1500,135,21.9, ,40, ,3.9, 
6,Davis,Sacramento Valley,5/14/2012,1600,135,22.1, ,39, ,3.9, 
6,Davis,Sacramento Valley,5/14/2012,1700,135,22.2, ,40, ,4.4, 
6,Davis,Sacramento Valley,5/14/2012,1800,135,21.8, ,42, ,4.5, 
6,Davis,Sacramento Valley,5/14/2012,1900,135,20.5, ,45, ,4.1, 
6,Davis,Sacramento Valley,5/14/2012,2000,135,18.2, ,53, ,2.4, 
6,Davis,Sacramento Valley,5/14/2012,2100,135,16.2, ,61, ,1.6, 
6,Davis,Sacramento Valley,5/14/2012,2200,135,14.3, ,67, ,1.8, 
6,Davis,Sacramento Valley,5/15/2012,0500,136,10.3, ,87, ,1.7, 
6,Davis,Sacramento Valley,5/15/2012,0600,136,10.1, ,87, ,1.1, 
6,Davis,Sacramento Valley,5/15/2012,0700,136,12.0, ,81, ,0.8, 
6,Davis,Sacramento Valley,5/15/2012,0800,136,14.9, ,71, ,1.0, 
6,Davis,Sacramento Valley,5/15/2012,0900,136,17.6, ,62, ,1.0, 
6,Davis,Sacramento Valley,5/15/2012,1000,136,19.8, ,53, ,1.3, 
6,Davis,Sacramento Valley,5/15/2012,1100,136,21.8, ,45, ,1.4, 
6,Davis,Sacramento Valley,5/15/2012,1200,136,23.5, ,42, ,1.6, 
6,Davis,Sacramento Valley,5/15/2012,1300,136,24.8, ,40, ,1.8, 
6,Davis,Sacramento Valley,5/15/2012,1400,136,25.9, ,40, ,2.0, 
6,Davis,Sacramento Valley,5/15/2012,1500,136,26.3, ,39, ,2.8, 
6,Davis,Sacramento Valley,5/15/2012,1600,136,26.1, ,39, ,3.9, 
6,Davis,Sacramento Valley,5/15/2012,1700,136,25.6, ,39, ,4.3, 
6,Davis,Sacramento Valley,5/15/2012,1800,136,24.5, ,45, ,4.3, 
6,Davis,Sacramento Valley,5/15/2012,1900,136,21.9, ,52, ,3.6, 
6,Davis,Sacramento Valley,5/15/2012,2000,136,18.5, ,56, ,4.3, 
6,Davis,Sacramento Valley,5/15/2012,2100,136,15.8, ,60, ,3.8, 
6,Davis,Sacramento Valley,5/15/2012,2200,136,13.9, ,67, ,3.4, 
6,Davis,Sacramento Valley,5/16/2012,0500,137,10.3, ,85, ,1.2, 
6,Davis,Sacramento Valley,5/16/2012,0600,137,10.4, ,86, ,1.6, 
6,Davis,Sacramento Valley,5/16/2012,0700,137,12.5, ,79, ,1.6, 
6,Davis,Sacramento Valley,5/16/2012,0800,137,15.7, ,69, ,1.0, 
6,Davis,Sacramento Valley,5/16/2012,0900,137,17.9, ,63, ,1.3, 
6,Davis,Sacramento Valley,5/16/2012,1000,137,20.1, ,60, ,1.6, 
6,Davis,Sacramento Valley,5/16/2012,1100,137,22.2, ,55, ,1.6, 
6,Davis,Sacramento Valley,5/16/2012,1200,137,24.5, ,50, ,2.2, 
6,Davis,Sacramento Valley,5/16/2012,1300,137,25.6, ,48, ,2.8, 
6,Davis,Sacramento Valley,5/16/2012,1400,137,26.6, ,45, ,3.7, 
6,Davis,Sacramento Valley,5/16/2012,1500,137,27.9, ,40, ,4.4, 
6,Davis,Sacramento Valley,5/16/2012,1600,137,28.0, ,41, ,4.3, 
6,Davis,Sacramento Valley,5/16/2012,1700,137,27.6, ,43, ,4.1, 
6,Davis,Sacramento Valley,5/16/2012,1800,137,25.6, ,49, ,3.8, 
6,Davis,Sacramento Valley,5/16/2012,1900,137,22.6, ,54, ,2.7, 
6,Davis,Sacramento Valley,5/16/2012,2000,137,19.1, ,59, ,2.3, 
6,Davis,Sacramento Valley,5/16/2012,2100,137,16.1, ,68, ,2.6, 
6,Davis,Sacramento Valley,5/16/2012,2200,137,14.1, ,74, ,2.5, 
6,Davis,Sacramento Valley,5/17/2012,0500,138,11.3, ,83, ,3.1, 
6,Davis,Sacramento Valley,5/17/2012,0600,138,11.4, ,84, ,2.8, 
6,Davis,Sacramento Valley,5/17/2012,0700,138,12.7, ,79, ,2.8, 
6,Davis,Sacramento Valley,5/17/2012,0800,138,14.8, ,70, ,3.5, 
6,Davis,Sacramento Valley,5/17/2012,0900,138,16.8, ,62, ,2.4, 
6,Davis,Sacramento Valley,5/17/2012,1000,138,17.7, ,58, ,2.4, 
6,Davis,Sacramento Valley,5/17/2012,1100,138,20.6, ,49, ,2.9, 
6,Davis,Sacramento Valley,5/17/2012,1200,138,23.1, ,40, ,2.2, 
6,Davis,Sacramento Valley,5/17/2012,1300,138,24.7, ,37, ,2.1, 
6,Davis,Sacramento Valley,5/17/2012,1400,138,25.9, ,29, ,3.5, 
6,Davis,Sacramento Valley,5/17/2012,1500,138,25.8, ,40, ,5.6, 
6,Davis,Sacramento Valley,5/17/2012,1600,138,25.9, ,39, ,5.4, 
6,Davis,Sacramento Valley,5/17/2012,1700,138,24.9, ,40, ,5.2, 
6,Davis,Sacramento Valley,5/17/2012,1800,138,23.0, ,42, ,4.5, 
6,Davis,Sacramento Valley,5/17/2012,1900,138,20.7, ,47, ,3.8, 
6,Davis,Sacramento Valley,5/17/2012,2000,138,18.3, ,53, ,3.6, 
6,Davis,Sacramento Valley,5/17/2012,2100,138,16.4, ,59, ,2.9, 
6,Davis,Sacramento Valley,5/17/2012,2200,138,15.4, ,62, ,1.9, 
6,Davis,Sacramento Valley,5/18/2012,0500,139,9.0, ,87, ,0.7, 
6,Davis,Sacramento Valley,5/18/2012,0600,139,10.6, ,79, ,1.7, 
6,Davis,Sacramento Valley,5/18/2012,0700,139,15.0, ,53, ,3.1, 
6,Davis,Sacramento Valley,5/18/2012,0800,139,18.6, ,34, ,5.1, 
6,Davis,Sacramento Valley,5/18/2012,0900,139,20.5, ,29, ,6.4, 
6,Davis,Sacramento Valley,5/18/2012,1000,139,22.3, ,26, ,6.3, 
6,Davis,Sacramento Valley,5/18/2012,1100,139,24.3, ,23, ,5.2, 
6,Davis,Sacramento Valley,5/18/2012,1200,139,25.6, ,20, ,5.5, 
6,Davis,Sacramento Valley,5/18/2012,1300,139,26.8, ,18, ,4.6, 
6,Davis,Sacramento Valley,5/18/2012,1400,139,27.7, ,16, ,4.0, 
6,Davis,Sacramento Valley,5/18/2012,1500,139,28.5, ,13, ,3.9, 
6,Davis,Sacramento Valley,5/18/2012,1600,139,29.1, ,11, ,3.8, 
6,Davis,Sacramento Valley,5/18/2012,1700,139,29.3, ,11, ,2.5, 
6,Davis,Sacramento Valley,5/18/2012,1800,139,29.0, ,10, ,2.4, 
6,Davis,Sacramento Valley,5/18/2012,1900,139,26.8, ,26, ,2.9, 
6,Davis,Sacramento Valley,5/18/2012,2000,139,22.9, ,39, ,2.1, 
6,Davis,Sacramento Valley,5/18/2012,2100,139,18.1, ,51, ,1.3, 
6,Davis,Sacramento Valley,5/18/2012,2200,139,16.0, ,54, ,1.4, 
6,Davis,Sacramento Valley,5/19/2012,0500,140,9.7, ,81, ,0.9, 
6,Davis,Sacramento Valley,5/19/2012,0600,140,9.8, ,80, ,0.8, 
6,Davis,Sacramento Valley,5/19/2012,0700,140,13.0, ,71, ,0.7, 
6,Davis,Sacramento Valley,5/19/2012,0800,140,16.0, ,62, ,1.8, 
6,Davis,Sacramento Valley,5/19/2012,0900,140,17.8, ,57, ,2.1, 
6,Davis,Sacramento Valley,5/19/2012,1000,140,19.9, ,51, ,1.9, 
6,Davis,Sacramento Valley,5/19/2012,1100,140,22.5, ,45, ,2.0, 
6,Davis,Sacramento Valley,5/19/2012,1200,140,24.8, ,40, ,2.1, 
6,Davis,Sacramento Valley,5/19/2012,1300,140,26.8, ,33, ,1.8, 
6,Davis,Sacramento Valley,5/19/2012,1400,140,28.3, ,28, ,1.9, 
6,Davis,Sacramento Valley,5/19/2012,1500,140,29.4, ,26, ,1.9, 
6,Davis,Sacramento Valley,5/19/2012,1600,140,29.9, ,22, ,2.5, 
6,Davis,Sacramento Valley,5/19/2012,1700,140,29.9, ,23, ,3.5, 
6,Davis,Sacramento Valley,5/19/2012,1800,140,28.8, ,26, ,3.6, 
6,Davis,Sacramento Valley,5/19/2012,1900,140,26.6, ,35, ,3.2, 
6,Davis,Sacramento Valley,5/19/2012,2000,140,22.7, ,46, ,2.2, 
6,Davis,Sacramento Valley,5/19/2012,2100,140,19.6, ,53, ,1.1, 
6,Davis,Sacramento Valley,5/19/2012,2200,140,17.8, ,59, ,1.5, 
6,Davis,Sacramento Valley,5/20/2012,0500,141,11.5, ,78, ,0.7, 
6,Davis,Sacramento Valley,5/20/2012,0600,141,12.4, ,76, ,0.8, 
6,Davis,Sacramento Valley,5/20/2012,0700,141,16.4, ,65, ,1.2, 
6,Davis,Sacramento Valley,5/20/2012,0800,141,19.3, ,59, ,2.4, 
6,Davis,Sacramento Valley,5/20/2012,0900,141,21.9, ,48, ,2.4, 
6,Davis,Sacramento Valley,5/20/2012,1000,141,24.5, ,40, ,2.2, 
6,Davis,Sacramento Valley,5/20/2012,1100,141,26.6, ,34, ,1.9, 
6,Davis,Sacramento Valley,5/20/2012,1200,141,28.2, ,32, ,2.0, 
6,Davis,Sacramento Valley,5/20/2012,1300,141,29.6, ,31, ,1.8, 
6,Davis,Sacramento Valley,5/20/2012,1400,141,30.9, ,27, ,2.7, 
6,Davis,Sacramento Valley,5/20/2012,1500,141,31.7, ,27, ,2.5, 
6,Davis,Sacramento Valley,5/20/2012,1600,141,32.2, ,29, ,2.6, 
6,Davis,Sacramento Valley,5/20/2012,1700,141,32.2, ,29, ,3.7, 
6,Davis,Sacramento Valley,5/20/2012,1800,141,29.2, ,37, ,4.0, 
6,Davis,Sacramento Valley,5/20/2012,1900,141,26.0, ,43, ,3.5, 
6,Davis,Sacramento Valley,5/20/2012,2000,141,21.9, ,50, ,3.4, 
6,Davis,Sacramento Valley,5/20/2012,2100,141,19.6, ,54, ,2.9, 
6,Davis,Sacramento Valley,5/20/2012,2200,141,18.3, ,57, ,3.4, 
6,Davis,Sacramento Valley,5/21/2012,0500,142,12.7, ,77, ,2.7, 
6,Davis,Sacramento Valley,5/21/2012,0600,142,12.8, ,75, ,2.5, 
6,Davis,Sacramento Valley,5/21/2012,0700,142,14.5, ,68, ,3.3, 
6,Davis,Sacramento Valley,5/21/2012,0800,142,17.2, ,60, ,3.5, 
6,Davis,Sacramento Valley,5/21/2012,0900,142,20.2, ,49, ,3.1, 
6,Davis,Sacramento Valley,5/21/2012,1000,142,22.9, ,44, ,2.5, 
6,Davis,Sacramento Valley,5/21/2012,1100,142,25.3, ,37, ,3.1, 
6,Davis,Sacramento Valley,5/21/2012,1200,142,27.0, ,32, ,3.1, 
6,Davis,Sacramento Valley,5/21/2012,1300,142,28.0, ,32, ,4.7, 
6,Davis,Sacramento Valley,5/21/2012,1400,142,28.5, ,33, ,5.0, 
6,Davis,Sacramento Valley,5/21/2012,1500,142,27.9, ,37, ,5.6, 
6,Davis,Sacramento Valley,5/21/2012,1600,142,27.4, ,40, ,5.4, 
6,Davis,Sacramento Valley,5/21/2012,1700,142,27.5, ,38, ,5.4, 
6,Davis,Sacramento Valley,5/21/2012,1800,142,25.5, ,43, ,6.0, 
6,Davis,Sacramento Valley,5/21/2012,1900,142,22.3, ,50, ,6.2, 
6,Davis,Sacramento Valley,5/21/2012,2000,142,21.2, ,53, ,5.0, 
6,Davis,Sacramento Valley,5/21/2012,2100,142,21.2, ,54, ,4.7, 
6,Davis,Sacramento Valley,5/21/2012,2200,142,18.1, ,66, ,3.3, 
6,Davis,Sacramento Valley,5/22/2012,0500,143,12.6, ,88, ,0.9, 
6,Davis,Sacramento Valley,5/22/2012,0600,143,13.5, ,83, ,1.0, 
6,Davis,Sacramento Valley,5/22/2012,0700,143,16.7, ,72, ,0.8, 
6,Davis,Sacramento Valley,5/22/2012,0800,143,18.4, ,65, ,1.5, 
6,Davis,Sacramento Valley,5/22/2012,0900,143,20.4, ,58, ,1.7, 
6,Davis,Sacramento Valley,5/22/2012,1000,143,22.1, ,50, ,2.2, 
6,Davis,Sacramento Valley,5/22/2012,1100,143,23.6, ,44, ,2.3, 
6,Davis,Sacramento Valley,5/22/2012,1200,143,24.6, ,41, ,2.3, 
6,Davis,Sacramento Valley,5/22/2012,1300,143,25.9, ,37, ,2.2, 
6,Davis,Sacramento Valley,5/22/2012,1400,143,27.0, ,33, ,2.2, 
6,Davis,Sacramento Valley,5/22/2012,1500,143,27.9, ,31, ,2.1, 
6,Davis,Sacramento Valley,5/22/2012,1600,143,28.7, ,29, ,2.7, 
6,Davis,Sacramento Valley,5/22/2012,1700,143,28.8, ,27, ,4.3, 
6,Davis,Sacramento Valley,5/22/2012,1800,143,27.6, ,30, ,5.5, 
6,Davis,Sacramento Valley,5/22/2012,1900,143,25.5, ,35, ,5.2, 
6,Davis,Sacramento Valley,5/22/2012,2000,143,22.9, ,40, ,3.7, 
6,Davis,Sacramento Valley,5/22/2012,2100,143,20.6, ,47, ,2.0, 
6,Davis,Sacramento Valley,5/22/2012,2200,143,18.4, ,55, ,1.4, 
6,Davis,Sacramento Valley,5/23/2012,0500,144,11.5, ,73, ,1.0, 
6,Davis,Sacramento Valley,5/23/2012,0600,144,12.6, ,68, ,1.0, 
6,Davis,Sacramento Valley,5/23/2012,0700,144,15.5, ,59, ,1.9, 
6,Davis,Sacramento Valley,5/23/2012,0800,144,18.0, ,46, ,2.4, 
6,Davis,Sacramento Valley,5/23/2012,0900,144,19.7, ,39, ,2.5, 
6,Davis,Sacramento Valley,5/23/2012,1000,144,21.0, ,34, ,2.2, 
6,Davis,Sacramento Valley,5/23/2012,1100,144,7.4,R,68,R,2.1, 
6,Davis,Sacramento Valley,5/23/2012,1200,144,23.5, ,28, ,2.9, 
6,Davis,Sacramento Valley,5/23/2012,1300,144,24.4, ,27, ,3.4, 
6,Davis,Sacramento Valley,5/23/2012,1400,144,25.5, ,25, ,3.7, 
6,Davis,Sacramento Valley,5/23/2012,1500,144,26.5, ,23, ,3.5, 
6,Davis,Sacramento Valley,5/23/2012,1600,144,26.9, ,24, ,2.7, 
6,Davis,Sacramento Valley,5/23/2012,1700,144,27.1, ,23, ,2.7, 
6,Davis,Sacramento Valley,5/23/2012,1800,144,27.0, ,22, ,2.9, 
6,Davis,Sacramento Valley,5/23/2012,1900,144,25.5, ,29, ,2.8, 
6,Davis,Sacramento Valley,5/23/2012,2000,144,22.1, ,38, ,3.2, 
6,Davis,Sacramento Valley,5/23/2012,2100,144,19.4, ,46, ,2.7, 
6,Davis,Sacramento Valley,5/23/2012,2200,144,17.9, ,49, ,2.2, 
6,Davis,Sacramento Valley,5/24/2012,0500,145,15.6, ,45, ,3.3, 
6,Davis,Sacramento Valley,5/24/2012,0600,145,15.8, ,44, ,3.5, 
6,Davis,Sacramento Valley,5/24/2012,0700,145,16.9, ,43, ,2.8, 
6,Davis,Sacramento Valley,5/24/2012,0800,145,19.2, ,37, ,4.3, 
6,Davis,Sacramento Valley,5/24/2012,0900,145,20.6, ,32, ,5.1, 
6,Davis,Sacramento Valley,5/24/2012,1000,145,21.6, ,30, ,4.1, 
6,Davis,Sacramento Valley,5/24/2012,1100,145,22.2, ,30, ,3.1, 
6,Davis,Sacramento Valley,5/24/2012,1200,145,23.2, ,30, ,2.6, 
6,Davis,Sacramento Valley,5/24/2012,1300,145,24.2, ,26, ,3.1, 
6,Davis,Sacramento Valley,5/24/2012,1400,145,25.2, ,25, ,2.9, 
6,Davis,Sacramento Valley,5/24/2012,1500,145,26.3, ,22, ,4.5, 
6,Davis,Sacramento Valley,5/24/2012,1600,145,26.3, ,23, ,5.8, 
6,Davis,Sacramento Valley,5/24/2012,1700,145,25.3, ,27, ,6.1, 
6,Davis,Sacramento Valley,5/24/2012,1800,145,23.9, ,32, ,6.3, 
6,Davis,Sacramento Valley,5/24/2012,1900,145,21.6, ,35, ,5.8, 
6,Davis,Sacramento Valley,5/24/2012,2000,145,18.9, ,36, ,6.7, 
6,Davis,Sacramento Valley,5/24/2012,2100,145,16.9, ,41, ,5.8, 
6,Davis,Sacramento Valley,5/24/2012,2200,145,15.0, ,44, ,3.2, 
6,Davis,Sacramento Valley,5/25/2012,0500,146,10.1, ,54, ,2.0, 
6,Davis,Sacramento Valley,5/25/2012,0600,146,10.6, ,54, ,3.0, 
6,Davis,Sacramento Valley,5/25/2012,0700,146,11.8, ,51, ,3.7, 
6,Davis,Sacramento Valley,5/25/2012,0800,146,14.2, ,44, ,2.6, 
6,Davis,Sacramento Valley,5/25/2012,0900,146,16.0, ,37, ,2.6, 
6,Davis,Sacramento Valley,5/25/2012,1000,146,15.9, ,34, ,2.1, 
6,Davis,Sacramento Valley,5/25/2012,1100,146,16.3, ,34, ,1.9, 
6,Davis,Sacramento Valley,5/25/2012,1200,146,16.7, ,34, ,2.2, 
6,Davis,Sacramento Valley,5/25/2012,1300,146,17.5, ,34, ,2.0, 
6,Davis,Sacramento Valley,5/25/2012,1400,146,18.3, ,33, ,2.4, 
6,Davis,Sacramento Valley,5/25/2012,1500,146,18.9, ,34, ,2.7, 
6,Davis,Sacramento Valley,5/25/2012,1600,146,18.8, ,40, ,4.1, 
6,Davis,Sacramento Valley,5/25/2012,1700,146,18.4, ,42, ,4.4, 
6,Davis,Sacramento Valley,5/25/2012,1800,146,18.3, ,41, ,3.6, 
6,Davis,Sacramento Valley,5/25/2012,1900,146,17.3, ,46, ,3.2, 
6,Davis,Sacramento Valley,5/25/2012,2000,146,16.6, ,49, ,3.1, 
6,Davis,Sacramento Valley,5/25/2012,2100,146,15.1, ,57, ,2.2, 
6,Davis,Sacramento Valley,5/25/2012,2200,146,14.0, ,64, ,1.3, 
6,Davis,Sacramento Valley,5/26/2012,0500,147,10.2, ,79, ,1.4, 
6,Davis,Sacramento Valley,5/26/2012,0600,147,10.1, ,81, ,1.2, 
6,Davis,Sacramento Valley,5/26/2012,0700,147,13.0, ,71, ,1.7, 
6,Davis,Sacramento Valley,5/26/2012,0800,147,15.4, ,60, ,2.1, 
6,Davis,Sacramento Valley,5/26/2012,0900,147,17.1, ,55, ,2.4, 
6,Davis,Sacramento Valley,5/26/2012,1000,147,18.8, ,50, ,3.1, 
6,Davis,Sacramento Valley,5/26/2012,1100,147,19.6, ,46, ,3.5, 
6,Davis,Sacramento Valley,5/26/2012,1200,147,20.5, ,44, ,4.5, 
6,Davis,Sacramento Valley,5/26/2012,1300,147,21.1, ,43, ,5.2, 
6,Davis,Sacramento Valley,5/26/2012,1400,147,21.5, ,43, ,5.8, 
6,Davis,Sacramento Valley,5/26/2012,1500,147,21.0, ,42, ,5.3, 
6,Davis,Sacramento Valley,5/26/2012,1600,147,20.3, ,46, ,5.3, 
6,Davis,Sacramento Valley,5/26/2012,1700,147,19.6, ,50, ,4.7, 
6,Davis,Sacramento Valley,5/26/2012,1800,147,18.8, ,53, ,5.6, 
6,Davis,Sacramento Valley,5/26/2012,1900,147,17.3, ,55, ,5.5, 
6,Davis,Sacramento Valley,5/26/2012,2000,147,14.8, ,63, ,4.8, 
6,Davis,Sacramento Valley,5/26/2012,2100,147,13.2, ,70, ,4.9, 
6,Davis,Sacramento Valley,5/26/2012,2200,147,12.2, ,76, ,4.4, 
6,Davis,Sacramento Valley,5/27/2012,0500,148,9.1, ,88, ,2.1, 
6,Davis,Sacramento Valley,5/27/2012,0600,148,8.8, ,89, ,1.8, 
6,Davis,Sacramento Valley,5/27/2012,0700,148,10.2, ,85, ,2.2, 
6,Davis,Sacramento Valley,5/27/2012,0800,148,12.3, ,80, ,2.3, 
6,Davis,Sacramento Valley,5/27/2012,0900,148,14.4, ,72, ,2.4, 
6,Davis,Sacramento Valley,5/27/2012,1000,148,16.1, ,68, ,2.8, 
6,Davis,Sacramento Valley,5/27/2012,1100,148,17.5, ,63, ,2.3, 
6,Davis,Sacramento Valley,5/27/2012,1200,148,19.3, ,58, ,2.1, 
6,Davis,Sacramento Valley,5/27/2012,1300,148,20.8, ,50, ,2.2, 
6,Davis,Sacramento Valley,5/27/2012,1400,148,22.2, ,42, ,2.3, 
6,Davis,Sacramento Valley,5/27/2012,1500,148,23.1, ,38, ,2.2, 
6,Davis,Sacramento Valley,5/27/2012,1600,148,24.0, ,34, ,2.3, 
6,Davis,Sacramento Valley,5/27/2012,1700,148,24.2, ,39, ,3.1, 
6,Davis,Sacramento Valley,5/27/2012,1800,148,23.8, ,43, ,3.6, 
6,Davis,Sacramento Valley,5/27/2012,1900,148,22.0, ,48, ,3.9, 
6,Davis,Sacramento Valley,5/27/2012,2000,148,19.3, ,53, ,2.7, 
6,Davis,Sacramento Valley,5/27/2012,2100,148,16.5, ,59, ,1.8, 
6,Davis,Sacramento Valley,5/27/2012,2200,148,13.8, ,66, ,2.1, 
6,Davis,Sacramento Valley,5/28/2012,0500,149,9.5, ,88, ,1.4, 
6,Davis,Sacramento Valley,5/28/2012,0600,149,10.1, ,86, ,2.3, 
6,Davis,Sacramento Valley,5/28/2012,0700,149,12.6, ,76, ,3.0, 
6,Davis,Sacramento Valley,5/28/2012,0800,149,14.8, ,68, ,3.0, 
6,Davis,Sacramento Valley,5/28/2012,0900,149,16.9, ,61, ,2.9, 
6,Davis,Sacramento Valley,5/28/2012,1000,149,18.0, ,57, ,4.0, 
6,Davis,Sacramento Valley,5/28/2012,1100,149,19.1, ,51, ,4.1, 
6,Davis,Sacramento Valley,5/28/2012,1200,149,20.4, ,44, ,4.4, 
6,Davis,Sacramento Valley,5/28/2012,1300,149,21.5, ,39, ,4.8, 
6,Davis,Sacramento Valley,5/28/2012,1400,149,22.4, ,38, ,5.3, 
6,Davis,Sacramento Valley,5/28/2012,1500,149,22.7, ,40, ,5.6, 
6,Davis,Sacramento Valley,5/28/2012,1600,149,22.7, ,40, ,5.7, 
6,Davis,Sacramento Valley,5/28/2012,1700,149,22.0, ,42, ,6.2, 
6,Davis,Sacramento Valley,5/28/2012,1800,149,20.4, ,45, ,6.1, 
6,Davis,Sacramento Valley,5/28/2012,1900,149,18.3, ,49, ,5.7, 
6,Davis,Sacramento Valley,5/28/2012,2000,149,16.1, ,53, ,4.4, 
6,Davis,Sacramento Valley,5/28/2012,2100,149,14.7, ,56, ,3.6, 
6,Davis,Sacramento Valley,5/28/2012,2200,149,13.3, ,59, ,4.0, 
6,Davis,Sacramento Valley,5/29/2012,0500,150,8.5, ,85, ,1.3, 
6,Davis,Sacramento Valley,5/29/2012,0600,150,8.6, ,86, ,1.2, 
6,Davis,Sacramento Valley,5/29/2012,0700,150,11.1, ,79, ,2.3, 
6,Davis,Sacramento Valley,5/29/2012,0800,150,13.7, ,69, ,3.4, 
6,Davis,Sacramento Valley,5/29/2012,0900,150,15.4, ,65, ,3.1, 
6,Davis,Sacramento Valley,5/29/2012,1000,150,17.4, ,60, ,3.1, 
6,Davis,Sacramento Valley,5/29/2012,1100,150,19.7, ,52, ,2.9, 
6,Davis,Sacramento Valley,5/29/2012,1200,150,21.8, ,41, ,2.3, 
6,Davis,Sacramento Valley,5/29/2012,1300,150,23.6, ,38, ,2.2, 
6,Davis,Sacramento Valley,5/29/2012,1400,150,25.2, ,35, ,1.6, 
6,Davis,Sacramento Valley,5/29/2012,1500,150,25.9, ,31, ,2.4, 
6,Davis,Sacramento Valley,5/29/2012,1600,150,26.6, ,26, ,2.1, 
6,Davis,Sacramento Valley,5/29/2012,1700,150,27.2, ,21, ,1.8, 
6,Davis,Sacramento Valley,5/29/2012,1800,150,26.8, ,27, ,2.5, 
6,Davis,Sacramento Valley,5/29/2012,1900,150,24.4, ,42, ,3.5, 
6,Davis,Sacramento Valley,5/29/2012,2000,150,20.7, ,54, ,2.6, 
6,Davis,Sacramento Valley,5/29/2012,2100,150,18.6, ,57, ,1.7, 
6,Davis,Sacramento Valley,5/29/2012,2200,150,16.9, ,60, ,1.5, 
6,Davis,Sacramento Valley,5/30/2012,0500,151,9.7, ,88, ,0.7, 
6,Davis,Sacramento Valley,5/30/2012,0600,151,10.8, ,84, ,1.0, 
6,Davis,Sacramento Valley,5/30/2012,0700,151,14.1, ,74, ,0.7, 
6,Davis,Sacramento Valley,5/30/2012,0800,151,17.5, ,67, ,1.6, 
6,Davis,Sacramento Valley,5/30/2012,0900,151,20.5, ,59, ,1.6, 
6,Davis,Sacramento Valley,5/30/2012,1000,151,23.5, ,50, ,2.4, 
6,Davis,Sacramento Valley,5/30/2012,1100,151,25.6, ,43, ,2.4, 
6,Davis,Sacramento Valley,5/30/2012,1200,151,27.3, ,36, ,2.4, 
6,Davis,Sacramento Valley,5/30/2012,1300,151,28.6, ,33, ,2.1, 
6,Davis,Sacramento Valley,5/30/2012,1400,151,30.0, ,29, ,2.2, 
6,Davis,Sacramento Valley,5/30/2012,1500,151,31.1, ,27, ,2.6, 
6,Davis,Sacramento Valley,5/30/2012,1600,151,31.6, ,28, ,2.9, 
6,Davis,Sacramento Valley,5/30/2012,1700,151,31.4, ,31, ,3.5, 
6,Davis,Sacramento Valley,5/30/2012,1800,151,31.0, ,33, ,3.2, 
6,Davis,Sacramento Valley,5/30/2012,1900,151,29.1, ,35, ,3.7, 
6,Davis,Sacramento Valley,5/30/2012,2000,151,25.1, ,43, ,2.3, 
6,Davis,Sacramento Valley,5/30/2012,2100,151,21.0, ,53, ,1.5, 
6,Davis,Sacramento Valley,5/30/2012,2200,151,18.1, ,61, ,1.8, 
6,Davis,Sacramento Valley,5/31/2012,0500,152,12.6, ,82, ,0.9, 
6,Davis,Sacramento Valley,5/31/2012,0600,152,13.0, ,80, ,1.2, 
6,Davis,Sacramento Valley,5/31/2012,0700,152,15.4, ,74, ,1.4, 
6,Davis,Sacramento Valley,5/31/2012,0800,152,18.3, ,65, ,1.4, 
6,Davis,Sacramento Valley,5/31/2012,0900,152,21.7, ,53, ,1.3, 
6,Davis,Sacramento Valley,5/31/2012,1000,152,24.4, ,47, ,2.3, 
6,Davis,Sacramento Valley,5/31/2012,1100,152,27.2, ,42, ,2.3, 
6,Davis,Sacramento Valley,5/31/2012,1200,152,29.7, ,36, ,1.9, 
6,Davis,Sacramento Valley,5/31/2012,1300,152,31.1, ,31, ,2.3, 
6,Davis,Sacramento Valley,5/31/2012,1400,152,32.3, ,29, ,2.8, 
6,Davis,Sacramento Valley,5/31/2012,1500,152,33.5, ,25, ,2.8, 
6,Davis,Sacramento Valley,5/31/2012,1600,152,33.9, ,23, ,2.9, 
6,Davis,Sacramento Valley,5/31/2012,1700,152,34.6, ,23, ,1.6, 
6,Davis,Sacramento Valley,5/31/2012,1800,152,34.2,Y,28,Y,2.1, 
6,Davis,Sacramento Valley,5/31/2012,1900,152,32.6,Y,33,Y,2.8, 
6,Davis,Sacramento Valley,5/31/2012,2000,152,29.4,Y,39,Y,1.7, 
6,Davis,Sacramento Valley,5/31/2012,2100,152,25.2,Y,48,Y,1.4, 
6,Davis,Sacramento Valley,5/31/2012,2200,152,22.1, ,51, ,1.4, 
6,Davis,Sacramento Valley,6/1/2012,0500,153,14.6, ,78, ,0.7, 
6,Davis,Sacramento Valley,6/1/2012,0600,153,15.3, ,76, ,0.9, 
6,Davis,Sacramento Valley,6/1/2012,0700,153,18.2, ,67, ,1.7, 
6,Davis,Sacramento Valley,6/1/2012,0800,153,21.0, ,61, ,1.8, 
6,Davis,Sacramento Valley,6/1/2012,0900,153,24.0, ,52, ,1.5, 
6,Davis,Sacramento Valley,6/1/2012,1000,153,27.3, ,43, ,1.6, 
6,Davis,Sacramento Valley,6/1/2012,1100,153,29.4, ,39, ,1.6, 
6,Davis,Sacramento Valley,6/1/2012,1200,153,31.5, ,37, ,1.7, 
6,Davis,Sacramento Valley,6/1/2012,1300,153,32.9, ,33, ,1.9, 
6,Davis,Sacramento Valley,6/1/2012,1400,153,34.2, ,30, ,2.2, 
6,Davis,Sacramento Valley,6/1/2012,1500,153,35.1, ,30, ,3.1, 
6,Davis,Sacramento Valley,6/1/2012,1600,153,35.5, ,31, ,3.9, 
6,Davis,Sacramento Valley,6/1/2012,1700,153,35.7, ,31, ,4.7, 
6,Davis,Sacramento Valley,6/1/2012,1800,153,34.6, ,31, ,4.4, 
6,Davis,Sacramento Valley,6/1/2012,1900,153,32.2, ,35, ,3.6, 
6,Davis,Sacramento Valley,6/1/2012,2000,153,27.9, ,43, ,2.7, 
6,Davis,Sacramento Valley,6/1/2012,2100,153,22.9, ,52, ,3.5, 
6,Davis,Sacramento Valley,6/1/2012,2200,153,20.2, ,59, ,3.1, 
6,Davis,Sacramento Valley,6/2/2012,0500,154,14.6, ,78, ,1.1, 
6,Davis,Sacramento Valley,6/2/2012,0600,154,15.8, ,73, ,1.0, 
6,Davis,Sacramento Valley,6/2/2012,0700,154,17.3, ,70, ,2.1, 
6,Davis,Sacramento Valley,6/2/2012,0800,154,19.4, ,64, ,2.0, 
6,Davis,Sacramento Valley,6/2/2012,0900,154,21.8, ,59, ,1.7, 
6,Davis,Sacramento Valley,6/2/2012,1000,154,24.7, ,52, ,1.3, 
6,Davis,Sacramento Valley,6/2/2012,1100,154,27.2, ,45, ,1.7, 
6,Davis,Sacramento Valley,6/2/2012,1200,154,29.5, ,41, ,2.2, 
6,Davis,Sacramento Valley,6/2/2012,1300,154,31.2, ,39, ,4.4, 
6,Davis,Sacramento Valley,6/2/2012,1400,154,32.0, ,35, ,4.6, 
6,Davis,Sacramento Valley,6/2/2012,1500,154,31.8, ,36, ,6.3, 
6,Davis,Sacramento Valley,6/2/2012,1600,154,30.8, ,36, ,6.5, 
6,Davis,Sacramento Valley,6/2/2012,1700,154,30.1, ,36, ,6.2, 
6,Davis,Sacramento Valley,6/2/2012,1800,154,28.0, ,40, ,6.3, 
6,Davis,Sacramento Valley,6/2/2012,1900,154,25.6, ,42, ,5.4, 
6,Davis,Sacramento Valley,6/2/2012,2000,154,22.5, ,45, ,4.6, 
6,Davis,Sacramento Valley,6/2/2012,2100,154,19.7, ,51, ,4.8, 
6,Davis,Sacramento Valley,6/2/2012,2200,154,18.6, ,52, ,3.6, 
6,Davis,Sacramento Valley,6/3/2012,0500,155,12.0, ,79, ,2.5, 
6,Davis,Sacramento Valley,6/3/2012,0600,155,12.4, ,78, ,2.1, 
6,Davis,Sacramento Valley,6/3/2012,0700,155,14.7, ,69, ,2.3, 
6,Davis,Sacramento Valley,6/3/2012,0800,155,17.8, ,58, ,1.8, 
6,Davis,Sacramento Valley,6/3/2012,0900,155,21.0, ,44, ,1.7, 
6,Davis,Sacramento Valley,6/3/2012,1000,155,23.6, ,37, ,2.0, 
6,Davis,Sacramento Valley,6/3/2012,1100,155,25.6, ,34, ,2.7, 
6,Davis,Sacramento Valley,6/3/2012,1200,155,26.8, ,34, ,3.3, 
6,Davis,Sacramento Valley,6/3/2012,1300,155,28.3, ,34, ,3.9, 
6,Davis,Sacramento Valley,6/3/2012,1400,155,29.9, ,33, ,3.2, 
6,Davis,Sacramento Valley,6/3/2012,1500,155,30.9, ,32, ,3.8, 
6,Davis,Sacramento Valley,6/3/2012,1600,155,31.5, ,32, ,4.6, 
6,Davis,Sacramento Valley,6/3/2012,1700,155,30.1, ,33, ,5.6, 
6,Davis,Sacramento Valley,6/3/2012,1800,155,27.7, ,34, ,4.8, 
6,Davis,Sacramento Valley,6/3/2012,1900,155,24.7, ,38, ,3.7, 
6,Davis,Sacramento Valley,6/3/2012,2000,155,22.0, ,38, ,4.4, 
6,Davis,Sacramento Valley,6/3/2012,2100,155,20.0, ,44, ,3.1, 
6,Davis,Sacramento Valley,6/3/2012,2200,155,18.3, ,51, ,2.9, 
6,Davis,Sacramento Valley,6/4/2012,0500,156,15.6, ,69, ,3.2, 
6,Davis,Sacramento Valley,6/4/2012,0600,156,16.0, ,70, ,2.7, 
6,Davis,Sacramento Valley,6/4/2012,0700,156,16.7, ,71, ,4.8, 
6,Davis,Sacramento Valley,6/4/2012,0800,156,16.4, ,73, ,5.0, 
6,Davis,Sacramento Valley,6/4/2012,0900,156,16.4, ,73, ,4.4, 
6,Davis,Sacramento Valley,6/4/2012,1000,156,16.5, ,74, ,5.3, 
6,Davis,Sacramento Valley,6/4/2012,1100,156,14.9,Y,88,Y,4.0, 
6,Davis,Sacramento Valley,6/4/2012,1200,156,14.7,Y,82,Y,4.3, 
6,Davis,Sacramento Valley,6/4/2012,1300,156,14.8,Y,78,Y,5.0, 
6,Davis,Sacramento Valley,6/4/2012,1400,156,17.6,Y,66,Y,5.2, 
6,Davis,Sacramento Valley,6/4/2012,1500,156,19.9, ,52, ,6.1, 
6,Davis,Sacramento Valley,6/4/2012,1600,156,19.9, ,48, ,6.2, 
6,Davis,Sacramento Valley,6/4/2012,1700,156,19.1, ,48, ,5.2, 
6,Davis,Sacramento Valley,6/4/2012,1800,156,19.2, ,45, ,5.6, 
6,Davis,Sacramento Valley,6/4/2012,1900,156,17.5, ,48, ,4.9, 
6,Davis,Sacramento Valley,6/4/2012,2000,156,15.2, ,55, ,5.4, 
6,Davis,Sacramento Valley,6/4/2012,2100,156,13.6, ,55, ,6.6, 
6,Davis,Sacramento Valley,6/4/2012,2200,156,12.6, ,56, ,4.0, 
6,Davis,Sacramento Valley,6/5/2012,0500,157,8.7, ,72, ,1.4, 
6,Davis,Sacramento Valley,6/5/2012,0600,157,9.9, ,69, ,1.1, 
6,Davis,Sacramento Valley,6/5/2012,0700,157,12.5, ,57, ,1.4, 
6,Davis,Sacramento Valley,6/5/2012,0800,157,13.6, ,53, ,2.3, 
6,Davis,Sacramento Valley,6/5/2012,0900,157,15.0, ,49, ,2.4, 
6,Davis,Sacramento Valley,6/5/2012,1000,157,16.3, ,47, ,2.5, 
6,Davis,Sacramento Valley,6/5/2012,1100,157,16.4, ,45, ,2.3, 
6,Davis,Sacramento Valley,6/5/2012,1200,157,17.3, ,41, ,2.7, 
6,Davis,Sacramento Valley,6/5/2012,1300,157,18.7, ,35, ,3.5, 
6,Davis,Sacramento Valley,6/5/2012,1400,157,19.8, ,30, ,4.0, 
6,Davis,Sacramento Valley,6/5/2012,1500,157,20.2, ,29, ,3.9, 
6,Davis,Sacramento Valley,6/5/2012,1600,157,20.5, ,29, ,3.8, 
6,Davis,Sacramento Valley,6/5/2012,1700,157,20.8, ,28, ,3.8, 
6,Davis,Sacramento Valley,6/5/2012,1800,157,20.6, ,28, ,3.8, 
6,Davis,Sacramento Valley,6/5/2012,1900,157,19.8, ,32, ,3.9, 
6,Davis,Sacramento Valley,6/5/2012,2000,157,18.1, ,36, ,3.1, 
6,Davis,Sacramento Valley,6/5/2012,2100,157,16.6, ,40, ,2.8, 
6,Davis,Sacramento Valley,6/5/2012,2200,157,15.0, ,50, ,2.2, 
6,Davis,Sacramento Valley,6/6/2012,0500,158,12.8, ,51, ,2.7, 
6,Davis,Sacramento Valley,6/6/2012,0600,158,13.7, ,49, ,2.2, 
6,Davis,Sacramento Valley,6/6/2012,0700,158,15.9, ,44, ,3.7, 
6,Davis,Sacramento Valley,6/6/2012,0800,158,17.7, ,39, ,5.3, 
6,Davis,Sacramento Valley,6/6/2012,0900,158,18.9, ,38, ,5.8, 
6,Davis,Sacramento Valley,6/6/2012,1000,158,20.4, ,35, ,5.6, 
6,Davis,Sacramento Valley,6/6/2012,1100,158,22.1, ,31, ,5.7, 
6,Davis,Sacramento Valley,6/6/2012,1200,158,23.6, ,25, ,5.8, 
6,Davis,Sacramento Valley,6/6/2012,1300,158,24.5, ,24, ,5.1, 
6,Davis,Sacramento Valley,6/6/2012,1400,158,25.5, ,22, ,5.0, 
6,Davis,Sacramento Valley,6/6/2012,1500,158,26.3, ,19, ,4.4, 
6,Davis,Sacramento Valley,6/6/2012,1600,158,26.9, ,15, ,4.4, 
6,Davis,Sacramento Valley,6/6/2012,1700,158,26.9, ,16, ,3.4, 
6,Davis,Sacramento Valley,6/6/2012,1800,158,26.8, ,17, ,3.0, 
6,Davis,Sacramento Valley,6/6/2012,1900,158,24.9, ,25, ,2.7, 
6,Davis,Sacramento Valley,6/6/2012,2000,158,21.2, ,40, ,2.4, 
6,Davis,Sacramento Valley,6/6/2012,2100,158,18.3, ,48, ,2.1, 
6,Davis,Sacramento Valley,6/6/2012,2200,158,16.1, ,56, ,2.3, 
6,Davis,Sacramento Valley,6/7/2012,0500,159,10.5, ,79, ,1.5, 
6,Davis,Sacramento Valley,6/7/2012,0600,159,11.3, ,73, ,1.6, 
6,Davis,Sacramento Valley,6/7/2012,0700,159,13.7, ,66, ,2.1, 
6,Davis,Sacramento Valley,6/7/2012,0800,159,17.2, ,57, ,2.4, 
6,Davis,Sacramento Valley,6/7/2012,0900,159,20.0, ,48, ,2.1, 
6,Davis,Sacramento Valley,6/7/2012,1000,159,22.3, ,41, ,1.8, 
6,Davis,Sacramento Valley,6/7/2012,1100,159,24.1, ,38, ,1.8, 
6,Davis,Sacramento Valley,6/7/2012,1200,159,25.3, ,36, ,2.1, 
6,Davis,Sacramento Valley,6/7/2012,1300,159,26.8, ,34, ,2.5, 
6,Davis,Sacramento Valley,6/7/2012,1400,159,27.8, ,34, ,4.0, 
6,Davis,Sacramento Valley,6/7/2012,1500,159,28.1, ,34, ,4.5, 
6,Davis,Sacramento Valley,6/7/2012,1600,159,28.4, ,34, ,5.4, 
6,Davis,Sacramento Valley,6/7/2012,1700,159,28.2, ,34, ,5.6, 
6,Davis,Sacramento Valley,6/7/2012,1800,159,27.5, ,36, ,5.2, 
6,Davis,Sacramento Valley,6/7/2012,1900,159,26.5, ,39, ,3.7, 
6,Davis,Sacramento Valley,6/7/2012,2000,159,22.8, ,48, ,3.4, 
6,Davis,Sacramento Valley,6/7/2012,2100,159,19.7, ,56, ,2.9, 
6,Davis,Sacramento Valley,6/7/2012,2200,159,18.6, ,59, ,2.3, 
6,Davis,Sacramento Valley,6/8/2012,0500,160,11.3, ,82, ,0.7, 
6,Davis,Sacramento Valley,6/8/2012,0600,160,12.9, ,76, ,0.9, 
6,Davis,Sacramento Valley,6/8/2012,0700,160,16.5, ,59, ,0.8, 
6,Davis,Sacramento Valley,6/8/2012,0800,160,18.9, ,55, ,1.4, 
6,Davis,Sacramento Valley,6/8/2012,0900,160,21.1, ,43, ,1.9, 
6,Davis,Sacramento Valley,6/8/2012,1000,160,22.5, ,37, ,2.1, 
6,Davis,Sacramento Valley,6/8/2012,1100,160,23.6, ,31, ,2.2, 
6,Davis,Sacramento Valley,6/8/2012,1200,160,24.7, ,28, ,2.1, 
6,Davis,Sacramento Valley,6/8/2012,1300,160,25.7, ,26, ,2.4, 
6,Davis,Sacramento Valley,6/8/2012,1400,160,26.5, ,24, ,2.4, 
6,Davis,Sacramento Valley,6/8/2012,1500,160,27.2, ,21, ,2.6, 
6,Davis,Sacramento Valley,6/8/2012,1600,160,27.5, ,26, ,5.1, 
6,Davis,Sacramento Valley,6/8/2012,1700,160,26.9, ,28, ,5.3, 
6,Davis,Sacramento Valley,6/8/2012,1800,160,26.0, ,28, ,5.8, 
6,Davis,Sacramento Valley,6/8/2012,1900,160,24.2, ,30, ,4.5, 
6,Davis,Sacramento Valley,6/8/2012,2000,160,21.5, ,35, ,2.8, 
6,Davis,Sacramento Valley,6/8/2012,2100,160,18.3, ,44, ,2.3, 
6,Davis,Sacramento Valley,6/8/2012,2200,160,15.2, ,54, ,2.6, 
6,Davis,Sacramento Valley,6/9/2012,0500,161,12.9, ,41, ,3.7, 
6,Davis,Sacramento Valley,6/9/2012,0600,161,13.6, ,39, ,5.0, 
6,Davis,Sacramento Valley,6/9/2012,0700,161,15.3, ,36, ,7.5, 
6,Davis,Sacramento Valley,6/9/2012,0800,161,16.7, ,33, ,8.7, 
6,Davis,Sacramento Valley,6/9/2012,0900,161,18.3, ,30, ,8.8, 
6,Davis,Sacramento Valley,6/9/2012,1000,161,19.9, ,27, ,9.4, 
6,Davis,Sacramento Valley,6/9/2012,1100,161,21.4, ,24, ,9.3, 
6,Davis,Sacramento Valley,6/9/2012,1200,161,22.7, ,23, ,9.4, 
6,Davis,Sacramento Valley,6/9/2012,1300,161,23.8, ,22, ,8.6, 
6,Davis,Sacramento Valley,6/9/2012,1400,161,25.3, ,18, ,8.6, 
6,Davis,Sacramento Valley,6/9/2012,1500,161,26.0, ,17, ,9.3, 
6,Davis,Sacramento Valley,6/9/2012,1600,161,26.5, ,18, ,8.3, 
6,Davis,Sacramento Valley,6/9/2012,1700,161,26.7, ,18, ,8.3, 
6,Davis,Sacramento Valley,6/9/2012,1800,161,26.2, ,18, ,8.3, 
6,Davis,Sacramento Valley,6/9/2012,1900,161,25.0, ,19, ,8.1, 
6,Davis,Sacramento Valley,6/9/2012,2000,161,23.5, ,22, ,7.4, 
6,Davis,Sacramento Valley,6/9/2012,2100,161,22.9, ,23, ,7.7, 
6,Davis,Sacramento Valley,6/9/2012,2200,161,22.8, ,24, ,8.7, 
6,Davis,Sacramento Valley,6/10/2012,0500,162,19.1, ,28, ,8.4, 
6,Davis,Sacramento Valley,6/10/2012,0600,162,19.2, ,29, ,8.4, 
6,Davis,Sacramento Valley,6/10/2012,0700,162,20.1, ,30, ,8.6, 
6,Davis,Sacramento Valley,6/10/2012,0800,162,21.3, ,29, ,9.1, 
6,Davis,Sacramento Valley,6/10/2012,0900,162,23.3, ,27, ,8.3, 
6,Davis,Sacramento Valley,6/10/2012,1000,162,25.0, ,25, ,7.9, 
6,Davis,Sacramento Valley,6/10/2012,1100,162,26.4, ,24, ,7.3, 
6,Davis,Sacramento Valley,6/10/2012,1200,162,28.0, ,20, ,6.4, 
6,Davis,Sacramento Valley,6/10/2012,1300,162,29.1, ,17, ,5.7, 
6,Davis,Sacramento Valley,6/10/2012,1400,162,30.1, ,16, ,5.1, 
6,Davis,Sacramento Valley,6/10/2012,1500,162,31.0, ,16, ,4.5, 
6,Davis,Sacramento Valley,6/10/2012,1600,162,31.6, ,15, ,4.4, 
6,Davis,Sacramento Valley,6/10/2012,1700,162,31.7, ,13, ,4.4, 
6,Davis,Sacramento Valley,6/10/2012,1800,162,31.4, ,15, ,3.9, 
6,Davis,Sacramento Valley,6/10/2012,1900,162,30.7, ,16, ,2.6, 
6,Davis,Sacramento Valley,6/10/2012,2000,162,27.6, ,21, ,1.0, 
6,Davis,Sacramento Valley,6/10/2012,2100,162,21.4, ,36, ,1.1, 
6,Davis,Sacramento Valley,6/10/2012,2200,162,20.6, ,37, ,1.0, 
6,Davis,Sacramento Valley,6/11/2012,0500,163,15.9, ,52, ,1.0, 
6,Davis,Sacramento Valley,6/11/2012,0600,163,16.7, ,50, ,0.7, 
6,Davis,Sacramento Valley,6/11/2012,0700,163,20.6, ,38, ,1.4, 
6,Davis,Sacramento Valley,6/11/2012,0800,163,23.6, ,31, ,3.2, 
6,Davis,Sacramento Valley,6/11/2012,0900,163,25.5, ,29, ,3.7, 
6,Davis,Sacramento Valley,6/11/2012,1000,163,27.1, ,28, ,3.3, 
6,Davis,Sacramento Valley,6/11/2012,1100,163,28.7, ,23, ,2.7, 
6,Davis,Sacramento Valley,6/11/2012,1200,163,30.5, ,21, ,2.8, 
6,Davis,Sacramento Valley,6/11/2012,1300,163,31.5, ,21, ,2.1, 
6,Davis,Sacramento Valley,6/11/2012,1400,163,32.8, ,16, ,2.2, 
6,Davis,Sacramento Valley,6/11/2012,1500,163,33.8, ,16, ,1.8, 
6,Davis,Sacramento Valley,6/11/2012,1600,163,34.3, ,16, ,2.2, 
6,Davis,Sacramento Valley,6/11/2012,1700,163,34.5, ,16, ,2.1, 
6,Davis,Sacramento Valley,6/11/2012,1800,163,33.3, ,20, ,4.1, 
6,Davis,Sacramento Valley,6/11/2012,1900,163,30.8, ,24, ,3.5, 
6,Davis,Sacramento Valley,6/11/2012,2000,163,28.3, ,30, ,2.2, 
6,Davis,Sacramento Valley,6/11/2012,2100,163,24.3, ,40, ,0.6, 
6,Davis,Sacramento Valley,6/11/2012,2200,163,21.7, ,46, ,1.2, 
6,Davis,Sacramento Valley,6/12/2012,0500,164,14.1, ,76, ,1.2, 
6,Davis,Sacramento Valley,6/12/2012,0600,164,14.2, ,76, ,1.1, 
6,Davis,Sacramento Valley,6/12/2012,0700,164,17.9, ,65, ,1.6, 
6,Davis,Sacramento Valley,6/12/2012,0800,164,20.6, ,55, ,2.2, 
6,Davis,Sacramento Valley,6/12/2012,0900,164,23.1, ,49, ,2.1, 
6,Davis,Sacramento Valley,6/12/2012,1000,164,26.0, ,40, ,2.2, 
6,Davis,Sacramento Valley,6/12/2012,1100,164,28.9, ,33, ,3.2, 
6,Davis,Sacramento Valley,6/12/2012,1200,164,30.6, ,28, ,3.5, 
6,Davis,Sacramento Valley,6/12/2012,1300,164,31.4, ,28, ,2.0, 
6,Davis,Sacramento Valley,6/12/2012,1400,164,32.8, ,26, ,2.4, 
6,Davis,Sacramento Valley,6/12/2012,1500,164,33.5, ,25, ,2.7, 
6,Davis,Sacramento Valley,6/12/2012,1600,164,33.6, ,27, ,3.5, 
6,Davis,Sacramento Valley,6/12/2012,1700,164,33.5, ,32, ,4.2, 
6,Davis,Sacramento Valley,6/12/2012,1800,164,32.8, ,34, ,4.7, 
6,Davis,Sacramento Valley,6/12/2012,1900,164,30.9, ,37, ,3.7, 
6,Davis,Sacramento Valley,6/12/2012,2000,164,26.7, ,44, ,2.6, 
6,Davis,Sacramento Valley,6/12/2012,2100,164,23.3, ,53, ,2.2, 
6,Davis,Sacramento Valley,6/12/2012,2200,164,21.2, ,58, ,2.4, 
6,Davis,Sacramento Valley,6/13/2012,0500,165,13.6, ,84, ,0.9, 
6,Davis,Sacramento Valley,6/13/2012,0600,165,13.7, ,82, ,1.5, 
6,Davis,Sacramento Valley,6/13/2012,0700,165,15.6, ,77, ,2.3, 
6,Davis,Sacramento Valley,6/13/2012,0800,165,18.3, ,66, ,1.4, 
6,Davis,Sacramento Valley,6/13/2012,0900,165,22.0, ,55, ,2.1, 
6,Davis,Sacramento Valley,6/13/2012,1000,165,25.2, ,47, ,4.0, 
6,Davis,Sacramento Valley,6/13/2012,1100,165,27.5, ,43, ,4.0, 
6,Davis,Sacramento Valley,6/13/2012,1200,165,29.4, ,38, ,4.2, 
6,Davis,Sacramento Valley,6/13/2012,1300,165,30.9, ,34, ,3.5, 
6,Davis,Sacramento Valley,6/13/2012,1400,165,31.9, ,33, ,2.5, 
6,Davis,Sacramento Valley,6/13/2012,1500,165,32.5, ,35, ,3.4, 
6,Davis,Sacramento Valley,6/13/2012,1600,165,32.7, ,34, ,3.5, 
6,Davis,Sacramento Valley,6/13/2012,1700,165,33.0, ,34, ,3.5, 
6,Davis,Sacramento Valley,6/13/2012,1800,165,32.0, ,36, ,3.8, 
6,Davis,Sacramento Valley,6/13/2012,1900,165,29.0, ,41, ,3.5, 
6,Davis,Sacramento Valley,6/13/2012,2000,165,24.9, ,48, ,2.0, 
6,Davis,Sacramento Valley,6/13/2012,2100,165,21.8, ,54, ,1.7, 
6,Davis,Sacramento Valley,6/13/2012,2200,165,19.6, ,59, ,2.0, 
6,Davis,Sacramento Valley,6/14/2012,0500,166,13.5, ,78, ,1.7, 
6,Davis,Sacramento Valley,6/14/2012,0600,166,14.4, ,76, ,1.4, 
6,Davis,Sacramento Valley,6/14/2012,0700,166,18.5, ,62, ,1.5, 
6,Davis,Sacramento Valley,6/14/2012,0800,166,21.5, ,57, ,3.6, 
6,Davis,Sacramento Valley,6/14/2012,0900,166,22.6, ,55, ,3.2, 
6,Davis,Sacramento Valley,6/14/2012,1000,166,24.8, ,50, ,3.4, 
6,Davis,Sacramento Valley,6/14/2012,1100,166,27.1, ,41, ,2.9, 
6,Davis,Sacramento Valley,6/14/2012,1200,166,29.8, ,31, ,3.9, 
6,Davis,Sacramento Valley,6/14/2012,1300,166,31.2, ,29, ,2.6, 
6,Davis,Sacramento Valley,6/14/2012,1400,166,32.6, ,26, ,2.5, 
6,Davis,Sacramento Valley,6/14/2012,1500,166,32.6, ,31, ,4.0, 
6,Davis,Sacramento Valley,6/14/2012,1600,166,33.0, ,30, ,3.7, 
6,Davis,Sacramento Valley,6/14/2012,1700,166,32.3, ,31, ,4.5, 
6,Davis,Sacramento Valley,6/14/2012,1800,166,30.3, ,35, ,4.4, 
6,Davis,Sacramento Valley,6/14/2012,1900,166,27.9, ,39, ,4.0, 
6,Davis,Sacramento Valley,6/14/2012,2000,166,24.2, ,44, ,3.1, 
6,Davis,Sacramento Valley,6/14/2012,2100,166,21.6, ,48, ,2.5, 
6,Davis,Sacramento Valley,6/14/2012,2200,166,19.4, ,51, ,3.0, 
6,Davis,Sacramento Valley,6/15/2012,0500,167,12.7, ,76, ,0.5, 
6,Davis,Sacramento Valley,6/15/2012,0600,167,14.0, ,70, ,1.0, 
6,Davis,Sacramento Valley,6/15/2012,0700,167,17.0, ,62, ,2.1, 
6,Davis,Sacramento Valley,6/15/2012,0800,167,21.2, ,49, ,3.4, 
6,Davis,Sacramento Valley,6/15/2012,0900,167,25.9, ,34, ,5.6, 
6,Davis,Sacramento Valley,6/15/2012,1000,167,28.5, ,27, ,7.1, 
6,Davis,Sacramento Valley,6/15/2012,1100,167,30.1, ,24, ,7.4, 
6,Davis,Sacramento Valley,6/15/2012,1200,167,31.6, ,23, ,6.9, 
6,Davis,Sacramento Valley,6/15/2012,1300,167,32.9, ,23, ,5.7, 
6,Davis,Sacramento Valley,6/15/2012,1400,167,34.0, ,22, ,5.0, 
6,Davis,Sacramento Valley,6/15/2012,1500,167,34.8, ,22, ,4.7, 
6,Davis,Sacramento Valley,6/15/2012,1600,167,35.3, ,21, ,4.7, 
6,Davis,Sacramento Valley,6/15/2012,1700,167,35.6, ,21, ,3.8, 
6,Davis,Sacramento Valley,6/15/2012,1800,167,35.5, ,20, ,3.6, 
6,Davis,Sacramento Valley,6/15/2012,1900,167,32.8, ,29, ,2.7, 
6,Davis,Sacramento Valley,6/15/2012,2000,167,28.1, ,38, ,1.7, 
6,Davis,Sacramento Valley,6/15/2012,2100,167,25.8, ,42, ,1.3, 
6,Davis,Sacramento Valley,6/15/2012,2200,167,23.2, ,50, ,1.1, 
6,Davis,Sacramento Valley,6/16/2012,0500,168,17.9, ,76, ,1.0, 
6,Davis,Sacramento Valley,6/16/2012,0600,168,22.1,Y,48,Y,2.4, 
6,Davis,Sacramento Valley,6/16/2012,0700,168,25.5,Y,37,Y,3.9, 
6,Davis,Sacramento Valley,6/16/2012,0800,168,28.9,Y,28,Y,6.7, 
6,Davis,Sacramento Valley,6/16/2012,0900,168,31.0,Y,27,Y,6.7, 
6,Davis,Sacramento Valley,6/16/2012,1000,168,33.0,Y,24,Y,6.9, 
6,Davis,Sacramento Valley,6/16/2012,1100,168,34.7,Y,22,Y,6.3, 
6,Davis,Sacramento Valley,6/16/2012,1200,168,35.7,Y,21,Y,5.9, 
6,Davis,Sacramento Valley,6/16/2012,1300,168,36.9,Y,17,Y,6.0, 
6,Davis,Sacramento Valley,6/16/2012,1400,168,37.8,Y,17,Y,5.3, 
6,Davis,Sacramento Valley,6/16/2012,1500,168,38.2, ,15, ,4.7, 
6,Davis,Sacramento Valley,6/16/2012,1600,168,38.6, ,15, ,4.1, 
6,Davis,Sacramento Valley,6/16/2012,1700,168,38.9, ,14, ,4.8, 
6,Davis,Sacramento Valley,6/16/2012,1800,168,38.1, ,16, ,3.9, 
6,Davis,Sacramento Valley,6/16/2012,1900,168,35.8, ,21, ,2.2, 
6,Davis,Sacramento Valley,6/16/2012,2000,168,32.5,Y,27,Y,1.2, 
6,Davis,Sacramento Valley,6/16/2012,2100,168,27.3, ,40, ,1.1, 
6,Davis,Sacramento Valley,6/16/2012,2200,168,25.7,Y,47,Y,0.6, 
6,Davis,Sacramento Valley,6/17/2012,0500,169,20.2,Y,52,Y,1.3, 
6,Davis,Sacramento Valley,6/17/2012,0600,169,20.9,Y,54,Y,0.9, 
6,Davis,Sacramento Valley,6/17/2012,0700,169,23.0, ,55, ,2.0, 
6,Davis,Sacramento Valley,6/17/2012,0800,169,25.6, ,51, ,2.9, 
6,Davis,Sacramento Valley,6/17/2012,0900,169,29.2,Y,42,Y,1.8, 
6,Davis,Sacramento Valley,6/17/2012,1000,169,31.6,Y,38,Y,2.3, 
6,Davis,Sacramento Valley,6/17/2012,1100,169,33.1, ,34, ,3.3, 
6,Davis,Sacramento Valley,6/17/2012,1200,169,34.1, ,31, ,4.3, 
6,Davis,Sacramento Valley,6/17/2012,1300,169,35.1, ,29, ,4.7, 
6,Davis,Sacramento Valley,6/17/2012,1400,169,35.8, ,28, ,5.5, 
6,Davis,Sacramento Valley,6/17/2012,1500,169,35.9, ,26, ,5.6, 
6,Davis,Sacramento Valley,6/17/2012,1600,169,35.5, ,25, ,5.3, 
6,Davis,Sacramento Valley,6/17/2012,1700,169,34.7, ,25, ,5.4, 
6,Davis,Sacramento Valley,6/17/2012,1800,169,31.9, ,35, ,4.4, 
6,Davis,Sacramento Valley,6/17/2012,1900,169,28.1, ,42, ,4.1, 
6,Davis,Sacramento Valley,6/17/2012,2000,169,23.1, ,50, ,4.2, 
6,Davis,Sacramento Valley,6/17/2012,2100,169,21.9, ,48, ,4.2, 
6,Davis,Sacramento Valley,6/17/2012,2200,169,19.6, ,55, ,4.2, 
6,Davis,Sacramento Valley,6/18/2012,0500,170,14.6, ,69, ,4.7, 
6,Davis,Sacramento Valley,6/18/2012,0600,170,14.6, ,69, ,3.6, 
6,Davis,Sacramento Valley,6/18/2012,0700,170,16.3, ,63, ,3.8, 
6,Davis,Sacramento Valley,6/18/2012,0800,170,18.8, ,56, ,2.9, 
6,Davis,Sacramento Valley,6/18/2012,0900,170,20.7, ,54, ,3.7, 
6,Davis,Sacramento Valley,6/18/2012,1000,170,21.6, ,54, ,4.1, 
6,Davis,Sacramento Valley,6/18/2012,1100,170,22.6, ,51, ,3.3, 
6,Davis,Sacramento Valley,6/18/2012,1200,170,24.0, ,48, ,3.5, 
6,Davis,Sacramento Valley,6/18/2012,1300,170,25.7, ,44, ,3.6, 
6,Davis,Sacramento Valley,6/18/2012,1400,170,27.2, ,40, ,3.3, 
6,Davis,Sacramento Valley,6/18/2012,1500,170,28.2, ,39, ,4.7, 
6,Davis,Sacramento Valley,6/18/2012,1600,170,27.8, ,41, ,5.4, 
6,Davis,Sacramento Valley,6/18/2012,1700,170,27.2, ,40, ,4.5, 
6,Davis,Sacramento Valley,6/18/2012,1800,170,26.0, ,41, ,5.0, 
6,Davis,Sacramento Valley,6/18/2012,1900,170,22.3, ,47, ,5.4, 
6,Davis,Sacramento Valley,6/18/2012,2000,170,18.9, ,55, ,4.0, 
6,Davis,Sacramento Valley,6/18/2012,2100,170,16.2, ,61, ,4.2, 
6,Davis,Sacramento Valley,6/18/2012,2200,170,14.7, ,66, ,4.3, 
6,Davis,Sacramento Valley,6/19/2012,0500,171,12.1, ,80, ,2.3, 
6,Davis,Sacramento Valley,6/19/2012,0600,171,13.4, ,77, ,2.4, 
6,Davis,Sacramento Valley,6/19/2012,0700,171,16.1, ,65, ,2.3, 
6,Davis,Sacramento Valley,6/19/2012,0800,171,19.0, ,54, ,2.0, 
6,Davis,Sacramento Valley,6/19/2012,0900,171,22.4, ,39, ,4.9, 
6,Davis,Sacramento Valley,6/19/2012,1000,171,24.2, ,35, ,5.4, 
6,Davis,Sacramento Valley,6/19/2012,1100,171,25.9, ,31, ,5.2, 
6,Davis,Sacramento Valley,6/19/2012,1200,171,27.3, ,28, ,5.1, 
6,Davis,Sacramento Valley,6/19/2012,1300,171,29.0, ,23, ,5.4, 
6,Davis,Sacramento Valley,6/19/2012,1400,171,30.4, ,18, ,5.0, 
6,Davis,Sacramento Valley,6/19/2012,1500,171,31.2, ,16, ,5.0, 
6,Davis,Sacramento Valley,6/19/2012,1600,171,31.9, ,14, ,4.8, 
6,Davis,Sacramento Valley,6/19/2012,1700,171,32.1, ,11, ,4.1, 
6,Davis,Sacramento Valley,6/19/2012,1800,171,32.0, ,10, ,3.0, 
6,Davis,Sacramento Valley,6/19/2012,1900,171,31.0, ,14, ,2.2, 
6,Davis,Sacramento Valley,6/19/2012,2000,171,26.6, ,27, ,1.3, 
6,Davis,Sacramento Valley,6/19/2012,2100,171,21.6, ,41, ,0.9, 
6,Davis,Sacramento Valley,6/19/2012,2200,171,20.9, ,40, ,0.9, 
6,Davis,Sacramento Valley,6/20/2012,0500,172,18.2, ,40, ,2.5, 
6,Davis,Sacramento Valley,6/20/2012,0600,172,20.2,Y,34,Y,3.1, 
6,Davis,Sacramento Valley,6/20/2012,0700,172,23.5,Y,27,Y,4.6, 
6,Davis,Sacramento Valley,6/20/2012,0800,172,25.1, ,25, ,6.0, 
6,Davis,Sacramento Valley,6/20/2012,0900,172,26.5, ,25, ,6.2, 
6,Davis,Sacramento Valley,6/20/2012,1000,172,27.9, ,23, ,6.4, 
6,Davis,Sacramento Valley,6/20/2012,1100,172,29.5, ,21, ,5.6, 
6,Davis,Sacramento Valley,6/20/2012,1200,172,30.7, ,20, ,4.4, 
6,Davis,Sacramento Valley,6/20/2012,1300,172,31.6, ,19, ,3.0, 
6,Davis,Sacramento Valley,6/20/2012,1400,172,32.5, ,20, ,2.2, 
6,Davis,Sacramento Valley,6/20/2012,1500,172,33.5, ,21, ,2.2, 
6,Davis,Sacramento Valley,6/20/2012,1600,172,34.2, ,23, ,2.8, 
6,Davis,Sacramento Valley,6/20/2012,1700,172,34.2, ,23, ,3.6, 
6,Davis,Sacramento Valley,6/20/2012,1800,172,33.7, ,26, ,4.0, 
6,Davis,Sacramento Valley,6/20/2012,1900,172,31.9, ,28, ,3.0, 
6,Davis,Sacramento Valley,6/20/2012,2000,172,27.2, ,36, ,3.2, 
6,Davis,Sacramento Valley,6/20/2012,2100,172,22.9, ,44, ,2.5, 
6,Davis,Sacramento Valley,6/20/2012,2200,172,20.4, ,51, ,1.4, 
6,Davis,Sacramento Valley,6/21/2012,0500,173,13.6, ,73, ,3.4, 
6,Davis,Sacramento Valley,6/21/2012,0600,173,13.5, ,75, ,3.9, 
6,Davis,Sacramento Valley,6/21/2012,0700,173,15.0, ,70, ,4.5, 
6,Davis,Sacramento Valley,6/21/2012,0800,173,15.9, ,67, ,5.9, 
6,Davis,Sacramento Valley,6/21/2012,0900,173,17.7, ,60, ,5.6, 
6,Davis,Sacramento Valley,6/21/2012,1000,173,19.0, ,55, ,5.7, 
6,Davis,Sacramento Valley,6/21/2012,1100,173,20.1, ,51, ,6.6, 
6,Davis,Sacramento Valley,6/21/2012,1200,173,21.7, ,49, ,6.6, 
6,Davis,Sacramento Valley,6/21/2012,1300,173,22.6, ,48, ,7.4, 
6,Davis,Sacramento Valley,6/21/2012,1400,173,22.6, ,47, ,8.2, 
6,Davis,Sacramento Valley,6/21/2012,1500,173,22.5, ,45, ,8.3, 
6,Davis,Sacramento Valley,6/21/2012,1600,173,22.8, ,43, ,7.9, 
6,Davis,Sacramento Valley,6/21/2012,1700,173,21.7, ,45, ,7.7, 
6,Davis,Sacramento Valley,6/21/2012,1800,173,20.3, ,49, ,7.0, 
6,Davis,Sacramento Valley,6/21/2012,1900,173,18.7, ,51, ,5.8, 
6,Davis,Sacramento Valley,6/21/2012,2000,173,16.3, ,58, ,4.9, 
6,Davis,Sacramento Valley,6/21/2012,2100,173,14.5, ,66, ,5.4, 
6,Davis,Sacramento Valley,6/21/2012,2200,173,13.6, ,69, ,4.4, 
6,Davis,Sacramento Valley,6/22/2012,0500,174,10.4, ,81, ,3.7, 
6,Davis,Sacramento Valley,6/22/2012,0600,174,11.1, ,79, ,2.5, 
6,Davis,Sacramento Valley,6/22/2012,0700,174,12.9, ,72, ,2.5, 
6,Davis,Sacramento Valley,6/22/2012,0800,174,14.4, ,67, ,2.7, 
6,Davis,Sacramento Valley,6/22/2012,0900,174,16.3, ,63, ,2.4, 
6,Davis,Sacramento Valley,6/22/2012,1000,174,18.5, ,55, ,2.7, 
6,Davis,Sacramento Valley,6/22/2012,1100,174,20.2, ,51, ,2.7, 
6,Davis,Sacramento Valley,6/22/2012,1200,174,21.1, ,51, ,4.1, 
6,Davis,Sacramento Valley,6/22/2012,1300,174,19.1, ,59, ,5.2, 
6,Davis,Sacramento Valley,6/22/2012,1400,174,18.9, ,59, ,4.2, 
6,Davis,Sacramento Valley,6/22/2012,1500,174,19.7, ,57, ,3.1, 
6,Davis,Sacramento Valley,6/22/2012,1600,174,21.1, ,53, ,3.2, 
6,Davis,Sacramento Valley,6/22/2012,1700,174,21.8, ,50, ,3.8, 
6,Davis,Sacramento Valley,6/22/2012,1800,174,21.7, ,50, ,4.6, 
6,Davis,Sacramento Valley,6/22/2012,1900,174,19.8, ,56, ,4.5, 
6,Davis,Sacramento Valley,6/22/2012,2000,174,18.2, ,63, ,4.2, 
6,Davis,Sacramento Valley,6/22/2012,2100,174,16.9, ,68, ,2.7, 
6,Davis,Sacramento Valley,6/22/2012,2200,174,15.9, ,71, ,2.5, 
6,Davis,Sacramento Valley,6/23/2012,0500,175,9.7, ,89, ,2.2, 
6,Davis,Sacramento Valley,6/23/2012,0600,175,10.5, ,85, ,2.0, 
6,Davis,Sacramento Valley,6/23/2012,0700,175,12.7, ,74, ,2.3, 
6,Davis,Sacramento Valley,6/23/2012,0800,175,14.5, ,64, ,2.2, 
6,Davis,Sacramento Valley,6/23/2012,0900,175,16.5, ,53, ,2.1, 
6,Davis,Sacramento Valley,6/23/2012,1000,175,17.8, ,45, ,2.5, 
6,Davis,Sacramento Valley,6/23/2012,1100,175,19.4, ,40, ,3.0, 
6,Davis,Sacramento Valley,6/23/2012,1200,175,20.5, ,35, ,3.3, 
6,Davis,Sacramento Valley,6/23/2012,1300,175,21.4, ,34, ,3.8, 
6,Davis,Sacramento Valley,6/23/2012,1400,175,21.9, ,34, ,4.3, 
6,Davis,Sacramento Valley,6/23/2012,1500,175,22.2, ,36, ,4.7, 
6,Davis,Sacramento Valley,6/23/2012,1600,175,22.4, ,35, ,5.6, 
6,Davis,Sacramento Valley,6/23/2012,1700,175,21.9, ,37, ,5.8, 
6,Davis,Sacramento Valley,6/23/2012,1800,175,20.9, ,40, ,5.3, 
6,Davis,Sacramento Valley,6/23/2012,1900,175,19.2, ,45, ,4.7, 
6,Davis,Sacramento Valley,6/23/2012,2000,175,17.0, ,51, ,2.6, 
6,Davis,Sacramento Valley,6/23/2012,2100,175,15.2, ,56, ,2.5, 
6,Davis,Sacramento Valley,6/23/2012,2200,175,14.1, ,59, ,3.1, 
6,Davis,Sacramento Valley,6/24/2012,0500,176,9.3, ,77, ,1.8, 
6,Davis,Sacramento Valley,6/24/2012,0600,176,10.2, ,75, ,2.0, 
6,Davis,Sacramento Valley,6/24/2012,0700,176,12.1, ,68, ,2.5, 
6,Davis,Sacramento Valley,6/24/2012,0800,176,14.4, ,58, ,2.7, 
6,Davis,Sacramento Valley,6/24/2012,0900,176,16.4, ,48, ,1.9, 
6,Davis,Sacramento Valley,6/24/2012,1000,176,17.8, ,42, ,2.3, 
6,Davis,Sacramento Valley,6/24/2012,1100,176,19.3, ,37, ,2.5, 
6,Davis,Sacramento Valley,6/24/2012,1200,176,20.6, ,35, ,2.5, 
6,Davis,Sacramento Valley,6/24/2012,1300,176,21.4, ,37, ,2.9, 
6,Davis,Sacramento Valley,6/24/2012,1400,176,22.4, ,36, ,3.0, 
6,Davis,Sacramento Valley,6/24/2012,1500,176,22.9, ,34, ,3.2, 
6,Davis,Sacramento Valley,6/24/2012,1600,176,23.5, ,31, ,3.6, 
6,Davis,Sacramento Valley,6/24/2012,1700,176,23.8, ,24, ,4.6, 
6,Davis,Sacramento Valley,6/24/2012,1800,176,22.9, ,27, ,5.2, 
6,Davis,Sacramento Valley,6/24/2012,1900,176,20.8, ,33, ,4.6, 
6,Davis,Sacramento Valley,6/24/2012,2000,176,18.3, ,39, ,3.3, 
6,Davis,Sacramento Valley,6/24/2012,2100,176,15.2, ,49, ,3.7, 
6,Davis,Sacramento Valley,6/24/2012,2200,176,13.3, ,58, ,3.9, 
6,Davis,Sacramento Valley,6/25/2012,0500,177,9.9, ,74, ,3.0, 
6,Davis,Sacramento Valley,6/25/2012,0600,177,10.9, ,73, ,4.2, 
6,Davis,Sacramento Valley,6/25/2012,0700,177,13.2, ,64, ,4.1, 
6,Davis,Sacramento Valley,6/25/2012,0800,177,15.4, ,55, ,3.2, 
6,Davis,Sacramento Valley,6/25/2012,0900,177,16.6, ,53, ,2.5, 
6,Davis,Sacramento Valley,6/25/2012,1000,177,17.9, ,51, ,2.7, 
6,Davis,Sacramento Valley,6/25/2012,1100,177,19.2, ,50, ,2.3, 
6,Davis,Sacramento Valley,6/25/2012,1200,177,20.6, ,46, ,3.1, 
6,Davis,Sacramento Valley,6/25/2012,1300,177,21.7, ,43, ,3.8, 
6,Davis,Sacramento Valley,6/25/2012,1400,177,22.6, ,41, ,4.0, 
6,Davis,Sacramento Valley,6/25/2012,1500,177,23.1, ,39, ,4.4, 
6,Davis,Sacramento Valley,6/25/2012,1600,177,23.3, ,39, ,4.9, 
6,Davis,Sacramento Valley,6/25/2012,1700,177,22.8, ,39, ,5.3, 
6,Davis,Sacramento Valley,6/25/2012,1800,177,21.7, ,42, ,4.9, 
6,Davis,Sacramento Valley,6/25/2012,1900,177,20.2, ,44, ,4.8, 
6,Davis,Sacramento Valley,6/25/2012,2000,177,18.2, ,50, ,4.4, 
6,Davis,Sacramento Valley,6/25/2012,2100,177,16.3, ,58, ,3.5, 
6,Davis,Sacramento Valley,6/25/2012,2200,177,15.5, ,63, ,2.3, 
6,Davis,Sacramento Valley,6/26/2012,0500,178,8.6, ,87, ,0.7, 
6,Davis,Sacramento Valley,6/26/2012,0600,178,10.0, ,87, ,0.9, 
6,Davis,Sacramento Valley,6/26/2012,0700,178,12.7, ,77, ,1.0, 
6,Davis,Sacramento Valley,6/26/2012,0800,178,15.2, ,67, ,2.1, 
6,Davis,Sacramento Valley,6/26/2012,0900,178,17.2, ,59, ,3.1, 
6,Davis,Sacramento Valley,6/26/2012,1000,178,18.8, ,53, ,3.2, 
6,Davis,Sacramento Valley,6/26/2012,1100,178,20.2, ,47, ,3.5, 
6,Davis,Sacramento Valley,6/26/2012,1200,178,21.8, ,42, ,3.3, 
6,Davis,Sacramento Valley,6/26/2012,1300,178,23.0, ,38, ,3.4, 
6,Davis,Sacramento Valley,6/26/2012,1400,178,23.9, ,38, ,4.1, 
6,Davis,Sacramento Valley,6/26/2012,1500,178,24.6, ,36, ,3.8, 
6,Davis,Sacramento Valley,6/26/2012,1600,178,25.5, ,31, ,3.1, 
6,Davis,Sacramento Valley,6/26/2012,1700,178,26.1, ,27, ,3.1, 
6,Davis,Sacramento Valley,6/26/2012,1800,178,26.1, ,24, ,3.2, 
6,Davis,Sacramento Valley,6/26/2012,1900,178,25.3, ,23, ,1.9, 
6,Davis,Sacramento Valley,6/26/2012,2000,178,22.9, ,32, ,1.3, 
6,Davis,Sacramento Valley,6/26/2012,2100,178,18.8, ,53, ,1.6, 
6,Davis,Sacramento Valley,6/26/2012,2200,178,16.0, ,63, ,0.9, 
6,Davis,Sacramento Valley,6/27/2012,0500,179,10.5, ,81, ,1.0, 
6,Davis,Sacramento Valley,6/27/2012,0600,179,11.3, ,79, ,0.9, 
6,Davis,Sacramento Valley,6/27/2012,0700,179,15.4, ,63, ,1.3, 
6,Davis,Sacramento Valley,6/27/2012,0800,179,18.9, ,53, ,1.8, 
6,Davis,Sacramento Valley,6/27/2012,0900,179,21.5, ,45, ,2.8, 
6,Davis,Sacramento Valley,6/27/2012,1000,179,23.3, ,40, ,2.7, 
6,Davis,Sacramento Valley,6/27/2012,1100,179,25.1, ,37, ,2.2, 
6,Davis,Sacramento Valley,6/27/2012,1200,179,26.4, ,29, ,2.1, 
6,Davis,Sacramento Valley,6/27/2012,1300,179,27.8, ,26, ,2.2, 
6,Davis,Sacramento Valley,6/27/2012,1400,179,28.8, ,25, ,2.7, 
6,Davis,Sacramento Valley,6/27/2012,1500,179,29.6, ,23, ,3.0, 
6,Davis,Sacramento Valley,6/27/2012,1600,179,30.1, ,19, ,3.4, 
6,Davis,Sacramento Valley,6/27/2012,1700,179,30.1, ,14, ,4.1, 
6,Davis,Sacramento Valley,6/27/2012,1800,179,29.3, ,17, ,3.7, 
6,Davis,Sacramento Valley,6/27/2012,1900,179,27.1, ,29, ,3.9, 
6,Davis,Sacramento Valley,6/27/2012,2000,179,23.4, ,41, ,3.4, 
6,Davis,Sacramento Valley,6/27/2012,2100,179,20.6, ,41, ,2.5, 
6,Davis,Sacramento Valley,6/27/2012,2200,179,17.6, ,53, ,1.2, 
6,Davis,Sacramento Valley,6/28/2012,0500,180,12.3, ,86, ,1.6, 
6,Davis,Sacramento Valley,6/28/2012,0600,180,13.4, ,81, ,2.1, 
6,Davis,Sacramento Valley,6/28/2012,0700,180,16.0, ,72, ,2.0, 
6,Davis,Sacramento Valley,6/28/2012,0800,180,18.6, ,61, ,2.5, 
6,Davis,Sacramento Valley,6/28/2012,0900,180,21.0, ,50, ,2.3, 
6,Davis,Sacramento Valley,6/28/2012,1000,180,23.2, ,45, ,2.5, 
6,Davis,Sacramento Valley,6/28/2012,1100,180,25.3, ,40, ,2.2, 
6,Davis,Sacramento Valley,6/28/2012,1200,180,27.1, ,36, ,2.6, 
6,Davis,Sacramento Valley,6/28/2012,1300,180,28.4, ,34, ,3.3, 
6,Davis,Sacramento Valley,6/28/2012,1400,180,29.7, ,31, ,3.9, 
6,Davis,Sacramento Valley,6/28/2012,1500,180,30.3, ,29, ,5.4, 
6,Davis,Sacramento Valley,6/28/2012,1600,180,30.0, ,28, ,5.1, 
6,Davis,Sacramento Valley,6/28/2012,1700,180,29.6, ,30, ,4.8, 
6,Davis,Sacramento Valley,6/28/2012,1800,180,28.6, ,30, ,4.3, 
6,Davis,Sacramento Valley,6/28/2012,1900,180,25.9, ,37, ,4.2, 
6,Davis,Sacramento Valley,6/28/2012,2000,180,22.1, ,47, ,4.3, 
6,Davis,Sacramento Valley,6/28/2012,2100,180,19.2, ,56, ,3.4, 
6,Davis,Sacramento Valley,6/28/2012,2200,180,16.6, ,67, ,2.3, 
6,Davis,Sacramento Valley,6/29/2012,0500,181,12.3, ,86, ,1.7, 
6,Davis,Sacramento Valley,6/29/2012,0600,181,12.9, ,84, ,2.1, 
6,Davis,Sacramento Valley,6/29/2012,0700,181,15.2, ,77, ,1.7, 
6,Davis,Sacramento Valley,6/29/2012,0800,181,18.0, ,66, ,1.1, 
6,Davis,Sacramento Valley,6/29/2012,0900,181,20.5, ,57, ,1.2, 
6,Davis,Sacramento Valley,6/29/2012,1000,181,22.0, ,52, ,1.7, 
6,Davis,Sacramento Valley,6/29/2012,1100,181,23.6, ,50, ,2.0, 
6,Davis,Sacramento Valley,6/29/2012,1200,181,24.8, ,49, ,2.1, 
6,Davis,Sacramento Valley,6/29/2012,1300,181,26.1, ,44, ,2.6, 
6,Davis,Sacramento Valley,6/29/2012,1400,181,26.8, ,43, ,3.1, 
6,Davis,Sacramento Valley,6/29/2012,1500,181,27.7, ,43, ,3.4, 
6,Davis,Sacramento Valley,6/29/2012,1600,181,28.2, ,42, ,3.7, 
6,Davis,Sacramento Valley,6/29/2012,1700,181,28.7, ,40, ,4.5, 
6,Davis,Sacramento Valley,6/29/2012,1800,181,27.8, ,41, ,4.5, 
6,Davis,Sacramento Valley,6/29/2012,1900,181,25.4, ,47, ,3.7, 
6,Davis,Sacramento Valley,6/29/2012,2000,181,22.2, ,53, ,3.2, 
6,Davis,Sacramento Valley,6/29/2012,2100,181,19.6, ,60, ,2.7, 
6,Davis,Sacramento Valley,6/29/2012,2200,181,17.9, ,67, ,1.8, 
6,Davis,Sacramento Valley,6/30/2012,0500,182,13.6, ,88, ,1.2, 
6,Davis,Sacramento Valley,6/30/2012,0600,182,14.8, ,82, ,1.5, 
6,Davis,Sacramento Valley,6/30/2012,0700,182,16.9, ,77, ,2.1, 
6,Davis,Sacramento Valley,6/30/2012,0800,182,19.2, ,68, ,1.8, 
6,Davis,Sacramento Valley,6/30/2012,0900,182,21.2, ,63, ,1.2, 
6,Davis,Sacramento Valley,6/30/2012,1000,182,23.2, ,57, ,1.7, 
6,Davis,Sacramento Valley,6/30/2012,1100,182,24.8, ,54, ,2.2, 
6,Davis,Sacramento Valley,6/30/2012,1200,182,26.2, ,51, ,2.5, 
6,Davis,Sacramento Valley,6/30/2012,1300,182,27.5, ,49, ,3.2, 
6,Davis,Sacramento Valley,6/30/2012,1400,182,28.9, ,46, ,3.4, 
6,Davis,Sacramento Valley,6/30/2012,1500,182,30.6, ,42, ,3.1, 
6,Davis,Sacramento Valley,6/30/2012,1600,182,31.0, ,40, ,3.4, 
6,Davis,Sacramento Valley,6/30/2012,1700,182,30.7, ,41, ,4.1, 
6,Davis,Sacramento Valley,6/30/2012,1800,182,29.5, ,44, ,4.5, 
6,Davis,Sacramento Valley,6/30/2012,1900,182,27.7, ,48, ,4.4, 
6,Davis,Sacramento Valley,6/30/2012,2000,182,25.5, ,54, ,3.0, 
6,Davis,Sacramento Valley,6/30/2012,2100,182,23.3, ,61, ,3.1, 
6,Davis,Sacramento Valley,6/30/2012,2200,182,20.4, ,71, ,2.4, 
6,Davis,Sacramento Valley,7/1/2012,0500,183,15.6, ,87, ,3.3, 
6,Davis,Sacramento Valley,7/1/2012,0600,183,15.7, ,86, ,3.5, 
6,Davis,Sacramento Valley,7/1/2012,0700,183,17.5, ,79, ,3.1, 
6,Davis,Sacramento Valley,7/1/2012,0800,183,19.6, ,72, ,2.3, 
6,Davis,Sacramento Valley,7/1/2012,0900,183,21.2, ,67, ,1.9, 
6,Davis,Sacramento Valley,7/1/2012,1000,183,22.6, ,63, ,1.9, 
6,Davis,Sacramento Valley,7/1/2012,1100,183,24.0, ,60, ,2.5, 
6,Davis,Sacramento Valley,7/1/2012,1200,183,24.8, ,58, ,3.4, 
6,Davis,Sacramento Valley,7/1/2012,1300,183,25.6, ,56, ,3.3, 
6,Davis,Sacramento Valley,7/1/2012,1400,183,26.8, ,53, ,3.0, 
6,Davis,Sacramento Valley,7/1/2012,1500,183,27.5, ,49, ,3.3, 
6,Davis,Sacramento Valley,7/1/2012,1600,183,27.7, ,47, ,3.3, 
6,Davis,Sacramento Valley,7/1/2012,1700,183,27.5, ,48, ,3.6, 
6,Davis,Sacramento Valley,7/1/2012,1800,183,26.8, ,51, ,3.5, 
6,Davis,Sacramento Valley,7/1/2012,1900,183,25.1, ,56, ,3.6, 
6,Davis,Sacramento Valley,7/1/2012,2000,183,22.2, ,63, ,3.4, 
6,Davis,Sacramento Valley,7/1/2012,2100,183,19.9, ,70, ,1.9, 
6,Davis,Sacramento Valley,7/1/2012,2200,183,18.5, ,75, ,1.9, 
6,Davis,Sacramento Valley,7/2/2012,0500,184,14.1, ,90, ,1.4, 
6,Davis,Sacramento Valley,7/2/2012,0600,184,14.5, ,88, ,1.6, 
6,Davis,Sacramento Valley,7/2/2012,0700,184,16.7, ,81, ,1.2, 
6,Davis,Sacramento Valley,7/2/2012,0800,184,19.3, ,74, ,1.4, 
6,Davis,Sacramento Valley,7/2/2012,0900,184,21.8, ,68, ,1.7, 
6,Davis,Sacramento Valley,7/2/2012,1000,184,23.9, ,62, ,2.3, 
6,Davis,Sacramento Valley,7/2/2012,1100,184,25.9, ,56, ,2.8, 
6,Davis,Sacramento Valley,7/2/2012,1200,184,27.8, ,50, ,3.0, 
6,Davis,Sacramento Valley,7/2/2012,1300,184,29.1, ,47, ,4.0, 
6,Davis,Sacramento Valley,7/2/2012,1400,184,30.1, ,40, ,4.6, 
6,Davis,Sacramento Valley,7/2/2012,1500,184,31.5, ,35, ,5.1, 
6,Davis,Sacramento Valley,7/2/2012,1600,184,31.9, ,39, ,5.2, 
6,Davis,Sacramento Valley,7/2/2012,1700,184,31.2, ,40, ,5.2, 
6,Davis,Sacramento Valley,7/2/2012,1800,184,29.1, ,44, ,4.6, 
6,Davis,Sacramento Valley,7/2/2012,1900,184,26.2, ,47, ,4.3, 
6,Davis,Sacramento Valley,7/2/2012,2000,184,22.5, ,53, ,3.9, 
6,Davis,Sacramento Valley,7/2/2012,2100,184,19.7, ,60, ,4.0, 
6,Davis,Sacramento Valley,7/2/2012,2200,184,18.1, ,65, ,4.1, 
6,Davis,Sacramento Valley,7/3/2012,0500,185,11.9, ,85, ,0.7, 
6,Davis,Sacramento Valley,7/3/2012,0600,185,11.7, ,87, ,1.2, 
6,Davis,Sacramento Valley,7/3/2012,0700,185,14.1, ,81, ,2.5, 
6,Davis,Sacramento Valley,7/3/2012,0800,185,16.4, ,73, ,3.0, 
6,Davis,Sacramento Valley,7/3/2012,0900,185,18.3, ,66, ,2.5, 
6,Davis,Sacramento Valley,7/3/2012,1000,185,20.6, ,60, ,2.1, 
6,Davis,Sacramento Valley,7/3/2012,1100,185,23.4, ,53, ,1.6, 
6,Davis,Sacramento Valley,7/3/2012,1200,185,26.1, ,45, ,2.7, 
6,Davis,Sacramento Valley,7/3/2012,1300,185,28.7, ,35, ,3.3, 
6,Davis,Sacramento Valley,7/3/2012,1400,185,30.1, ,30, ,2.9, 
6,Davis,Sacramento Valley,7/3/2012,1500,185,31.0, ,29, ,2.4, 
6,Davis,Sacramento Valley,7/3/2012,1600,185,31.9, ,29, ,2.3, 
6,Davis,Sacramento Valley,7/3/2012,1700,185,31.9, ,31, ,2.2, 
6,Davis,Sacramento Valley,7/3/2012,1800,185,30.7, ,36, ,3.6, 
6,Davis,Sacramento Valley,7/3/2012,1900,185,29.0, ,41, ,3.0, 
6,Davis,Sacramento Valley,7/3/2012,2000,185,25.9, ,48, ,2.4, 
6,Davis,Sacramento Valley,7/3/2012,2100,185,22.3, ,59, ,1.3, 
6,Davis,Sacramento Valley,7/3/2012,2200,185,20.2, ,65, ,1.3, 
6,Davis,Sacramento Valley,7/4/2012,0500,186,13.5, ,83, ,0.8, 
6,Davis,Sacramento Valley,7/4/2012,0600,186,14.1, ,79, ,0.9, 
6,Davis,Sacramento Valley,7/4/2012,0700,186,16.9, ,71, ,1.5, 
6,Davis,Sacramento Valley,7/4/2012,0800,186,18.7, ,66, ,1.6, 
6,Davis,Sacramento Valley,7/4/2012,0900,186,20.4, ,63, ,1.5, 
6,Davis,Sacramento Valley,7/4/2012,1000,186,22.7, ,58, ,1.3, 
6,Davis,Sacramento Valley,7/4/2012,1100,186,24.9, ,54, ,1.7, 
6,Davis,Sacramento Valley,7/4/2012,1200,186,26.8, ,49, ,1.8, 
6,Davis,Sacramento Valley,7/4/2012,1300,186,29.0, ,46, ,2.7, 
6,Davis,Sacramento Valley,7/4/2012,1400,186,30.7, ,41, ,3.5, 
6,Davis,Sacramento Valley,7/4/2012,1500,186,31.3, ,35, ,4.2, 
6,Davis,Sacramento Valley,7/4/2012,1600,186,30.7, ,36, ,5.3, 
6,Davis,Sacramento Valley,7/4/2012,1700,186,30.4, ,37, ,4.6, 
6,Davis,Sacramento Valley,7/4/2012,1800,186,28.9, ,40, ,4.2, 
6,Davis,Sacramento Valley,7/4/2012,1900,186,26.4, ,43, ,3.7, 
6,Davis,Sacramento Valley,7/4/2012,2000,186,23.1, ,48, ,3.3, 
6,Davis,Sacramento Valley,7/4/2012,2100,186,20.1, ,54, ,3.0, 
6,Davis,Sacramento Valley,7/4/2012,2200,186,18.1, ,61, ,2.8, 
6,Davis,Sacramento Valley,7/5/2012,0500,187,12.5, ,83, ,3.0, 
6,Davis,Sacramento Valley,7/5/2012,0600,187,13.0, ,80, ,3.5, 
6,Davis,Sacramento Valley,7/5/2012,0700,187,14.5, ,75, ,4.0, 
6,Davis,Sacramento Valley,7/5/2012,0800,187,16.2, ,69, ,4.3, 
6,Davis,Sacramento Valley,7/5/2012,0900,187,18.1, ,65, ,4.2, 
6,Davis,Sacramento Valley,7/5/2012,1000,187,19.7, ,60, ,4.5, 
6,Davis,Sacramento Valley,7/5/2012,1100,187,21.1, ,55, ,4.5, 
6,Davis,Sacramento Valley,7/5/2012,1200,187,22.8, ,50, ,4.7, 
6,Davis,Sacramento Valley,7/5/2012,1300,187,24.6, ,46, ,4.1, 
6,Davis,Sacramento Valley,7/5/2012,1400,187,26.4, ,43, ,4.1, 
6,Davis,Sacramento Valley,7/5/2012,1500,187,27.6, ,39, ,4.4, 
6,Davis,Sacramento Valley,7/5/2012,1600,187,28.6, ,38, ,3.9, 
6,Davis,Sacramento Valley,7/5/2012,1700,187,28.2, ,38, ,4.2, 
6,Davis,Sacramento Valley,7/5/2012,1800,187,27.4, ,39, ,3.9, 
6,Davis,Sacramento Valley,7/5/2012,1900,187,24.6, ,42, ,3.6, 
6,Davis,Sacramento Valley,7/5/2012,2000,187,20.0, ,49, ,3.8, 
6,Davis,Sacramento Valley,7/5/2012,2100,187,17.7, ,53, ,3.8, 
6,Davis,Sacramento Valley,7/5/2012,2200,187,16.3, ,58, ,3.3, 
6,Davis,Sacramento Valley,7/6/2012,0500,188,9.8, ,91, ,1.0, 
6,Davis,Sacramento Valley,7/6/2012,0600,188,10.2, ,89, ,1.5, 
6,Davis,Sacramento Valley,7/6/2012,0700,188,13.0, ,83, ,2.1, 
6,Davis,Sacramento Valley,7/6/2012,0800,188,15.5, ,76, ,2.5, 
6,Davis,Sacramento Valley,7/6/2012,0900,188,18.0, ,68, ,2.5, 
6,Davis,Sacramento Valley,7/6/2012,1000,188,20.8, ,58, ,2.3, 
6,Davis,Sacramento Valley,7/6/2012,1100,188,23.2, ,51, ,2.0, 
6,Davis,Sacramento Valley,7/6/2012,1200,188,25.4, ,43, ,2.2, 
6,Davis,Sacramento Valley,7/6/2012,1300,188,27.4, ,37, ,1.9, 
6,Davis,Sacramento Valley,7/6/2012,1400,188,29.4, ,31, ,1.7, 
6,Davis,Sacramento Valley,7/6/2012,1500,188,30.4, ,36, ,2.8, 
6,Davis,Sacramento Valley,7/6/2012,1600,188,30.8, ,36, ,2.8, 
6,Davis,Sacramento Valley,7/6/2012,1700,188,31.2, ,30, ,2.8, 
6,Davis,Sacramento Valley,7/6/2012,1800,188,30.4, ,34, ,3.4, 
6,Davis,Sacramento Valley,7/6/2012,1900,188,27.9, ,42, ,3.5, 
6,Davis,Sacramento Valley,7/6/2012,2000,188,24.0, ,50, ,3.2, 
6,Davis,Sacramento Valley,7/6/2012,2100,188,21.1, ,56, ,1.6, 
6,Davis,Sacramento Valley,7/6/2012,2200,188,19.4, ,57, ,1.5, 
6,Davis,Sacramento Valley,7/7/2012,0500,189,13.7, ,75, ,0.9, 
6,Davis,Sacramento Valley,7/7/2012,0600,189,13.6, ,80, ,1.4, 
6,Davis,Sacramento Valley,7/7/2012,0700,189,17.1, ,68, ,2.1, 
6,Davis,Sacramento Valley,7/7/2012,0800,189,20.8, ,57, ,3.3, 
6,Davis,Sacramento Valley,7/7/2012,0900,189,23.8, ,50, ,2.1, 
6,Davis,Sacramento Valley,7/7/2012,1000,189,26.7, ,42, ,2.4, 
6,Davis,Sacramento Valley,7/7/2012,1100,189,28.6, ,39, ,2.4, 
6,Davis,Sacramento Valley,7/7/2012,1200,189,30.2, ,34, ,2.0, 
6,Davis,Sacramento Valley,7/7/2012,1300,189,31.9, ,30, ,1.7, 
6,Davis,Sacramento Valley,7/7/2012,1400,189,33.1, ,29, ,2.2, 
6,Davis,Sacramento Valley,7/7/2012,1500,189,33.9, ,28, ,2.0, 
6,Davis,Sacramento Valley,7/7/2012,1600,189,34.6, ,23, ,2.9, 
6,Davis,Sacramento Valley,7/7/2012,1700,189,34.7, ,23, ,2.9, 
6,Davis,Sacramento Valley,7/7/2012,1800,189,34.5, ,26, ,2.4, 
6,Davis,Sacramento Valley,7/7/2012,1900,189,32.4, ,31, ,2.3, 
6,Davis,Sacramento Valley,7/7/2012,2000,189,28.0, ,32, ,2.0, 
6,Davis,Sacramento Valley,7/7/2012,2100,189,23.8, ,40, ,1.3, 
6,Davis,Sacramento Valley,7/7/2012,2200,189,21.4, ,46, ,1.3, 
6,Davis,Sacramento Valley,7/8/2012,0500,190,13.1, ,79, ,0.9, 
6,Davis,Sacramento Valley,7/8/2012,0600,190,13.7, ,77, ,1.2, 
6,Davis,Sacramento Valley,7/8/2012,0700,190,16.1, ,71, ,1.6, 
6,Davis,Sacramento Valley,7/8/2012,0800,190,19.5, ,61, ,1.3, 
6,Davis,Sacramento Valley,7/8/2012,0900,190,23.0, ,50, ,1.2, 
6,Davis,Sacramento Valley,7/8/2012,1000,190,25.5, ,46, ,1.7, 
6,Davis,Sacramento Valley,7/8/2012,1100,190,27.6, ,44, ,2.1, 
6,Davis,Sacramento Valley,7/8/2012,1200,190,29.4, ,41, ,2.7, 
6,Davis,Sacramento Valley,7/8/2012,1300,190,31.1, ,34, ,3.2, 
6,Davis,Sacramento Valley,7/8/2012,1400,190,32.9, ,29, ,3.6, 
6,Davis,Sacramento Valley,7/8/2012,1500,190,34.2, ,27, ,3.9, 
6,Davis,Sacramento Valley,7/8/2012,1600,190,34.6, ,28, ,4.0, 
6,Davis,Sacramento Valley,7/8/2012,1700,190,34.8, ,27, ,3.2, 
6,Davis,Sacramento Valley,7/8/2012,1800,190,33.4, ,27, ,4.0, 
6,Davis,Sacramento Valley,7/8/2012,1900,190,30.6, ,34, ,3.3, 
6,Davis,Sacramento Valley,7/8/2012,2000,190,26.0, ,44, ,2.5, 
6,Davis,Sacramento Valley,7/8/2012,2100,190,21.8, ,53, ,1.7, 
6,Davis,Sacramento Valley,7/8/2012,2200,190,19.3, ,59, ,1.6, 
6,Davis,Sacramento Valley,7/9/2012,0500,191,12.8, ,82, ,1.6, 
6,Davis,Sacramento Valley,7/9/2012,0600,191,13.5, ,79, ,1.6, 
6,Davis,Sacramento Valley,7/9/2012,0700,191,15.6, ,71, ,1.9, 
6,Davis,Sacramento Valley,7/9/2012,0800,191,18.3, ,63, ,2.1, 
6,Davis,Sacramento Valley,7/9/2012,0900,191,21.2, ,54, ,1.6, 
6,Davis,Sacramento Valley,7/9/2012,1000,191,23.8, ,47, ,1.8, 
6,Davis,Sacramento Valley,7/9/2012,1100,191,25.8, ,45, ,2.2, 
6,Davis,Sacramento Valley,7/9/2012,1200,191,27.5, ,44, ,2.4, 
6,Davis,Sacramento Valley,7/9/2012,1300,191,29.4, ,38, ,2.5, 
6,Davis,Sacramento Valley,7/9/2012,1400,191,31.3, ,32, ,2.9, 
6,Davis,Sacramento Valley,7/9/2012,1500,191,32.8, ,31, ,2.9, 
6,Davis,Sacramento Valley,7/9/2012,1600,191,33.8, ,24, ,4.0, 
6,Davis,Sacramento Valley,7/9/2012,1700,191,33.3, ,26, ,4.2, 
6,Davis,Sacramento Valley,7/9/2012,1800,191,32.1, ,30, ,3.4, 
6,Davis,Sacramento Valley,7/9/2012,1900,191,28.1, ,38, ,3.9, 
6,Davis,Sacramento Valley,7/9/2012,2000,191,23.7, ,46, ,3.2, 
6,Davis,Sacramento Valley,7/9/2012,2100,191,20.1, ,54, ,2.1, 
6,Davis,Sacramento Valley,7/9/2012,2200,191,17.8, ,61, ,1.6, 
6,Davis,Sacramento Valley,7/10/2012,0500,192,11.6, ,85, ,0.8, 
6,Davis,Sacramento Valley,7/10/2012,0600,192,11.7, ,84, ,0.9, 
6,Davis,Sacramento Valley,7/10/2012,0700,192,15.0, ,76, ,1.2, 
6,Davis,Sacramento Valley,7/10/2012,0800,192,19.0, ,63, ,0.9, 
6,Davis,Sacramento Valley,7/10/2012,0900,192,23.1, ,53, ,1.2, 
6,Davis,Sacramento Valley,7/10/2012,1000,192,26.2, ,45, ,1.1, 
6,Davis,Sacramento Valley,7/10/2012,1100,192,29.5, ,36, ,1.6, 
6,Davis,Sacramento Valley,7/10/2012,1200,192,31.4, ,32, ,2.2, 
6,Davis,Sacramento Valley,7/10/2012,1300,192,33.4, ,27, ,2.5, 
6,Davis,Sacramento Valley,7/10/2012,1400,192,35.2, ,19, ,2.3, 
6,Davis,Sacramento Valley,7/10/2012,1500,192,36.1, ,18, ,1.8, 
6,Davis,Sacramento Valley,7/10/2012,1600,192,36.3, ,20, ,2.5, 
6,Davis,Sacramento Valley,7/10/2012,1700,192,36.1, ,24, ,2.7, 
6,Davis,Sacramento Valley,7/10/2012,1800,192,35.6, ,23, ,3.0, 
6,Davis,Sacramento Valley,7/10/2012,1900,192,33.5, ,30, ,2.7, 
6,Davis,Sacramento Valley,7/10/2012,2000,192,28.9, ,41, ,2.2, 
6,Davis,Sacramento Valley,7/10/2012,2100,192,25.4, ,48, ,1.4, 
6,Davis,Sacramento Valley,7/10/2012,2200,192,21.5, ,53, ,1.8, 
6,Davis,Sacramento Valley,7/11/2012,0500,193,14.4, ,79, ,1.0, 
6,Davis,Sacramento Valley,7/11/2012,0600,193,15.9, ,73, ,1.3, 
6,Davis,Sacramento Valley,7/11/2012,0700,193,19.0, ,66, ,1.2, 
6,Davis,Sacramento Valley,7/11/2012,0800,193,22.1, ,55, ,2.1, 
6,Davis,Sacramento Valley,7/11/2012,0900,193,25.1, ,50, ,2.3, 
6,Davis,Sacramento Valley,7/11/2012,1000,193,28.8, ,38, ,2.6, 
6,Davis,Sacramento Valley,7/11/2012,1100,193,31.4, ,31, ,2.8, 
6,Davis,Sacramento Valley,7/11/2012,1200,193,33.2, ,27, ,3.0, 
6,Davis,Sacramento Valley,7/11/2012,1300,193,34.8, ,24, ,2.4, 
6,Davis,Sacramento Valley,7/11/2012,1400,193,35.9, ,23, ,2.5, 
6,Davis,Sacramento Valley,7/11/2012,1500,193,37.5, ,16, ,1.9, 
6,Davis,Sacramento Valley,7/11/2012,1600,193,38.3, ,15, ,1.7, 
6,Davis,Sacramento Valley,7/11/2012,1700,193,38.5, ,17, ,1.9, 
6,Davis,Sacramento Valley,7/11/2012,1800,193,37.4, ,21, ,2.6, 
6,Davis,Sacramento Valley,7/11/2012,1900,193,34.8, ,24, ,2.7, 
6,Davis,Sacramento Valley,7/11/2012,2000,193,30.8, ,32, ,1.8, 
6,Davis,Sacramento Valley,7/11/2012,2100,193,25.4, ,47, ,1.1, 
6,Davis,Sacramento Valley,7/11/2012,2200,193,23.3, ,54, ,1.0, 
6,Davis,Sacramento Valley,7/12/2012,0500,194,15.2, ,78, ,0.7, 
6,Davis,Sacramento Valley,7/12/2012,0600,194,15.7, ,76, ,0.8, 
6,Davis,Sacramento Valley,7/12/2012,0700,194,18.8, ,68, ,0.8, 
6,Davis,Sacramento Valley,7/12/2012,0800,194,22.4, ,58, ,1.7, 
6,Davis,Sacramento Valley,7/12/2012,0900,194,25.2, ,50, ,1.9, 
6,Davis,Sacramento Valley,7/12/2012,1000,194,28.6, ,42, ,1.4, 
6,Davis,Sacramento Valley,7/12/2012,1100,194,31.4, ,33, ,1.7, 
6,Davis,Sacramento Valley,7/12/2012,1200,194,33.5, ,32, ,1.4, 
6,Davis,Sacramento Valley,7/12/2012,1300,194,34.5, ,31, ,2.1, 
6,Davis,Sacramento Valley,7/12/2012,1400,194,35.4, ,32, ,2.7, 
6,Davis,Sacramento Valley,7/12/2012,1500,194,36.2, ,30, ,3.5, 
6,Davis,Sacramento Valley,7/12/2012,1600,194,36.7, ,28, ,3.8, 
6,Davis,Sacramento Valley,7/12/2012,1700,194,36.3, ,31, ,4.6, 
6,Davis,Sacramento Valley,7/12/2012,1800,194,33.4, ,38, ,4.6, 
6,Davis,Sacramento Valley,7/12/2012,1900,194,30.6, ,42, ,3.5, 
6,Davis,Sacramento Valley,7/12/2012,2000,194,25.6, ,49, ,3.6, 
6,Davis,Sacramento Valley,7/12/2012,2100,194,21.6, ,58, ,3.2, 
6,Davis,Sacramento Valley,7/12/2012,2200,194,19.5, ,62, ,2.8, 
6,Davis,Sacramento Valley,7/13/2012,0500,195,12.4, ,86, ,0.9, 
6,Davis,Sacramento Valley,7/13/2012,0600,195,12.9, ,84, ,2.1, 
6,Davis,Sacramento Valley,7/13/2012,0700,195,14.6, ,77, ,3.8, 
6,Davis,Sacramento Valley,7/13/2012,0800,195,17.0, ,69, ,3.0, 
6,Davis,Sacramento Valley,7/13/2012,0900,195,19.3, ,62, ,2.1, 
6,Davis,Sacramento Valley,7/13/2012,1000,195,21.7, ,57, ,1.4, 
6,Davis,Sacramento Valley,7/13/2012,1100,195,23.8, ,52, ,1.9, 
6,Davis,Sacramento Valley,7/13/2012,1200,195,24.9, ,51, ,3.4, 
6,Davis,Sacramento Valley,7/13/2012,1300,195,25.6, ,48, ,3.2, 
6,Davis,Sacramento Valley,7/13/2012,1400,195,26.8, ,44, ,4.4, 
6,Davis,Sacramento Valley,7/13/2012,1500,195,26.8, ,45, ,5.3, 
6,Davis,Sacramento Valley,7/13/2012,1600,195,27.2, ,45, ,4.7, 
6,Davis,Sacramento Valley,7/13/2012,1700,195,26.1, ,46, ,5.4, 
6,Davis,Sacramento Valley,7/13/2012,1800,195,23.9, ,49, ,5.8, 
6,Davis,Sacramento Valley,7/13/2012,1900,195,20.4, ,55, ,5.7, 
6,Davis,Sacramento Valley,7/13/2012,2000,195,17.3,Y,63,Y,4.8, 
6,Davis,Sacramento Valley,7/13/2012,2100,195,15.2,Y,71,Y,5.5, 
6,Davis,Sacramento Valley,7/13/2012,2200,195,14.2, ,75, ,4.7, 
6,Davis,Sacramento Valley,7/14/2012,0500,196,11.5, ,90, ,1.5, 
6,Davis,Sacramento Valley,7/14/2012,0600,196,11.6, ,89, ,1.2, 
6,Davis,Sacramento Valley,7/14/2012,0700,196,13.5, ,83, ,1.9, 
6,Davis,Sacramento Valley,7/14/2012,0800,196,15.2, ,80, ,1.9, 
6,Davis,Sacramento Valley,7/14/2012,0900,196,16.9, ,75, ,1.6, 
6,Davis,Sacramento Valley,7/14/2012,1000,196,19.1, ,68, ,1.6, 
6,Davis,Sacramento Valley,7/14/2012,1100,196,21.1, ,62, ,1.6, 
6,Davis,Sacramento Valley,7/14/2012,1200,196,23.0, ,59, ,2.2, 
6,Davis,Sacramento Valley,7/14/2012,1300,196,24.6, ,54, ,2.2, 
6,Davis,Sacramento Valley,7/14/2012,1400,196,26.1, ,50, ,2.6, 
6,Davis,Sacramento Valley,7/14/2012,1500,196,27.4, ,46, ,2.8, 
6,Davis,Sacramento Valley,7/14/2012,1600,196,27.6, ,44, ,3.8, 
6,Davis,Sacramento Valley,7/14/2012,1700,196,27.6, ,43, ,3.6, 
6,Davis,Sacramento Valley,7/14/2012,1800,196,27.0, ,46, ,3.6, 
6,Davis,Sacramento Valley,7/14/2012,1900,196,24.9, ,51, ,3.5, 
6,Davis,Sacramento Valley,7/14/2012,2000,196,21.4, ,59, ,2.4, 
6,Davis,Sacramento Valley,7/14/2012,2100,196,18.9, ,66, ,1.6, 
6,Davis,Sacramento Valley,7/14/2012,2200,196,17.3, ,72, ,1.5, 
6,Davis,Sacramento Valley,7/15/2012,0500,197,11.4, ,91, ,0.9, 
6,Davis,Sacramento Valley,7/15/2012,0600,197,11.9, ,89, ,1.0, 
6,Davis,Sacramento Valley,7/15/2012,0700,197,15.0, ,81, ,1.1, 
6,Davis,Sacramento Valley,7/15/2012,0800,197,17.9, ,72, ,1.0, 
6,Davis,Sacramento Valley,7/15/2012,0900,197,20.7, ,66, ,1.4, 
6,Davis,Sacramento Valley,7/15/2012,1000,197,23.1, ,62, ,2.1, 
6,Davis,Sacramento Valley,7/15/2012,1100,197,25.9, ,53, ,1.9, 
6,Davis,Sacramento Valley,7/15/2012,1200,197,27.8, ,46, ,2.3, 
6,Davis,Sacramento Valley,7/15/2012,1300,197,29.4, ,42, ,2.6, 
6,Davis,Sacramento Valley,7/15/2012,1400,197,31.0, ,36, ,3.0, 
6,Davis,Sacramento Valley,7/15/2012,1500,197,32.1, ,31, ,4.1, 
6,Davis,Sacramento Valley,7/15/2012,1600,197,32.5, ,32, ,4.6, 
6,Davis,Sacramento Valley,7/15/2012,1700,197,32.6, ,34, ,4.6, 
6,Davis,Sacramento Valley,7/15/2012,1800,197,31.8, ,36, ,3.3, 
6,Davis,Sacramento Valley,7/15/2012,1900,197,28.7, ,43, ,3.0, 
6,Davis,Sacramento Valley,7/15/2012,2000,197,24.1, ,50, ,2.9, 
6,Davis,Sacramento Valley,7/15/2012,2100,197,19.6, ,63, ,2.9, 
6,Davis,Sacramento Valley,7/15/2012,2200,197,17.6, ,68, ,3.1, 
6,Davis,Sacramento Valley,7/16/2012,0500,198,13.8, ,79, ,4.0, 
6,Davis,Sacramento Valley,7/16/2012,0600,198,14.0, ,78, ,4.4, 
6,Davis,Sacramento Valley,7/16/2012,0700,198,14.7, ,75, ,5.2, 
6,Davis,Sacramento Valley,7/16/2012,0800,198,15.4, ,72, ,7.7, 
6,Davis,Sacramento Valley,7/16/2012,0900,198,16.3,Y,68,Y,7.1, 
6,Davis,Sacramento Valley,7/16/2012,1000,198,17.8,Y,62,Y,6.9, 
6,Davis,Sacramento Valley,7/16/2012,1100,198,18.8,Y,59,Y,7.6, 
6,Davis,Sacramento Valley,7/16/2012,1200,198,19.7,Y,56,Y,8.1, 
6,Davis,Sacramento Valley,7/16/2012,1300,198,20.8,Y,53,Y,7.7, 
6,Davis,Sacramento Valley,7/16/2012,1400,198,20.6,R,52,R,7.8, 
6,Davis,Sacramento Valley,7/16/2012,1500,198,21.2,R,53,R,6.4, 
6,Davis,Sacramento Valley,7/16/2012,1600,198,21.2,R,52,R,6.2, 
6,Davis,Sacramento Valley,7/16/2012,1700,198,20.4,R,54,R,7.1, 
6,Davis,Sacramento Valley,7/16/2012,1800,198,19.4,Y,56,Y,5.8, 
6,Davis,Sacramento Valley,7/16/2012,1900,198,17.6,Y,60,Y,5.1, 
6,Davis,Sacramento Valley,7/16/2012,2000,198,15.3,Y,68,Y,5.1, 
6,Davis,Sacramento Valley,7/16/2012,2100,198,14.3,Y,72,Y,4.9, 
6,Davis,Sacramento Valley,7/16/2012,2200,198,14.1, ,74, ,4.3, 
6,Davis,Sacramento Valley,7/17/2012,0500,199,11.7, ,88, ,1.5, 
6,Davis,Sacramento Valley,7/17/2012,0600,199,12.5, ,85, ,2.3, 
6,Davis,Sacramento Valley,7/17/2012,0700,199,14.6, ,77, ,2.7, 
6,Davis,Sacramento Valley,7/17/2012,0800,199,15.9, ,72, ,2.6, 
6,Davis,Sacramento Valley,7/17/2012,0900,199,16.5, ,69, ,2.5, 
6,Davis,Sacramento Valley,7/17/2012,1000,199,16.9,Y,69,Y,3.3, 
6,Davis,Sacramento Valley,7/17/2012,1100,199,17.3,Y,68,Y,3.0, 
6,Davis,Sacramento Valley,7/17/2012,1200,199,18.1,R,65,R,3.8, 
6,Davis,Sacramento Valley,7/17/2012,1300,199,19.3,R,62,R,3.2, 
6,Davis,Sacramento Valley,7/17/2012,1400,199,20.4,R,59,R,3.1, 
6,Davis,Sacramento Valley,7/17/2012,1500,199,21.0,R,57,R,2.7, 
6,Davis,Sacramento Valley,7/17/2012,1600,199,21.9,Y,54,Y,2.7, 
6,Davis,Sacramento Valley,7/17/2012,1700,199,22.4,Y,51,Y,2.9, 
6,Davis,Sacramento Valley,7/17/2012,1800,199,22.4,Y,48,Y,4.2, 
6,Davis,Sacramento Valley,7/17/2012,1900,199,21.1, ,52, ,4.2, 
6,Davis,Sacramento Valley,7/17/2012,2000,199,19.1, ,59, ,3.3, 
6,Davis,Sacramento Valley,7/17/2012,2100,199,17.3, ,65, ,4.2, 
6,Davis,Sacramento Valley,7/17/2012,2200,199,16.3, ,68, ,3.8, 
6,Davis,Sacramento Valley,7/18/2012,0500,200,11.4, ,85, ,0.9, 
6,Davis,Sacramento Valley,7/18/2012,0600,200,11.7, ,85, ,0.8, 
6,Davis,Sacramento Valley,7/18/2012,0700,200,14.1, ,76, ,1.5, 
6,Davis,Sacramento Valley,7/18/2012,0800,200,17.0, ,66, ,1.3, 
6,Davis,Sacramento Valley,7/18/2012,0900,200,19.2, ,61, ,1.4, 
6,Davis,Sacramento Valley,7/18/2012,1000,200,21.2, ,53, ,1.5, 
6,Davis,Sacramento Valley,7/18/2012,1100,200,22.7, ,50, ,1.7, 
6,Davis,Sacramento Valley,7/18/2012,1200,200,23.8, ,50, ,2.2, 
6,Davis,Sacramento Valley,7/18/2012,1300,200,24.5, ,49, ,2.7, 
6,Davis,Sacramento Valley,7/18/2012,1400,200,25.4, ,47, ,2.4, 
6,Davis,Sacramento Valley,7/18/2012,1500,200,26.4, ,43, ,2.8, 
6,Davis,Sacramento Valley,7/18/2012,1600,200,26.7, ,40, ,4.0, 
6,Davis,Sacramento Valley,7/18/2012,1700,200,26.7, ,36, ,4.2, 
6,Davis,Sacramento Valley,7/18/2012,1800,200,26.2, ,37, ,4.1, 
6,Davis,Sacramento Valley,7/18/2012,1900,200,24.7, ,42, ,3.7, 
6,Davis,Sacramento Valley,7/18/2012,2000,200,21.7, ,51, ,2.7, 
6,Davis,Sacramento Valley,7/18/2012,2100,200,19.7, ,59, ,2.4, 
6,Davis,Sacramento Valley,7/18/2012,2200,200,17.1, ,71, ,1.9, 
6,Davis,Sacramento Valley,7/19/2012,0500,201,13.6, ,84, ,1.1, 
6,Davis,Sacramento Valley,7/19/2012,0600,201,12.9, ,87, ,1.7, 
6,Davis,Sacramento Valley,7/19/2012,0700,201,14.1, ,83, ,2.2, 
6,Davis,Sacramento Valley,7/19/2012,0800,201,16.4, ,73, ,2.1, 
6,Davis,Sacramento Valley,7/19/2012,0900,201,19.1, ,63, ,2.1, 
6,Davis,Sacramento Valley,7/19/2012,1000,201,21.2, ,56, ,3.1, 
6,Davis,Sacramento Valley,7/19/2012,1100,201,22.9, ,51, ,3.1, 
6,Davis,Sacramento Valley,7/19/2012,1200,201,24.7, ,46, ,3.5, 
6,Davis,Sacramento Valley,7/19/2012,1300,201,25.9, ,42, ,4.0, 
6,Davis,Sacramento Valley,7/19/2012,1400,201,27.4, ,32, ,4.5, 
6,Davis,Sacramento Valley,7/19/2012,1500,201,28.3, ,26, ,5.1, 
6,Davis,Sacramento Valley,7/19/2012,1600,201,28.5, ,26, ,4.7, 
6,Davis,Sacramento Valley,7/19/2012,1700,201,28.5, ,28, ,4.5, 
6,Davis,Sacramento Valley,7/19/2012,1800,201,27.5, ,32, ,4.0, 
6,Davis,Sacramento Valley,7/19/2012,1900,201,25.6, ,37, ,3.2, 
6,Davis,Sacramento Valley,7/19/2012,2000,201,21.4, ,56, ,3.5, 
6,Davis,Sacramento Valley,7/19/2012,2100,201,17.8, ,66, ,3.6, 
6,Davis,Sacramento Valley,7/19/2012,2200,201,16.2, ,72, ,3.1, 
6,Davis,Sacramento Valley,7/20/2012,0500,202,12.3, ,91, ,1.5, 
6,Davis,Sacramento Valley,7/20/2012,0600,202,12.9, ,88, ,1.3, 
6,Davis,Sacramento Valley,7/20/2012,0700,202,15.1, ,81, ,1.4, 
6,Davis,Sacramento Valley,7/20/2012,0800,202,18.6, ,68, ,1.2, 
6,Davis,Sacramento Valley,7/20/2012,0900,202,21.1, ,58, ,1.3, 
6,Davis,Sacramento Valley,7/20/2012,1000,202,23.4, ,49, ,2.5, 
6,Davis,Sacramento Valley,7/20/2012,1100,202,25.4, ,47, ,4.0, 
6,Davis,Sacramento Valley,7/20/2012,1200,202,27.5, ,42, ,4.2, 
6,Davis,Sacramento Valley,7/20/2012,1300,202,29.4, ,34, ,4.3, 
6,Davis,Sacramento Valley,7/20/2012,1400,202,30.6, ,30, ,3.7, 
6,Davis,Sacramento Valley,7/20/2012,1500,202,31.7, ,26, ,3.6, 
6,Davis,Sacramento Valley,7/20/2012,1600,202,32.7, ,22, ,3.6, 
6,Davis,Sacramento Valley,7/20/2012,1700,202,32.8, ,25, ,3.0, 
6,Davis,Sacramento Valley,7/20/2012,1800,202,31.9, ,30, ,2.4, 
6,Davis,Sacramento Valley,7/20/2012,1900,202,31.5, ,30, ,1.1, 
6,Davis,Sacramento Valley,7/20/2012,2000,202,26.6, ,50, ,0.8, 
6,Davis,Sacramento Valley,7/20/2012,2100,202,23.4, ,57, ,0.7, 
6,Davis,Sacramento Valley,7/20/2012,2200,202,22.3, ,58, ,0.8, 
6,Davis,Sacramento Valley,7/21/2012,0500,203,14.4, ,83, ,0.8, 
6,Davis,Sacramento Valley,7/21/2012,0600,203,15.7, ,78, ,0.9, 
6,Davis,Sacramento Valley,7/21/2012,0700,203,19.8, ,61, ,1.2, 
6,Davis,Sacramento Valley,7/21/2012,0800,203,24.4, ,45, ,2.4, 
6,Davis,Sacramento Valley,7/21/2012,0900,203,27.4, ,39, ,3.4, 
6,Davis,Sacramento Valley,7/21/2012,1000,203,29.7, ,34, ,4.2, 
6,Davis,Sacramento Valley,7/21/2012,1100,203,31.1, ,32, ,4.0, 
6,Davis,Sacramento Valley,7/21/2012,1200,203,32.3, ,30, ,3.7, 
6,Davis,Sacramento Valley,7/21/2012,1300,203,33.4, ,28, ,2.6, 
6,Davis,Sacramento Valley,7/21/2012,1400,203,34.7, ,29, ,1.8, 
6,Davis,Sacramento Valley,7/21/2012,1500,203,35.1, ,27, ,2.5, 
6,Davis,Sacramento Valley,7/21/2012,1600,203,35.4, ,27, ,2.2, 
6,Davis,Sacramento Valley,7/21/2012,1700,203,35.6, ,28, ,2.2, 
6,Davis,Sacramento Valley,7/21/2012,1800,203,35.0, ,30, ,2.8, 
6,Davis,Sacramento Valley,7/21/2012,1900,203,32.2, ,35, ,2.9, 
6,Davis,Sacramento Valley,7/21/2012,2000,203,28.7, ,44, ,2.2, 
6,Davis,Sacramento Valley,7/21/2012,2100,203,25.7, ,52, ,0.9, 
6,Davis,Sacramento Valley,7/21/2012,2200,203,23.6, ,54, ,1.5, 
6,Davis,Sacramento Valley,7/22/2012,0500,204,16.5, ,75, ,1.0, 
6,Davis,Sacramento Valley,7/22/2012,0600,204,15.9, ,80, ,0.9, 
6,Davis,Sacramento Valley,7/22/2012,0700,204,20.2, ,67, ,1.7, 
6,Davis,Sacramento Valley,7/22/2012,0800,204,24.7, ,53, ,2.9, 
6,Davis,Sacramento Valley,7/22/2012,0900,204,27.6, ,44, ,2.4, 
6,Davis,Sacramento Valley,7/22/2012,1000,204,30.3, ,36, ,2.3, 
6,Davis,Sacramento Valley,7/22/2012,1100,204,31.7, ,34, ,2.5, 
6,Davis,Sacramento Valley,7/22/2012,1200,204,33.3, ,32, ,2.0, 
6,Davis,Sacramento Valley,7/22/2012,1300,204,34.8, ,33, ,2.0, 
6,Davis,Sacramento Valley,7/22/2012,1400,204,35.5, ,32, ,2.4, 
6,Davis,Sacramento Valley,7/22/2012,1500,204,36.1, ,29, ,2.7, 
6,Davis,Sacramento Valley,7/22/2012,1600,204,36.8, ,24, ,2.7, 
6,Davis,Sacramento Valley,7/22/2012,1700,204,36.8, ,24, ,3.3, 
6,Davis,Sacramento Valley,7/22/2012,1800,204,35.8, ,29, ,2.9, 
6,Davis,Sacramento Valley,7/22/2012,1900,204,33.3, ,38, ,3.1, 
6,Davis,Sacramento Valley,7/22/2012,2000,204,29.1, ,43, ,2.6, 
6,Davis,Sacramento Valley,7/22/2012,2100,204,24.4, ,50, ,2.3, 
6,Davis,Sacramento Valley,7/22/2012,2200,204,22.4, ,54, ,1.6, 
6,Davis,Sacramento Valley,7/23/2012,0500,205,16.3, ,72, ,2.4, 
6,Davis,Sacramento Valley,7/23/2012,0600,205,16.5, ,72, ,1.6, 
6,Davis,Sacramento Valley,7/23/2012,0700,205,17.5, ,70, ,2.4, 
6,Davis,Sacramento Valley,7/23/2012,0800,205,19.5, ,64, ,2.2, 
6,Davis,Sacramento Valley,7/23/2012,0900,205,21.9, ,57, ,2.9, 
6,Davis,Sacramento Valley,7/23/2012,1000,205,24.0, ,52, ,3.5, 
6,Davis,Sacramento Valley,7/23/2012,1100,205,25.6, ,49, ,4.0, 
6,Davis,Sacramento Valley,7/23/2012,1200,205,27.1, ,44, ,4.2, 
6,Davis,Sacramento Valley,7/23/2012,1300,205,28.6, ,39, ,4.2, 
6,Davis,Sacramento Valley,7/23/2012,1400,205,29.7, ,35, ,5.0, 
6,Davis,Sacramento Valley,7/23/2012,1500,205,30.0, ,33, ,5.6, 
6,Davis,Sacramento Valley,7/23/2012,1600,205,29.9, ,32, ,5.5, 
6,Davis,Sacramento Valley,7/23/2012,1700,205,29.5, ,34, ,5.6, 
6,Davis,Sacramento Valley,7/23/2012,1800,205,27.6, ,40, ,4.9, 
6,Davis,Sacramento Valley,7/23/2012,1900,205,25.4, ,44, ,4.0, 
6,Davis,Sacramento Valley,7/23/2012,2000,205,22.2, ,50, ,3.3, 
6,Davis,Sacramento Valley,7/23/2012,2100,205,19.8, ,57, ,1.7, 
6,Davis,Sacramento Valley,7/23/2012,2200,205,18.3, ,61, ,2.0, 
6,Davis,Sacramento Valley,7/24/2012,0500,206,12.9, ,84, ,1.2, 
6,Davis,Sacramento Valley,7/24/2012,0600,206,12.6, ,85, ,2.0, 
6,Davis,Sacramento Valley,7/24/2012,0700,206,14.6, ,80, ,2.6, 
6,Davis,Sacramento Valley,7/24/2012,0800,206,17.7, ,68, ,2.5, 
6,Davis,Sacramento Valley,7/24/2012,0900,206,21.0, ,60, ,2.5, 
6,Davis,Sacramento Valley,7/24/2012,1000,206,23.1, ,52, ,2.6, 
6,Davis,Sacramento Valley,7/24/2012,1100,206,24.5, ,45, ,3.2, 
6,Davis,Sacramento Valley,7/24/2012,1200,206,26.7, ,38, ,3.2, 
6,Davis,Sacramento Valley,7/24/2012,1300,206,28.6, ,29, ,3.7, 
6,Davis,Sacramento Valley,7/24/2012,1400,206,30.2, ,25, ,3.8, 
6,Davis,Sacramento Valley,7/24/2012,1500,206,31.3, ,22, ,3.8, 
6,Davis,Sacramento Valley,7/24/2012,1600,206,31.4, ,22, ,4.0, 
6,Davis,Sacramento Valley,7/24/2012,1700,206,31.0, ,23, ,4.0, 
6,Davis,Sacramento Valley,7/24/2012,1800,206,30.1, ,28, ,3.8, 
6,Davis,Sacramento Valley,7/24/2012,1900,206,26.8, ,44, ,3.3, 
6,Davis,Sacramento Valley,7/24/2012,2000,206,22.1, ,56, ,3.0, 
6,Davis,Sacramento Valley,7/24/2012,2100,206,19.1, ,64, ,2.2, 
6,Davis,Sacramento Valley,7/24/2012,2200,206,17.0, ,71, ,2.6, 
6,Davis,Sacramento Valley,7/25/2012,0500,207,12.2, ,86, ,1.2, 
6,Davis,Sacramento Valley,7/25/2012,0600,207,12.3, ,86, ,0.7, 
6,Davis,Sacramento Valley,7/25/2012,0700,207,14.1, ,79, ,1.0, 
6,Davis,Sacramento Valley,7/25/2012,0800,207,16.4, ,71, ,1.6, 
6,Davis,Sacramento Valley,7/25/2012,0900,207,19.3, ,60, ,1.3, 
6,Davis,Sacramento Valley,7/25/2012,1000,207,22.9, ,47, ,1.5, 
6,Davis,Sacramento Valley,7/25/2012,1100,207,25.2, ,43, ,1.7, 
6,Davis,Sacramento Valley,7/25/2012,1200,207,26.8, ,41, ,2.6, 
6,Davis,Sacramento Valley,7/25/2012,1300,207,28.0, ,38, ,3.3, 
6,Davis,Sacramento Valley,7/25/2012,1400,207,29.2, ,34, ,3.1, 
6,Davis,Sacramento Valley,7/25/2012,1500,207,30.3, ,30, ,3.5, 
6,Davis,Sacramento Valley,7/25/2012,1600,207,31.0, ,27, ,4.2, 
6,Davis,Sacramento Valley,7/25/2012,1700,207,30.6, ,24, ,4.2, 
6,Davis,Sacramento Valley,7/25/2012,1800,207,28.7, ,37, ,3.9, 
6,Davis,Sacramento Valley,7/25/2012,1900,207,25.2, ,46, ,3.6, 
6,Davis,Sacramento Valley,7/25/2012,2000,207,21.4, ,57, ,2.6, 
6,Davis,Sacramento Valley,7/25/2012,2100,207,18.7, ,64, ,2.6, 
6,Davis,Sacramento Valley,7/25/2012,2200,207,17.2, ,67, ,2.9, 
6,Davis,Sacramento Valley,7/26/2012,0500,208,10.9, ,88, ,0.5, 
6,Davis,Sacramento Valley,7/26/2012,0600,208,10.6, ,88, ,1.2, 
6,Davis,Sacramento Valley,7/26/2012,0700,208,13.2, ,84, ,1.7, 
6,Davis,Sacramento Valley,7/26/2012,0800,208,16.3, ,73, ,1.1, 
6,Davis,Sacramento Valley,7/26/2012,0900,208,18.6, ,66, ,1.2, 
6,Davis,Sacramento Valley,7/26/2012,1000,208,20.5, ,61, ,2.1, 
6,Davis,Sacramento Valley,7/26/2012,1100,208,22.4, ,55, ,2.3, 
6,Davis,Sacramento Valley,7/26/2012,1200,208,24.0, ,52, ,2.6, 
6,Davis,Sacramento Valley,7/26/2012,1300,208,25.5, ,46, ,3.1, 
6,Davis,Sacramento Valley,7/26/2012,1400,208,27.3, ,39, ,3.6, 
6,Davis,Sacramento Valley,7/26/2012,1500,208,27.2, ,41, ,4.4, 
6,Davis,Sacramento Valley,7/26/2012,1600,208,29.3, ,36, ,3.8, 
6,Davis,Sacramento Valley,7/26/2012,1700,208,28.9, ,38, ,4.6, 
6,Davis,Sacramento Valley,7/26/2012,1800,208,26.5, ,45, ,3.8, 
6,Davis,Sacramento Valley,7/26/2012,1900,208,24.0, ,49, ,3.7, 
6,Davis,Sacramento Valley,7/26/2012,2000,208,20.3, ,58, ,3.3, 
6,Davis,Sacramento Valley,7/26/2012,2100,208,17.4, ,67, ,3.5, 
6,Davis,Sacramento Valley,7/26/2012,2200,208,16.0, ,71, ,3.2, 
6,Davis,Sacramento Valley,7/27/2012,0500,209,11.9, ,86, ,2.2, 
6,Davis,Sacramento Valley,7/27/2012,0600,209,11.6, ,87, ,1.2, 
6,Davis,Sacramento Valley,7/27/2012,0700,209,13.1, ,83, ,1.7, 
6,Davis,Sacramento Valley,7/27/2012,0800,209,15.3, ,76, ,1.4, 
6,Davis,Sacramento Valley,7/27/2012,0900,209,17.7, ,69, ,1.5, 
6,Davis,Sacramento Valley,7/27/2012,1000,209,20.1, ,63, ,1.3, 
6,Davis,Sacramento Valley,7/27/2012,1100,209,22.3, ,58, ,1.8, 
6,Davis,Sacramento Valley,7/27/2012,1200,209,23.9, ,55, ,3.1, 
6,Davis,Sacramento Valley,7/27/2012,1300,209,24.9, ,50, ,3.5, 
6,Davis,Sacramento Valley,7/27/2012,1400,209,26.9, ,46, ,3.2, 
6,Davis,Sacramento Valley,7/27/2012,1500,209,28.1, ,41, ,3.5, 
6,Davis,Sacramento Valley,7/27/2012,1600,209,28.6, ,37, ,4.1, 
6,Davis,Sacramento Valley,7/27/2012,1700,209,29.0, ,34, ,4.0, 
6,Davis,Sacramento Valley,7/27/2012,1800,209,28.0, ,34, ,4.2, 
6,Davis,Sacramento Valley,7/27/2012,1900,209,25.2, ,45, ,4.0, 
6,Davis,Sacramento Valley,7/27/2012,2000,209,21.0, ,57, ,3.3, 
6,Davis,Sacramento Valley,7/27/2012,2100,209,19.1, ,63, ,3.5, 
6,Davis,Sacramento Valley,7/27/2012,2200,209,17.3, ,68, ,2.7, 
6,Davis,Sacramento Valley,7/28/2012,0500,210,11.4, ,91, ,0.7, 
6,Davis,Sacramento Valley,7/28/2012,0600,210,10.9, ,92, ,0.7, 
6,Davis,Sacramento Valley,7/28/2012,0700,210,13.2, ,86, ,1.3, 
6,Davis,Sacramento Valley,7/28/2012,0800,210,16.0, ,77, ,1.1, 
6,Davis,Sacramento Valley,7/28/2012,0900,210,18.4, ,70, ,1.4, 
6,Davis,Sacramento Valley,7/28/2012,1000,210,20.6, ,63, ,1.3, 
6,Davis,Sacramento Valley,7/28/2012,1100,210,23.5, ,55, ,1.4, 
6,Davis,Sacramento Valley,7/28/2012,1200,210,25.9, ,48, ,1.5, 
6,Davis,Sacramento Valley,7/28/2012,1300,210,28.0, ,41, ,2.1, 
6,Davis,Sacramento Valley,7/28/2012,1400,210,29.3, ,40, ,3.4, 
6,Davis,Sacramento Valley,7/28/2012,1500,210,30.0, ,34, ,3.6, 
6,Davis,Sacramento Valley,7/28/2012,1600,210,30.7, ,32, ,3.5, 
6,Davis,Sacramento Valley,7/28/2012,1700,210,30.9, ,31, ,4.0, 
6,Davis,Sacramento Valley,7/28/2012,1800,210,29.8, ,39, ,3.7, 
6,Davis,Sacramento Valley,7/28/2012,1900,210,27.2, ,44, ,3.6, 
6,Davis,Sacramento Valley,7/28/2012,2000,210,23.5, ,51, ,2.2, 
6,Davis,Sacramento Valley,7/28/2012,2100,210,20.7, ,58, ,2.1, 
6,Davis,Sacramento Valley,7/28/2012,2200,210,18.7, ,64, ,2.2, 
6,Davis,Sacramento Valley,7/29/2012,0500,211,12.5, ,90, ,1.0, 
6,Davis,Sacramento Valley,7/29/2012,0600,211,12.7, ,88, ,0.9, 
6,Davis,Sacramento Valley,7/29/2012,0700,211,14.4, ,81, ,1.2, 
6,Davis,Sacramento Valley,7/29/2012,0800,211,16.9, ,73, ,0.7, 
6,Davis,Sacramento Valley,7/29/2012,0900,211,19.6, ,63, ,1.0, 
6,Davis,Sacramento Valley,7/29/2012,1000,211,22.2, ,57, ,1.4, 
6,Davis,Sacramento Valley,7/29/2012,1100,211,24.7, ,51, ,1.3, 
6,Davis,Sacramento Valley,7/29/2012,1200,211,27.0, ,45, ,1.7, 
6,Davis,Sacramento Valley,7/29/2012,1300,211,28.6, ,43, ,2.0, 
6,Davis,Sacramento Valley,7/29/2012,1400,211,29.9, ,39, ,2.3, 
6,Davis,Sacramento Valley,7/29/2012,1500,211,30.7, ,37, ,2.9, 
6,Davis,Sacramento Valley,7/29/2012,1600,211,31.4, ,32, ,3.0, 
6,Davis,Sacramento Valley,7/29/2012,1700,211,31.6, ,29, ,3.5, 
6,Davis,Sacramento Valley,7/29/2012,1800,211,31.2, ,29, ,3.2, 
6,Davis,Sacramento Valley,7/29/2012,1900,211,29.4, ,35, ,2.7, 
6,Davis,Sacramento Valley,7/29/2012,2000,211,24.8, ,52, ,2.0, 
6,Davis,Sacramento Valley,7/29/2012,2100,211,21.2, ,62, ,1.7, 
6,Davis,Sacramento Valley,7/29/2012,2200,211,19.0, ,67, ,2.4, 
6,Davis,Sacramento Valley,7/30/2012,0500,212,12.4, ,88, ,0.6, 
6,Davis,Sacramento Valley,7/30/2012,0600,212,12.3, ,89, ,0.7, 
6,Davis,Sacramento Valley,7/30/2012,0700,212,15.4, ,77, ,1.2, 
6,Davis,Sacramento Valley,7/30/2012,0800,212,18.2, ,68, ,1.8, 
6,Davis,Sacramento Valley,7/30/2012,0900,212,21.8, ,58, ,1.6, 
6,Davis,Sacramento Valley,7/30/2012,1000,212,24.3, ,52, ,1.8, 
6,Davis,Sacramento Valley,7/30/2012,1100,212,27.8, ,42, ,1.9, 
6,Davis,Sacramento Valley,7/30/2012,1200,212,29.9, ,36, ,2.1, 
6,Davis,Sacramento Valley,7/30/2012,1300,212,31.5, ,31, ,2.0, 
6,Davis,Sacramento Valley,7/30/2012,1400,212,33.0, ,29, ,1.8, 
6,Davis,Sacramento Valley,7/30/2012,1500,212,34.2, ,26, ,1.8, 
6,Davis,Sacramento Valley,7/30/2012,1600,212,34.6, ,26, ,2.6, 
6,Davis,Sacramento Valley,7/30/2012,1700,212,34.5, ,27, ,3.0, 
6,Davis,Sacramento Valley,7/30/2012,1800,212,34.1, ,29, ,2.6, 
6,Davis,Sacramento Valley,7/30/2012,1900,212,32.1, ,35, ,2.8, 
6,Davis,Sacramento Valley,7/30/2012,2000,212,29.1, ,39, ,3.0, 
6,Davis,Sacramento Valley,7/30/2012,2100,212,26.1, ,46, ,2.3, 
6,Davis,Sacramento Valley,7/30/2012,2200,212,25.1, ,48, ,2.2, 
6,Davis,Sacramento Valley,7/31/2012,0500,213,15.4, ,78, ,1.4, 
6,Davis,Sacramento Valley,7/31/2012,0600,213,15.0, ,80, ,1.5, 
6,Davis,Sacramento Valley,7/31/2012,0700,213,17.4, ,73, ,1.2, 
6,Davis,Sacramento Valley,7/31/2012,0800,213,21.1, ,62, ,0.8, 
6,Davis,Sacramento Valley,7/31/2012,0900,213,24.3, ,55, ,1.1, 
6,Davis,Sacramento Valley,7/31/2012,1000,213,26.3, ,50, ,1.4, 
6,Davis,Sacramento Valley,7/31/2012,1100,213,28.4, ,45, ,2.1, 
6,Davis,Sacramento Valley,7/31/2012,1200,213,30.2, ,42, ,1.9, 
6,Davis,Sacramento Valley,7/31/2012,1300,213,32.2, ,36, ,2.0, 
6,Davis,Sacramento Valley,7/31/2012,1400,213,33.5, ,34, ,2.2, 
6,Davis,Sacramento Valley,7/31/2012,1500,213,34.6, ,26, ,2.9, 
6,Davis,Sacramento Valley,7/31/2012,1600,213,35.2, ,21, ,3.3, 
6,Davis,Sacramento Valley,7/31/2012,1700,213,34.6, ,22, ,3.7, 
6,Davis,Sacramento Valley,7/31/2012,1800,213,33.2, ,26, ,3.1, 
6,Davis,Sacramento Valley,7/31/2012,1900,213,30.1, ,36, ,3.1, 
6,Davis,Sacramento Valley,7/31/2012,2000,213,26.2, ,45, ,3.1, 
6,Davis,Sacramento Valley,7/31/2012,2100,213,22.2, ,56, ,1.6, 
6,Davis,Sacramento Valley,7/31/2012,2200,213,19.5, ,66, ,1.1, 
6,Davis,Sacramento Valley,8/1/2012,0500,214,12.7, ,89, ,1.3, 
6,Davis,Sacramento Valley,8/1/2012,0600,214,12.5, ,89, ,0.6, 
6,Davis,Sacramento Valley,8/1/2012,0700,214,15.3, ,79, ,0.7, 
6,Davis,Sacramento Valley,8/1/2012,0800,214,17.5, ,72, ,1.2, 
6,Davis,Sacramento Valley,8/1/2012,0900,214,20.6, ,64, ,1.1, 
6,Davis,Sacramento Valley,8/1/2012,1000,214,23.9, ,55, ,1.5, 
6,Davis,Sacramento Valley,8/1/2012,1100,214,26.8, ,47, ,2.1, 
6,Davis,Sacramento Valley,8/1/2012,1200,214,29.0, ,44, ,1.7, 
6,Davis,Sacramento Valley,8/1/2012,1300,214,31.0, ,38, ,1.9, 
6,Davis,Sacramento Valley,8/1/2012,1400,214,33.1, ,31, ,2.1, 
6,Davis,Sacramento Valley,8/1/2012,1500,214,34.1, ,26, ,2.2, 
6,Davis,Sacramento Valley,8/1/2012,1600,214,34.5, ,24, ,2.8, 
6,Davis,Sacramento Valley,8/1/2012,1700,214,34.8, ,18, ,2.7, 
6,Davis,Sacramento Valley,8/1/2012,1800,214,33.8, ,20, ,2.7, 
6,Davis,Sacramento Valley,8/1/2012,1900,214,29.6, ,35, ,3.3, 
6,Davis,Sacramento Valley,8/1/2012,2000,214,23.2, ,53, ,1.8, 
6,Davis,Sacramento Valley,8/1/2012,2100,214,20.9, ,60, ,0.8, 
6,Davis,Sacramento Valley,8/1/2012,2200,214,19.8, ,63, ,2.3, 
6,Davis,Sacramento Valley,8/2/2012,0500,215,12.7, ,86, ,0.9, 
6,Davis,Sacramento Valley,8/2/2012,0600,215,12.6, ,85, ,0.6, 
6,Davis,Sacramento Valley,8/2/2012,0700,215,15.4, ,76, ,0.6, 
6,Davis,Sacramento Valley,8/2/2012,0800,215,17.8, ,70, ,1.5, 
6,Davis,Sacramento Valley,8/2/2012,0900,215,20.2, ,63, ,1.9, 
6,Davis,Sacramento Valley,8/2/2012,1000,215,23.8, ,54, ,1.3, 
6,Davis,Sacramento Valley,8/2/2012,1100,215,27.0, ,45, ,1.3, 
6,Davis,Sacramento Valley,8/2/2012,1200,215,29.6, ,36, ,1.7, 
6,Davis,Sacramento Valley,8/2/2012,1300,215,31.7, ,28, ,1.7, 
6,Davis,Sacramento Valley,8/2/2012,1400,215,33.7, ,24, ,1.5, 
6,Davis,Sacramento Valley,8/2/2012,1500,215,34.9, ,24, ,1.9, 
6,Davis,Sacramento Valley,8/2/2012,1600,215,34.9, ,26, ,3.1, 
6,Davis,Sacramento Valley,8/2/2012,1700,215,34.9, ,23, ,3.2, 
6,Davis,Sacramento Valley,8/2/2012,1800,215,34.4, ,24, ,2.7, 
6,Davis,Sacramento Valley,8/2/2012,1900,215,32.1, ,31, ,2.0, 
6,Davis,Sacramento Valley,8/2/2012,2000,215,26.3, ,48, ,2.3, 
6,Davis,Sacramento Valley,8/2/2012,2100,215,22.2, ,57, ,2.1, 
6,Davis,Sacramento Valley,8/2/2012,2200,215,19.4, ,64, ,2.0, 
6,Davis,Sacramento Valley,8/3/2012,0500,216,12.3, ,88, ,0.7, 
6,Davis,Sacramento Valley,8/3/2012,0600,216,11.7, ,89, ,0.8, 
6,Davis,Sacramento Valley,8/3/2012,0700,216,14.2, ,81, ,1.2, 
6,Davis,Sacramento Valley,8/3/2012,0800,216,16.7, ,73, ,1.9, 
6,Davis,Sacramento Valley,8/3/2012,0900,216,19.4, ,63, ,1.3, 
6,Davis,Sacramento Valley,8/3/2012,1000,216,22.1, ,57, ,1.3, 
6,Davis,Sacramento Valley,8/3/2012,1100,216,24.7, ,51, ,1.5, 
6,Davis,Sacramento Valley,8/3/2012,1200,216,27.7, ,44, ,1.4, 
6,Davis,Sacramento Valley,8/3/2012,1300,216,30.0, ,39, ,1.8, 
6,Davis,Sacramento Valley,8/3/2012,1400,216,31.1, ,40, ,2.8, 
6,Davis,Sacramento Valley,8/3/2012,1500,216,31.6, ,37, ,3.1, 
6,Davis,Sacramento Valley,8/3/2012,1600,216,32.3, ,31, ,3.3, 
6,Davis,Sacramento Valley,8/3/2012,1700,216,32.0, ,34, ,3.6, 
6,Davis,Sacramento Valley,8/3/2012,1800,216,29.7, ,42, ,3.4, 
6,Davis,Sacramento Valley,8/3/2012,1900,216,24.6, ,49, ,3.9, 
6,Davis,Sacramento Valley,8/3/2012,2000,216,20.7, ,58, ,2.6, 
6,Davis,Sacramento Valley,8/3/2012,2100,216,18.9, ,63, ,2.7, 
6,Davis,Sacramento Valley,8/3/2012,2200,216,17.5, ,68, ,2.2, 
6,Davis,Sacramento Valley,8/4/2012,0500,217,13.0, ,82, ,4.6, 
6,Davis,Sacramento Valley,8/4/2012,0600,217,13.5, ,80, ,2.5, 
6,Davis,Sacramento Valley,8/4/2012,0700,217,14.0, ,79, ,1.5, 
6,Davis,Sacramento Valley,8/4/2012,0800,217,17.0, ,70, ,1.3, 
6,Davis,Sacramento Valley,8/4/2012,0900,217,18.5, ,66, ,2.8, 
6,Davis,Sacramento Valley,8/4/2012,1000,217,20.6, ,61, ,2.3, 
6,Davis,Sacramento Valley,8/4/2012,1100,217,21.8, ,59, ,2.6, 
6,Davis,Sacramento Valley,8/4/2012,1200,217,21.0, ,61, ,3.8, 
6,Davis,Sacramento Valley,8/4/2012,1300,217,22.4, ,56, ,4.3, 
6,Davis,Sacramento Valley,8/4/2012,1400,217,23.5, ,54, ,3.4, 
6,Davis,Sacramento Valley,8/4/2012,1500,217,25.3, ,52, ,4.1, 
6,Davis,Sacramento Valley,8/4/2012,1600,217,23.8, ,54, ,5.3, 
6,Davis,Sacramento Valley,8/4/2012,1700,217,21.5,Y,59,Y,4.6, 
6,Davis,Sacramento Valley,8/4/2012,1800,217,19.9,Y,64,Y,3.7, 
6,Davis,Sacramento Valley,8/4/2012,1900,217,19.2, ,66, ,5.0, 
6,Davis,Sacramento Valley,8/4/2012,2000,217,18.1, ,70, ,3.2, 
6,Davis,Sacramento Valley,8/4/2012,2100,217,17.1, ,75, ,4.2, 
6,Davis,Sacramento Valley,8/4/2012,2200,217,15.8, ,82, ,4.4, 
6,Davis,Sacramento Valley,8/5/2012,0500,218,13.1, ,91, ,0.7, 
6,Davis,Sacramento Valley,8/5/2012,0600,218,12.7, ,92, ,1.1, 
6,Davis,Sacramento Valley,8/5/2012,0700,218,15.7, ,83, ,0.7, 
6,Davis,Sacramento Valley,8/5/2012,0800,218,17.5, ,79, ,1.4, 
6,Davis,Sacramento Valley,8/5/2012,0900,218,19.6, ,72, ,1.6, 
6,Davis,Sacramento Valley,8/5/2012,1000,218,21.7, ,65, ,1.8, 
6,Davis,Sacramento Valley,8/5/2012,1100,218,23.6, ,59, ,2.1, 
6,Davis,Sacramento Valley,8/5/2012,1200,218,25.3, ,54, ,2.9, 
6,Davis,Sacramento Valley,8/5/2012,1300,218,27.0, ,50, ,3.2, 
6,Davis,Sacramento Valley,8/5/2012,1400,218,28.4, ,45, ,3.4, 
6,Davis,Sacramento Valley,8/5/2012,1500,218,29.4, ,42, ,3.9, 
6,Davis,Sacramento Valley,8/5/2012,1600,218,29.5, ,42, ,4.5, 
6,Davis,Sacramento Valley,8/5/2012,1700,218,29.0, ,45, ,4.9, 
6,Davis,Sacramento Valley,8/5/2012,1800,218,27.0, ,50, ,3.8, 
6,Davis,Sacramento Valley,8/5/2012,1900,218,24.0, ,51, ,4.7, 
6,Davis,Sacramento Valley,8/5/2012,2000,218,21.0, ,56, ,3.7, 
6,Davis,Sacramento Valley,8/5/2012,2100,218,19.2, ,60, ,3.1, 
6,Davis,Sacramento Valley,8/5/2012,2200,218,17.7, ,63, ,3.5, 
6,Davis,Sacramento Valley,8/6/2012,0500,219,12.2, ,90, ,1.4, 
6,Davis,Sacramento Valley,8/6/2012,0600,219,12.0, ,90, ,0.8, 
6,Davis,Sacramento Valley,8/6/2012,0700,219,14.0, ,83, ,1.2, 
6,Davis,Sacramento Valley,8/6/2012,0800,219,16.7, ,73, ,0.8, 
6,Davis,Sacramento Valley,8/6/2012,0900,219,19.7, ,61, ,1.1, 
6,Davis,Sacramento Valley,8/6/2012,1000,219,22.9, ,54, ,1.0, 
6,Davis,Sacramento Valley,8/6/2012,1100,219,25.2, ,50, ,1.5, 
6,Davis,Sacramento Valley,8/6/2012,1200,219,26.9, ,45, ,1.8, 
6,Davis,Sacramento Valley,8/6/2012,1300,219,28.5, ,40, ,2.1, 
6,Davis,Sacramento Valley,8/6/2012,1400,219,30.3, ,33, ,2.4, 
6,Davis,Sacramento Valley,8/6/2012,1500,219,31.5, ,30, ,3.2, 
6,Davis,Sacramento Valley,8/6/2012,1600,219,32.5, ,28, ,3.3, 
6,Davis,Sacramento Valley,8/6/2012,1700,219,32.6, ,27, ,3.7, 
6,Davis,Sacramento Valley,8/6/2012,1800,219,31.6, ,30, ,3.5, 
6,Davis,Sacramento Valley,8/6/2012,1900,219,28.9, ,37, ,2.9, 
6,Davis,Sacramento Valley,8/6/2012,2000,219,24.5, ,49, ,2.0, 
6,Davis,Sacramento Valley,8/6/2012,2100,219,21.1, ,59, ,1.7, 
6,Davis,Sacramento Valley,8/6/2012,2200,219,18.8, ,64, ,1.5, 
6,Davis,Sacramento Valley,8/7/2012,0500,220,11.9, ,87, ,0.6, 
6,Davis,Sacramento Valley,8/7/2012,0600,220,11.9, ,87, ,0.5, 
6,Davis,Sacramento Valley,8/7/2012,0700,220,15.4, ,75, ,1.0, 
6,Davis,Sacramento Valley,8/7/2012,0800,220,19.2, ,63, ,1.6, 
6,Davis,Sacramento Valley,8/7/2012,0900,220,22.6, ,57, ,2.1, 
6,Davis,Sacramento Valley,8/7/2012,1000,220,25.6, ,47, ,2.3, 
6,Davis,Sacramento Valley,8/7/2012,1100,220,28.0, ,43, ,1.6, 
6,Davis,Sacramento Valley,8/7/2012,1200,220,30.2, ,35, ,1.7, 
6,Davis,Sacramento Valley,8/7/2012,1300,220,32.3, ,30, ,1.4, 
6,Davis,Sacramento Valley,8/7/2012,1400,220,33.2, ,31, ,2.3, 
6,Davis,Sacramento Valley,8/7/2012,1500,220,33.8, ,32, ,2.5, 
6,Davis,Sacramento Valley,8/7/2012,1600,220,34.3, ,30, ,2.6, 
6,Davis,Sacramento Valley,8/7/2012,1700,220,34.6, ,27, ,2.9, 
6,Davis,Sacramento Valley,8/7/2012,1800,220,32.8, ,30, ,3.3, 
6,Davis,Sacramento Valley,8/7/2012,1900,220,29.8, ,34, ,3.1, 
6,Davis,Sacramento Valley,8/7/2012,2000,220,23.6, ,48, ,2.2, 
6,Davis,Sacramento Valley,8/7/2012,2100,220,21.2, ,49, ,2.7, 
6,Davis,Sacramento Valley,8/7/2012,2200,220,18.9, ,56, ,1.4, 
6,Davis,Sacramento Valley,8/8/2012,0500,221,12.2, ,92, ,0.5, 
6,Davis,Sacramento Valley,8/8/2012,0600,221,11.2, ,93, ,0.9, 
6,Davis,Sacramento Valley,8/8/2012,0700,221,13.3, ,85, ,1.5, 
6,Davis,Sacramento Valley,8/8/2012,0800,221,17.1, ,70, ,1.8, 
6,Davis,Sacramento Valley,8/8/2012,0900,221,20.2, ,61, ,1.8, 
6,Davis,Sacramento Valley,8/8/2012,1000,221,23.6, ,52, ,1.7, 
6,Davis,Sacramento Valley,8/8/2012,1100,221,27.7, ,39, ,1.7, 
6,Davis,Sacramento Valley,8/8/2012,1200,221,30.5, ,31, ,2.0, 
6,Davis,Sacramento Valley,8/8/2012,1300,221,32.0, ,30, ,2.1, 
6,Davis,Sacramento Valley,8/8/2012,1400,221,33.6, ,25, ,2.0, 
6,Davis,Sacramento Valley,8/8/2012,1500,221,34.8, ,21, ,1.9, 
6,Davis,Sacramento Valley,8/8/2012,1600,221,35.5, ,21, ,1.9, 
6,Davis,Sacramento Valley,8/8/2012,1700,221,35.9, ,22, ,1.5, 
6,Davis,Sacramento Valley,8/8/2012,1800,221,34.5, ,27, ,3.1, 
6,Davis,Sacramento Valley,8/8/2012,1900,221,31.9, ,34, ,2.1, 
6,Davis,Sacramento Valley,8/8/2012,2000,221,27.1, ,45, ,1.6, 
6,Davis,Sacramento Valley,8/8/2012,2100,221,24.3, ,50, ,1.0, 
6,Davis,Sacramento Valley,8/8/2012,2200,221,21.8, ,57, ,0.9, 
6,Davis,Sacramento Valley,8/9/2012,0500,222,13.4, ,83, ,0.9, 
6,Davis,Sacramento Valley,8/9/2012,0600,222,13.3, ,83, ,0.9, 
6,Davis,Sacramento Valley,8/9/2012,0700,222,17.5, ,70, ,1.5, 
6,Davis,Sacramento Valley,8/9/2012,0800,222,21.5, ,56, ,1.3, 
6,Davis,Sacramento Valley,8/9/2012,0900,222,24.9, ,48, ,1.1, 
6,Davis,Sacramento Valley,8/9/2012,1000,222,27.9, ,42, ,1.3, 
6,Davis,Sacramento Valley,8/9/2012,1100,222,30.4, ,37, ,1.3, 
6,Davis,Sacramento Valley,8/9/2012,1200,222,32.6, ,31, ,1.4, 
6,Davis,Sacramento Valley,8/9/2012,1300,222,34.4, ,28, ,1.4, 
6,Davis,Sacramento Valley,8/9/2012,1400,222,35.5, ,26, ,2.0, 
6,Davis,Sacramento Valley,8/9/2012,1500,222,35.9, ,26, ,2.7, 
6,Davis,Sacramento Valley,8/9/2012,1600,222,36.2, ,24, ,2.6, 
6,Davis,Sacramento Valley,8/9/2012,1700,222,36.5, ,25, ,2.9, 
6,Davis,Sacramento Valley,8/9/2012,1800,222,35.8, ,25, ,3.0, 
6,Davis,Sacramento Valley,8/9/2012,1900,222,32.4, ,32, ,2.1, 
6,Davis,Sacramento Valley,8/9/2012,2000,222,28.0, ,43, ,2.6, 
6,Davis,Sacramento Valley,8/9/2012,2100,222,24.2, ,48, ,1.6, 
6,Davis,Sacramento Valley,8/9/2012,2200,222,21.9, ,55, ,1.4, 
6,Davis,Sacramento Valley,8/10/2012,0500,223,14.1, ,85, ,0.6, 
6,Davis,Sacramento Valley,8/10/2012,0600,223,13.9, ,85, ,0.7, 
6,Davis,Sacramento Valley,8/10/2012,0700,223,18.2, ,72, ,0.7, 
6,Davis,Sacramento Valley,8/10/2012,0800,223,22.9, ,58, ,1.5, 
6,Davis,Sacramento Valley,8/10/2012,0900,223,26.8, ,44, ,0.8, 
6,Davis,Sacramento Valley,8/10/2012,1000,223,29.1, ,36, ,1.4, 
6,Davis,Sacramento Valley,8/10/2012,1100,223,31.8, ,33, ,1.8, 
6,Davis,Sacramento Valley,8/10/2012,1200,223,33.6, ,30, ,1.7, 
6,Davis,Sacramento Valley,8/10/2012,1300,223,34.8, ,26, ,1.8, 
6,Davis,Sacramento Valley,8/10/2012,1400,223,36.2, ,24, ,1.6, 
6,Davis,Sacramento Valley,8/10/2012,1500,223,36.5, ,25, ,3.0, 
6,Davis,Sacramento Valley,8/10/2012,1600,223,36.9, ,20, ,3.1, 
6,Davis,Sacramento Valley,8/10/2012,1700,223,36.7, ,23, ,3.3, 
6,Davis,Sacramento Valley,8/10/2012,1800,223,35.2, ,28, ,3.3, 
6,Davis,Sacramento Valley,8/10/2012,1900,223,31.5, ,37, ,2.7, 
6,Davis,Sacramento Valley,8/10/2012,2000,223,26.9, ,45, ,2.3, 
6,Davis,Sacramento Valley,8/10/2012,2100,223,23.4, ,52, ,1.6, 
6,Davis,Sacramento Valley,8/10/2012,2200,223,20.4, ,60, ,1.6, 
6,Davis,Sacramento Valley,8/11/2012,0500,224,13.8, ,81, ,1.2, 
6,Davis,Sacramento Valley,8/11/2012,0600,224,13.2, ,84, ,1.1, 
6,Davis,Sacramento Valley,8/11/2012,0700,224,16.3, ,76, ,0.8, 
6,Davis,Sacramento Valley,8/11/2012,0800,224,22.5, ,59, ,1.6, 
6,Davis,Sacramento Valley,8/11/2012,0900,224,27.0, ,44, ,1.2, 
6,Davis,Sacramento Valley,8/11/2012,1000,224,30.0, ,37, ,1.9, 
6,Davis,Sacramento Valley,8/11/2012,1100,224,32.5, ,31, ,2.6, 
6,Davis,Sacramento Valley,8/11/2012,1200,224,34.4, ,27, ,2.6, 
6,Davis,Sacramento Valley,8/11/2012,1300,224,35.9, ,24, ,2.8, 
6,Davis,Sacramento Valley,8/11/2012,1400,224,37.0, ,21, ,2.3, 
6,Davis,Sacramento Valley,8/11/2012,1500,224,38.2, ,20, ,1.3, 
6,Davis,Sacramento Valley,8/11/2012,1600,224,38.7, ,19, ,2.2, 
6,Davis,Sacramento Valley,8/11/2012,1700,224,38.3, ,18, ,3.0, 
6,Davis,Sacramento Valley,8/11/2012,1800,224,36.8, ,14, ,3.2, 
6,Davis,Sacramento Valley,8/11/2012,1900,224,32.8, ,28, ,2.0, 
6,Davis,Sacramento Valley,8/11/2012,2000,224,28.1, ,42, ,2.6, 
6,Davis,Sacramento Valley,8/11/2012,2100,224,24.5, ,50, ,3.2, 
6,Davis,Sacramento Valley,8/11/2012,2200,224,22.6, ,52, ,1.5, 
6,Davis,Sacramento Valley,8/12/2012,0500,225,14.9, ,75, ,1.1, 
6,Davis,Sacramento Valley,8/12/2012,0600,225,14.1, ,76, ,1.3, 
6,Davis,Sacramento Valley,8/12/2012,0700,225,15.9, ,71, ,1.6, 
6,Davis,Sacramento Valley,8/12/2012,0800,225,19.5, ,62, ,1.0, 
6,Davis,Sacramento Valley,8/12/2012,0900,225,23.2, ,53, ,1.4, 
6,Davis,Sacramento Valley,8/12/2012,1000,225,26.4, ,47, ,1.8, 
6,Davis,Sacramento Valley,8/12/2012,1100,225,29.2, ,41, ,1.6, 
6,Davis,Sacramento Valley,8/12/2012,1200,225,30.9, ,41, ,2.7, 
6,Davis,Sacramento Valley,8/12/2012,1300,225,32.6, ,36, ,2.4, 
6,Davis,Sacramento Valley,8/12/2012,1400,225,34.3, ,26, ,2.2, 
6,Davis,Sacramento Valley,8/12/2012,1500,225,35.6, ,22, ,2.9, 
6,Davis,Sacramento Valley,8/12/2012,1600,225,36.7, ,17, ,3.6, 
6,Davis,Sacramento Valley,8/12/2012,1700,225,36.2, ,22, ,3.0, 
6,Davis,Sacramento Valley,8/12/2012,1800,225,34.5, ,26, ,2.3, 
6,Davis,Sacramento Valley,8/12/2012,1900,225,31.2, ,32, ,3.3, 
6,Davis,Sacramento Valley,8/12/2012,2000,225,27.6, ,39, ,2.1, 
6,Davis,Sacramento Valley,8/12/2012,2100,225,24.1, ,48, ,2.3, 
6,Davis,Sacramento Valley,8/12/2012,2200,225,22.6, ,46, ,1.8, 
6,Davis,Sacramento Valley,8/13/2012,0500,226,16.8, ,71, ,0.8, 
6,Davis,Sacramento Valley,8/13/2012,0600,226,17.2, ,69, ,1.2, 
6,Davis,Sacramento Valley,8/13/2012,0700,226,19.1, ,65, ,1.0, 
6,Davis,Sacramento Valley,8/13/2012,0800,226,22.3, ,55, ,1.0, 
6,Davis,Sacramento Valley,8/13/2012,0900,226,26.2, ,45, ,1.0, 
6,Davis,Sacramento Valley,8/13/2012,1000,226,28.9, ,41, ,1.3, 
6,Davis,Sacramento Valley,8/13/2012,1100,226,30.8, ,38, ,1.2, 
6,Davis,Sacramento Valley,8/13/2012,1200,226,33.2, ,34, ,1.6, 
6,Davis,Sacramento Valley,8/13/2012,1300,226,35.0, ,32, ,1.6, 
6,Davis,Sacramento Valley,8/13/2012,1400,226,36.4, ,29, ,2.3, 
6,Davis,Sacramento Valley,8/13/2012,1500,226,36.8, ,27, ,3.1, 
6,Davis,Sacramento Valley,8/13/2012,1600,226,37.2, ,22, ,3.4, 
6,Davis,Sacramento Valley,8/13/2012,1700,226,36.7, ,23, ,3.1, 
6,Davis,Sacramento Valley,8/13/2012,1800,226,35.2, ,28, ,2.6, 
6,Davis,Sacramento Valley,8/13/2012,1900,226,32.0, ,34, ,2.6, 
6,Davis,Sacramento Valley,8/13/2012,2000,226,28.1, ,41, ,2.1, 
6,Davis,Sacramento Valley,8/13/2012,2100,226,25.9, ,47, ,1.1, 
6,Davis,Sacramento Valley,8/13/2012,2200,226,24.1, ,49, ,1.0, 
6,Davis,Sacramento Valley,8/14/2012,0500,227,17.8, ,66, ,1.2, 
6,Davis,Sacramento Valley,8/14/2012,0600,227,17.3, ,70, ,0.7, 
6,Davis,Sacramento Valley,8/14/2012,0700,227,18.9, ,66, ,0.7, 
6,Davis,Sacramento Valley,8/14/2012,0800,227,21.2, ,59, ,0.8, 
6,Davis,Sacramento Valley,8/14/2012,0900,227,23.7, ,53, ,1.2, 
6,Davis,Sacramento Valley,8/14/2012,1000,227,26.1, ,50, ,1.6, 
6,Davis,Sacramento Valley,8/14/2012,1100,227,27.5, ,48, ,2.0, 
6,Davis,Sacramento Valley,8/14/2012,1200,227,30.4, ,41, ,1.4, 
6,Davis,Sacramento Valley,8/14/2012,1300,227,32.4, ,38, ,2.4, 
6,Davis,Sacramento Valley,8/14/2012,1400,227,33.1, ,35, ,2.7, 
6,Davis,Sacramento Valley,8/14/2012,1500,227,34.1, ,33, ,3.0, 
6,Davis,Sacramento Valley,8/14/2012,1600,227,34.1, ,35, ,4.1, 
6,Davis,Sacramento Valley,8/14/2012,1700,227,32.7, ,38, ,3.2, 
6,Davis,Sacramento Valley,8/14/2012,1800,227,32.0, ,38, ,2.7, 
6,Davis,Sacramento Valley,8/14/2012,1900,227,28.7, ,39, ,2.4, 
6,Davis,Sacramento Valley,8/14/2012,2000,227,25.5, ,41, ,2.3, 
6,Davis,Sacramento Valley,8/14/2012,2100,227,22.7, ,48, ,2.3, 
6,Davis,Sacramento Valley,8/14/2012,2200,227,20.9, ,54, ,2.7, 
6,Davis,Sacramento Valley,8/15/2012,0500,228,17.6, ,69, ,1.6, 
6,Davis,Sacramento Valley,8/15/2012,0600,228,17.6, ,71, ,1.2, 
6,Davis,Sacramento Valley,8/15/2012,0700,228,17.4, ,70, ,1.9, 
6,Davis,Sacramento Valley,8/15/2012,0800,228,18.9, ,65, ,1.7, 
6,Davis,Sacramento Valley,8/15/2012,0900,228,21.1, ,60, ,2.0, 
6,Davis,Sacramento Valley,8/15/2012,1000,228,24.6, ,53, ,1.2, 
6,Davis,Sacramento Valley,8/15/2012,1100,228,27.5, ,47, ,1.4, 
6,Davis,Sacramento Valley,8/15/2012,1200,228,29.6, ,43, ,1.6, 
6,Davis,Sacramento Valley,8/15/2012,1300,228,31.2, ,41, ,2.2, 
6,Davis,Sacramento Valley,8/15/2012,1400,228,31.7, ,38, ,2.8, 
6,Davis,Sacramento Valley,8/15/2012,1500,228,33.2, ,33, ,2.4, 
6,Davis,Sacramento Valley,8/15/2012,1600,228,33.9, ,29, ,3.9, 
6,Davis,Sacramento Valley,8/15/2012,1700,228,33.0, ,30, ,4.3, 
6,Davis,Sacramento Valley,8/15/2012,1800,228,31.0, ,36, ,3.4, 
6,Davis,Sacramento Valley,8/15/2012,1900,228,28.7, ,40, ,2.9, 
6,Davis,Sacramento Valley,8/15/2012,2000,228,23.2, ,51, ,2.5, 
6,Davis,Sacramento Valley,8/15/2012,2100,228,20.5, ,57, ,1.9, 
6,Davis,Sacramento Valley,8/15/2012,2200,228,19.0, ,59, ,2.3, 
6,Davis,Sacramento Valley,8/16/2012,0500,229,14.3, ,74, ,1.0, 
6,Davis,Sacramento Valley,8/16/2012,0600,229,13.8, ,77, ,1.1, 
6,Davis,Sacramento Valley,8/16/2012,0700,229,15.4, ,71, ,1.8, 
6,Davis,Sacramento Valley,8/16/2012,0800,229,18.0, ,63, ,1.5, 
6,Davis,Sacramento Valley,8/16/2012,0900,229,21.0, ,56, ,1.0, 
6,Davis,Sacramento Valley,8/16/2012,1000,229,23.6, ,49, ,1.3, 
6,Davis,Sacramento Valley,8/16/2012,1100,229,26.1, ,44, ,2.0, 
6,Davis,Sacramento Valley,8/16/2012,1200,229,28.4, ,38, ,1.8, 
6,Davis,Sacramento Valley,8/16/2012,1300,229,31.0, ,32, ,1.7, 
6,Davis,Sacramento Valley,8/16/2012,1400,229,32.8, ,33, ,1.9, 
6,Davis,Sacramento Valley,8/16/2012,1500,229,34.4, ,28, ,2.0, 
6,Davis,Sacramento Valley,8/16/2012,1600,229,34.8, ,26, ,3.0, 
6,Davis,Sacramento Valley,8/16/2012,1700,229,34.4, ,30, ,3.6, 
6,Davis,Sacramento Valley,8/16/2012,1800,229,32.0, ,37, ,3.6, 
6,Davis,Sacramento Valley,8/16/2012,1900,229,27.4, ,42, ,3.7, 
6,Davis,Sacramento Valley,8/16/2012,2000,229,23.5, ,46, ,3.5, 
6,Davis,Sacramento Valley,8/16/2012,2100,229,21.4, ,47, ,2.8, 
6,Davis,Sacramento Valley,8/16/2012,2200,229,18.6, ,56, ,1.8, 
6,Davis,Sacramento Valley,8/17/2012,0500,230,13.1, ,80, ,1.8, 
6,Davis,Sacramento Valley,8/17/2012,0600,230,13.0, ,81, ,1.4, 
6,Davis,Sacramento Valley,8/17/2012,0700,230,13.9, ,77, ,1.9, 
6,Davis,Sacramento Valley,8/17/2012,0800,230,17.0, ,66, ,1.2, 
6,Davis,Sacramento Valley,8/17/2012,0900,230,19.9, ,59, ,1.4, 
6,Davis,Sacramento Valley,8/17/2012,1000,230,22.8, ,54, ,1.1, 
6,Davis,Sacramento Valley,8/17/2012,1100,230,25.7, ,47, ,1.5, 
6,Davis,Sacramento Valley,8/17/2012,1200,230,27.8, ,45, ,2.0, 
6,Davis,Sacramento Valley,8/17/2012,1300,230,29.6, ,40, ,2.7, 
6,Davis,Sacramento Valley,8/17/2012,1400,230,31.1, ,31, ,3.6, 
6,Davis,Sacramento Valley,8/17/2012,1500,230,32.4, ,27, ,3.8, 
6,Davis,Sacramento Valley,8/17/2012,1600,230,32.8, ,32, ,4.2, 
6,Davis,Sacramento Valley,8/17/2012,1700,230,31.0, ,37, ,4.5, 
6,Davis,Sacramento Valley,8/17/2012,1800,230,28.9, ,41, ,3.9, 
6,Davis,Sacramento Valley,8/17/2012,1900,230,26.8, ,42, ,2.1, 
6,Davis,Sacramento Valley,8/17/2012,2000,230,23.8, ,45, ,2.0, 
6,Davis,Sacramento Valley,8/17/2012,2100,230,21.4, ,53, ,1.8, 
6,Davis,Sacramento Valley,8/17/2012,2200,230,19.9, ,57, ,1.5, 
6,Davis,Sacramento Valley,8/18/2012,0500,231,17.6, ,71, ,1.7, 
6,Davis,Sacramento Valley,8/18/2012,0600,231,17.0, ,74, ,1.1, 
6,Davis,Sacramento Valley,8/18/2012,0700,231,17.4, ,73, ,1.4, 
6,Davis,Sacramento Valley,8/18/2012,0800,231,18.4, ,70, ,1.4, 
6,Davis,Sacramento Valley,8/18/2012,0900,231,21.1, ,62, ,1.5, 
6,Davis,Sacramento Valley,8/18/2012,1000,231,24.2, ,54, ,2.5, 
6,Davis,Sacramento Valley,8/18/2012,1100,231,27.9, ,46, ,1.9, 
6,Davis,Sacramento Valley,8/18/2012,1200,231,30.3, ,40, ,2.0, 
6,Davis,Sacramento Valley,8/18/2012,1300,231,32.2, ,34, ,2.4, 
6,Davis,Sacramento Valley,8/18/2012,1400,231,33.7, ,29, ,3.1, 
6,Davis,Sacramento Valley,8/18/2012,1500,231,34.8, ,26, ,3.6, 
6,Davis,Sacramento Valley,8/18/2012,1600,231,34.5, ,31, ,3.6, 
6,Davis,Sacramento Valley,8/18/2012,1700,231,33.9, ,33, ,3.2, 
6,Davis,Sacramento Valley,8/18/2012,1800,231,32.9, ,33, ,3.3, 
6,Davis,Sacramento Valley,8/18/2012,1900,231,28.1, ,39, ,2.4, 
6,Davis,Sacramento Valley,8/18/2012,2000,231,24.2, ,43, ,2.2, 
6,Davis,Sacramento Valley,8/18/2012,2100,231,21.9, ,48, ,2.3, 
6,Davis,Sacramento Valley,8/18/2012,2200,231,19.8, ,54, ,2.2, 
6,Davis,Sacramento Valley,8/19/2012,0500,232,13.5, ,82, ,1.5, 
6,Davis,Sacramento Valley,8/19/2012,0600,232,13.1, ,84, ,1.4, 
6,Davis,Sacramento Valley,8/19/2012,0700,232,14.2, ,80, ,1.8, 
6,Davis,Sacramento Valley,8/19/2012,0800,232,17.2, ,69, ,1.1, 
6,Davis,Sacramento Valley,8/19/2012,0900,232,21.0, ,57, ,0.8, 
6,Davis,Sacramento Valley,8/19/2012,1000,232,23.6, ,52, ,0.9, 
6,Davis,Sacramento Valley,8/19/2012,1100,232,26.2, ,46, ,1.2, 
6,Davis,Sacramento Valley,8/19/2012,1200,232,28.4, ,41, ,1.6, 
6,Davis,Sacramento Valley,8/19/2012,1300,232,29.4, ,40, ,2.5, 
6,Davis,Sacramento Valley,8/19/2012,1400,232,30.4, ,35, ,3.3, 
6,Davis,Sacramento Valley,8/19/2012,1500,232,31.0, ,34, ,3.7, 
6,Davis,Sacramento Valley,8/19/2012,1600,232,31.8, ,36, ,3.1, 
6,Davis,Sacramento Valley,8/19/2012,1700,232,31.4, ,38, ,3.2, 
6,Davis,Sacramento Valley,8/19/2012,1800,232,29.4, ,42, ,3.2, 
6,Davis,Sacramento Valley,8/19/2012,1900,232,27.1, ,45, ,1.6, 
6,Davis,Sacramento Valley,8/19/2012,2000,232,23.0, ,52, ,2.0, 
6,Davis,Sacramento Valley,8/19/2012,2100,232,19.9, ,59, ,1.7, 
6,Davis,Sacramento Valley,8/19/2012,2200,232,18.4, ,64, ,1.7, 
6,Davis,Sacramento Valley,8/20/2012,0500,233,12.7, ,85, ,0.6, 
6,Davis,Sacramento Valley,8/20/2012,0600,233,12.3, ,87, ,0.4,I
6,Davis,Sacramento Valley,8/20/2012,0700,233,14.2, ,81, ,0.8, 
6,Davis,Sacramento Valley,8/20/2012,0800,233,17.6, ,69, ,0.7, 
6,Davis,Sacramento Valley,8/20/2012,0900,233,20.3, ,61, ,1.2, 
6,Davis,Sacramento Valley,8/20/2012,1000,233,23.0, ,58, ,1.5, 
6,Davis,Sacramento Valley,8/20/2012,1100,233,25.7, ,51, ,1.5, 
6,Davis,Sacramento Valley,8/20/2012,1200,233,28.5, ,44, ,1.6, 
6,Davis,Sacramento Valley,8/20/2012,1300,233,30.4, ,40, ,2.1, 
6,Davis,Sacramento Valley,8/20/2012,1400,233,31.6, ,36, ,3.1, 
6,Davis,Sacramento Valley,8/20/2012,1500,233,32.3, ,33, ,3.5, 
6,Davis,Sacramento Valley,8/20/2012,1600,233,32.6, ,31, ,4.1, 
6,Davis,Sacramento Valley,8/20/2012,1700,233,31.9, ,31, ,4.1, 
6,Davis,Sacramento Valley,8/20/2012,1800,233,29.6, ,39, ,3.6, 
6,Davis,Sacramento Valley,8/20/2012,1900,233,26.1, ,48, ,3.2, 
6,Davis,Sacramento Valley,8/20/2012,2000,233,22.6, ,53, ,2.5, 
6,Davis,Sacramento Valley,8/20/2012,2100,233,20.2, ,58, ,1.9, 
6,Davis,Sacramento Valley,8/20/2012,2200,233,18.1, ,65, ,1.9, 
6,Davis,Sacramento Valley,8/21/2012,0500,234,12.2, ,86, ,1.1, 
6,Davis,Sacramento Valley,8/21/2012,0600,234,12.1, ,87, ,0.8, 
6,Davis,Sacramento Valley,8/21/2012,0700,234,13.4, ,81, ,1.4, 
6,Davis,Sacramento Valley,8/21/2012,0800,234,16.1, ,73, ,1.3, 
6,Davis,Sacramento Valley,8/21/2012,0900,234,19.5, ,65, ,1.3, 
6,Davis,Sacramento Valley,8/21/2012,1000,234,22.5, ,57, ,1.4, 
6,Davis,Sacramento Valley,8/21/2012,1100,234,25.3, ,50, ,1.5, 
6,Davis,Sacramento Valley,8/21/2012,1200,234,27.3, ,47, ,1.9, 
6,Davis,Sacramento Valley,8/21/2012,1300,234,28.4, ,43, ,2.4, 
6,Davis,Sacramento Valley,8/21/2012,1400,234,29.6, ,38, ,3.3, 
6,Davis,Sacramento Valley,8/21/2012,1500,234,30.7, ,34, ,3.6, 
6,Davis,Sacramento Valley,8/21/2012,1600,234,32.0, ,35, ,3.2, 
6,Davis,Sacramento Valley,8/21/2012,1700,234,33.1, ,33, ,3.4, 
6,Davis,Sacramento Valley,8/21/2012,1800,234,31.3, ,35, ,3.2, 
6,Davis,Sacramento Valley,8/21/2012,1900,234,27.2, ,44, ,2.5, 
6,Davis,Sacramento Valley,8/21/2012,2000,234,22.2, ,55, ,1.9, 
6,Davis,Sacramento Valley,8/21/2012,2100,234,19.0, ,65, ,2.1, 
6,Davis,Sacramento Valley,8/21/2012,2200,234,17.7, ,70, ,2.1, 
6,Davis,Sacramento Valley,8/22/2012,0500,235,12.6, ,90, ,0.9, 
6,Davis,Sacramento Valley,8/22/2012,0600,235,11.7, ,91, ,1.1, 
6,Davis,Sacramento Valley,8/22/2012,0700,235,13.4, ,84, ,1.5, 
6,Davis,Sacramento Valley,8/22/2012,0800,235,16.1, ,76, ,1.4, 
6,Davis,Sacramento Valley,8/22/2012,0900,235,18.6, ,69, ,1.1, 
6,Davis,Sacramento Valley,8/22/2012,1000,235,21.8, ,59, ,1.2, 
6,Davis,Sacramento Valley,8/22/2012,1100,235,25.8, ,46, ,1.2, 
6,Davis,Sacramento Valley,8/22/2012,1200,235,28.2, ,38, ,1.8, 
6,Davis,Sacramento Valley,8/22/2012,1300,235,29.8, ,38, ,2.0, 
6,Davis,Sacramento Valley,8/22/2012,1400,235,30.3, ,40, ,3.0, 
6,Davis,Sacramento Valley,8/22/2012,1500,235,30.9, ,35, ,3.6, 
6,Davis,Sacramento Valley,8/22/2012,1600,235,31.7, ,29, ,4.1, 
6,Davis,Sacramento Valley,8/22/2012,1700,235,30.4, ,33, ,4.6, 
6,Davis,Sacramento Valley,8/22/2012,1800,235,29.0, ,37, ,3.8, 
6,Davis,Sacramento Valley,8/22/2012,1900,235,24.4, ,50, ,3.9, 
6,Davis,Sacramento Valley,8/22/2012,2000,235,20.6, ,59, ,2.2, 
6,Davis,Sacramento Valley,8/22/2012,2100,235,18.3, ,66, ,2.2, 
6,Davis,Sacramento Valley,8/22/2012,2200,235,16.8, ,72, ,2.2, 
6,Davis,Sacramento Valley,8/23/2012,0500,236,11.9, ,89, ,0.9, 
6,Davis,Sacramento Valley,8/23/2012,0600,236,11.2, ,91, ,1.2, 
6,Davis,Sacramento Valley,8/23/2012,0700,236,12.8, ,86, ,1.4, 
6,Davis,Sacramento Valley,8/23/2012,0800,236,15.7, ,78, ,1.4, 
6,Davis,Sacramento Valley,8/23/2012,0900,236,18.6, ,69, ,1.3, 
6,Davis,Sacramento Valley,8/23/2012,1000,236,21.1, ,61, ,1.9, 
6,Davis,Sacramento Valley,8/23/2012,1100,236,23.8, ,55, ,2.0, 
6,Davis,Sacramento Valley,8/23/2012,1200,236,26.5, ,48, ,1.7, 
6,Davis,Sacramento Valley,8/23/2012,1300,236,27.9, ,44, ,2.5, 
6,Davis,Sacramento Valley,8/23/2012,1400,236,28.9, ,42, ,3.1, 
6,Davis,Sacramento Valley,8/23/2012,1500,236,30.4, ,35, ,4.0, 
6,Davis,Sacramento Valley,8/23/2012,1600,236,31.0, ,31, ,4.3, 
6,Davis,Sacramento Valley,8/23/2012,1700,236,30.6, ,32, ,4.2, 
6,Davis,Sacramento Valley,8/23/2012,1800,236,28.5, ,42, ,3.9, 
6,Davis,Sacramento Valley,8/23/2012,1900,236,24.1, ,54, ,3.5, 
6,Davis,Sacramento Valley,8/23/2012,2000,236,20.7, ,61, ,2.8, 
6,Davis,Sacramento Valley,8/23/2012,2100,236,18.9, ,66, ,1.9, 
6,Davis,Sacramento Valley,8/23/2012,2200,236,17.3, ,70, ,1.4, 
6,Davis,Sacramento Valley,8/24/2012,0500,237,10.8, ,92, ,0.5, 
6,Davis,Sacramento Valley,8/24/2012,0600,237,10.7, ,92, ,0.8, 
6,Davis,Sacramento Valley,8/24/2012,0700,237,13.4, ,85, ,1.9, 
6,Davis,Sacramento Valley,8/24/2012,0800,237,16.3, ,74, ,2.7, 
6,Davis,Sacramento Valley,8/24/2012,0900,237,19.3, ,64, ,2.7, 
6,Davis,Sacramento Valley,8/24/2012,1000,237,21.9, ,57, ,1.7, 
6,Davis,Sacramento Valley,8/24/2012,1100,237,25.1, ,46, ,1.8, 
6,Davis,Sacramento Valley,8/24/2012,1200,237,28.0, ,38, ,1.6, 
6,Davis,Sacramento Valley,8/24/2012,1300,237,30.1, ,32, ,1.5, 
6,Davis,Sacramento Valley,8/24/2012,1400,237,31.2, ,29, ,2.3, 
6,Davis,Sacramento Valley,8/24/2012,1500,237,31.6, ,31, ,3.4, 
6,Davis,Sacramento Valley,8/24/2012,1600,237,31.1, ,30, ,4.4, 
6,Davis,Sacramento Valley,8/24/2012,1700,237,30.5, ,25, ,3.9, 
6,Davis,Sacramento Valley,8/24/2012,1800,237,28.5, ,31, ,3.7, 
6,Davis,Sacramento Valley,8/24/2012,1900,237,23.7, ,47, ,3.2, 
6,Davis,Sacramento Valley,8/24/2012,2000,237,19.6, ,58, ,3.1, 
6,Davis,Sacramento Valley,8/24/2012,2100,237,17.4, ,66, ,2.7, 
6,Davis,Sacramento Valley,8/24/2012,2200,237,16.1, ,70, ,3.2, 
6,Davis,Sacramento Valley,8/25/2012,0500,238,11.1, ,87, ,1.0, 
6,Davis,Sacramento Valley,8/25/2012,0600,238,10.2, ,89, ,0.9, 
6,Davis,Sacramento Valley,8/25/2012,0700,238,12.2, ,85, ,1.3, 
6,Davis,Sacramento Valley,8/25/2012,0800,238,15.4, ,75, ,1.4, 
6,Davis,Sacramento Valley,8/25/2012,0900,238,18.2, ,67, ,1.6, 
6,Davis,Sacramento Valley,8/25/2012,1000,238,20.7, ,60, ,1.3, 
6,Davis,Sacramento Valley,8/25/2012,1100,238,23.1, ,52, ,1.5, 
6,Davis,Sacramento Valley,8/25/2012,1200,238,25.2, ,48, ,2.4, 
6,Davis,Sacramento Valley,8/25/2012,1300,238,25.9, ,46, ,3.1, 
6,Davis,Sacramento Valley,8/25/2012,1400,238,26.7, ,42, ,3.9, 
6,Davis,Sacramento Valley,8/25/2012,1500,238,27.3, ,41, ,5.0, 
6,Davis,Sacramento Valley,8/25/2012,1600,238,26.9, ,42, ,5.0, 
6,Davis,Sacramento Valley,8/25/2012,1700,238,25.7, ,45, ,5.1, 
6,Davis,Sacramento Valley,8/25/2012,1800,238,23.6, ,49, ,4.5, 
6,Davis,Sacramento Valley,8/25/2012,1900,238,20.8, ,54, ,3.7, 
6,Davis,Sacramento Valley,8/25/2012,2000,238,18.0, ,61, ,4.2, 
6,Davis,Sacramento Valley,8/25/2012,2100,238,16.4, ,67, ,4.6, 
6,Davis,Sacramento Valley,8/25/2012,2200,238,14.9, ,72, ,5.0, 
6,Davis,Sacramento Valley,8/26/2012,0500,239,12.3, ,82, ,4.3, 
6,Davis,Sacramento Valley,8/26/2012,0600,239,11.8, ,84, ,3.8, 
6,Davis,Sacramento Valley,8/26/2012,0700,239,12.7, ,80, ,3.8, 
6,Davis,Sacramento Valley,8/26/2012,0800,239,15.0, ,72, ,3.8, 
6,Davis,Sacramento Valley,8/26/2012,0900,239,16.7, ,65, ,3.8, 
6,Davis,Sacramento Valley,8/26/2012,1000,239,17.9, ,62, ,3.1, 
6,Davis,Sacramento Valley,8/26/2012,1100,239,20.0, ,56, ,3.9, 
6,Davis,Sacramento Valley,8/26/2012,1200,239,22.4, ,46, ,4.3, 
6,Davis,Sacramento Valley,8/26/2012,1300,239,24.5, ,40, ,4.6, 
6,Davis,Sacramento Valley,8/26/2012,1400,239,25.5, ,37, ,5.3, 
6,Davis,Sacramento Valley,8/26/2012,1500,239,26.0, ,36, ,5.2, 
6,Davis,Sacramento Valley,8/26/2012,1600,239,26.3, ,35, ,4.9, 
6,Davis,Sacramento Valley,8/26/2012,1700,239,25.6, ,38, ,4.7, 
6,Davis,Sacramento Valley,8/26/2012,1800,239,23.6, ,41, ,4.5, 
6,Davis,Sacramento Valley,8/26/2012,1900,239,20.5, ,49, ,3.5, 
6,Davis,Sacramento Valley,8/26/2012,2000,239,17.7, ,57, ,3.2, 
6,Davis,Sacramento Valley,8/26/2012,2100,239,16.0, ,63, ,3.4, 
6,Davis,Sacramento Valley,8/26/2012,2200,239,14.8, ,70, ,2.7, 
6,Davis,Sacramento Valley,8/27/2012,0500,240,8.2,Y,92,Y,0.9, 
6,Davis,Sacramento Valley,8/27/2012,0600,240,8.6,Y,93,Y,0.6, 
6,Davis,Sacramento Valley,8/27/2012,0700,240,10.0,Y,88,Y,1.2, 
6,Davis,Sacramento Valley,8/27/2012,0800,240,13.5, ,80, ,2.0, 
6,Davis,Sacramento Valley,8/27/2012,0900,240,16.3, ,71, ,2.6, 
6,Davis,Sacramento Valley,8/27/2012,1000,240,19.1, ,63, ,2.4, 
6,Davis,Sacramento Valley,8/27/2012,1100,240,21.9, ,53, ,2.6, 
6,Davis,Sacramento Valley,8/27/2012,1200,240,24.4, ,45, ,2.3, 
6,Davis,Sacramento Valley,8/27/2012,1300,240,26.7, ,37, ,2.0, 
6,Davis,Sacramento Valley,8/27/2012,1400,240,28.5, ,30, ,1.8, 
6,Davis,Sacramento Valley,8/27/2012,1500,240,29.8, ,25, ,1.7, 
6,Davis,Sacramento Valley,8/27/2012,1600,240,30.8, ,24, ,1.3, 
6,Davis,Sacramento Valley,8/27/2012,1700,240,31.0, ,23, ,1.7, 
6,Davis,Sacramento Valley,8/27/2012,1800,240,30.3, ,26, ,1.9, 
6,Davis,Sacramento Valley,8/27/2012,1900,240,27.4, ,33, ,1.5, 
6,Davis,Sacramento Valley,8/27/2012,2000,240,21.9, ,51, ,0.7, 
6,Davis,Sacramento Valley,8/27/2012,2100,240,20.4, ,59, ,0.7, 
6,Davis,Sacramento Valley,8/27/2012,2200,240,17.8, ,68, ,0.8, 
6,Davis,Sacramento Valley,8/28/2012,0500,241,11.8, ,88, ,0.6, 
6,Davis,Sacramento Valley,8/28/2012,0600,241,11.0, ,89, ,0.5, 
6,Davis,Sacramento Valley,8/28/2012,0700,241,13.6, ,80, ,0.5, 
6,Davis,Sacramento Valley,8/28/2012,0800,241,19.2, ,62, ,1.5, 
6,Davis,Sacramento Valley,8/28/2012,0900,241,22.4, ,49, ,1.8, 
6,Davis,Sacramento Valley,8/28/2012,1000,241,24.8, ,41, ,1.4, 
6,Davis,Sacramento Valley,8/28/2012,1100,241,26.9, ,40, ,1.4, 
6,Davis,Sacramento Valley,8/28/2012,1200,241,28.7, ,37, ,1.3, 
6,Davis,Sacramento Valley,8/28/2012,1300,241,30.2, ,34, ,1.8, 
6,Davis,Sacramento Valley,8/28/2012,1400,241,31.3, ,30, ,2.4, 
6,Davis,Sacramento Valley,8/28/2012,1500,241,32.2, ,25, ,2.7, 
6,Davis,Sacramento Valley,8/28/2012,1600,241,32.6, ,23, ,3.3, 
6,Davis,Sacramento Valley,8/28/2012,1700,241,31.9, ,27, ,3.5, 
6,Davis,Sacramento Valley,8/28/2012,1800,241,30.6, ,27, ,3.4, 
6,Davis,Sacramento Valley,8/28/2012,1900,241,26.9, ,32, ,2.6, 
6,Davis,Sacramento Valley,8/28/2012,2000,241,22.7, ,44, ,2.0, 
6,Davis,Sacramento Valley,8/28/2012,2100,241,20.0, ,52, ,1.7, 
6,Davis,Sacramento Valley,8/28/2012,2200,241,17.5, ,58, ,1.3, 
6,Davis,Sacramento Valley,8/29/2012,0500,242,10.9, ,85, ,0.8, 
6,Davis,Sacramento Valley,8/29/2012,0600,242,10.8, ,81, ,1.0, 
6,Davis,Sacramento Valley,8/29/2012,0700,242,13.1, ,78, ,1.3, 
6,Davis,Sacramento Valley,8/29/2012,0800,242,17.1, ,65, ,2.9, 
6,Davis,Sacramento Valley,8/29/2012,0900,242,21.3, ,52, ,3.2, 
6,Davis,Sacramento Valley,8/29/2012,1000,242,24.6, ,40, ,3.1, 
6,Davis,Sacramento Valley,8/29/2012,1100,242,27.4, ,34, ,3.5, 
6,Davis,Sacramento Valley,8/29/2012,1200,242,29.5, ,29, ,3.4, 
6,Davis,Sacramento Valley,8/29/2012,1300,242,30.8, ,27, ,2.5, 
6,Davis,Sacramento Valley,8/29/2012,1400,242,31.7, ,25, ,2.0, 
6,Davis,Sacramento Valley,8/29/2012,1500,242,32.7, ,21, ,1.8, 
6,Davis,Sacramento Valley,8/29/2012,1600,242,33.6, ,20, ,1.5, 
6,Davis,Sacramento Valley,8/29/2012,1700,242,33.8, ,21, ,1.5, 
6,Davis,Sacramento Valley,8/29/2012,1800,242,33.7, ,21, ,1.0, 
6,Davis,Sacramento Valley,8/29/2012,1900,242,29.6, ,30, ,0.9, 
6,Davis,Sacramento Valley,8/29/2012,2000,242,26.1, ,37, ,1.3, 
6,Davis,Sacramento Valley,8/29/2012,2100,242,23.8, ,39, ,1.3, 
6,Davis,Sacramento Valley,8/29/2012,2200,242,19.6, ,54, ,0.8, 
6,Davis,Sacramento Valley,8/30/2012,0500,243,13.9, ,69, ,0.8, 
6,Davis,Sacramento Valley,8/30/2012,0600,243,13.3, ,71, ,0.7, 
6,Davis,Sacramento Valley,8/30/2012,0700,243,16.4, ,59, ,1.8, 
6,Davis,Sacramento Valley,8/30/2012,0800,243,20.1, ,47, ,2.7, 
6,Davis,Sacramento Valley,8/30/2012,0900,243,23.5, ,38, ,2.3, 
6,Davis,Sacramento Valley,8/30/2012,1000,243,26.1, ,34, ,1.8, 
6,Davis,Sacramento Valley,8/30/2012,1100,243,28.4, ,30, ,1.7, 
6,Davis,Sacramento Valley,8/30/2012,1200,243,30.3, ,27, ,1.6, 
6,Davis,Sacramento Valley,8/30/2012,1300,243,31.7, ,25, ,1.8, 
6,Davis,Sacramento Valley,8/30/2012,1400,243,32.8, ,23, ,2.9, 
6,Davis,Sacramento Valley,8/30/2012,1500,243,33.3, ,20, ,3.8, 
6,Davis,Sacramento Valley,8/30/2012,1600,243,32.9, ,13, ,4.5, 
6,Davis,Sacramento Valley,8/30/2012,1700,243,31.3, ,22, ,4.9, 
6,Davis,Sacramento Valley,8/30/2012,1800,243,29.3, ,31, ,3.7, 
6,Davis,Sacramento Valley,8/30/2012,1900,243,25.7, ,40, ,3.9, 
6,Davis,Sacramento Valley,8/30/2012,2000,243,21.7, ,49, ,4.0, 
6,Davis,Sacramento Valley,8/30/2012,2100,243,17.9, ,61, ,3.8, 
6,Davis,Sacramento Valley,8/30/2012,2200,243,15.1, ,73, ,3.7, 
6,Davis,Sacramento Valley,8/31/2012,0500,244,12.5, ,83, ,3.5, 
6,Davis,Sacramento Valley,8/31/2012,0600,244,12.5, ,84, ,4.0, 
6,Davis,Sacramento Valley,8/31/2012,0700,244,13.2, ,81, ,3.7, 
6,Davis,Sacramento Valley,8/31/2012,0800,244,15.1, ,74, ,4.0, 
6,Davis,Sacramento Valley,8/31/2012,0900,244,16.8, ,67, ,4.6, 
6,Davis,Sacramento Valley,8/31/2012,1000,244,18.5, ,62, ,4.5, 
6,Davis,Sacramento Valley,8/31/2012,1100,244,19.5, ,60, ,4.6, 
6,Davis,Sacramento Valley,8/31/2012,1200,244,20.4,Y,56,Y,5.2, 
6,Davis,Sacramento Valley,8/31/2012,1300,244,21.2,Y,53,Y,5.1, 
6,Davis,Sacramento Valley,8/31/2012,1400,244,21.8,Y,52,Y,5.8, 
6,Davis,Sacramento Valley,8/31/2012,1500,244,22.9,Y,49,Y,5.4, 
6,Davis,Sacramento Valley,8/31/2012,1600,244,23.7, ,47, ,5.5, 
6,Davis,Sacramento Valley,8/31/2012,1700,244,22.4,Y,49,Y,5.4, 
6,Davis,Sacramento Valley,8/31/2012,1800,244,20.8,Y,52,Y,5.0, 
6,Davis,Sacramento Valley,8/31/2012,1900,244,17.6,Y,61,Y,4.9, 
6,Davis,Sacramento Valley,8/31/2012,2000,244,15.3,Y,69,Y,4.9, 
6,Davis,Sacramento Valley,8/31/2012,2100,244,14.0,Y,74,Y,3.6, 
6,Davis,Sacramento Valley,8/31/2012,2200,244,13.3,Y,77,Y,4.0, 
                                                                                                                                                                                                                                                                                                                                                                                                                                                                                                                                                                                                                                                                                                                                                                                                                                                                                                                                                                                                                                                                