band_number,Disposition,Species,Nestbox,Site,Banding Date,Age,How Aged,Sex,How Sexed,Status,Right Wing Chord (mm),Weight (g),Fat Score,Tail Length (mm),Skull Length (mm),Nares-Tip (mm),Tarsus (mm),Initials,Right Leg Color,Left Leg Color,Comments,Blood number,entry_order,color,life_stage
NA,NA,WEBL,BRO1,Barbour Ranch,4/26/2022,L,NN,U,NA,300,14,,2,0,25.9,4.1,15.9,PGG,-,-,Purple2,B034,1756,Purple,nestling
NA,NA,WEBL,BRO1,Barbour Ranch,4/26/2022,L,NN,U,NA,300,17,,3,1,25.5,3.7,14.4,KG,-,-,Red2,B035,1757,Red,nestling
NA,NA,WEBL,BRO1,Barbour Ranch,4/26/2022,L,NN,U,NA,300,14,,2,0,23.9,3.6,15.9,PGG,-,-,Orange2,B037,1758,Orange,nestling
NA,NA,WEBL,BRO1,Barbour Ranch,4/26/2022,L,NN,U,NA,300,18,,4,0,25.4,3.5,15.3,KG,-,-,Blue2,B036,1759,Blue,nestling
1321-35459,NA,WEBL,BRO1,Barbour Ranch,4/28/2022,AHY,PL,M,PL,334,100,25.2,2,60,37.5,9.1,22.4,KL,GN/SV,OR/RD,,B038,1893,1321-35459,adult
2941-18475,NA,WEBL,BRO1,Barbour Ranch,5/4/2022,L,NN,M,PL,334,46,21.6,3,14,29.5,5.3,20.5,KL,OR/RD,SV/OR,Orange ,B052,644,Orange ,nestling
2941-18476,NA,WEBL,BRO1,Barbour Ranch,5/4/2022,L,NN,U,NA,334,53,24.4,3,19,30.7,6,20.1,KL,OR/RD,SV/OR,Purple ,B053,645,Purple ,nestling
2941-18477,NA,WEBL,BRO1,Barbour Ranch,5/4/2022,L,NN,M,PL,334,52,24.4,3,19,31.4,6.1,21.5,KL,OR/RD,SV/OR,Blue ,B054,646,Blue ,nestling
2941-18478,NA,WEBL,BRO1,Barbour Ranch,5/4/2022,L,NN,U,NA,334,50,25.1,4,18,31.5,6.1,21.8,KL,OR/RD,SV/OR,Red,-,647,Red,nestling
NA,NA,WEBL,BRO1,Barbour Ranch,6/21/2022,L,NN,U,NA,300,11,10.3,3,0,22.4,3,12.4,KG,-,-,Green ,-,844,Green ,nestling
NA,NA,WEBL,BRO1,Barbour Ranch,6/21/2022,L,NN,U,NA,300,11,10.3,4,0,21.4,3.1,11.9,KG,-,-,Purple,-,845,Purple,nestling
NA,NA,WEBL,BRO1,Barbour Ranch,6/21/2022,L,NN,U,NA,300,13,12.1,4,0,22.2,3.7,12.7,MZ,-,-,Orange,-,846,Orange,nestling
NA,NA,WEBL,BRO1,Barbour Ranch,6/21/2022,L,NN,U,NA,300,12,12.5,5,0,22.4,3.7,12.6,KG,-,-,Yellow,-,847,Yellow,nestling
2941-18519,NA,WEBL,BRO1,Barbour Ranch,7/1/2022,L,NN,F,PL,334,56,25.3,4,20,30.4,5.4,18.7,CP,OR/GY,GY/SV,No color B403,B403,1088,2941-18519,nestling
2941-18520,NA,WEBL,BRO1,Barbour Ranch,7/1/2022,L,NN,M,PL,334,56,22.8,3,21,30,5.6,19.1,KL,OR/GY,GY/SV,No color B404,B404,1089,2941-18520,nestling
2941-18521,NA,WEBL,BRO1,Barbour Ranch,7/1/2022,L,NN,M,PL,334,55,21.6,3,17,30.2,5.7,19,CP,OR/GY,GY/SV,Orange B405,B405,1090,Orange,nestling
2941-18522,NA,WEBL,BRO1,Barbour Ranch,7/1/2022,L,NN,F,PL,334,53,22.7,3,20,29.6,5.1,19.2,KL,OR/GY,GY/SV,No color B406,B406,1091,2941-18522,nestling
2941-18532,NA,WEBL,BRO1,Barbour Ranch,5/25/2023,L,NN,F,PL,334,49,25.4,3,16,29.2,5.7,21.3,KL,SV/OR,GY/OR,,,1444,2941-18532,nestling
2941-18533,NA,WEBL,BRO1,Barbour Ranch,5/25/2023,L,NN,M,PL,334,49,26.8,3,14,30.9,5.3,20.9,KL,SV/OR,GY/OR,,,1445,2941-18533,nestling
2941-18534,NA,WEBL,BRO1,Barbour Ranch,5/25/2023,L,NN,M,PL,334,53,25.9,3,18,31.4,5.7,20.5,KL,SV/OR,GY/OR,,,1446,2941-18534,nestling
2941-18535,NA,WEBL,BRO1,Barbour Ranch,5/25/2023,L,NN,M,PL,334,49,26.6,4,15,30.7,5.5,20.2,KL,SV/OR,GY/OR,,,1447,2941-18535,nestling
2941-18536,NA,WEBL,BRO1,Barbour Ranch,5/25/2023,L,NN,M,PL,334,51,28.3,3,16,31.3,6,21.5,KL,SV/OR,GY/OR,,,1448,2941-18536,nestling
NA,NA,TRES,BRO1,Barbour Ranch,7/5/2023,L,NN,U,NA,300,13,7.5,4,0,19.3,2.6,9.2,RK,-,-,Pink,,2007,Pink,nestling
NA,NA,TRES,BRO1,Barbour Ranch,7/5/2023,L,NN,U,NA,300,11,7,5,0,17.9,2.4,9.2,RK,-,-,Purple,,2008,Purple,nestling
NA,NA,TRES,BRO1,Barbour Ranch,7/5/2023,L,NN,U,NA,300,13,7.2,4,0,18.3,2.5,9.1,RK,-,-,Green,,2009,Green,nestling
NA,NA,TRES,BRO1,Barbour Ranch,7/5/2023,L,NN,U,NA,300,12,8,4,0,18.8,2.4,9.3,RK,-,-,Red,,2010,Red,nestling
1741-63875,NA,TRES,BRO1,Barbour Ranch,7/5/2023,AHY,PL,M,CP,333,111,17.2,2,54,27.4,5.3,12.1,KL,-,-,,,2091,1741-63875,adult
2881-27428,NA,TRES,BRO1,Barbour Ranch,7/5/2023,AHY,PL,F,BP,333,105,16.1,3,50,28.5,5.9,11.8,KL,-,-,,,2133,2881-27428,adult
2881-27429,NA,TRES,BRO1,Barbour Ranch,7/11/2023,L,NN,U,NA,333,45,18.1,4,11,23.8,4.1,11.4,YZ,-,-,Green,B553,2134,Green,nestling
2881-27430,NA,TRES,BRO1,Barbour Ranch,7/11/2023,L,NN,U,NA,333,44,19.7,4,10,25,4.4,12.3,YZ,-,-,Red,B554,2135,Red,nestling
2881-27431,NA,TRES,BRO1,Barbour Ranch,7/11/2023,L,NN,U,NA,333,44,18.3,4,11,25.2,4.1,11.9,YZ,-,-,Pink,B555,2136,Pink,nestling
2881-27432,NA,TRES,BRO1,Barbour Ranch,7/11/2023,L,NN,U,NA,333,42,19.3,5,8,24.4,4.3,11.9,YZ,-,-,Purple,,2137,Purple,nestling
NA,NA,WEBL,BRO2,Barbour Ranch,7/8/2021,L,NN,U,NA,300,12,8.7,4,0,21.6,2.9,10.2,KG,-,-,Yellow,-,498,Yellow,nestling
NA,NA,WEBL,BRO2,Barbour Ranch,7/8/2021,L,NN,U,NA,300,11,9.4,4,0,21.1,3.2,10.9,KL,-,-,Pink,-,499,Pink,nestling
NA,NA,WEBL,BRO2,Barbour Ranch,7/8/2021,L,NN,U,NA,300,12,10.1,4,0,21.5,3.4,11.2,KL,-,-,Purple,-,500,Purple,nestling
NA,NA,WEBL,BRO2,Barbour Ranch,7/15/2021,L,NN,U,NA,300,37,23.5,3,7,29,4.7,21.4,KG,-,-,Pink,-,517,Pink,nestling
NA,NA,WEBL,BRO2,Barbour Ranch,7/15/2021,L,NN,U,NA,300,41,25.5,3,10,29.9,4,21.6,KG,-,-,Purple,-,518,Purple,nestling
NA,NA,WEBL,BRO2,Barbour Ranch,7/15/2021,L,NN,U,NA,300,38,23.7,3,7,28.9,4.4,21,KG,-,-,Yellow,-,519,Yellow,nestling
NA,NA,WEBL,BRO2,Barbour Ranch,7/19/2021,L,NN,M,PL,300,55,24.5,3,19,31.4,5.2,22.1,KG,-,-,Pink,-,532,Pink,nestling
NA,NA,WEBL,BRO2,Barbour Ranch,7/19/2021,L,NN,F,PL,300,58,26.4,3,20,31.2,5,21.2,KG,-,-,Purple,-,533,Purple,nestling
NA,NA,WEBL,BRO2,Barbour Ranch,7/19/2021,L,NN,M,PL,300,53,25.2,3,19,32.2,4.9,21,KG,-,-,Yellow,-,534,Yellow,nestling
NA,NA,WEBL,BRO2,Barbour Ranch,5/4/2022,L,NN,U,NA,300,16,13.9,5,0,24.5,4.6,15,KL,-,-,Pink,,1732,Pink,nestling
NA,NA,WEBL,BRO2,Barbour Ranch,5/4/2022,L,NN,U,NA,300,16,13.6,4,0,24.3,4.4,15.3,KL,-,-,Purple,,1733,Purple,nestling
NA,NA,WEBL,BRO2,Barbour Ranch,5/12/2022,L,NN,U,NA,300,35,17.9,0,6,28.2,4.7,20.5,KG,-,-,Pink,B198,1811,Pink,nestling
NA,NA,WEBL,BRO2,Barbour Ranch,5/12/2022,L,NN,U,NA,300,41,19.5,0,10,30.2,4.8,19.6,PGG,-,-,Purple,B197,1812,Purple,nestling
2941-18502,NA,WEBL,BRO2,Barbour Ranch,5/16/2022,L,NN,M,PL,334,57,22.7,4,22,30.6,5.2,19.9,KL,OR/OR,SV/RD,Purple B207,B207,1071,Purple,nestling
2941-18503,NA,WEBL,BRO2,Barbour Ranch,5/16/2022,L,NN,F,PL,334,54,24.8,4,20,30,5.2,20.4,KL,OR/OR,SV/RD,Pink B208,B208,1072,Pink,nestling
NA,NA,WEBL,BRO2,Barbour Ranch,7/5/2023,L,NN,U,NA,300,7,2.8,5,0,15.4,2,6.2,KL,-,-,Purple,,2011,Purple,nestling
NA,NA,WEBL,BRO2,Barbour Ranch,7/5/2023,L,NN,U,NA,300,7,2.7,4,0,15.1,2.2,5.6,KL,-,-,Orange,,2012,Orange,nestling
NA,NA,WEBL,BRO2,Barbour Ranch,7/5/2023,L,NN,U,NA,300,7,2.7,4,0,14.9,1.9,6,RK,-,-,Blue,,2013,Blue,nestling
2471-74254,NA,WEBL,BRO2,Barbour Ranch,7/5/2023,AHY,PL,M,PL,334,103,27,2,62,36.4,8.9,20.6,KL,SV/RD,GN/BK,,,2092,2471-74254,adult
NA,NA,WEBL,BRO2,Barbour Ranch,7/11/2023,L,NN,U,NA,300,17,16.3,4,0,25.9,3.6,15.8,RK,-,-,Orange,B557,2038,Orange,nestling
NA,NA,WEBL,BRO2,Barbour Ranch,7/11/2023,L,NN,U,NA,300,17,14.9,5,0,25,4,16.1,RK,-,-,Red2,B558,2039,Red2,nestling
NA,NA,WEBL,BRO2,Barbour Ranch,7/11/2023,L,NN,U,NA,300,14,13.8,5,0,24.6,3.6,14.6,RK,-,-,Green2,B559,2040,Green2,nestling
NA,NA,WEBL,BRO2,Barbour Ranch,7/11/2023,L,NN,U,NA,300,18,16.4,5,0,25.2,3.5,16.6,RK,-,-,Purple,,2041,Purple,nestling
3181-01215,NA,WEBL,BRO2,Barbour Ranch,7/18/2023,L,NN,F,PL,334,53,26.9,4,16,31.6,5.9,20.6,YZ,GY/SV,WH/GY,Orange,B580,2065,Orange,nestling
3181-01216,NA,WEBL,BRO2,Barbour Ranch,7/18/2023,L,NN,F,PL,334,42,27.5,3,8,32.3,5.1,21.2,YZ,GY/SV,WH/GY,Green,B582,2066,Green2,nestling
3181-01217,NA,WEBL,BRO2,Barbour Ranch,7/18/2023,L,NN,F,PL,334,50,25.5,2,15,31.1,5.9,20.8,YZ,GY/SV,WH/GY,Red,B583,2067,Red2,nestling
3181-01218,NA,WEBL,BRO2,Barbour Ranch,7/18/2023,L,NN,M,PL,334,47,24.6,5,13,30.8,5.2,20.9,KL,GY/SV,WH/GY,Purple,B584,2068,Purple,nestling
NA,NA,WEBL,BRO3,Barbour Ranch,5/20/2021,L,NN,U,NA,300,9,5.4,4,0,18.5,2.5,7.5,KL,-,-,Pink,-,284,Pink,nestling
NA,NA,WEBL,BRO3,Barbour Ranch,5/20/2021,L,NN,U,NA,300,9,3.8,4,0,16.2,1.9,6.6,KL,-,-,Purple,-,285,Purple,nestling
NA,NA,WEBL,BRO3,Barbour Ranch,5/20/2021,L,NN,U,NA,300,8,3.3,4,0,17,2,6.6,KL,-,-,Blue,-,286,Blue,nestling
NA,NA,WEBL,BRO3,Barbour Ranch,5/20/2021,L,NN,U,NA,300,9,4.4,4,0,16.9,2.1,8.3,KL,-,-,Yellow,-,287,Yellow,nestling
NA,NA,WEBL,BRO3,Barbour Ranch,5/20/2021,L,NN,U,NA,300,8,3,4,0,14.9,2.3,5.8,KL,-,-,Orange,-,288,Orange,nestling
NA,NA,WEBL,BRO3,Barbour Ranch,5/27/2021,L,NN,U,NA,300,32,22.2,3,5,27.4,4.5,19.9,KL,-,-,Pink,-,349,Pink,nestling
NA,NA,WEBL,BRO3,Barbour Ranch,5/27/2021,L,NN,U,NA,300,27,18.8,4,1,26.5,4,18.5,KL,-,-,Orange,-,350,Orange,nestling
NA,NA,WEBL,BRO3,Barbour Ranch,5/27/2021,L,NN,U,NA,300,28,20.8,3,2,26.6,4.4,19.1,KL,-,-,Purple,-,351,Purple,nestling
NA,NA,WEBL,BRO3,Barbour Ranch,5/27/2021,L,NN,U,NA,300,27,19.7,4,1,26.5,4.1,19.4,KL,-,-,Blue,-,352,Blue,nestling
NA,NA,WEBL,BRO3,Barbour Ranch,5/27/2021,L,NN,U,NA,300,29,20.9,4,3,26.4,4.2,19.5,KL,-,-,Yellow,-,353,Yellow,nestling
NA,NA,TRES,BRO4,Barbour Ranch,6/1/2023,L,NN,U,NA,300,6,2,4,0,12.8,1.5,4.2,KL,-,-,Purple,,1629,Purple,nestling
NA,NA,TRES,BRO4,Barbour Ranch,6/1/2023,L,NN,U,NA,300,6,1.3,4,0,11.6,1.5,3.5,KL,-,-,Orange,,1630,Orange,nestling
2881-27420,NA,TRES,BRO4,Barbour Ranch,6/1/2023,SY,PL,F,BP,333,105,17.8,4,52,26.9,5.2,11.2,KL,-,-,,B460,2125,2881-27420,adult
NA,NA,TRES,BRO4,Barbour Ranch,6/6/2023,L,NN,U,NA,300,12,7.4,4,0,18,3,9,KL,-,-,Purple2,,1661,Purple2,nestling
2881-27422,NA,TRES,BRO4,Barbour Ranch,6/13/2023,L,NN,U,NA,333,45,20.8,4,14,25.5,4.2,11.8,KL,-,-,Purple2,B482,2127,Purple2,nestling
2881-27423,NA,TRES,BRO4,Barbour Ranch,6/13/2023,L,NN,U,NA,333,50,22.7,4,15,26.2,4.4,12,KL,-,-,,B483,2128,2881-27423,nestling
2881-27424,NA,TRES,BRO4,Barbour Ranch,6/13/2023,L,NN,U,NA,333,46,18.6,4,14,25.4,4.4,11.7,KL,-,-,,B484,2129,2881-27424,nestling
NA,NA,WEBL,BRO5,Barbour Ranch,6/16/2021,L,NN,U,NA,300,9,5.2,4,0,17.7,2.7,6.8,KG,-,-,Yellow,-,412,Yellow,nestling
NA,NA,WEBL,BRO5,Barbour Ranch,6/16/2021,L,NN,U,NA,300,8,4.8,4,0,16.7,2.2,8.3,KL,-,-,Purple,-,413,Purple,nestling
NA,NA,WEBL,BRO5,Barbour Ranch,6/16/2021,L,NN,U,NA,300,8,3.4,4,0,15.2,2.2,5.5,KG,-,-,Pink,-,414,Pink,nestling
NA,NA,WEBL,BRO5,Barbour Ranch,6/16/2021,L,NN,U,NA,300,8,3.8,4,0,15.5,2.3,8.3,KL,-,-,Blue,-,415,Blue,nestling
NA,NA,WEBL,BRO6,Barbour Ranch,5/6/2021,L,NN,U,NA,300,17,14.2,3,0,23.1,4,15.4,KL,-,-,Blue: Blindy McGee,-,23,Blue,nestling
NA,NA,WEBL,BRO6,Barbour Ranch,5/6/2021,L,NN,U,NA,300,17,14.6,4,0,23.5,3.7,14.6,KL,-,-,Yellow,-,24,Yellow,nestling
NA,NA,WEBL,BRO6,Barbour Ranch,5/6/2021,L,NN,U,NA,300,16,13.8,4,0,23,3.1,12.3,KL,-,-,Pink,-,25,Pink,nestling
NA,NA,WEBL,BRO6,Barbour Ranch,5/6/2021,L,NN,U,NA,300,13,10.2,4,0,21.4,3.2,11.4,KL,-,-,Purple,-,26,Purple,nestling
NA,NA,WEBL,BRO6,Barbour Ranch,5/13/2021,L,NN,U,NA,300,46,26,3,13,30.6,5.6,21.7,KL,-,-,Yellow,-,231,Yellow,nestling
NA,NA,WEBL,BRO6,Barbour Ranch,5/13/2021,L,NN,U,NA,300,46,27.8,3,12,30,5.5,22.2,KL,-,-,Pink,-,232,Pink,nestling
NA,NA,WEBL,BRO6,Barbour Ranch,5/13/2021,L,NN,U,NA,300,43,24.2,1,14,29.3,5.5,22.8,KL,-,-,Blue (Blindy),-,233,Blue,nestling
NA,NA,WEBL,BRO6,Barbour Ranch,5/13/2021,L,NN,U,NA,300,41,23.8,3,10,29.7,4.9,20.8,KL,-,-,Purple,-,234,Purple,nestling
NA,NA,WEBL,BRO6,Barbour Ranch,6/1/2023,L,NN,U,NA,300,7,2.4,4,0,13.7,1.8,5.8,KL,-,-,Orange,,1631,Orange,nestling
NA,NA,WEBL,BRO6,Barbour Ranch,6/1/2023,L,NN,U,NA,300,7,2.8,4,0,15.3,2,5.9,KL,-,-,Purple,,1632,Purple,nestling
NA,NA,WEBL,BRO6,Barbour Ranch,6/1/2023,L,NN,U,NA,300,7,2.5,4,0,14.5,1.8,6.2,KL,-,-,Pink,,1633,Pink,nestling
1351-53293,NA,WEBL,BRO6,Barbour Ranch,6/1/2023,AHY,PL,M,PL,334,104,27,5,65,34.9,8.8,21.1,KL,GN/RD,SV/GN,,,2084,1351-53293,adult
NA,NA,WEBL,BRO6,Barbour Ranch,6/6/2023,L,NN,U,NA,300,9,7,4,0,19.4,2.6,10,KL,-,-,Purple2,,1956,Purple2,nestling
NA,NA,WEBL,BRO6,Barbour Ranch,6/6/2023,L,NN,U,NA,300,13,11.7,4,0,22.6,3.4,13.8,KL,-,-,Pink,,1957,Pink,nestling
NA,NA,WEBL,BRO6,Barbour Ranch,6/6/2023,L,NN,U,NA,300,15,12.6,4,0,23.1,3.8,14,KL,-,-,Red2,,1958,Red2,nestling
NA,NA,WEBL,BRO6,Barbour Ranch,6/6/2023,L,NN,U,NA,300,14,12.2,4,0,23,3.4,13.2,KL,-,-,Orange,,1959,Orange,nestling
NA,NA,WEBL,BRO6,Barbour Ranch,6/13/2023,L,NN,U,NA,300,41,24.8,4,10,29.9,4.9,20.5,KL,-,-,Orange,,1676,Orange,nestling
3181-01201,NA,WEBL,BRO6,Barbour Ranch,6/13/2023,L,NN,F,PL,334,38,22,4,9,28.3,4.7,21.1,KL,GY/OR,OR/SV,unknown color,B485,2052,3181-01201,nestling
3181-01202,NA,WEBL,BRO6,Barbour Ranch,6/13/2023,L,NN,F,PL,334,42,22.6,4,13,29.1,4.9,20.8,KL,GY/OR,OR/SV,Red,B486,2053,Red2,nestling
3181-01203,NA,WEBL,BRO6,Barbour Ranch,6/13/2023,L,NN,M,PL,334,41,24.2,4,10,29.9,4.6,20.3,KL,GY/OR,OR/SV,Pink,B487,2054,Pink,nestling
NA,NA,WEBL,BRO7,Barbour Ranch,7/15/2021,L,NN,U,NA,300,8,3.6,4,0,15.8,1.5,6.1,KG,-,-,Pink,-,520,Pink,nestling
NA,NA,WEBL,BRO7,Barbour Ranch,7/15/2021,L,NN,U,NA,300,7,3.6,4,0,15.6,1.5,5.8,KG,-,-,Yellow,-,521,Yellow,nestling
NA,NA,WEBL,BRO7,Barbour Ranch,7/15/2021,L,NN,U,NA,300,7,2.9,4,0,15.5,1.1,6,KG,-,-,Purple,-,522,Purple,nestling
NA,NA,WEBL,BRO7,Barbour Ranch,7/22/2021,L,NN,U,NA,300,23,18.8,5,1,27,3.6,18.7,KG,-,-,Orange,-,538,Orange,nestling
NA,NA,WEBL,BRO7,Barbour Ranch,7/22/2021,L,NN,U,NA,300,25,21.2,5,1,25.9,3.9,18.4,KG,-,-,Blue,-,539,Blue,nestling
NA,NA,WEBL,BRO7,Barbour Ranch,7/22/2021,L,NN,U,NA,300,20,17.4,5,0,25.4,3.9,16.6,KG,-,-,Green,-,540,Green,nestling
NA,NA,WEBL,BRO7,Barbour Ranch,7/29/2021,L,NN,M,PL,300,61,22.3,4,20,31.5,5.4,19.4,KG,-,-,Orange,-,541,Orange,nestling
NA,NA,WEBL,BRO7,Barbour Ranch,7/29/2021,L,NN,M,PL,300,57,-,4,19,32,5.5,19.8,KG,-,-,Green,-,542,Green,nestling
NA,NA,WEBL,BRO7,Barbour Ranch,7/29/2021,L,NN,F,PL,300,61,-,4,22,31.4,5.6,20.5,KG,-,-,Blue,-,543,Blue,nestling
NA,NA,WEBL,BRO7,Barbour Ranch,6/2/2022,L,NN,U,NA,300,18,14.7,4,0,25.9,3.5,15.9,PGG,-,-,Red,-,816,Red,nestling
NA,NA,WEBL,BRO7,Barbour Ranch,6/2/2022,L,NN,U,NA,300,22,17.9,5,1,25.8,4,18.2,VW,-,-,Purple,-,817,Purple,nestling
NA,NA,WEBL,BRO7,Barbour Ranch,6/2/2022,L,NN,U,NA,300,20,18.2,4,0,26.8,3.8,17.4,PGG,-,-,Orange,-,818,Orange,nestling
NA,NA,WEBL,BRO7,Barbour Ranch,6/2/2022,L,NN,U,NA,300,21,17.7,4,0,24.9,3.2,17.1,VW,-,-,Blue,-,819,Blue,nestling
2941-29305,NA,WEBL,BRO7,Barbour Ranch,6/7/2022,L,NN,U,NA,333,47,24.4,5,13,28.4,4.6,19.3,KG,-,-,Orange ,B165,1020,Orange ,nestling
2941-29306,NA,WEBL,BRO7,Barbour Ranch,6/7/2022,L,NN,U,NA,333,40,23.3,3,8,29.5,4.4,20.9,PGG,-,-,Red ,B164,1021,Red ,nestling
2941-29307,NA,WEBL,BRO7,Barbour Ranch,6/7/2022,L,NN,U,NA,333,46,24.1,3,6,29.5,5,20.5,KG,-,-,Purple ,B166,1022,Purple ,nestling
2941-29308,NA,WEBL,BRO7,Barbour Ranch,6/7/2022,L,NN,U,NA,333,47,25.2,5,11,29.4,4.6,20.7,KG,-,-,Blue,-,1023,Blue,nestling
NA,NA,WEBL,BRO7,Barbour Ranch,7/11/2023,L,NN,U,NA,300,7,3.3,4,0,15.9,2.2,5.8,RK,-,-,Green,,2034,Green,nestling
NA,NA,WEBL,BRO7,Barbour Ranch,7/11/2023,L,NN,U,NA,300,7,3.2,4,0,15.5,2.2,6,RK,-,-,Pink,,2035,Pink,nestling
NA,NA,WEBL,BRO7,Barbour Ranch,7/11/2023,L,NN,U,NA,300,7,3.2,4,0,15.7,2.1,6.2,RK,-,-,Blue,,2036,Blue,nestling
NA,NA,WEBL,BRO7,Barbour Ranch,7/11/2023,L,NN,U,NA,300,6,2.7,4,0,15.4,2,6.2,RK,-,-,Orange,,2037,Orange,nestling
3181-01213,NA,WEBL,BRO7,Barbour Ranch,7/11/2023,AHY,PL,F,PL,334,97,28.4,2,61,35.9,9.1,20.4,KL,GY/SV,GY/WH,,B556,2063,3181-01213,adult
NA,NA,WEBL,BRO7,Barbour Ranch,7/18/2023,L,NN,U,NA,300,24,19.4,4,0,27.3,4.5,18.1,YZ,-,-,Green,B585,2049,Green,nestling
NA,NA,WEBL,BRO7,Barbour Ranch,7/18/2023,L,NN,U,NA,300,23,16.3,4,0,26.5,4.2,17.9,YZ,-,-,Blue,B586,2050,Blue,nestling
NA,NA,WEBL,BRO7,Barbour Ranch,7/18/2023,L,NN,U,NA,300,24,17.3,4,0,27.1,4.1,17.6,YZ,-,-,Pink,B587,2051,Pink,nestling
NA,NA,WEBL,BRO7,Barbour Ranch,7/18/2023,L,NN,U,NA,300,19,15.4,4,0,26.1,3.9,17,YZ,- ,-,Orange,,2112,Orange,nestling
3181-01219,NA,WEBL,BRO7,Barbour Ranch,7/25/2023,L,NN,F,PL,334,56,26.6,5,19,32.2,6.1,20.4,KL,GY/WH,SV/GY,Blue,B588,2069,Blue,nestling
3181-01220,NA,WEBL,BRO7,Barbour Ranch,7/25/2023,L,NN,M,PL,334,50,28.1,5,15,31.7,5.9,20.6,KL,GY/WH,SV/GY,Orange,B589,2070,Orange,nestling
3181-01221,NA,WEBL,BRO7,Barbour Ranch,7/25/2023,L,NN,M,PL,334,55,28.9,5,19,31.9,5.8,21.1,KL,GY/WH,SV/GY,Green,B590,2071,Green,nestling
3181-01222,NA,WEBL,BRO7,Barbour Ranch,7/25/2023,L,NN,F,PL,334,58,28.7,5,20,31.9,6.1,20.2,KL,GY/WH,SV/GY,Pink,,2072,Pink,nestling
NA,NA,TRES,BRO8,Barbour Ranch,5/12/2022,L,NN,U,NA,300,22,13.7,2,0,22.1,3.1,12.2,PGG,-,-,Pink,,1813,Pink,nestling
NA,NA,TRES,BRO8,Barbour Ranch,5/12/2022,L,NN,U,NA,300,16,8,3,0,21.1,2.9,11,KG,-,-,Purple,,1814,Purple,nestling
NA,NA,TRES,BRO8,Barbour Ranch,5/12/2022,L,NN,U,NA,300,19,11.6,3,0,19.9,3.3,11.2,PGG,-,-,Red,,1815,Red,nestling
NA,NA,TRES,BRO8,Barbour Ranch,5/12/2022,L,NN,U,NA,300,22,14.6,4,0,21.1,2.8,11.5,KG,-,-,Yellow,,1816,Yellow,nestling
NA,NA,TRES,BRO8,Barbour Ranch,5/12/2022,L,NN,U,NA,300,18,10.8,3,0,19.4,3.1,11.7,KG,-,-,Orange,,1817,Orange,nestling
2881-27401,NA,TRES,BRO8,Barbour Ranch,5/18/2022,AHY,PL,F,BP,333,112,17,2,62,28.5,4.7,12,KG,-,-,Mom ,B124,1009,2881-27401,adult
2881-27402,NA,TRES,BRO8,Barbour Ranch,5/18/2022,L,NN,U,NA,333,57,20,2,21,24.1,4.5,12.4,PGG,-,-,No Color ,B125,1010,2881-27402,nestling
2881-27403,NA,TRES,BRO8,Barbour Ranch,5/18/2022,L,NN,U,NA,333,61,22.6,2,20,26.2,4.3,13.2,PGG,-,-,Yellow ,B126,1011,Yellow ,nestling
2881-27404,NA,TRES,BRO8,Barbour Ranch,5/18/2022,L,NN,U,NA,333,62,21.8,2,22,26.6,4.3,13,KG,-,-,Pink,-,1012,Pink,nestling
2881-27405,NA,TRES,BRO8,Barbour Ranch,5/18/2022,L,NN,U,NA,333,56,19,3,15,24.5,4.4,12.3,PGG,-,-,Orange ,-,1013,Orange ,nestling
2881-27406,NA,TRES,BRO8,Barbour Ranch,5/18/2022,L,NN,U,NA,333,54,16,2,18,23.2,4,11,KG,-,-,Purple,-,1014,Purple,nestling
2881-27407,NA,TRES,BRO8,Barbour Ranch,5/18/2022,L,NN,U,NA,333,60,19.3,3,19,26.4,4.7,12.4,KG,-,-,Red,-,1015,Red,nestling
NA,NA,TRES,BRO9,Barbour Ranch,6/10/2021,L,NN,U,NA,300,17,9.4,4,1,19.7,3.4,9.9,KL,-,-,Pink,-,391,Pink,nestling
NA,NA,TRES,BRO9,Barbour Ranch,6/10/2021,L,NN,U,NA,300,15,8.3,4,0,19.5,3.3,9.8,KL,-,-,Yellow,-,392,Yellow,nestling
NA,NA,TRES,BRO9,Barbour Ranch,6/10/2021,L,NN,U,NA,300,13,6.4,4,0,17.7,2.9,8.9,KL,-,-,Blue,-,393,Blue,nestling
NA,NA,TRES,BRO9,Barbour Ranch,6/10/2021,L,NN,U,NA,300,14,8.3,4,0,18.7,3.4,9.3,KL,-,-,Purple,-,394,Purple,nestling
NA,NA,TRES,BRO9,Barbour Ranch,6/16/2021,L,NN,U,NA,300,44,17.8,3,11,25.9,4.8,11.8,KL,-,-,Purple,-,408,Purple,nestling
NA,NA,TRES,BRO9,Barbour Ranch,6/16/2021,L,NN,U,NA,300,46,18.5,3,9,24.6,3.6,12.5,KG,-,-,Pink,-,409,Pink,nestling
NA,NA,TRES,BRO9,Barbour Ranch,6/16/2021,L,NN,U,NA,300,40,16,3,8,23.9,4.3,10.7,KL,-,-,Blue,-,410,Blue,nestling
NA,NA,TRES,BRO9,Barbour Ranch,6/16/2021,L,NN,U,NA,300,43,17.7,4,10,24.2,3.4,13.8,KG,-,-,Yellow,-,411,Yellow,nestling
2941-18511,NA,WEBL,D,D,D,D,D,D,D,D,D,D,D,D,D,D,D,D,D,D,Band broken,-,1080,2941-18511,NA
NA,NA,TRES,FBFG10,Full Belly Farm,7/7/2022,L,NN,U,NA,300,22,12.2,3,0,20.8,301,10.8,PGG,-,-,Pink,-,1251,Pink,nestling
NA,NA,TRES,FBFG10,Full Belly Farm,7/7/2022,L,NN,U,NA,300,14,7.3,2,0,18.4,2.9,10.1,KG,-,-,Purple,-,1252,Purple,nestling
NA,NA,TRES,FBFG10,Full Belly Farm,7/7/2022,L,NN,U,NA,300,18,10.9,3,0,18.3,3.5,11.3,PGG,-,-,Red2,-,1253,Red2,nestling
NA,NA,TRES,FBFG10,Full Belly Farm,7/7/2022,L,NN,U,NA,300,21,13.1,4,0,20.1,3.2,11.5,KG,-,-,Green,-,1254,Green,nestling
2881-65754,NA,TRES,FBFG10,Full Belly Farm,7/14/2022,L,NN,U,NA,333,52,15.1,1,15,23.4,3.9,11.5,KG,-,-,Pink,,1315,Pink,nestling
2881-65755,NA,TRES,FBFG10,Full Belly Farm,7/14/2022,L,NN,U,NA,333,53,15.3,1,15,23.4,4,13,KG,-,-,Green,,1316,Green,nestling
2881-65756,NA,TRES,FBFG10,Full Belly Farm,7/14/2022,L,NN,U,NA,333,46,10.7,0,9,22.3,3.4,11.2,KG,-,-,Red,,1317,Red2,nestling
2941-94501,NA,WEBL,FBFO01,Full Belly Farm,4/21/2022,AHY,PL,F,PL,333,97,25.5,3,56,34.8,8.1,20.2,KL,-,-,-,B004,738,2941-94501,adult
NA,NA,WEBL,FBFO01,Full Belly Farm,4/21/2022,L,NN,U,NA,300,8,5.1,4,0,18.6,2.6,7.9,KL,-,-,Blue,-,985,Blue,nestling
NA,NA,WEBL,FBFO01,Full Belly Farm,4/21/2022,L,NN,U,NA,300,7,4.5,4,0,17.7,2.4,7.6,KL,-,-,Purple,-,986,Purple,nestling
NA,NA,WEBL,FBFO01,Full Belly Farm,4/21/2022,L,NN,U,NA,300,9,5.7,4,0,18.1,2.5,6.9,KL,-,-,Yellow,-,987,Yellow,nestling
NA,NA,WEBL,FBFO01,Full Belly Farm,4/21/2022,L,NN,U,NA,300,9,4.5,4,0,16.5,2.3,7.4,KL,-,-,Pink,-,988,Pink,nestling
NA,NA,TRES,FBFR09,Full Belly Farm,6/23/2022,L,NN,U,NA,300,6,2,4,0,12.3,1.3,5.6,KG,-,-,Orange,-,862,Orange,nestling
NA,NA,TRES,FBFR09,Full Belly Farm,6/23/2022,L,NN,U,NA,300,6,2.3,3,0,12.4,1.4,6.5,VW,-,-,Blue,-,863,Blue,nestling
NA,NA,TRES,FBFR09,Full Belly Farm,6/23/2022,L,NN,U,NA,300,6,1.9,3,0,13,1.4,4.9,KG,-,-,Purple,-,864,Purple,nestling
NA,NA,TRES,FBFR09,Full Belly Farm,6/23/2022,L,NN,U,NA,300,6,1.9,3,0,12.4,1.9,6.9,VW,-,-,Red,-,865,Red,nestling
NA,NA,TRES,FBFR09,Full Belly Farm,7/3/2022,L,NN,U,NA,300,32,13.9,4,5,22.7,3.5,10.5,KG,-,-,No color,-,894,5,nestling
2881-65746,NA,TRES,FBFR09,Full Belly Farm,7/3/2022,L,NN,U,NA,333,41,12.5,6,9,23.5,4.4,11.6,KG,-,-,unknown color,B409,1308,2881-65746,nestling
2881-65747,NA,TRES,FBFR09,Full Belly Farm,7/3/2022,L,NN,U,NA,333,41,16.8,5,11,23.9,3.9,11.5,KG,-,-,Orange,B410,1309,Orange,nestling
2881-65748,NA,TRES,FBFR09,Full Belly Farm,7/3/2022,L,NN,U,NA,333,46,12.5,6,13,23.4,4.5,11.2,KG,-,-,unknown color,,1310,2881-65748,nestling
NA,NA,TRES,FBFR10,Full Belly Farm,7/3/2022,L,NN,U,NA,300,7,2.8,3,0,13.9,1.9,5.2,KG,-,-,Purple (paint on mouth),-,895,Purple,nestling
NA,NA,TRES,FBFR10,Full Belly Farm,7/3/2022,L,NN,U,NA,300,7,3.7,3,0,15,2,7.1,KG,-,-,No color (hurt left leg),-,896,1,nestling
NA,NA,TRES,FBFR10,Full Belly Farm,7/3/2022,L,NN,U,NA,300,9,4.7,4,0,15.1,2.6,7,KG,-,-,Pink,-,897,Pink,nestling
NA,NA,TRES,FBFR10,Full Belly Farm,7/3/2022,L,NN,U,NA,300,9,5.2,4,0,16.5,2.5,7.1,KG,-,-,Green,-,898,Green,nestling
NA,NA,TRES,MBNC10,Mace Boulevard,6/16/2021,L,NN,U,NA,300,6,1.8,4,0,12.4,1.2,5.4,KG,-,-,Yellow,-,404,Yellow,nestling
NA,NA,TRES,MBNC10,Mace Boulevard,6/16/2021,L,NN,U,NA,300,7,2.3,4,0,12.5,1.9,5.6,KL,-,-,Pink,-,405,Pink,nestling
NA,NA,TRES,MBNC10,Mace Boulevard,6/16/2021,L,NN,U,NA,300,7,1.7,4,0,11.3,1.8,5.4,KG,-,-,Blue,-,406,Blue,nestling
NA,NA,TRES,MBNC10,Mace Boulevard,6/16/2021,L,NN,U,NA,300,7,2.1,4,0,11.8,1.8,4.9,KL,-,-,Purple,-,407,Purple,nestling
NA,NA,TRES,MBNC10,Mace Boulevard,6/23/2021,L,NN,U,NA,300,24,13.4,4,1,21.5,3.4,9.8,KL,-,-,Pink,-,449,Pink,nestling
NA,NA,TRES,MBNC10,Mace Boulevard,6/23/2021,L,NN,U,NA,300,24,11.5,3,1,21.1,3.3,10.4,KL,-,-,Purple,-,450,Purple,nestling
NA,NA,TRES,MBNC10,Mace Boulevard,6/23/2021,L,NN,U,NA,300,16,7,3,0,19.5,3.1,9.8,KL,-,-,Yellow,-,451,Yellow,nestling
NA,NA,TRES,MBNC10,Mace Boulevard,6/23/2021,L,NN,U,NA,300,19,8.1,3,0,19.7,3,9.4,KL,-,-,Blue,-,452,Blue,nestling
NA,NA,TRES,MBNC10,Mace Boulevard,6/23/2021,L,NN,U,NA,300,12,4.5,2,0,17.7,2.7,8.2,KL,-,-,Orange,-,453,Orange,nestling
NA,NA,TRES,MBNC11,Mace Boulevard,5/12/2021,L,NN,U,NA,300,36,19.8,3,7,24,3.5,12.4,KL,-,-,Blue,-,95,Blue,nestling
NA,NA,TRES,MBNC11,Mace Boulevard,5/12/2021,L,NN,U,NA,300,42,19.4,4,12,25.3,4.3,11.6,KL,-,-,Purple,-,96,Purple,nestling
NA,NA,TRES,MBNC11,Mace Boulevard,5/12/2021,L,NN,U,NA,300,33,15,3,5,23,3.5,11.2,KL,-,-,Yellow,-,97,Yellow,nestling
NA,NA,TRES,MBNC11,Mace Boulevard,5/12/2021,L,NN,U,NA,300,40,19.4,4,9,23.8,4.1,11.8,KL,-,-,Pink,-,98,Pink,nestling
NA,NA,TRES,MBNC11,Mace Boulevard,5/12/2021,L,NN,U,NA,300,38,20.1,4,7,23.3,4,11.8,KL,-,-,Green,-,99,Green,nestling
NA,NA,WEBL,MBNC11,Mace Boulevard,7/7/2021,L,NN,U,NA,300,18,16.4,4,0,24.9,3.6,15.4,KG,-,-,Pink,-,490,Pink,nestling
NA,NA,WEBL,MBNC11,Mace Boulevard,7/7/2021,L,NN,U,NA,300,17,15,4,0,24.4,4.3,14.1,KL,-,-,Yellow,-,491,Yellow,nestling
NA,NA,WEBL,MBNC11,Mace Boulevard,7/7/2021,L,NN,U,NA,300,19,16,4,0,24.3,3.7,14,KG,-,-,Purple,-,492,Purple,nestling
2631-20727,NA,TRES,MBNC11,Mace Boulevard,5/4/2022,AHY,PL,F,PL,333,105,18.1,4,51,28.5,5.2,17.8,KL,-,-,-,B051,1028,2631-20727,adult
NA,NA,TRES,MBNC11,Mace Boulevard,5/4/2022,L,NN,U,NA,300,10,4.7,5,0,17.2,2.9,7.8,YW,-,-,Orange,,1728,Orange,nestling
NA,NA,TRES,MBNC11,Mace Boulevard,5/4/2022,L,NN,U,NA,300,9,3.5,4,0,15.9,2.9,7.5,KL,-,-,Blue,,1729,Blue,nestling
NA,NA,TRES,MBNC11,Mace Boulevard,5/4/2022,L,NN,U,NA,300,13,6.1,5,0,18.7,3,8.4,KL,-,-,Pink,,1730,Pink,nestling
NA,NA,TRES,MBNC11,Mace Boulevard,5/4/2022,L,NN,U,NA,300,11,5.6,4,0,18.2,3.2,10,YW,-,-,Red,,1731,Red,nestling
NA,NA,TRES,MBNC11,Mace Boulevard,5/10/2022,L,NN,U,NA,300,34,16.6,3,5,23.3,3.6,12.6,KL,-,-,Orange B087,B087,704,Orange,nestling
NA,NA,TRES,MBNC11,Mace Boulevard,5/10/2022,L,NN,U,NA,300,37,16.5,3,6,24.1,3.4,11.2,CP,-,-,Pink B088,B088,705,Pink,nestling
NA,NA,TRES,MBNC11,Mace Boulevard,5/10/2022,L,NN,U,NA,300,38,16.7,3,7,24.5,3.3,12.5,KL,-,-,Purple2 B089,B089,706,Purple2,nestling
NA,NA,TRES,MBNC11,Mace Boulevard,5/10/2022,L,NN,U,NA,300,30,14.3,4,2,23.2,3.1,11.3,CP,-,-,Blue,-,707,Blue,nestling
NA,NA,TRES,MBNC11,Mace Boulevard,5/10/2022,L,NN,U,NA,300,38,16.3,2,7,22.8,3.4,10.8,CP,-,-,Green2,-,708,Green2,nestling
2631-20728,NA,TRES,MBNC11,Mace Boulevard,5/12/2022,L,NN,U,NA,333,44,17.6,2,11,25,3.9,12.1,KL,-,-,Pink,,1029,Pink,nestling
2631-20729,NA,TRES,MBNC11,Mace Boulevard,5/12/2022,L,NN,U,NA,333,41,18,3,8,21.8,3.5,11.8,VW,-,-,Orange,,1030,Orange,nestling
2631-20730,NA,TRES,MBNC11,Mace Boulevard,5/12/2022,L,NN,U,NA,333,45,18.1,2,11,24.7,3.9,11.3,VW,-,-,Purple,,1031,Purple2,nestling
2631-20731,NA,TRES,MBNC11,Mace Boulevard,5/12/2022,L,NN,U,NA,333,44,17.2,2,10,21.6,3.6,10,VW,-,-,Green,,1032,Green2,nestling
2631-20732,NA,TRES,MBNC11,Mace Boulevard,5/12/2022,L,NN,U,NA,333,38,15.9,3,6,24.2,3.8,11.7,YW,-,-,Blue,,1033,Blue,nestling
NA,NA,TRES,MBNC11,Mace Boulevard,6/29/2022,L,NN,U,NA,300,11,6,4,0,17.1,3.3,8.9,KG,-,-,Orange ,-,884,Orange ,nestling
NA,NA,TRES,MBNC11,Mace Boulevard,6/29/2022,L,NN,U,NA,300,10,5.6,4,0,16.6,2.6,7.6,KG,-,-,Red,-,885,Red,nestling
NA,NA,TRES,MBNC11,Mace Boulevard,6/29/2022,L,NN,U,NA,300,7,1.6,3,0,14,2.5,5.5,KG,-,-,Blue,-,886,Blue,nestling
NA,NA,TRES,MBNC11,Mace Boulevard,6/29/2022,L,NN,U,NA,300,9,3.8,4,0,15,2.1,6.6,KL,-,-,Purple,-,887,Purple,nestling
2631-20727,NA,TRES,MBNC11,Mace Boulevard,6/29/2022,AHY,PL,F,PL,333,105,15.5,3,53,26.9,4.8,12.1,KL,-,,,B190,1882,2631-20727,adult
NA,NA,WEBL,MBNC12,Mace Boulevard,5/4/2022,L,NN,U,NA,300,11,10.1,3,0,23.1,3.9,11,KL,-,-,Red,,1719,Red,nestling
NA,NA,WEBL,MBNC12,Mace Boulevard,5/4/2022,L,NN,U,NA,300,13,11.4,4,0,23.3,5.4,13.9,AS,-,-,Green,,1720,Green,nestling
NA,NA,WEBL,MBNC12,Mace Boulevard,5/4/2022,L,NN,U,NA,300,12,8,3,0,22,3.7,10.7,KL,-,-,Yellow,,1721,Yellow,nestling
NA,NA,WEBL,MBNC12,Mace Boulevard,5/12/2022,L,NN,U,NA,300,39,23.6,3,10,30.2,5,20.2,KL,-,-,Green B096,B096,709,Green,nestling
2941-18507,NA,WEBL,MBNC12,Mace Boulevard,5/16/2022,L,NN,F,PL,334,61,31.1,5,26,32.8,5.5,19.7,KL,SV/GN,OR/GN,Yellow B211,B211,1076,Yellow,nestling
NA,NA,WEBL,MBNC12,Mace Boulevard,6/29/2022,L,NN,U,NA,300,20,17.3,5,1,24.9,4,17.8,VW,-,-,Blue,-,881,Blue,nestling
NA,NA,WEBL,MBNC12,Mace Boulevard,6/29/2022,L,NN,U,NA,300,15,12.7,4,0,23.1,4.4,14,KG,-,-,Green ,-,882,Green ,nestling
NA,NA,WEBL,MBNC12,Mace Boulevard,6/29/2022,L,NN,U,NA,300,16,16.5,4,0,25.3,3.8,15,KG,-,-,Orange,-,883,Orange,nestling
2941-18659,NA,WEBL,MBNC12,Mace Boulevard,6/29/2022,AHY,PL,M,PL,334,104,23.6,1,62,36.5,8.1,20,KG,SV/WH,GN/WH,,B191,1881,2941-18659,adult
2941-18469,NA,WEBL,MBNC13,Mace Boulevard,4/27/2022,AHY,PL,F,PL,334,95,26.7,3,61,36.8,8.6,20.2,KL,SV/OR,RD/OR,-,B028,638,2941-18469,adult
NA,NA,WEBL,MBNC13,Mace Boulevard,4/27/2022,L,NN,U,NA,300,7,2.4,4,0,14.1,2.2,5.8,KL,-,-,Blue,-,933,Blue,nestling
NA,NA,WEBL,MBNC13,Mace Boulevard,4/27/2022,L,NN,U,NA,300,7,2.8,4,0,15.2,2.1,6.6,KL,-,-,Purple,-,934,Purple,nestling
NA,NA,WEBL,MBNC13,Mace Boulevard,4/27/2022,L,NN,U,NA,300,7,2.9,4,0,14.6,2,6.1,KL,-,-,Red,-,935,Red,nestling
NA,NA,WEBL,MBNC13,Mace Boulevard,4/27/2022,L,NN,U,NA,300,7,3,4,0,15.3,2.2,6.1,KL,-,-,Pink,-,936,Pink,nestling
NA,NA,WEBL,MBNC13,Mace Boulevard,5/4/2022,L,NN,U,NA,300,22,19.2,4,1,28.5,5.2,17.8,YW,-,-,Pink,B049,1726,Pink,nestling
NA,NA,WEBL,MBNC13,Mace Boulevard,5/4/2022,L,NN,U,NA,300,22,20.2,4,1,28.2,4.5,17.5,KL,-,-,Red,B050,1727,Red,nestling
2941-18500,NA,WEBL,MBNC13,Mace Boulevard,5/10/2022,L,NN,F,PL,334,48,25.2,4,15,28.7,4.9,17.7,KL,GN/ SV,GN/ OR,B085,B085,669,2941-18500,nestling
2941-18501,NA,WEBL,MBNC13,Mace Boulevard,5/10/2022,L,NN,F,PL,334,48,24.4,3,14,29.3,4.7,19.4,KL,GN/SV,GN/OR,Red / B080,B080,1070,Red,nestling
NA,NA,WEBL,MBNC13,Mace Boulevard,6/16/2022,L,NN,U,NA,300,8,4.4,3,0,17.6,2.3,7.5,VW,-,-,Pink,,1165,Pink,nestling
NA,NA,WEBL,MBNC13,Mace Boulevard,6/16/2022,L,NN,U,NA,300,10,8.5,4,0,20,3.5,8.2,SM,-,-,Blue,,1166,Blue,nestling
NA,NA,WEBL,MBNC13,Mace Boulevard,6/16/2022,L,NN,U,NA,300,11,8.5,3,0,20.1,2.9,10.9,VW,-,-,Orange,,1167,Orange,nestling
NA,NA,WEBL,MBNC13,Mace Boulevard,6/16/2022,L,NN,U,NA,300,9,8.1,3,0,20.2,3,9.4,SM,-,-,Red,,1168,Red,nestling
NA,NA,WEBL,MBNC13,Mace Boulevard,6/16/2022,L,NN,U,NA,300,11,10.7,3,0,20.7,2.8,10.3,VW,-,-,Purple,,1169,Purple,nestling
2941-18469,NA,WEBL,MBNC13,Mace Boulevard,6/16/2022,AHY,PL,F,PL,334,96,25.1,2,58,36.6,8.4,20.2,KL,SV/OR,RD/OR,,B286,1904,2941-18469,adult
NA,NA,WEBL,MBNC13,Mace Boulevard,6/24/2022,L,NN,U,NA,300,38,20.3,1,7,29.3,5.3,20.1,KG,-,-,Orange B175,B175,866,Orange,nestling
NA,NA,WEBL,MBNC13,Mace Boulevard,6/24/2022,L,NN,U,NA,300,37,22.6,1,6,29.4,5.2,17.9,KG,-,-,Blue B176,B176,867,Blue,nestling
NA,NA,WEBL,MBNC13,Mace Boulevard,6/24/2022,L,NN,U,NA,300,23,17.7,1,1,26.1,4.5,16.8,KG,-,-,Yellow,-,868,Yellow,nestling
NA,NA,WEBL,MBNC13,Mace Boulevard,6/24/2022,L,NN,U,NA,300,37,21,2,5,29,4.7,19.7,KG,-,-,Red,-,869,Red,nestling
2941-18513,NA,WEBL,MBNC13,Mace Boulevard,6/28/2022,L,NN,M,PL,334,55,23.5,4,20,30,5.4,20,YW,OR/GN,GN/SV,Orange B308,B308,1082,Orange,nestling
2941-18514,NA,WEBL,MBNC13,Mace Boulevard,6/28/2022,L,NN,F,PL,334,55,25.6,3,19,31.3,6,18.3,CP,OR/GN,GN/SV,Blue B309,B309,1083,Blue,nestling
2941-18515,NA,WEBL,MBNC13,Mace Boulevard,6/28/2022,L,NN,F,PL,334,55,23.1,4,19,29,5.9,20.9,YW,OR/GN,GN/SV,Red B310,B310,1084,Red,nestling
2941-18516,NA,WEBL,MBNC13,Mace Boulevard,6/28/2022,L,NN,U,NA,334,40,22.4,3,10,19.5,4.8,18.2,CP,OR/GN,GN/SV,Pink B311,B311,1085,Pink,nestling
2941-18467,NA,WEBL,MBNC15,Mace Boulevard,4/22/2022,AHY,PL,F,PL,334,100,26.5,2,54,35.8,7.7,20,CP,SV/OR,OR/RD,-,B006,636,2941-18467,adult
NA,NA,WEBL,MBNC15,Mace Boulevard,4/27/2022,L,NN,U,NA,300,18,14.5,3,1,25.8,4,15.5,KL,-,-,Green ,B025,928,Green ,nestling
NA,NA,WEBL,MBNC15,Mace Boulevard,4/27/2022,L,NN,U,NA,300,23,18.1,4,1,27.1,4.2,18,MZ,-,-,Pink ,B026,929,Pink ,nestling
NA,NA,WEBL,MBNC15,Mace Boulevard,4/27/2022,L,NN,U,NA,300,24,18,4,1,26.3,3.9,16.7,KL,-,-,Blue ,B027,930,Blue ,nestling
NA,NA,WEBL,MBNC15,Mace Boulevard,4/27/2022,L,NN,U,NA,300,24,19.4,4,1,27.1,4.2,16.6,KL,-,-,Red,-,931,Red,nestling
NA,NA,WEBL,MBNC15,Mace Boulevard,4/27/2022,L,NN,U,NA,300,25,19.8,4,1,27.8,4.1,17.4,KL,-,-,Purple,-,932,Purple,nestling
2941-18470,NA,WEBL,MBNC15,Mace Boulevard,5/4/2022,L,NN,M,PL,334,58,27.6,4,22,32.7,5.8,19.3,CP,OR/ SV,RD/OR,Purple ,B043,639,Purple ,nestling
2941-18471,NA,WEBL,MBNC15,Mace Boulevard,5/4/2022,L,NN,U,NA,334,47,22,3,17,28.9,6,21.2,WY,OR/ SV,RD/OR,Green ,B044,640,Green ,nestling
2941-18472,NA,WEBL,MBNC15,Mace Boulevard,5/4/2022,L,NN,M,PL,334,54,25.4,4,22,31.4,6,20.1,CP,OR/ SV,RD/OR,Blue,-,641,Blue,nestling
2941-18473,NA,WEBL,MBNC15,Mace Boulevard,5/4/2022,L,NN,F,PL,334,56,26.1,3,20,32.2,6,19.3,CP,OR/ SV,RD/OR,Unknown,-,642,2941-18473,nestling
2941-18474,NA,WEBL,MBNC15,Mace Boulevard,5/4/2022,L,NN,M,PL,334,59,24.7,4,28,32.6,6.1,20.9,WY,OR/ SV,RD/OR,Red,-,643,Red,nestling
NA,NA,WEBL,MBNC16,Mace Boulevard,6/9/2021,L,NN,U,NA,300,12,8.3,4,0,21.5,2.8,10.2,KL,-,-,Pink,-,376,Pink,nestling
NA,NA,WEBL,MBNC16,Mace Boulevard,6/9/2021,L,NN,U,NA,300,9,5.7,4,0,19.1,2.6,9.2,KG,-,-,Blue,-,377,Blue,nestling
NA,NA,WEBL,MBNC16,Mace Boulevard,6/9/2021,L,NN,U,NA,300,8,3.5,0,0,18.3,2.9,7.7,KL,-,-,Purple,-,378,Purple,nestling
NA,NA,WEBL,MBNC16,Mace Boulevard,6/9/2021,L,NN,U,NA,300,10,8,3,0,20.3,2.9,11.8,KG,-,-,Yellow,-,379,Yellow,nestling
NA,NA,WEBL,MBNC16,Mace Boulevard,6/16/2021,L,NN,U,NA,300,36,25.2,3,8,30.6,4.5,19.3,KL,-,-,Pink,-,403,Pink,nestling
2941-18468,NA,WEBL,MBNC16,Mace Boulevard,4/27/2022,AHY,PL,F,PL,334,97,NA,2,58,35.8,8.4,20,KL,OR/SV,OR/RD,-,B024,637,2941-18468,adult
NA,NA,WEBL,MBNC16,Mace Boulevard,4/27/2022,L,NN,U,NA,300,16,14.9,3,0,24.3,2.7,14.9,CP,-,-,Blue,-,924,Blue,nestling
NA,NA,WEBL,MBNC16,Mace Boulevard,4/27/2022,L,NN,U,NA,300,18,16.6,4,1,25.6,3.7,15.7,KL,-,-,Orange,-,925,Orange,nestling
NA,NA,WEBL,MBNC16,Mace Boulevard,4/27/2022,L,NN,U,NA,300,16,15.2,4,0,24.6,3.6,14.3,KL,-,-,Pink,-,926,Pink,nestling
NA,NA,WEBL,MBNC16,Mace Boulevard,4/27/2022,L,NN,U,NA,300,13,10.7,4,0,22.3,3.1,13.2,WY,-,-,Green ,-,927,Green ,nestling
NA,NA,TRES,MBNC3,Mace Boulevard,5/5/2021,L,NN,U,NA,300,24,-,2,2,21.7,3.6,12.1,KL,-,-,Green,-,1,Green,nestling
NA,NA,TRES,MBNC3,Mace Boulevard,5/5/2021,L,NN,U,NA,300,30,-,2,3,22.3,3.4,11.8,KL,-,-,Blue,-,2,Blue,nestling
NA,NA,TRES,MBNC3,Mace Boulevard,5/5/2021,L,NN,U,NA,300,31,-,1,3,23.2,3.1,11.5,KL,-,-,Yellow,-,3,Yellow,nestling
NA,NA,TRES,MBNC3,Mace Boulevard,5/5/2021,L,NN,U,NA,300,25,-,2,2,20.9,2.9,11.1,KL,-,-,Orange,-,4,Orange,nestling
NA,NA,TRES,MBNC3,Mace Boulevard,5/5/2021,L,NN,U,NA,300,30,-,2,2,22.2,3.3,12,KL,-,-,Pink,-,5,Pink,nestling
NA,NA,TRES,MBNC3,Mace Boulevard,5/5/2021,L,NN,U,NA,300,31,-,3,4,23.4,4.2,12.4,KL,-,-,Purple,-,6,Purple,nestling
2941-18510,NA,WEBL,MBNC4,Mace Boulevard,5/31/2022,AHY,PL,F,PL,334,96,27.4,2,59,35.6,8.1,21.4,KL,GN/OR,GN/SV,B265,B265,1079,2941-18510,adult
NA,NA,WEBL,MBNC4,Mace Boulevard,5/31/2022,L,NN,U,NA,300,8,4.6,3,0,16,2.1,6.1,CP,-,-,Purple,,1232,Purple,nestling
NA,NA,WEBL,MBNC4,Mace Boulevard,5/31/2022,L,NN,U,NA,300,8,4.1,3,0,17.1,2.2,6.1,CP,-,-,Red,,1233,Red,nestling
NA,NA,WEBL,MBNC4,Mace Boulevard,5/31/2022,L,NN,U,NA,300,8,4.5,4,0,17.4,2.4,7.2,KL,-,-,Blue,,1234,Blue,nestling
NA,NA,WEBL,MBNC4,Mace Boulevard,5/31/2022,L,NN,U,NA,300,7,3.2,3,0,16.4,2.1,6.5,CP,-,-,Pink,,1235,Pink,nestling
NA,NA,TRES,MBNC5,Mace Boulevard,5/12/2021,L,NN,U,NA,300,40,19.1,3,10,25.8,4.2,11.4,KL,-,-,Green,-,201,Green,nestling
NA,NA,TRES,MBNC5,Mace Boulevard,5/12/2021,L,NN,U,NA,300,40,19.1,3,9,23.4,4.1,11.1,KL,-,-,Blue,-,202,Blue,nestling
NA,NA,TRES,MBNC5,Mace Boulevard,5/12/2021,L,NN,U,NA,300,37,19.7,3,6,24.6,4.4,12.5,KL,-,-,Pink,-,203,Pink,nestling
NA,NA,WEBL,MBNC6,Mace Boulevard,6/30/2021,L,NN,U,NA,300,12,9.2,4,0,20.8,3.1,10.7,KL,-,-,Yellow,-,471,Yellow,nestling
NA,NA,WEBL,MBNC6,Mace Boulevard,6/30/2021,L,NN,U,NA,300,13,10.9,4,0,21.5,3.3,12.9,KG,-,-,Pink,-,472,Pink,nestling
NA,NA,WEBL,MBNC6,Mace Boulevard,6/30/2021,L,NN,U,NA,300,11,8.1,3,0,20.5,3.2,10.5,KL,-,-,Blue,-,473,Blue,nestling
NA,NA,WEBL,MBNC6,Mace Boulevard,6/30/2021,L,NN,U,NA,300,11,8.6,4,0,20.7,2.5,11.3,KG,-,-,Purple,-,474,Purple,nestling
NA,NA,WEBL,MBNC6,Mace Boulevard,6/30/2021,L,NN,U,NA,300,8,5.1,3,0,18.9,3,8.2,KL,-,-,Orange,-,475,Orange,nestling
NA,NA,WEBL,MBNC6,Mace Boulevard,7/7/2021,L,NN,U,NA,300,35,20,3,6,27.9,3.8,20.1,KG,-,-,Blue,-,493,Blue,nestling
NA,NA,WEBL,MBNC6,Mace Boulevard,7/7/2021,L,NN,U,NA,300,42,23.7,4,12,28.9,4.8,20.3,KL,-,-,Pink,-,494,Pink,nestling
NA,NA,WEBL,MBNC6,Mace Boulevard,7/7/2021,L,NN,U,NA,300,22,13.5,3,1,24.2,3.9,17.9,KG,-,-,Orange,-,495,Orange,nestling
NA,NA,WEBL,MBNC6,Mace Boulevard,7/7/2021,L,NN,U,NA,300,37,22.3,4,9,28.9,4.7,18.4,KL,-,-,Yellow,-,496,Yellow,nestling
NA,NA,WEBL,MBNC6,Mace Boulevard,7/7/2021,L,NN,U,NA,300,40,22.3,3,8,26,4.5,21.1,KG,-,-,Purple,-,497,Purple,nestling
NA,NA,TRES,MBNC8,Mace Boulevard,5/31/2022,L,NN,U,NA,300,10,5.1,3,0,16.2,2.2,6.9,CP,-,-,Blue,,1227,Blue,nestling
NA,NA,TRES,MBNC8,Mace Boulevard,5/31/2022,L,NN,U,NA,300,9,4.4,3,0,15.2,1.8,5.5,CP,-,-,Green,,1228,Green,nestling
NA,NA,TRES,MBNC8,Mace Boulevard,5/31/2022,L,NN,U,NA,300,10,5.1,3,0,15.7,2.6,6.3,CP,-,-,Pink,,1229,Pink,nestling
NA,NA,TRES,MBNC8,Mace Boulevard,5/31/2022,L,NN,U,NA,300,10,5.6,3,0,16.4,2.1,5.9,CP,-,-,Purple,,1230,Purple,nestling
NA,NA,TRES,MBNC8,Mace Boulevard,5/31/2022,L,NN,U,NA,300,10,5.3,4,0,16,2.3,7.2,CP,-,-,Red,,1231,Red,nestling
2811-15932,NA,TRES,MBNC8,Mace Boulevard,5/31/2022,ASY,PL,F,BP,333,108,15.7,3,54,27.2,5,11.7,KL,-,-,,B264,1902,2811-15932,adult
2631-20733,NA,TRES,MBNC8,Mace Boulevard,6/9/2022,L,NN,U,NA,333,45,21.4,3,13,25.2,4.2,11.7,YW,-,-,Green ,B278,1034,Green ,nestling
2631-20734,NA,TRES,MBNC8,Mace Boulevard,6/9/2022,L,NN,U,NA,333,51,21.2,3,16,25.8,4.4,11.5,KL,-,-,Purple ,B279,1035,Purple ,nestling
2631-20735,NA,TRES,MBNC8,Mace Boulevard,6/9/2022,L,NN,U,NA,333,49,19.8,3,17,24.8,4.3,11.6,KL,-,-,Pink ,B280,1036,Pink ,nestling
2631-20736,NA,TRES,MBNC8,Mace Boulevard,6/9/2022,L,NN,U,NA,333,51,19.3,3,16,25.3,4,10.9,SM,-,-,Blue ,B281,1037,Blue ,nestling
2631-20737,NA,TRES,MBNC8,Mace Boulevard,6/9/2022,L,NN,U,NA,333,58,20.5,3,16,24.6,4.3,12.3,KL,-,-,Red,,1038,Red,nestling
2941-18422,NA,WEBL,MBNG1,Mace Boulevard,5/22/2021,L,NN,M,PL,333,54,31.4,5,20,30.5,4.9,20.2,KL,-,-,Huey,-,565,2941-18422,nestling
2941-18423,NA,WEBL,MBNG1,Mace Boulevard,5/22/2021,L,NN,F,PL,333,44,27,4,10,29.5,4.8,20.3,KL,-,-,Louie,-,566,2941-18423,nestling
2941-18424,NA,WEBL,MBNG1,Mace Boulevard,5/22/2021,L,NN,F,PL,333,57,28.6,4,22,30.6,5.2,20.1,KL,-,-,Dewey,-,567,2941-18424,nestling
NA,NA,WEBL,MBNG1,Mace Boulevard,5/4/2023,L,NN,U,NA,300,8,3.2,4,0,16.4,2.4,5.7,KL,-,-,Pink,,1469,Pink,nestling
NA,NA,WEBL,MBNG1,Mace Boulevard,5/4/2023,L,NN,U,NA,300,9,5.1,4,0,17.1,2.2,6.7,KL,-,-,Blue,,1470,Blue,nestling
NA,NA,WEBL,MBNG1,Mace Boulevard,5/4/2023,L,NN,U,NA,300,8,4.5,4,0,18.5,2.2,7.5,KL,-,-,Purple,,1471,Purple,nestling
NA,NA,WEBL,MBNG1,Mace Boulevard,5/4/2023,L,NN,U,NA,300,8,4.4,4,0,17.3,2.9,7.8,KL,-,-,Red,,1472,Red,nestling
NA,NA,WEBL,MBNG1,Mace Boulevard,5/4/2023,L,NN,U,NA,300,8,4.6,4,0,17.4,2.6,7.2,KL,-,-,Orange,,1473,Orange,nestling
2941-94458,NA,WEBL,MBNG1,Mace Boulevard,5/4/2023,AHY,PL,F,PL,334,100,28.1,2,60,35.4,7.4,21.1,KL,WH/GY,SV/OR,,,2075,2941-94458,adult
NA,NA,WEBL,MBNG1,Mace Boulevard,5/9/2023,L,NN,U,NA,300,17,16.1,4,0,25.1,3.7,14.8,KL,-,-,Red,B362,1484,Red,nestling
NA,NA,WEBL,MBNG1,Mace Boulevard,5/9/2023,L,NN,U,NA,300,16,15,4,0,24.1,3.7,14,KL,-,-,Orange,,1485,Orange,nestling
NA,NA,WEBL,MBNG1,Mace Boulevard,5/9/2023,L,NN,U,NA,300,16,15.5,3,0,24.6,3.4,14.2,KL,-,-,Purple,,1486,Purple,nestling
NA,NA,WEBL,MBNG1,Mace Boulevard,5/9/2023,L,NN,U,NA,300,17,16.8,4,0,24.2,4.1,14.6,KL,-,-,Blue,,1487,Blue,nestling
NA,NA,WEBL,MBNG1,Mace Boulevard,5/9/2023,L,NN,U,NA,300,11,8.3,3,0,21.8,3.5,10.3,KL,-,-,Pink,,1488,Pink,nestling
2941-94458,NA,WEBL,MBNG1,Mace Boulevard,5/9/2023,AHY,PL,F,PL,334,101,27.7,3,61,35.6,8.4,21.2,KL,WH/GY,SV/OR,,B363,2077,2941-94458,adult
2941-94555,NA,WEBL,MBNG1,Mace Boulevard,5/16/2023,L,NN,F,PL,333,45,26.3,4,14,20.8,5.4,21.3,KL,-,-,Purple,B373,1564,Purple,nestling
2941-94556,NA,WEBL,MBNG1,Mace Boulevard,5/16/2023,L,NN,M,PL,333,47,29.8,4,13,29.8,4.9,21.7,KL,-,-,Blue,B374,1565,Blue,nestling
2941-94557,NA,WEBL,MBNG1,Mace Boulevard,5/16/2023,L,NN,M,PL,333,44,27.1,4,13,31.3,5.5,21.4,KL,-,-,Red,,1566,Red,nestling
2941-94558,NA,WEBL,MBNG1,Mace Boulevard,5/16/2023,L,NN,F,PL,333,46,25.8,4,13,29.9,5.2,20.8,KL,-,-,Orange,B375,1567,Orange,nestling
NA,NA,TRES,MBNG10,Mace Boulevard,5/7/2021,L,NN,U,NA,300,11,6.4,4,0,16.7,2.2,7.8,KL,-,-,Green,-,73,Green,nestling
NA,NA,TRES,MBNG10,Mace Boulevard,5/7/2021,L,NN,U,NA,300,9,5.1,4,0,15.7,2.2,7.4,KL,-,-,Blue,-,74,Blue,nestling
NA,NA,TRES,MBNG10,Mace Boulevard,5/7/2021,L,NN,U,NA,300,11,5.5,3,0,16.9,2.5,7.6,KL,-,-,Pink,-,75,Pink,nestling
NA,NA,TRES,MBNG10,Mace Boulevard,5/7/2021,L,NN,U,NA,300,12,6.9,4,0,17.6,2.6,8.8,KL,-,-,Purple,-,76,Purple,nestling
NA,NA,TRES,MBNG10,Mace Boulevard,5/7/2021,L,NN,U,NA,300,12,6.9,4,0,17.5,2.5,8.7,KL,-,-,Yellow,-,77,Yellow,nestling
NA,NA,TRES,MBNG10,Mace Boulevard,5/12/2021,L,NN,U,NA,300,32,16.5,5,4,23.1,3.5,12.1,KL,-,-,Purple,-,84,Purple,nestling
NA,NA,TRES,MBNG10,Mace Boulevard,5/12/2021,L,NN,U,NA,300,31,19.1,4,3,22.4,4.3,12.8,KL,-,-,Yellow,-,85,Yellow,nestling
NA,NA,TRES,MBNG10,Mace Boulevard,5/12/2021,L,NN,U,NA,300,25,15.9,4,1,21.8,4.2,11.6,KL,-,-,Blue,-,86,Blue,nestling
NA,NA,TRES,MBNG10,Mace Boulevard,5/12/2021,L,NN,U,NA,300,28,16.6,3,2,23.2,4.2,12.2,KL,-,-,Green,-,87,Green,nestling
NA,NA,TRES,MBNG10,Mace Boulevard,5/12/2021,L,NN,U,NA,300,30,18.4,3,3,23.9,4.1,12.7,KL,-,-,Pink,-,88,Pink,nestling
2631-20632,NA,TRES,MBNG10,Mace Boulevard,5/15/2021,L,NN,U,NA,333,43,20.5,3,10,25.1,4.4,12.3,KL,-,-,Blue,,132,Blue,nestling
2631-20633,NA,TRES,MBNG10,Mace Boulevard,5/15/2021,L,NN,U,NA,333,51,22.5,3,13,22.7,4.4,13.1,KL,-,-,Yellow,,133,Yellow,nestling
2631-20634,NA,TRES,MBNG10,Mace Boulevard,5/15/2021,L,NN,U,NA,333,47,22,3,12,25.2,4.3,12.6,KL,-,-,Pink,,134,Pink,nestling
2631-20635,NA,TRES,MBNG10,Mace Boulevard,5/15/2021,L,NN,U,NA,333,50,20.4,3,15,25.1,4.1,12.8,KL,-,-,Purple,,135,Purple,nestling
2631-20636,NA,TRES,MBNG10,Mace Boulevard,5/15/2021,L,NN,U,NA,333,46,20.3,3,12,24,4.7,12.5,KL,-,-,Green,,136,Green,nestling
NA,NA,TRES,MBNG10,Mace Boulevard,5/26/2022,L,NN,U,NA,300,31,15.7,2,3,24,3.7,12.9,PGG,-,-,Blue,,1219,Blue,nestling
NA,NA,TRES,MBNG10,Mace Boulevard,5/26/2022,L,NN,U,NA,300,25,14.2,3,1,24.2,3.5,12.3,PGG,-,-,Purple,,1220,Purple,nestling
NA,NA,TRES,MBNG10,Mace Boulevard,5/26/2022,L,NN,U,NA,300,16,7.1,1,0,18,2.5,12,PGG,-,-,Pink,,1221,Pink,nestling
NA,NA,TRES,MBNG10,Mace Boulevard,5/26/2022,L,NN,U,NA,300,29,14,3,3,23.4,3.5,12.5,PGG,-,-,Red,,1222,Red,nestling
NA,NA,TRES,MBNG10,Mace Boulevard,5/26/2022,L,NN,U,NA,300,29,14,2,2,22.2,3.8,12.8,PGG,-,-,Orange,,1223,Orange,nestling
2881-65868,NA,TRES,MBNG10,Mace Boulevard,5/31/2022,L,NN,U,NA,333,50,19.5,2,17,23.3,3.7,10.2,CP,-,-,Orange,B260,1133,Orange,nestling
2881-65869,NA,TRES,MBNG10,Mace Boulevard,5/31/2022,L,NN,U,NA,333,55,19.3,3,18,24.8,3.9,10.3,CP,-,-,Red,B261,1134,Red,nestling
2881-65870,NA,TRES,MBNG10,Mace Boulevard,5/31/2022,L,NN,U,NA,333,56,19.9,3,19,25,4.1,10.9,CP,-,-,Blue,B262,1135,Blue,nestling
2881-65871,NA,TRES,MBNG10,Mace Boulevard,5/31/2022,L,NN,U,NA,333,51,18.9,3,15,25.2,4,12,CP,-,-,Purple,,1136,Purple,nestling
2881-65872,NA,TRES,MBNG10,Mace Boulevard,5/31/2022,ASY,PL,F,BP,333,111,16.4,2,57,26.4,5,12.1,KL,-,-,,B263,1137,2881-65872,adult
NA,NA,TRES,MBNG10,Mace Boulevard,5/31/2022,L,NN,U,NA,300,34,14.2,3,6,22.6,3.4,10.1,CP,-,-,Pink,,1226,Pink,nestling
NA,NA,TRES,MBNG10,Mace Boulevard,7/13/2022,L,NN,U,NA,300,16,9.8,4,0,20.7,3.5,10.2,VW,-,-,Red,-,1262,Red,nestling
NA,NA,TRES,MBNG10,Mace Boulevard,7/13/2022,L,NN,U,NA,300,16,9.3,4,0,19.3,3,10.3,VW,-,-,Purple,-,1263,Purple,nestling
NA,NA,TRES,MBNG10,Mace Boulevard,7/13/2022,L,NN,U,NA,300,20,11.1,5,0,21.2,3.6,11.3,VW,-,-,Green,-,1264,Green,nestling
2881-65888,NA,TRES,MBNG10,Mace Boulevard,7/14/2022,AHY,PL,F,BP,333,108,15.6,2,53,28.1,5.1,12.2,KL,-,-,,B347,1153,2881-65888,adult
2881-65889,NA,TRES,MBNG10,Mace Boulevard,7/19/2022,L,NN,U,NA,333,45,17,2,12,22.6,3.8,13.1,PGG,-,-,Purple,,1154,Purple,nestling
2881-65890,NA,TRES,MBNG10,Mace Boulevard,7/19/2022,L,NN,U,NA,333,46,18.5,3,16,24.6,4.1,11.9,KL,-,-,Red,B348,1155,Red,nestling
2881-65891,NA,TRES,MBNG10,Mace Boulevard,7/19/2022,L,NN,U,NA,333,50,17.2,2,14,24.6,4.5,13,PGG,-,-,Yellow,,1156,Yellow,nestling
2631-20601,NA,TRES,MBNG11,Mace Boulevard,5/11/2021,L,NN,U,NA,333,49,18,3,12,24.7,4.1,12.1,KL,-,-,NA,,101,2631-20601,nestling
2631-20602,NA,TRES,MBNG11,Mace Boulevard,5/11/2021,L,NN,U,NA,333,48,19.2,2,13,24.2,3.8,12.6,KL,-,-,NA,,102,2631-20602,nestling
2631-20603,NA,TRES,MBNG11,Mace Boulevard,5/11/2021,L,NN,U,NA,333,43,18.1,2,9,24.1,3.4,12.2,KL,-,-,NA,,103,2631-20603,nestling
2631-20604,NA,TRES,MBNG11,Mace Boulevard,5/11/2021,L,NN,U,NA,333,52,21.1,3,13,24.9,4.1,12.2,KL,-,-,NA,,104,2631-20604,nestling
NA,NA,TRES,MBNG11,Mace Boulevard,4/19/2022,L,NN,U,NA,300,17,10.5,3,1,20.5,3.6,10.2,KL,-,-,Orange,-,975,Orange,nestling
NA,NA,TRES,MBNG11,Mace Boulevard,4/19/2022,L,NN,U,NA,300,20,12.6,3,1,21.8,3.9,12.1,AS,-,-,Green,-,976,Green,nestling
NA,NA,TRES,MBNG11,Mace Boulevard,4/19/2022,L,NN,U,NA,300,15,9.8,3,1,19.4,3.1,9.8,KL,-,-,Blue,-,977,Blue,nestling
NA,NA,TRES,MBNG11,Mace Boulevard,4/19/2022,L,NN,U,NA,300,18,11.5,4,1,20.9,3.2,10.7,KL,-,-,Pink,-,978,Pink,nestling
NA,NA,TRES,MBNG11,Mace Boulevard,4/19/2022,L,NN,U,NA,300,19,11.8,3,1,20.6,2.9,13.1,AS,-,-,Red,-,979,Red,nestling
2881-65804,NA,TRES,MBNG11,Mace Boulevard,4/26/2022,L,NN,U,NA,333,53,20.9,3,19,25.1,4.3,13.9,SM,-,-,Pink,,1041,Pink,nestling
2881-65805,NA,TRES,MBNG11,Mace Boulevard,4/26/2022,L,NN,U,NA,333,53,19.2,3,17,24.5,3.7,12.4,-,-,-,Blue ,B020,1042,Blue ,nestling
2881-65806,NA,TRES,MBNG11,Mace Boulevard,4/26/2022,L,NN,U,NA,333,53,20.9,3,15,24.8,4,11.7,CP,-,-,Orange ,B021,1043,Orange ,nestling
2881-65807,NA,TRES,MBNG11,Mace Boulevard,4/26/2022,L,NN,U,NA,333,57,19.4,3,18,25.4,3.9,12.9,KL,-,-,Red ,B022,1044,Red ,nestling
2881-65808,NA,TRES,MBNG11,Mace Boulevard,4/26/2022,L,NN,U,NA,333,59,20.5,2,16,26.1,4.2,12.3,CP,-,-,Green,,1045,Green,nestling
NA,NA,TRES,MBNG11,Mace Boulevard,5/9/2023,L,NN,U,NA,300,6,1.8,4,0,12,1.6,4.9,KL,-,-,Purple,,1489,Purple,nestling
NA,NA,TRES,MBNG11,Mace Boulevard,5/9/2023,L,NN,U,NA,300,6,1.4,4,0,11.3,1.6,4.6,KL,-,-,Pink,,1490,Pink,nestling
NA,NA,TRES,MBNG11,Mace Boulevard,5/9/2023,L,NN,U,NA,300,6,1.8,4,0,12.1,1.6,5.7,KL,-,-,Blue,,1491,Blue,nestling
NA,NA,TRES,MBNG11,Mace Boulevard,5/9/2023,L,NN,U,NA,300,6,2,4,0,12.1,1.9,5.2,KL,-,-,Red,,1492,Red,nestling
NA,NA,TRES,MBNG11,Mace Boulevard,5/9/2023,L,NN,U,NA,300,6,1.6,4,0,11.6,2,4.6,KL,-,-,Orange,,1493,Orange,nestling
NA,NA,TRES,MBNG11,Mace Boulevard,5/9/2023,L,NN,U,NA,300,6,1.6,4,0,11.8,1.8,4.3,KL,-,-,Green,,1494,Green,nestling
2881-65892,NA,TRES,MBNG11,Mace Boulevard,5/9/2023,AHY,PL,F,BP,333,111,17.3,4,53,27.1,4.9,11.4,KL,-,-,,B364,1883,2881-65892,adult
2881-65895,NA,TRES,MBNG11,Mace Boulevard,5/22/2023,L,NN,U,NA,333,59,20.5,3,21,25.6,4,12,KL,-,,unk,B386,1886,2881-65895,nestling
2881-65896,NA,TRES,MBNG11,Mace Boulevard,5/22/2023,L,NN,U,NA,333,56,17.6,3,21,24.6,3.9,11.7,KL,-,,unk,B387,1887,2881-65896,nestling
2881-65897,NA,TRES,MBNG11,Mace Boulevard,5/22/2023,L,NN,U,NA,333,59,20.7,4,20,25.5,4.6,12.2,KL,-,,unk,B388,1888,2881-65897,nestling
2881-65898,NA,TRES,MBNG11,Mace Boulevard,5/22/2023,L,NN,U,NA,333,55,18,4,21,25.3,4.4,12.2,KL,-,,unk,,1889,2881-65898,nestling
2881-65899,NA,TRES,MBNG11,Mace Boulevard,5/22/2023,L,NN,U,NA,333,49,18.6,3,14,24.8,4,12,KL,-,,unk,,1890,2881-65899,nestling
2881-65900,NA,TRES,MBNG11,Mace Boulevard,5/22/2023,L,NN,U,NA,333,55,19.3,3,19,25,4.2,12.1,KL,-,,Green,,1891,Green,nestling
NA,NA,TRES,MBNG12,Mace Boulevard,5/7/2021,L,NN,U,NA,300,6,1.4,4,0,12.3,1.9,5.2,KL,-,-,Purple,-,78,Purple,nestling
NA,NA,TRES,MBNG12,Mace Boulevard,5/7/2021,L,NN,U,NA,300,6,1.2,4,0,11.5,1.5,4.4,KL,-,-,Pink,-,79,Pink,nestling
NA,NA,TRES,MBNG12,Mace Boulevard,5/7/2021,L,NN,U,NA,300,8,2.7,4,0,12.5,1.6,5.4,KL,-,-,Blue,-,80,Blue,nestling
NA,NA,TRES,MBNG12,Mace Boulevard,5/7/2021,L,NN,U,NA,300,8,2.7,4,0,13.7,1.9,5.8,KL,-,-,Green,-,81,Green,nestling
NA,NA,TRES,MBNG12,Mace Boulevard,5/7/2021,L,NN,U,NA,300,8,2.2,4,0,13.2,1.8,5.4,KL,-,-,Yellow,-,82,Yellow,nestling
NA,NA,TRES,MBNG12,Mace Boulevard,5/7/2021,L,NN,U,NA,300,7,1.9,4,0,12.4,1.8,4.8,KL,-,-,Orange,-,83,Orange,nestling
NA,NA,TRES,MBNG12,Mace Boulevard,5/12/2021,L,NN,U,NA,300,20,12.5,4,0,20.9,3.4,10.5,KL,-,-,Green,-,89,Green,nestling
NA,NA,TRES,MBNG12,Mace Boulevard,5/12/2021,L,NN,U,NA,300,16,10.3,4,0,19.6,3.5,9.1,KL,-,-,Orange,-,90,Orange,nestling
NA,NA,TRES,MBNG12,Mace Boulevard,5/12/2021,L,NN,U,NA,300,19,11.6,3,0,20.5,3.2,10.6,KL,-,-,Yellow,-,91,Yellow,nestling
NA,NA,TRES,MBNG12,Mace Boulevard,5/12/2021,L,NN,U,NA,300,20,12.3,4,0,23.5,3.2,9.4,KL,-,-,Blue,-,92,Blue,nestling
NA,NA,TRES,MBNG12,Mace Boulevard,5/12/2021,L,NN,U,NA,300,15,8.5,3,0,19.3,3.2,10,KL,-,-,Purple,-,93,Purple,nestling
NA,NA,TRES,MBNG12,Mace Boulevard,5/12/2021,L,NN,U,NA,300,13,7.8,4,0,18.7,2.7,9.5,KL,-,-,Pink,-,94,Pink,nestling
2631-20637,NA,TRES,MBNG12,Mace Boulevard,5/17/2021,L,NN,U,NA,333,42,18,3,10,23.9,4.8,12.3,KL,-,-,Green,,137,Green,nestling
2631-20638,NA,TRES,MBNG12,Mace Boulevard,5/17/2021,L,NN,U,NA,333,38,15.6,2,7,22.6,4.1,13,KL,-,-,Orange,,138,Orange,nestling
2631-20639,NA,TRES,MBNG12,Mace Boulevard,5/17/2021,L,NN,U,NA,333,42,19.3,3,5,23,4.2,12.5,KL,-,-,Blue,,139,Blue,nestling
2631-20640,NA,TRES,MBNG12,Mace Boulevard,5/17/2021,L,NN,U,NA,333,35,15.7,3,5,23.1,4.6,11.9,KL,-,-,Purple,,140,Purple,nestling
2631-20641,NA,TRES,MBNG12,Mace Boulevard,5/17/2021,L,NN,U,NA,333,40,17.5,3,9,24.2,4.8,13.1,KL,-,-,Yellow,,141,Yellow,nestling
NA,NA,TRES,MBNG12,Mace Boulevard,5/17/2021,L,NN,U,NA,300,33,14,3,4,23.1,3.9,10.7,KL,-,-,Pink,-,264,Pink,nestling
2881-65802,NA,TRES,MBNG12,Mace Boulevard,4/25/2022,AHY,PL,F,BP,333,108,16.8,4,53,27,4.8,13.3,KL,-,-,-,B018,1040,2881-65802,adult
NA,NA,TRES,MBNG12,Mace Boulevard,4/26/2022,L,NN,U,NA,300,6,1.6,4,0,12.1,1.5,4.6,KL,-,-,Purple,B020,919,Purple,nestling
NA,NA,TRES,MBNG12,Mace Boulevard,4/26/2022,L,NN,U,NA,300,6,1.3,3,0,11.8,1.6,4.4,CP,-,-,Blue,-,920,Blue,nestling
NA,NA,TRES,MBNG12,Mace Boulevard,4/26/2022,L,NN,U,NA,300,7,1.8,4,0,12.6,1.7,4.9,KL,-,-,Pink,-,921,Pink,nestling
NA,NA,TRES,MBNG12,Mace Boulevard,4/26/2022,L,NN,U,NA,300,6,1.1,3,0,11.6,1.5,4,CP,-,-,Red,-,922,Red,nestling
NA,NA,TRES,MBNG12,Mace Boulevard,4/26/2022,L,NN,U,NA,300,6,1.2,4,0,12.2,1.6,4.6,KL,-,-,Green,-,923,Green,nestling
NA,NA,TRES,MBNG12,Mace Boulevard,5/3/2022,L,NN,U,NA,300,26,14,3,2,23,3.5,12.4,KG,-,-,Purple,B104,1776,Purple,nestling
NA,NA,TRES,MBNG12,Mace Boulevard,5/3/2022,L,NN,U,NA,300,30,13.5,2,3,23.1,3.6,11.9,KG,-,-,Pink,B105,1777,Pink,nestling
NA,NA,TRES,MBNG12,Mace Boulevard,5/3/2022,L,NN,U,NA,300,26,13,3,1,21.3,2.9,11,KG,-,-,Blue,,1778,Blue,nestling
NA,NA,TRES,MBNG12,Mace Boulevard,5/3/2022,L,NN,U,NA,300,19,10.9,3,1,21.1,2.9,10,CP,-,-,Green,,1779,Green,nestling
NA,NA,TRES,MBNG12,Mace Boulevard,5/3/2022,L,NN,U,NA,300,23,13.7,4,1,22,2.6,11,CP,-,-,Red,,1780,Red,nestling
2881-65816,NA,TRES,MBNG12,Mace Boulevard,5/7/2022,L,NN,U,NA,333,44,16.9,3,11,23.1,4,12.1,KG,-,-,Green,B110,1053,Green,nestling
2881-65817,NA,TRES,MBNG12,Mace Boulevard,5/7/2022,L,NN,U,NA,333,49,20,4,15,24.1,3.9,12.1,KG,-,-,Red,B111,1054,Red,nestling
2881-65818,NA,TRES,MBNG12,Mace Boulevard,5/7/2022,L,NN,U,NA,333,48,18,4,13,24.8,4.1,11.8,KL,-,-,Blue,B112,1055,Blue,nestling
2881-65819,NA,TRES,MBNG12,Mace Boulevard,5/7/2022,L,NN,U,NA,333,48,18,4,16,24.2,4.2,11.8,KL,-,-,Purple,,1056,Purple,nestling
2941-94539,NA,WEBL,MBNG12,Mace Boulevard,6/29/2022,AHY,PL,F,PL,334,100,26.6,2,63,26.9,8.9,21.1,KL,GY/OR,GY/SV,B189 and poop,B189,776,2941-94539,adult
NA,NA,TRES,MBNG12,Mace Boulevard,6/8/2023,L,NN,U,NA,300,11,6.6,4,0,17.5,2.4,8,KL,-,-,Pink,,1667,Pink,nestling
NA,NA,TRES,MBNG12,Mace Boulevard,6/8/2023,L,NN,U,NA,300,9,4.2,4,0,16,2.2,6.6,KL,-,-,Purple,,1668,Purple,nestling
NA,NA,TRES,MBNG12,Mace Boulevard,6/8/2023,L,NN,U,NA,300,11,7.1,4,0,17.5,2.5,8.3,KL,-,-,Blue,,1669,Blue,nestling
NA,NA,TRES,MBNG12,Mace Boulevard,6/8/2023,L,NN,U,NA,300,11,6.3,4,0,17,2.2,8,KL,-,-,Red,,1670,Red,nestling
2631-20612,NA,TRES,MBNG13,Mace Boulevard,5/12/2021,L,NN,U,NA,333,47,20.8,3,13,25.6,4.5,11.9,KL,-,-,George,,112,2631-20612,nestling
2631-20613,NA,TRES,MBNG13,Mace Boulevard,5/12/2021,L,NN,U,NA,333,48,17.6,3,13,23.9,4.9,12.1,KL,-,-,Larry,,113,2631-20613,nestling
2631-20614,NA,TRES,MBNG13,Mace Boulevard,5/12/2021,L,NN,U,NA,333,53,20.9,3,16,24.8,4.4,11.8,KL,-,-,Don,,114,2631-20614,nestling
2631-20615,NA,TRES,MBNG13,Mace Boulevard,5/12/2021,L,NN,U,NA,333,47,18.8,1,15,24.1,4.6,11.9,KL,-,-,Rich,,115,2631-20615,nestling
2631-20616,NA,TRES,MBNG13,Mace Boulevard,5/12/2021,L,NN,U,NA,333,55,19,3,13,24.5,4.7,11.2,KL,-,-,Mike <3,,116,2631-20616,nestling
2941-94436,NA,WEBL,MBNG13,Mace Boulevard,6/28/2022,AHY,PL,F,PL,334,102,27,3,63,36.1,8.8,21,KL,OR/WH,GY/SV,,B307,1355,2941-94436,adult
NA,NA,WEBL,MBNG13,Mace Boulevard,6/28/2022,L,NN,U,NA,300,18,15.1,4,1,25.1,3.6,14.4,KL,-,-,Orange,,1390,Orange,nestling
NA,NA,WEBL,MBNG13,Mace Boulevard,6/28/2022,L,NN,U,NA,300,15,14.3,4,1,25,3.5,14.1,KL,-,-,Purple,,1391,Purple,nestling
NA,NA,WEBL,MBNG13,Mace Boulevard,6/28/2022,L,NN,U,NA,300,21,18,5,1,26.4,4.1,16.5,KL,-,-,Red,,1392,Red,nestling
NA,NA,WEBL,MBNG13,Mace Boulevard,6/28/2022,L,NN,U,NA,300,20,17.9,5,1,26.9,4.1,16.8,KL,-,-,Blue,,1393,Blue,nestling
2941-94443,NA,WEBL,MBNG13,Mace Boulevard,7/5/2022,L,NN,U,NA,334,50,27.7,3,12,30.2,5.2,21.7,VW,WH/OR,SV/GY,Purple,B319,1362,Purple,nestling
2941-94444,NA,WEBL,MBNG13,Mace Boulevard,7/5/2022,L,NN,U,NA,334,54,28,3,18,31.8,6.1,21.7,VW,WH/OR,SV/GY,Blue,B320,1363,Blue,nestling
2941-94445,NA,WEBL,MBNG13,Mace Boulevard,7/5/2022,L,NN,M,PL,334,52,26.6,3,19,31,5.3,20.7,VW,WH/OR,SV/GY,Red,B321,1364,Red,nestling
2941-94446,NA,WEBL,MBNG13,Mace Boulevard,7/5/2022,L,NN,U,NA,334,52,26.6,3,16,31.2,5.6,21.7,VW,WH/OR,SV/GY,Orange,B322,1365,Orange,nestling
NA,NA,WEBL,MBNG14,Mace Boulevard,4/26/2022,L,NN,U,NA,300,7,2.5,4,0,14.6,1.6,5.7,KL,-,-,Blue,-,908,Blue,nestling
NA,NA,WEBL,MBNG14,Mace Boulevard,4/26/2022,L,NN,U,NA,300,6,2.6,3,0,15,2.1,5.3,CP,-,-,Purple,-,909,Purple,nestling
NA,NA,WEBL,MBNG14,Mace Boulevard,4/26/2022,L,NN,U,NA,300,7,2.2,4,0,14.3,1.9,6,KL,-,-,Red,-,910,Red,nestling
NA,NA,WEBL,MBNG14,Mace Boulevard,4/26/2022,L,NN,U,NA,300,8,2.1,3,0,14.7,1.6,5.7,CP,-,-,Green,-,911,Green,nestling
NA,NA,WEBL,MBNG14,Mace Boulevard,4/26/2022,L,NN,U,NA,300,8,2.8,4,0,15.1,2.2,6.7,KL,-,-,Orange,-,912,Orange,nestling
2941-94406,NA,WEBL,MBNG14,Mace Boulevard,4/27/2022,AHY,PL,F,PL,333,97,27.8,2,58,36.9,8.4,20.2,KL,-,-,B023,B023,1325,2941-94406,adult
2941-94585,NA,WEBL,MBNG14,Mace Boulevard,6/15/2023,AHY,PL,M,PL,333,103,26.5,3,63,35.4,7.6,21,KL,-,-,,,1594,2941-94585,adult
NA,NA,WEBL,MBNG14,Mace Boulevard,6/15/2023,L,NN,U,NA,300,16,14.2,5,1,25.1,3.9,15,KL,-,-,Purple,,1677,Purple,nestling
NA,NA,WEBL,MBNG14,Mace Boulevard,6/15/2023,L,NN,U,NA,300,23,17.7,5,2,27.1,4.5,18.2,KL,-,-,Orange,,1678,Orange,nestling
NA,NA,WEBL,MBNG14,Mace Boulevard,6/15/2023,L,NN,U,NA,300,22,16.6,5,1,26.7,4.5,17.4,KL,-,-,Pink,,1679,Pink,nestling
NA,NA,WEBL,MBNG14,Mace Boulevard,6/15/2023,L,NN,U,NA,300,19,17.2,5,2,26.3,4.1,16.3,KL,-,-,Blue,,1680,Blue,nestling
NA,NA,WEBL,MBNG14,Mace Boulevard,6/15/2023,L,NN,U,NA,300,25,18.1,5,2,27.5,4.6,16.6,KL,-,-,Green,,1681,Green,nestling
2941-94436,NA,WEBL,MBNG14,Mace Boulevard,6/15/2023,AHY,PL,F,PL,334,102,25.3,3,62,36.4,8.9,21,KL,OR/WH,GY/SV,,B488,2089,2941-94436,adult
2941-94596,NA,WEBL,MBNG14,Mace Boulevard,6/23/2023,L,NN,F,PL,333,62,28.3,5,25,33,6.3,22.1,KL,-,-,Green,B510,1605,Green,nestling
2941-94597,NA,WEBL,MBNG14,Mace Boulevard,6/23/2023,L,NN,M,PL,333,58,-,5,23,33,6.3,21.3,KL,-,-,Blue,B511,1606,Blue,nestling
2941-94598,NA,WEBL,MBNG14,Mace Boulevard,6/23/2023,L,NN,F,PL,333,60,31.3,5,24,32.1,6.8,21.9,KL,-,-,Pink,,1607,Pink,nestling
2941-94599,NA,WEBL,MBNG14,Mace Boulevard,6/23/2023,L,NN,F,PL,333,62,28.1,5,27,31.8,6.2,20.5,KL,-,-,Orange,,1608,Orange,nestling
2941-94600,NA,WEBL,MBNG14,Mace Boulevard,6/23/2023,L,NN,F,PL,333,53,29.6,5,20,31.9,5.8,21,KL,-,-,Purple,,1609,Purple,nestling
NA,NA,WEBL,MBNG15,Mace Boulevard,4/19/2022,L,NN,U,NA,300,6,2.4,3,0,15.5,1.6,8.9,CP,-,-,Red,-,980,Red,nestling
NA,NA,WEBL,MBNG15,Mace Boulevard,4/19/2022,L,NN,U,NA,300,7,2.6,4,0,15,2.3,5.9,KL,-,-,Pink,-,981,Pink,nestling
NA,NA,WEBL,MBNG15,Mace Boulevard,4/19/2022,L,NN,U,NA,300,7,2.4,4,0,15.1,1.9,6.1,Kl,-,-,Blue,-,982,Blue,nestling
NA,NA,WEBL,MBNG15,Mace Boulevard,4/19/2022,L,NN,U,NA,300,8,2.8,3,0,15.6,1.7,7.4,CP,-,-,Purple,-,983,Purple,nestling
NA,NA,WEBL,MBNG15,Mace Boulevard,4/19/2022,L,NN,U,NA,300,7,2.4,4,0,14.6,2.2,6.3,KL,-,-,Green,-,984,Green,nestling
NA,NA,WEBL,MBNG20,Mace Boulevard,7/7/2021,L,NN,U,NA,300,15,13.8,5,0,22.5,3.4,15.3,KG,-,-,Danny! ,-,486,Single,nestling
NA,NA,WEBL,MBNG20,Mace Boulevard,7/15/2021,L,NN,U,NA,300,45,26.4,12,3,28.4,4.8,19.6,KG,-,-,Danny! ,-,515,Single,nestling
NA,NA,WEBL,MBNG20,Mace Boulevard,7/18/2021,L,NN,F,PL,300,58,25.5,4,24,30.9,5,20.1,KG,-,-,Danny! ,-,527,Single,nestling
NA,NA,WEBL,MBNG21,Mace Boulevard,4/19/2022,L,NN,U,NA,300,10,6.5,4,0,18.8,2.8,9,KL,-,-,Pink,-,971,Pink,nestling
NA,NA,WEBL,MBNG21,Mace Boulevard,4/19/2022,L,NN,U,NA,300,9,5.5,4,0,18.2,2.7,7.9,KL,-,-,Yellow,-,972,Yellow,nestling
NA,NA,WEBL,MBNG21,Mace Boulevard,4/19/2022,L,NN,U,NA,300,8,4.3,3,0,16.3,2.2,7.5,KL,-,-,Blue,-,973,Blue,nestling
NA,NA,WEBL,MBNG21,Mace Boulevard,4/19/2022,L,NN,U,NA,300,9,5.6,4,0,18.4,2,8.3,KL,-,-,Green,-,974,Green,nestling
2941-94405,NA,WEBL,MBNG21,Mace Boulevard,4/22/2022,AHY,PL,F,PL,333,98,22.8,2,56,34.3,8.1,19.5,KL,-,-,B005,B005,1324,2941-94405,adult
NA,NA,WEBL,MBNG21,Mace Boulevard,4/26/2022,L,NN,U,NA,300,33,23.8,4,6,28.3,4.2,19.5,KL,-,-,Pink ,B016,1005,Pink ,nestling
NA,NA,WEBL,MBNG21,Mace Boulevard,4/26/2022,L,NN,U,NA,300,30,24,4,3,27.7,5.2,18.8,SM,-,-,Yellow ,B015,1006,Yellow ,nestling
NA,NA,WEBL,MBNG21,Mace Boulevard,4/26/2022,L,NN,U,NA,300,25,21,4,2,27.7,3.8,17.2,KL,-,-,Blue,-,1007,Blue,nestling
NA,NA,WEBL,MBNG21,Mace Boulevard,4/26/2022,L,NN,U,NA,300,31,25.1,4,4,28.6,5,19.5,KL,-,-,Green ,B017,1008,Green ,nestling
2941-94502,NA,WEBL,MBNG21,Mace Boulevard,5/2/2022,L,NN,M,PL,333,56,24.7,1,16,30.3,4.6,19,KG,-,-,Blue ,B100,739,Blue ,nestling
2941-94503,NA,WEBL,MBNG21,Mace Boulevard,5/2/2022,L,NN,F,PL,333,58,26.7,3,21,28.5,5.7,20.9,PGG,-,-,Green ,B101,740,Green ,nestling
2941-94504,NA,WEBL,MBNG21,Mace Boulevard,5/2/2022,L,NN,F,PL,333,60,25.3,4,23,28.4,5.6,22.3,PGG,-,-,Pink ,B102,741,Pink ,nestling
2941-94505,NA,WEBL,MBNG21,Mace Boulevard,5/2/2022,L,NN,M,PL,333,61,26.2,3,23,30.8,5.4,20.9,KG,-,-,Yellow,-,742,Yellow,nestling
2941-94404,NA,WEBL,MBNG22,Mace Boulevard,4/22/2022,AHY,PL,F,PL,333,101,28.8,2,56,37.2,9.4,21.1,KL,-,-,B004,B004,1323,2941-94404,adult
NA,NA,TRES,MBNG22,Mace Boulevard,4/26/2022,L,NN,U,NA,300,17,14.6,4,0,25.2,3.5,15.2,KL,-,-,Purple ,B014,1001,Purple ,nestling
NA,NA,TRES,MBNG22,Mace Boulevard,4/26/2022,L,NN,U,NA,300,17,16.8,4,1,25.1,3.4,15.7,KL,-,-,Blue,-,1002,Blue,nestling
NA,NA,TRES,MBNG22,Mace Boulevard,4/26/2022,L,NN,U,NA,300,19,16,3,0,25.4,3.8,15.3,KL,-,-,Pink,-,1003,Pink,nestling
NA,NA,TRES,MBNG22,Mace Boulevard,4/26/2022,L,NN,U,NA,300,16,13.5,4,1,24.2,2.9,13.4,KL,-,-,Orange,-,1004,Orange,nestling
2941-18463,NA,ATFL,MBNG24,Mace Boulevard,7/7/2021,L,NN,U,PL,333,44,24.3,5,15,30.5,5.7,21.7,KG,-,-,Elmo,-,606,2941-18463,nestling
2941-18464,NA,ATFL,MBNG24,Mace Boulevard,7/7/2021,L,NN,U,PL,333,41,21.8,2,14,30.2,6.3,21.4,KL,-,-,Oscar,-,607,2941-18464,nestling
2941-18465,NA,ATFL,MBNG24,Mace Boulevard,7/7/2021,L,NN,U,PL,333,39,22.2,3,12,29.1,5.7,22.2,KG,-,-,Miss Piggy,-,608,2941-18465,nestling
2941-18466,NA,ATFL,MBNG24,Mace Boulevard,7/7/2021,L,NN,U,PL,333,41,20.9,3,15,30.1,6.3,21,KL,-,-,Cookie Monster,-,609,2941-18466,nestling
NA,NA,TRES,MBNG27,Mace Boulevard,4/26/2022,L,NN,U,NA,300,17,9.8,3,20,20.2,3.3,10.1,KL,-,-,Green,-,997,Green,nestling
NA,NA,TRES,MBNG27,Mace Boulevard,4/26/2022,L,NN,U,NA,300,18,11.2,4,0,19.6,3.3,11.3,SM,-,-,Purple,-,998,Purple,nestling
NA,NA,TRES,MBNG27,Mace Boulevard,4/26/2022,L,NN,U,NA,300,17,10.1,3,1,19.5,2.4,10,CP,-,-,Blue,-,999,Blue,nestling
NA,NA,TRES,MBNG27,Mace Boulevard,4/26/2022,L,NN,U,NA,300,15,9.9,3,1,19.2,2.6,10.5,CP,-,-,Pink,-,1000,Pink,nestling
2881-65801,NA,TRES,MBNG27,Mace Boulevard,4/26/2022,AHY,PL,F,BP,333,107,19.1,2,50,28.6,5.4,12.3,KL,-,-,-,B013,1039,2881-65801,adult
2941-94458,NA,WEBL,MBNG28,Mace Boulevard,7/19/2022,AHY,PL,F,PL,334,99,26.4,3,62,36.8,8.5,20.9,KL,WH/GY,SV/OR,,B349,1377,2941-94458,adult
NA,NA,WEBL,MBNG28,Mace Boulevard,7/19/2022,L,NN,U,NA,300,6,3.3,1,0,15,2.1,8,PGG,-,-,Blue,,1437,Blue,nestling
NA,NA,WEBL,MBNG28,Mace Boulevard,7/19/2022,L,NN,U,NA,300,5,3,0,0,15.5,2,6.8,PGG,-,-,Red,,1438,Red,nestling
NA,NA,WEBL,MBNG28,Mace Boulevard,7/19/2022,L,NN,U,NA,300,7,3.7,2,0,16.4,2.7,7.6,PGG,-,-,Purple,,1439,Purple,nestling
NA,NA,WEBL,MBNG28,Mace Boulevard,7/27/2022,L,NN,U,NA,300,29,24.1,4,3,27.9,4.1,17.9,CP,-,-,Purple,B353,1440,Purple,nestling
2941-94462,NA,WEBL,MBNG28,Mace Boulevard,8/2/2022,L,NN,M,PL,334,55,30,5,20,30.2,4.6,19.5,KG,WH/SV,GY/OR,LAST BABY of this yeaR,B356,1381,Purple,nestling
2631-20605,NA,TRES,MBNG3,Mace Boulevard,5/12/2021,L,NN,U,NA,333,43,17.9,3,12,23.4,3.6,11.5,KL,-,-,NA,,105,2631-20605,nestling
2631-20606,NA,TRES,MBNG3,Mace Boulevard,5/12/2021,L,NN,U,NA,333,40,19.7,3,10,24.1,3.9,11.4,KL,-,-,NA,,106,2631-20606,nestling
2631-20607,NA,TRES,MBNG3,Mace Boulevard,5/12/2021,L,NN,U,NA,333,42,19.2,3,10,24.4,3.7,11.8,KL,-,-,NA,,107,2631-20607,nestling
NA,NA,TRES,MBNG4,Mace Boulevard,5/7/2021,L,NN,U,NA,300,22,13.9,4,0,21.5,3.6,11.3,KL,-,-,Blue,-,69,Blue,nestling
NA,NA,TRES,MBNG4,Mace Boulevard,5/7/2021,L,NN,U,NA,300,25,15.7,3,0,21.6,3.4,11.4,KL,-,-,Purple,-,70,Purple,nestling
NA,NA,TRES,MBNG4,Mace Boulevard,5/7/2021,L,NN,U,NA,300,23,15,4,0,20.7,3.6,10.5,KL,-,-,Pink,-,71,Pink,nestling
NA,NA,TRES,MBNG4,Mace Boulevard,5/7/2021,L,NN,U,NA,300,24,15.6,4,1,22.3,3.6,11.7,KL,-,-,Green,-,72,Green,nestling
2631-20608,NA,TRES,MBNG4,Mace Boulevard,5/12/2021,L,NN,U,NA,333,41,13.3,1,11,24,4.1,11.4,KL,-,-,Purple,,108,Purple,nestling
2631-20609,NA,TRES,MBNG4,Mace Boulevard,5/12/2021,L,NN,U,NA,333,40,13.3,1,9,24,4.5,11.7,KL,-,-,Blue,,109,Blue,nestling
2631-20610,NA,TRES,MBNG4,Mace Boulevard,5/12/2021,L,NN,U,NA,333,40,15.8,1,10,24.2,4.3,11.9,KL,-,-,Pink,,110,Pink,nestling
2631-20611,NA,TRES,MBNG4,Mace Boulevard,5/12/2021,L,NN,U,NA,333,43,14.3,1,11,24.6,4.3,12.1,KL,-,-,Green,,111,Green,nestling
2631-20653,NA,TRES,MBNG5,Mace Boulevard,5/22/2021,L,NN,U,NA,333,56,20.4,2,16,25.4,4.5,13.5,KL,-,-,NA,-,153,2631-20653,nestling
2631-20654,NA,TRES,MBNG5,Mace Boulevard,5/22/2021,L,NN,U,NA,333,59,18.6,2,19,25.8,4.5,13.7,KL,-,-,NA,-,154,2631-20654,nestling
2631-20655,NA,TRES,MBNG5,Mace Boulevard,5/22/2021,L,NN,U,NA,333,55,18,3,18,25.3,4.8,12.4,KL,-,-,NA,-,155,2631-20655,nestling
2631-20656,NA,TRES,MBNG5,Mace Boulevard,5/22/2021,L,NN,U,NA,333,55,17.7,1,17,25.6,4.3,12.6,KL,-,-,NA,-,156,2631-20656,nestling
2631-20657,NA,TRES,MBNG5,Mace Boulevard,5/22/2021,L,NN,U,NA,333,59,17,2,21,25.2,4.4,12.2,KL,-,-,NA,-,157,2631-20657,nestling
2881-65879,NA,TRES,MBNG5,Mace Boulevard,7/5/2022,AHY,PL,M,BP,333,107,16.6,2,52,29.1,5.8,13.1,VW,-,-,,B323,1144,2881-65879,adult
NA,NA,TRES,MBNG5,Mace Boulevard,7/5/2022,L,NN,U,NA,300,20,12.1,3,0,20.9,3.4,9.3,KL,-,-,Red,,1409,Red,nestling
NA,NA,TRES,MBNG5,Mace Boulevard,7/5/2022,L,NN,U,NA,300,20,12.7,3,1,21.2,3.4,10.6,KL,-,-,Blue,,1410,Blue,nestling
NA,NA,TRES,MBNG5,Mace Boulevard,7/5/2022,L,NN,U,NA,300,17,10.5,3,1,20.2,3.1,10.1,KL,-,-,Orange,,1411,Orange,nestling
NA,NA,TRES,MBNG5,Mace Boulevard,7/5/2022,L,NN,U,NA,300,19,11.6,4,0,21.2,3.8,11.2,VW,-,-,Purple,,1412,Purple,nestling
2941-94584,NA,WEBL,MBNG5,Mace Boulevard,6/8/2023,AHY,PL,F,PL,333,97,26.5,3,60,36.2,8.6,19.4,KL,-,-,,B477,1593,2941-94584,adult
NA,NA,WEBL,MBNG5,Mace Boulevard,6/8/2023,L,NN,U,NA,300,11,9.1,4,0,20.5,2.9,10.5,KL,-,-,Pink,,1662,Pink,nestling
NA,NA,WEBL,MBNG5,Mace Boulevard,6/8/2023,L,NN,U,NA,300,10,7.7,4,0,19.7,2.9,9.1,KL,-,-,Red,,1663,Red,nestling
NA,NA,WEBL,MBNG5,Mace Boulevard,6/8/2023,L,NN,U,NA,300,9,5.8,4,0,19.3,2.7,8,KL,-,-,Blue,,1664,Blue,nestling
NA,NA,WEBL,MBNG5,Mace Boulevard,6/8/2023,L,NN,U,NA,300,8,5.2,4,0,18.1,2.6,7.9,KL,-,-,Green,,1665,Green,nestling
NA,NA,WEBL,MBNG5,Mace Boulevard,6/8/2023,L,NN,U,NA,300,10,8.4,4,0,20,2.9,10,KL,-,-,Purple,,1666,Purple,nestling
NA,NA,WEBL,MBNG5,Mace Boulevard,6/15/2023,L,NN,U,NA,300,34,28.2,5,6,30.2,5,19.6,KL,-,-,Blue,B489,1682,Blue,nestling
NA,NA,WEBL,MBNG5,Mace Boulevard,6/15/2023,L,NN,U,NA,300,35,30.5,5,8,30.2,5.3,20.1,KL,-,-,Red,B490,1683,Red,nestling
NA,NA,WEBL,MBNG5,Mace Boulevard,6/15/2023,L,NN,U,NA,300,32,27,5,5,29.2,4.6,19.6,KL,-,-,Green,B491,1684,Green,nestling
NA,NA,WEBL,MBNG5,Mace Boulevard,6/15/2023,L,NN,U,NA,300,36,27.6,5,5,29,4.7,21,KL,-,-,Purple,B492,1685,Purple,nestling
NA,NA,WEBL,MBNG5,Mace Boulevard,6/15/2023,L,NN,U,NA,300,38,27.3,5,8,29.7,4.7,20.9,KL,-,-,Pink,,1686,Pink,nestling
2941-94591,NA,WEBL,MBNG5,Mace Boulevard,6/20/2023,L,NN,F,PL,333,60,31.5,5,22,32.4,5.6,21.4,YZ,-,-,Blue,B505,1600,Blue,nestling
2941-94592,NA,WEBL,MBNG5,Mace Boulevard,6/20/2023,L,NN,M,PL,333,64,29.5,4,26,31.4,5.8,21.1,YZ,-,-,Purple,,1601,Purple,nestling
2941-94593,NA,WEBL,MBNG5,Mace Boulevard,6/20/2023,L,NN,F,PL,333,59,30.9,5,20,31.9,5.7,20.9,YZ,-,-,Green,B506,1602,Green,nestling
2941-94594,NA,WEBL,MBNG5,Mace Boulevard,6/20/2023,L,NN,M,PL,333,64,28.9,4,28,32.1,5.9,21.2,YZ,-,-,Pink,B507,1603,Pink,nestling
2941-94595,NA,WEBL,MBNG5,Mace Boulevard,6/20/2023,L,NN,F,PL,333,61,32.6,5,26,33.1,5.9,20.8,YZ,-,-,Red,,1604,Red,nestling
2631-20658,NA,TRES,MBNG6,Mace Boulevard,5/22/2021,L,NN,U,NA,333,43,19,2,11,24.5,4.1,11.7,KL,-,-,NA,-,158,2631-20658,nestling
2631-20659,NA,TRES,MBNG6,Mace Boulevard,5/22/2021,L,NN,U,NA,333,47,20.5,2,12,24.7,4.8,12.1,KL,-,-,NA,-,159,2631-20659,nestling
2631-20660,NA,TRES,MBNG6,Mace Boulevard,5/22/2021,L,NN,U,NA,333,42,14.7,3,10,23.5,4.5,11.7,KL,-,-,NA,-,160,2631-20660,nestling
2631-20661,NA,TRES,MBNG6,Mace Boulevard,5/22/2021,L,NN,U,NA,333,38,12.3,2,7,22.5,4.1,11.7,KL,-,-,NA,-,161,2631-20661,nestling
2631-20662,NA,TRES,MBNG6,Mace Boulevard,5/22/2021,L,NN,U,NA,333,45,19.1,3,11,24.2,4.7,12.4,KL,-,-,NA,-,162,2631-20662,nestling
NA,NA,TRES,MBNG6,Mace Boulevard,5/26/2022,L,NN,U,NA,300,31,14.6,4,4,22.9,3.4,11.6,KL,-,-,Blue,,1215,Blue,nestling
NA,NA,TRES,MBNG6,Mace Boulevard,5/26/2022,L,NN,U,NA,300,29,14.7,4,3,22.6,3.8,11.6,KL,-,-,Purple,,1216,Purple,nestling
NA,NA,TRES,MBNG6,Mace Boulevard,5/26/2022,L,NN,U,NA,300,29,13.8,4,3,23.9,3.3,12.2,KL,-,-,Pink,,1217,Pink,nestling
NA,NA,TRES,MBNG6,Mace Boulevard,5/26/2022,L,NN,U,NA,300,25,12.6,4,2,22.2,3.1,2.3,KL,-,-,Orange,,1218,Orange,nestling
2881-65863,NA,TRES,MBNG6,Mace Boulevard,5/31/2022,L,NN,U,NA,333,54,20,3,16,25.3,4.1,11.5,CP,-,-,Purple,B256,1128,Purple,nestling
2881-65864,NA,TRES,MBNG6,Mace Boulevard,5/31/2022,L,NN,U,NA,333,55,19.5,2,19,25.8,4.4,11.9,CP,-,-,Blue,B257,1129,Blue,nestling
2881-65865,NA,TRES,MBNG6,Mace Boulevard,5/31/2022,L,NN,U,NA,333,52,20,3,17,26.4,4.4,11.1,CP,-,-,Pink,B258,1130,Pink,nestling
2881-65866,NA,TRES,MBNG6,Mace Boulevard,5/31/2022,L,NN,U,NA,333,51,20.2,3,16,25.4,4,12.1,CP,-,-,Orange,,1131,Orange,nestling
2881-65931,NA,TRES,MBNG6,Mace Boulevard,7/6/2023,SY,PL,F,BP,333,105,16.2,2,54,27.5,5.4,12.2,KL,-,-,,B546,1940,2881-65931,adult
NA,NA,TRES,MBNG6,Mace Boulevard,7/6/2023,L,NN,U,NA,300,19,11.5,4,0,20.4,3.1,10.7,RK,-,-,Pink,,2027,Pink,nestling
NA,NA,TRES,MBNG6,Mace Boulevard,7/6/2023,L,NN,U,NA,300,22,13.6,4,1,21.5,3.3,10.9,RK,-,-,Green,,2028,Green,nestling
NA,NA,TRES,MBNG6,Mace Boulevard,7/6/2023,L,NN,U,NA,300,20,11.2,4,0,21.1,3.1,11.3,RK,-,-,Blue,,2029,Blue,nestling
NA,NA,TRES,MBNG6,Mace Boulevard,7/6/2023,L,NN,U,NA,300,24,14.5,4,2,21.7,3.5,11.7,RK,-,-,Orange,,2030,Orange,nestling
2881-65861,NA,TRES,MBNG6,Mace Boulevard,7/6/2023,AHY,PL,M,CP,333,115,17.4,2,50,28.3,5.4,12.9,RK,-,-,,,2094,2881-65861,adult
2881-65940,NA,TRES,MBNG6,Mace Boulevard,7/12/2023,L,NN,U,NA,333,48,18.9,4,16,24.9,4.2,12,RK,-,-,Green,B565,1949,Green,nestling
2881-65941,NA,TRES,MBNG6,Mace Boulevard,7/12/2023,L,NN,U,NA,333,47,18.8,4,16,25.1,4,12.2,RK,-,-,Blue,B566,1950,Blue,nestling
2881-65942,NA,TRES,MBNG6,Mace Boulevard,7/12/2023,L,NN,U,NA,333,45,16.8,4,12,24.3,4.1,11.8,RK,-,-,Pink,B567,1951,Pink,nestling
2881-65943,NA,TRES,MBNG6,Mace Boulevard,7/12/2023,L,NN,U,NA,333,50,19.1,4,20,24.8,4.2,12.4,RK,-,-,Orange,,1952,Orange,nestling
2881-65867,NA,TRES,MBNG7,Mace Boulevard,5/31/2022,AHY,PL,F,BP,333,103,16.7,2,51,26.8,4.8,11.5,KL,-,-,,B259,1132,2881-65867,adult
NA,NA,TRES,MBNG7,Mace Boulevard,5/31/2022,L,NN,U,NA,300,14,8.6,3,0,18.6,2.1,8.4,CP,-,-,Blue,,1224,Blue,nestling
NA,NA,TRES,MBNG7,Mace Boulevard,5/31/2022,L,NN,U,NA,300,13,7.6,3,0,18.5,3,7.6,CP,-,-,Purple,,1225,Purple,nestling
2881-65874,NA,TRES,MBNG7,Mace Boulevard,6/9/2022,L,NN,U,NA,333,58,20.4,4,21,25,4.3,12.6,SM,-,-,Purple,B276,1139,Purple,nestling
2881-65875,NA,TRES,MBNG7,Mace Boulevard,6/9/2022,L,NN,U,NA,333,60,20.1,4,23,25.8,4.6,12.1,SM,-,-,Blue,B277,1140,Blue,nestling
NA,NA,WEBL,MBNG8,Mace Boulevard,7/15/2021,L,NN,U,NA,300,19,15.8,3,0,24.3,3.1,15.1,KG,-,-,Pink,-,512,Pink,nestling
NA,NA,WEBL,MBNG8,Mace Boulevard,7/15/2021,L,NN,U,NA,300,18,16,3,0,24.5,3.3,15.2,KG,-,-,Purple,-,513,Purple,nestling
NA,NA,WEBL,MBNG8,Mace Boulevard,7/15/2021,L,NN,U,NA,300,8,4.4,1,0,19.4,2,9.5,KG,-,-,Blue,-,514,Blue,nestling
NA,NA,WEBL,MBNG8,Mace Boulevard,7/22/2021,L,NN,U,NA,300,50,26,2,16,29.7,4.9,22.8,KG,-,-,Pink,-,535,Pink,nestling
NA,NA,WEBL,MBNG8,Mace Boulevard,7/22/2021,L,NN,U,NA,300,50,26.8,4,14,30.2,4.7,20.4,KG,-,-,Purple,-,536,Purple,nestling
NA,NA,WEBL,MBNG8,Mace Boulevard,6/16/2022,L,NN,U,NA,300,9,5.3,2,0,18.2,2.3,8.1,VW,-,-,Orange,,1161,Orange,nestling
NA,NA,WEBL,MBNG8,Mace Boulevard,6/16/2022,L,NN,U,NA,300,10,6.3,3,0,18.6,3,8.4,SM,-,-,Blue,,1162,Blue,nestling
NA,NA,WEBL,MBNG8,Mace Boulevard,6/16/2022,L,NN,U,NA,300,9,5.4,2,0,18.2,2.6,8.1,VW,-,-,Red,,1163,Red,nestling
NA,NA,WEBL,MBNG8,Mace Boulevard,6/16/2022,L,NN,U,NA,300,7,3.7,2,0,17.1,2.5,6.8,SM,-,-,Purple,,1164,Purple,nestling
2941-94430,NA,WEBL,MBNG8,Mace Boulevard,6/16/2022,AHY,PL,F,PL,334,100,27.6,3,57,36.6,9,20.9,KL,SV/GY,WH/OR,,B284,1349,2941-94430,adult
2941-94431,NA,WEBL,MBNG8,Mace Boulevard,6/16/2022,AHY,PL,M,PL,334,105,26.4,3,65,35.4,8.9,20.8,KL,GY/SV,WH/OR,poop only,B285,1350,2941-94431,adult
NA,NA,WEBL,MBNG8,Mace Boulevard,6/22/2022,L,NN,U,NA,300,29,19.8,3,4,27,4.2,18.9,KL,-,-,Blue,B291,1187,Blue,nestling
NA,NA,WEBL,MBNG8,Mace Boulevard,6/22/2022,L,NN,U,NA,300,25,21,4,2,26.3,4,17.7,KL,-,-,Orange,B292,1188,Orange,nestling
NA,NA,WEBL,MBNG8,Mace Boulevard,6/22/2022,L,NN,U,NA,300,20,18.7,4,1,25.8,3.8,17.1,KL,-,-,Purple,B293,1189,Purple,nestling
NA,NA,WEBL,MBNG8,Mace Boulevard,6/22/2022,L,NN,U,NA,300,28,22.1,5,4,27.3,4.3,17.9,KL,-,-,Red,,1190,Red,nestling
2941-94432,NA,WEBL,MBNG8,Mace Boulevard,6/28/2022,L,NN,F,PL,334,56,23.2,3,24,31,5.2,19.4,CP,OR/WH,SV/GY,Red,B300,1351,Red,nestling
2941-94433,NA,WEBL,MBNG8,Mace Boulevard,6/28/2022,L,NN,M,PL,334,53,23.4,3,20,31.2,5.1,20.8,KL,OR/WH,SV/GY,Blue,B301,1352,Blue,nestling
2941-94434,NA,WEBL,MBNG8,Mace Boulevard,6/28/2022,L,NN,F,PL,334,52,25,4,17,29.8,4.1,19.1,CP,OR/WH,SV/GY,Orange,B302,1353,Orange,nestling
2941-94435,NA,WEBL,MBNG8,Mace Boulevard,6/28/2022,L,NN,F,PL,334,57,26.7,4,15,30.9,5.2,19.8,CP,OR/WH,SV/GY,Purple,B303,1354,Purple,nestling
NA,NA,TRES,MBNG9,Mace Boulevard,4/26/2022,L,NN,U,NA,300,7,2,4,0,12.7,1.5,4,CP,-,-,Blue,-,913,Blue,nestling
NA,NA,TRES,MBNG9,Mace Boulevard,4/26/2022,L,NN,U,NA,300,8,1.9,4,0,13.1,1.5,5.7,CP,-,-,Green,-,914,Green,nestling
NA,NA,TRES,MBNG9,Mace Boulevard,4/26/2022,L,NN,U,NA,300,8,2.3,4,0,13.1,1.3,4.9,CP,-,-,Red,-,915,Red,nestling
NA,NA,TRES,MBNG9,Mace Boulevard,4/26/2022,L,NN,U,NA,300,7,1.4,4,0,11.9,1.5,4.5,CP,-,-,Orange,-,916,Orange,nestling
NA,NA,TRES,MBNG9,Mace Boulevard,4/26/2022,L,NN,U,NA,300,7,2,3,0,12.5,2,4.1,CP,-,-,Purple,-,917,Purple,nestling
NA,NA,TRES,MBNG9,Mace Boulevard,4/26/2022,L,NN,U,NA,300,6,1.2,4,0,11.2,1.5,4.8,CP,-,-,Pink,-,918,Pink,nestling
2040-38042,NA,TRES,MBNG9,Mace Boulevard,4/26/2022,AHY,PL,F,BP,333,107,20.2,4,54,25.7,5.1,12.3,KL,-,-,,B019,1892,2040-38042,adult
NA,NA,TRES,MBNG9,Mace Boulevard,5/3/2022,L,NN,U,NA,300,25,15.4,3,1,22.2,3.5,13.9,VW,-,-,Pink,B103,1770,Pink,nestling
NA,NA,TRES,MBNG9,Mace Boulevard,5/3/2022,L,NN,U,NA,300,27,16.3,3,0,21.5,3.6,12,PGG,-,-,Green,,1771,Green,nestling
NA,NA,TRES,MBNG9,Mace Boulevard,5/3/2022,L,NN,U,NA,300,20,14.4,2,0,20.5,3.4,10.1,PGG,-,-,Purple,,1772,Purple,nestling
NA,NA,TRES,MBNG9,Mace Boulevard,5/3/2022,L,NN,U,NA,300,25,14,3,1,21.2,3.5,13.2,VW,-,-,Blue,,1773,Blue,nestling
NA,NA,TRES,MBNG9,Mace Boulevard,5/3/2022,L,NN,U,NA,300,20,10.1,3,0,20.6,3.4,11,,-,-,Orange,,1774,Orange,nestling
NA,NA,TRES,MBNG9,Mace Boulevard,5/3/2022,L,NN,U,NA,300,27,14.7,2,0,22.1,3.5,13.7,PGG,-,-,Red,,1775,Red,nestling
2881-65810,NA,TRES,MBNG9,Mace Boulevard,5/7/2022,L,NN,U,NA,333,49,19.4,4,16,24.6,4.1,11.9,KG,-,-,Blue ,B109,1047,Blue ,nestling
2881-65811,NA,TRES,MBNG9,Mace Boulevard,5/7/2022,L,NN,U,NA,333,49,21.4,3,14,25.5,3.8,11.7,KL,-,-,Pink,,1048,Pink,nestling
2881-65812,NA,TRES,MBNG9,Mace Boulevard,5/7/2022,L,NN,U,NA,333,40,21.7,3,8,23.8,3.8,11.5,KL,-,-,Purple,,1049,Purple,nestling
2881-65813,NA,TRES,MBNG9,Mace Boulevard,5/7/2022,L,NN,U,NA,333,51,22.5,4,12,25.1,3.6,10.5,KG,-,-,Green,,1050,Green,nestling
2881-65814,NA,TRES,MBNG9,Mace Boulevard,5/7/2022,L,NN,U,NA,333,42,20.5,4,8,25.2,4.2,12.4,KL,-,-,Orange,,1051,Orange,nestling
2881-65815,NA,TRES,MBNG9,Mace Boulevard,5/7/2022,L,NN,U,NA,333,51,19.4,4,14,25.7,3.7,12.7,KG,-,-,Red,,1052,Red,nestling
NA,NA,TRES,MBNG9,Mace Boulevard,6/22/2022,L,NN,U,NA,300,10,6.1,4,0,16.9,2.2,8.2,KL,-,-,Purple,,1191,Purple,nestling
NA,NA,TRES,MBNG9,Mace Boulevard,6/22/2022,L,NN,U,NA,300,16,9.5,4,0,18.6,2.9,9.7,KL,-,-,Red,,1192,Red,nestling
NA,NA,TRES,MBNG9,Mace Boulevard,6/22/2022,L,NN,U,NA,300,9,4.1,4,0,15.9,2.3,7.1,KL,-,-,Blue,,1193,Blue,nestling
NA,NA,TRES,MBNG9,Mace Boulevard,6/22/2022,L,NN,U,NA,300,13,7.5,4,0,18,2.7,9.7,KL,-,-,Pink,,1194,Pink,nestling
NA,NA,TRES,MBNG9,Mace Boulevard,6/22/2022,L,NN,U,NA,300,14,8.1,4,0,18.9,2.7,10.2,KL,-,-,Yellow,,1195,Yellow,nestling
NA,NA,TRES,MBNG9,Mace Boulevard,6/28/2022,L,NN,U,NA,300,39,17.5,3,8,23.7,4.1,12.1,KL,-,-,Pink,B304,1385,Pink,nestling
NA,NA,TRES,MBNG9,Mace Boulevard,6/28/2022,L,NN,U,NA,300,40,16.4,4,8,24.8,3.6,12,KL,-,-,Yellow,,1386,Yellow,nestling
NA,NA,TRES,MBNG9,Mace Boulevard,6/28/2022,L,NN,U,NA,300,43,18.7,3,10,23.9,3.8,11.1,KL,-,-,Red,B305,1387,Red,nestling
NA,NA,TRES,MBNG9,Mace Boulevard,6/28/2022,L,NN,U,NA,300,35,14.8,3,6,23.2,3.7,11.6,KL,-,-,Purple,,1388,Purple,nestling
NA,NA,TRES,MBNG9,Mace Boulevard,6/28/2022,L,NN,U,NA,300,29,13.3,4,2,23,3.1,11,KL,-,-,Blue,,1389,Blue,nestling
2881-65741,NA,TRES,MBNG9,Mace Boulevard,7/3/2022,L,NN,U,NA,333,70,18.9,1,23,25.5,4,11.4,KG,-,-,Red,B407,1303,Red,nestling
2881-65742,NA,TRES,MBNG9,Mace Boulevard,7/3/2022,L,NN,U,NA,333,58,13.7,0,17,24.7,4.2,11.2,KG,-,-,Purple,B408,1304,Purple,nestling
2881-65743,NA,TRES,MBNG9,Mace Boulevard,7/3/2022,L,NN,U,NA,333,64,18.4,1,20,25.9,4.1,13,KG,-,-,Yellow,,1305,Yellow,nestling
2881-65744,NA,TRES,MBNG9,Mace Boulevard,7/3/2022,L,NN,U,NA,333,48,13.7,0,13,23.5,3.6,10.7,KG,-,-,Blue,,1306,Blue,nestling
2881-65745,NA,TRES,MBNG9,Mace Boulevard,7/3/2022,L,NN,U,NA,333,63,17,1,20,23.9,4.4,12,KG,-,-,Pink,,1307,Pink,nestling
NA,NA,TRES,MBNG9,Mace Boulevard,7/6/2023,L,NN,U,NA,300,15,9,4,1,19.5,2.8,8.8,KL,-,-,Blue,,2031,Blue,nestling
NA,NA,TRES,MBNG9,Mace Boulevard,7/6/2023,L,NN,U,NA,300,16,10.8,4,1,20,3.2,9.2,KL,-,-,Green,,2032,Green,nestling
NA,NA,TRES,MBNG9,Mace Boulevard,7/6/2023,L,NN,U,NA,300,20,11.5,4,1,20.5,3.3,10.3,KL,-,-,Pink,,2033,Pink,nestling
2881-65802,NA,TRES,MBNG9,Mace Boulevard,7/6/2023,AHY,PL,F,BP,333,106,16,3,55,27.2,5.4,11.6,KL,-,-,,,2095,2881-65802,adult
NA,NA,WEBL,MBNR1,Mace Boulevard,4/28/2022,L,NN,U,NA,300,22,17.9,4,1,27,4.5,17.7,CP,-,-,Red,-,955,Red,nestling
NA,NA,WEBL,MBNR1,Mace Boulevard,4/28/2022,L,NN,U,NA,300,22,20.6,4,1,28,4.6,18.7,KL,-,-,Orange,-,956,Orange,nestling
NA,NA,WEBL,MBNR1,Mace Boulevard,4/28/2022,L,NN,U,NA,300,24,18.4,4,2,27,5,18.8,KL,-,-,Blue,-,957,Blue,nestling
NA,NA,WEBL,MBNR1,Mace Boulevard,4/28/2022,L,NN,U,NA,300,23,19.6,3,1,28.2,4.4,18.8,CP,-,-,Pink,-,958,Pink,nestling
NA,NA,WEBL,MBNR1,Mace Boulevard,4/28/2022,L,NN,U,NA,300,22,18.8,3,1,27.4,4.7,18,KL,-,-,Yellow,-,959,Yellow,nestling
2941-94506,NA,WEBL,MBNR1,Mace Boulevard,5/2/2022,L,NN,U,NA,333,39,20.7,3,9,27.9,3.7,20.3,CP,-,-,Orange ,B106,743,Orange ,nestling
2941-94507,NA,WEBL,MBNR1,Mace Boulevard,5/2/2022,L,NN,F,PL,333,41,21.5,2,11,29.5,5,18.8,PGG,-,-,Red, B107,744,Red,nestling
2941-94508,NA,WEBL,MBNR1,Mace Boulevard,5/2/2022,L,NN,U,NA,333,40,19.4,2,10,28.4,4.1,21,VW,-,-,Pink ,B108,745,Pink ,nestling
2941-94509,NA,WEBL,MBNR1,Mace Boulevard,5/4/2022,AHY,PL,F,PL,333,102,25.7,0,59,35.7,7.7,20.1,KL,-,-,-,B048,746,2941-94509,adult
2941-94559,NA,WEBL,MBNR10,Mace Boulevard,5/19/2023,AHY,PL,F,PL,333,100,28.3,3,58,39.7,9.1,20.3,KL,-,-,,,1568,2941-94559,adult
NA,NA,WEBL,MBNR2,Mace Boulevard,5/19/2021,L,NN,U,NA,300,12,10.2,3,0,22,3,10.7,KL,-,-,Pink,-,270,Pink,nestling
NA,NA,WEBL,MBNR2,Mace Boulevard,5/19/2021,L,NN,U,NA,300,12,9.6,4,0,22.2,2.8,10.3,KL,-,-,Blue,-,271,Blue,nestling
NA,NA,WEBL,MBNR2,Mace Boulevard,5/19/2021,L,NN,U,NA,300,12,8.4,4,0,20.8,2.7,9.7,KL,-,-,Purple,-,272,Purple,nestling
NA,NA,WEBL,MBNR2,Mace Boulevard,5/19/2021,L,NN,U,NA,300,11,9.7,4,0,21.8,2.8,10.8,KL,-,-,Green,-,273,Green,nestling
NA,NA,WEBL,MBNR2,Mace Boulevard,5/19/2021,L,NN,U,NA,300,10,9.9,3,0,21,2.2,11.6,KL,-,-,Yellow,-,274,Yellow,nestling
NA,NA,WEBL,MBNR2,Mace Boulevard,5/26/2021,L,NN,U,NA,300,31,20.1,3,3,28.1,4.4,19.3,KL,-,-,Purple,-,312,Purple,nestling
NA,NA,WEBL,MBNR2,Mace Boulevard,5/26/2021,L,NN,U,NA,300,35,23.2,3,6,29.2,4.6,19.8,KL,-,-,Yellow,-,313,Yellow,nestling
NA,NA,WEBL,MBNR2,Mace Boulevard,5/26/2021,L,NN,U,NA,300,37,24.1,3,6,29,4.6,19.1,KL,-,-,Blue,-,314,Blue,nestling
NA,NA,WEBL,MBNR2,Mace Boulevard,5/26/2021,L,NN,U,NA,300,37,26,3,8,29.7,4.2,20,KL,-,-,Pink,-,315,Pink,nestling
NA,NA,WEBL,MBNR2,Mace Boulevard,5/26/2021,L,NN,U,NA,300,34,24.1,3,6,28.2,4.5,20.9,KL,-,-,Green,-,316,Green,nestling
2941-18436,NA,WEBL,MBNR2,Mace Boulevard,5/31/2021,L,NN,M,PL,333,61,22.8,3,27,30.9,5.2,20.2,KL,-,-,Yellow,-,579,Yellow,nestling
2941-18437,NA,WEBL,MBNR2,Mace Boulevard,5/31/2021,L,NN,F,PL,333,61,24.6,4,25,31.7,5.6,19.1,KL,-,-,Blue,-,580,Blue,nestling
2941-18438,NA,WEBL,MBNR2,Mace Boulevard,5/31/2021,L,NN,F,PL,333,57,24.2,3,25,31.5,5.7,21,KL,-,-,Green,-,581,Green,nestling
2941-18439,NA,WEBL,MBNR2,Mace Boulevard,5/31/2021,L,NN,M,PL,333,55,22.3,3,20,31.2,4.9,20,KL,-,-,Purple,-,582,Purple,nestling
2941-18440,NA,WEBL,MBNR2,Mace Boulevard,5/31/2021,L,NN,F,PL,333,60,25.7,3,26,31.9,5.5,20.3,KL,-,-,Pink,-,583,Pink,nestling
NA,NA,WEBL,MBNR2,Mace Boulevard,5/9/2023,L,NN,U,NA,300,8,5,4,0,17,2.3,7.4,KL,-,-,Red,,1479,Red,nestling
NA,NA,WEBL,MBNR2,Mace Boulevard,5/9/2023,L,NN,U,NA,300,8,4.6,4,0,17,2,7.1,KL,-,-,Purple,,1480,Purple,nestling
NA,NA,WEBL,MBNR2,Mace Boulevard,5/9/2023,L,NN,U,NA,300,8,4.4,4,0,17.1,2,7.4,KL,-,-,Blue,,1481,Blue,nestling
NA,NA,WEBL,MBNR2,Mace Boulevard,5/9/2023,L,NN,U,NA,300,8,4.1,4,0,17.4,2.3,6.1,KL,-,-,Pink,,1482,Pink,nestling
NA,NA,WEBL,MBNR2,Mace Boulevard,5/9/2023,L,NN,U,NA,300,7,3.7,4,0,16.7,2.1,7.4,KL,-,-,Green,,1483,Green,nestling
2941-94509,NA,WEBL,MBNR2,Mace Boulevard,5/9/2023,AHY,PL,F,PL,334,103,29.1,3,59,35.7,8.1,20.8,KL,GY/OR,SV/WH,,B361,2076,2941-94509,adult
NA,NA,WEBL,MBNR2,Mace Boulevard,5/16/2023,L,NN,U,NA,300,25,20.7,4,2,27.8,4.3,18.7,KL,-,-,Pink,,1507,Pink,nestling
NA,NA,WEBL,MBNR2,Mace Boulevard,5/16/2023,L,NN,U,NA,300,27,21,4,2,28.1,4.3,19.5,KL,-,-,Red,,1508,Red,nestling
NA,NA,WEBL,MBNR2,Mace Boulevard,5/16/2023,L,NN,U,NA,300,26,21.3,4,2,28.2,4,19.1,KL,-,-,Green,,1509,Green,nestling
NA,NA,WEBL,MBNR2,Mace Boulevard,5/16/2023,L,NN,U,NA,300,30,23.7,4,3,29.3,4,20.5,KL,-,-,Purple,B371,1510,Purple,nestling
NA,NA,WEBL,MBNR2,Mace Boulevard,5/16/2023,L,NN,U,NA,300,27,22.8,4,2,28.8,4.2,18.7,KL,-,-,Blue,B372,1511,Blue,nestling
2941-18795,NA,WEBL,MBNR2,Mace Boulevard,5/19/2023,AHY,PL,M,PL,334,105,24.9,3,64,36.3,8.7,20.9,KL,BU/OR,BU/SV,,,2080,2941-18795,adult
2941-94566,NA,WEBL,MBNR2,Mace Boulevard,5/22/2023,L,NN,M,PL,333,57,25.9,2,22,31.2,5.2,20.3,KL,-,-,Blue,B384,1575,Blue,nestling
2941-94567,NA,WEBL,MBNR2,Mace Boulevard,5/22/2023,L,NN,M,PL,333,56,27,3,22,32.4,5.6,21.4,KL,-,-,Purple,B385,1576,Purple,nestling
2941-94568,NA,WEBL,MBNR2,Mace Boulevard,5/22/2023,L,NN,F,PL,333,53,22.7,4,20,30.8,5.1,20.9,KL,-,-,Green,,1577,Green,nestling
2941-94569,NA,WEBL,MBNR2,Mace Boulevard,5/22/2023,L,NN,F,PL,333,52,23.4,3,18,31.4,5.3,20.9,KL,-,-,Pink,,1578,Pink,nestling
2941-94570,NA,WEBL,MBNR2,Mace Boulevard,5/22/2023,L,NN,F,PL,333,52,22.2,3,19,31.4,5.6,20.9,KL,-,-,Red,,1579,Red,nestling
NA,NA,TRES,MBNR2,Mace Boulevard,6/24/2023,L,NN,U,NA,300,7,2.5,4,0,13,1.7,5.9,KL,-,-,Pink,,1965,Pink,nestling
NA,NA,TRES,MBNR2,Mace Boulevard,6/24/2023,L,NN,U,NA,300,7,2.5,4,0,13.1,1.7,5.1,KL,-,-,Purple,,1966,Purple,nestling
NA,NA,TRES,MBNR2,Mace Boulevard,6/24/2023,L,NN,U,NA,300,7,2.5,4,0,12.8,1.8,5.4,KL,-,-,Red,,1967,Red,nestling
NA,NA,TRES,MBNR2,Mace Boulevard,6/24/2023,L,NN,U,NA,300,6,1.7,4,0,11.8,1.5,4.7,KL,-,-,Blue,,1968,Blue,nestling
2881-65914,NA,TRES,MBNR2,Mace Boulevard,6/27/2023,SY,PL,F,BP,333,108,16,3,54,27.5,5,12.2,KL,-,-,,B513,1923,2881-65914,adult
NA,NA,TRES,MBNR2,Mace Boulevard,6/28/2023,L,NN,U,NA,300,15,9.8,5,0,19.4,3,10.6,KL,-,-,Pink,,1972,Pink,nestling
NA,NA,TRES,MBNR2,Mace Boulevard,6/28/2023,L,NN,U,NA,300,16,9.2,5,0,18.7,2.6,10.2,RK,-,-,Purple,,1973,Purple,nestling
NA,NA,TRES,MBNR2,Mace Boulevard,6/28/2023,L,NN,U,NA,300,16,9.6,5,0,18.8,2.6,9.9,KL,-,-,Red,,1974,Red,nestling
NA,NA,TRES,MBNR2,Mace Boulevard,6/28/2023,L,NN,U,NA,300,13,7.1,5,0,17.7,2.6,8.5,KL,-,-,Blue,,1975,Blue,nestling
2881-65927,NA,TRES,MBNR2,Mace Boulevard,7/4/2023,L,NN,U,NA,333,37,14.4,4,10,22.6,3.5,12,RK,-,-,Pink,B540,1936,Pink,nestling
2881-65928,NA,TRES,MBNR2,Mace Boulevard,7/4/2023,L,NN,U,NA,333,38,15,4,9,22.4,3.5,11.8,RK,-,-,Purple,B541,1937,Purple,nestling
2881-65929,NA,TRES,MBNR2,Mace Boulevard,7/4/2023,L,NN,U,NA,333,38,14.7,5,10,22.8,3.1,11.9,RK,-,-,Red,B542,1938,Red,nestling
2881-65930,NA,TRES,MBNR2,Mace Boulevard,7/4/2023,L,NN,U,NA,333,34,12.8,5,6,22.5,3.5,11.4,KL,-,-,Blue,,1939,Blue,nestling
NA,NA,WEBL,MBNR4,Mace Boulevard,4/28/2022,L,NN,U,NA,300,12,12.1,4,0,22.5,3.2,12.4,KL,-,-,Purple,-,951,Purple,nestling
NA,NA,WEBL,MBNR4,Mace Boulevard,4/28/2022,L,NN,U,NA,300,12,11.2,3,0,23.4,3.7,13.8,CP,-,-,Blue,-,952,Blue,nestling
NA,NA,WEBL,MBNR4,Mace Boulevard,4/28/2022,L,NN,U,NA,300,12,11,4,0,23.7,3.9,11.3,KL,-,-,Red,-,953,Red,nestling
NA,NA,WEBL,MBNR4,Mace Boulevard,4/28/2022,L,NN,U,NA,300,11,9.6,3,0,22.7,3.4,12.1,CP,-,-,Green,-,954,Green,nestling
NA,NA,WEBL,MBNR4,Mace Boulevard,5/3/2022,L,NN,U,NA,300,26,20.7,4,1,28,3.6,19.9,KG,-,-,Yellow,,1781,Yellow,nestling
NA,NA,WEBL,MBNR4,Mace Boulevard,5/3/2022,L,NN,U,NA,300,31,22.1,4,3,28,4,19.1,VW,-,-,Purple,,1782,Purple,nestling
NA,NA,WEBL,MBNR4,Mace Boulevard,5/3/2022,L,NN,U,NA,300,22,21.3,4,2,29.1,4.9,19.4,PGG,-,-,Red,,1783,Red,nestling
NA,NA,WEBL,MBNR4,Mace Boulevard,5/3/2022,L,NN,U,NA,300,31,20.1,3,2,28,4.5,23,KG,-,-,Blue,,1784,Blue,nestling
NA,NA,WEBL,MBNR4,Mace Boulevard,5/4/2022,L,NN,U,NA,300,-,-,-,-,-,-,-,KL,-,-,Yellow,B045,1722,Yellow,nestling
NA,NA,WEBL,MBNR4,Mace Boulevard,5/4/2022,L,NN,U,NA,300,-,-,-,-,-,-,-,KL,-,-,Purple,B046,1723,Purple,nestling
NA,NA,WEBL,MBNR4,Mace Boulevard,5/4/2022,L,NN,U,NA,300,-,-,-,-,-,-,-,KL,-,-,Blue,,1724,Blue,nestling
NA,NA,WEBL,MBNR4,Mace Boulevard,5/4/2022,L,NN,U,NA,300,-,-,-,-,-,-,-,KL,-,-,Red,B047,1725,Red,nestling
2941-94413,NA,WEBL,MBNR4,Mace Boulevard,5/10/2022,L,NN,M,PL,333,62,26.2,4,23,32.2,5.2,21.3,VW,-,-,Purple,B090,1332,Purple,nestling
2941-94414,NA,WEBL,MBNR4,Mace Boulevard,5/10/2022,L,NN,M,PL,333,60,25.8,4,21,32,5.4,19.3,CP,-,-,Red,B091,1333,Red,nestling
2941-94415,NA,WEBL,MBNR4,Mace Boulevard,5/10/2022,L,NN,F,PL,333,59,24.4,4,22,32.9,5.6,21.2,VW,-,-,Blue,B092,1334,Blue,nestling
2941-94416,NA,WEBL,MBNR4,Mace Boulevard,5/10/2022,L,NN,M,PL,333,57,25.9,4,21,29.5,5.3,21.6,VW,-,-,Yellow ,-,1335,Yellow ,nestling
NA,NA,TRES,MBNR5,Mace Boulevard,5/19/2021,L,NN,U,NA,300,8,3.8,4,0,14.5,2.2,5.9,KL,-,-,Purple,-,265,Purple,nestling
NA,NA,TRES,MBNR5,Mace Boulevard,5/19/2021,L,NN,U,NA,300,7,2.3,4,0,12.8,1.8,4.9,KL,-,-,Blue,-,266,Blue,nestling
NA,NA,TRES,MBNR5,Mace Boulevard,5/19/2021,L,NN,U,NA,300,7,3,4,0,13.8,1.8,5.1,KL,-,-,Green,-,267,Green,nestling
NA,NA,TRES,MBNR5,Mace Boulevard,5/19/2021,L,NN,U,NA,300,8,2.6,4,0,13.7,1.8,5.5,KL,-,-,Pink,-,268,Pink,nestling
NA,NA,TRES,MBNR5,Mace Boulevard,5/19/2021,L,NN,U,NA,300,7,2.2,4,0,12.7,1.4,4.3,KL,-,-,Yellow,-,269,Yellow,nestling
NA,NA,TRES,MBNR5,Mace Boulevard,5/26/2021,L,NN,U,NA,300,31,18.5,4,3,23.1,3.9,12.6,KL,-,-,Blue,-,317,Blue,nestling
NA,NA,TRES,MBNR5,Mace Boulevard,5/26/2021,L,NN,U,NA,300,38,21.8,4,7,22.4,3.8,12,KL,-,-,Purple,-,318,Purple,nestling
NA,NA,TRES,MBNR5,Mace Boulevard,5/26/2021,L,NN,U,NA,300,33,18.1,4,5,22.9,3.9,11.8,KL,-,-,Green,-,319,Green,nestling
NA,NA,TRES,MBNR5,Mace Boulevard,5/26/2021,L,NN,U,NA,300,33,17.8,4,5,23.1,3.8,12.2,KL,-,-,Pink,-,320,Pink,nestling
NA,NA,TRES,MBNR5,Mace Boulevard,5/26/2021,L,NN,U,NA,300,29,16.1,4,3,22.2,3.5,11.6,KL,-,-,Yellow,-,321,Yellow,nestling
2631-20679,NA,TRES,MBNR5,Mace Boulevard,5/31/2021,L,NN,U,NA,333,61,19.4,3,25,25.6,4.6,12.3,KL,-,-,Pink,-,179,Pink,nestling
2631-20680,NA,TRES,MBNR5,Mace Boulevard,5/31/2021,L,NN,U,NA,333,65,22.8,4,26,26.3,4.4,12.5,KL,-,-,Purple,-,180,Purple,nestling
2631-20681,NA,TRES,MBNR5,Mace Boulevard,5/31/2021,L,NN,U,NA,333,62,17.1,4,24,24.7,4.4,12.4,KL,-,-,Green ,-,181,Green ,nestling
2631-20682,NA,TRES,MBNR5,Mace Boulevard,5/31/2021,L,NN,U,NA,333,57,19.8,4,21,25.4,3.9,12.3,KL,-,-,Yellow,-,182,Yellow,nestling
2631-20683,NA,TRES,MBNR5,Mace Boulevard,5/31/2021,L,NN,U,NA,333,59,21,4,22,25.9,4.6,13.1,KL,-,-,Blue,-,183,Blue,nestling
2881-65873,NA,TRES,MBNR5,Mace Boulevard,6/2/2022,SY,PL,F,BP,333,107,16.5,3,52,26.4,4.8,12.1,KL,-,-,,B266,1138,2881-65873,adult
NA,NA,TRES,MBNR5,Mace Boulevard,6/2/2022,L,NN,U,NA,300,9,4,4,0,16,2.2,6.7,CP,-,-,Green,,1236,Green,nestling
NA,NA,TRES,MBNR5,Mace Boulevard,6/2/2022,L,NN,U,NA,300,11,6.2,4,0,16.8,2.4,8,CP,-,-,Purple,,1237,Purple,nestling
NA,NA,TRES,MBNR5,Mace Boulevard,6/2/2022,L,NN,U,NA,300,12,6.1,3,0,17.5,3,10.5,SM,-,-,Red,,1238,Red,nestling
NA,NA,TRES,MBNR5,Mace Boulevard,6/2/2022,L,NN,U,NA,300,9,3.9,4,0,14.7,2.2,6.1,CP,-,-,Blue,,1239,Blue,nestling
NA,NA,TRES,MBNR5,Mace Boulevard,6/2/2022,L,NN,U,NA,300,13,7.1,4,0,18.6,3.4,10.8,SM,-,-,Pink,,1240,Pink,nestling
NA,NA,WEBL,MBNR6,Mace Boulevard,4/27/2022,L,NN,U,NA,300,7,2.1,4,0,15.6,1.8,5.6,KL,-,-,Purple,-,937,Purple,nestling
NA,NA,WEBL,MBNR6,Mace Boulevard,4/27/2022,L,NN,U,NA,300,7,2.5,4,0,15.2,1.8,4.9,KL,-,-,Blue,-,938,Blue,nestling
NA,NA,WEBL,MBNR6,Mace Boulevard,4/27/2022,L,NN,U,NA,300,7,2.6,4,0,14.6,1.8,5.8,KL,-,-,Red,-,939,Red,nestling
NA,NA,WEBL,MBNR6,Mace Boulevard,4/27/2022,L,NN,U,NA,300,7,2.1,4,0,14.2,1.7,6,KL,-,-,Orange,-,940,Orange,nestling
2941-94407,NA,WEBL,MBNR6,Mace Boulevard,4/27/2022,AHY,PL,F,PL,333,95,24.6,3,55,35.6,8.9,18.6,KL,-,-,B029,B029,1326,2941-94407,adult
NA,NA,WEBL,MBNR6,Mace Boulevard,5/3/2022,L,NN,U,NA,300,16,13.7,4,0,23.9,3.4,14.6,KG,-,-,Green,,1706,Green,nestling
NA,NA,WEBL,MBNR6,Mace Boulevard,5/3/2022,L,NN,U,NA,300,14,12.4,3,0,23.3,3.5,13.6,PGG,-,-,Orange,,1707,Orange,nestling
NA,NA,WEBL,MBNR6,Mace Boulevard,5/3/2022,L,NN,U,NA,300,14,12.8,4,0,23.4,3.4,13.2,VW,-,-,Pink,,1708,Pink,nestling
NA,NA,WEBL,MBNR6,Mace Boulevard,5/3/2022,L,NN,U,NA,300,15,12.7,3,0,24.1,2.9,13,CP,-,-,Red,,1709,Red,nestling
2941-94417,NA,WEBL,MBNR6,Mace Boulevard,5/10/2022,L,NN,F,PL,333,46,24.3,4,14,29,4.5,19.1,CP,-,-,Green,B093,1336,Green,nestling
2941-94418,NA,WEBL,MBNR6,Mace Boulevard,5/10/2022,L,NN,M,PL,333,44,24.2,4,12,30.5,4.8,19.8,VW,-,-,Orange,B094,1337,Orange,nestling
2941-94419,NA,WEBL,MBNR6,Mace Boulevard,5/10/2022,L,NN,F,PL,333,45,23,4,12,29.4,4.7,19.1,CP,-,-,Red,B095,1338,Red,nestling
2941-94420,NA,WEBL,MBNR6,Mace Boulevard,5/10/2022,L,NN,F,PL,333,45,25.9,4,13,30.3,4.5,18.2,CP,-,-,Pink,,1339,Pink,nestling
NA,NA,WEBL,MBNR6,Mace Boulevard,6/22/2022,L,NN,U,NA,300,8,4.9,4,0,17.4,2.4,7.7,KL,-,-,Blue,,1183,Blue,nestling
NA,NA,WEBL,MBNR6,Mace Boulevard,6/22/2022,L,NN,U,NA,300,8,5.5,4,0,18.9,2.7,7.7,KL,-,-,Purple,,1184,Purple,nestling
NA,NA,WEBL,MBNR6,Mace Boulevard,6/22/2022,L,NN,U,NA,300,9,7.4,4,0,19.6,2.7,8.8,KL,-,-,Red,,1185,Red,nestling
NA,NA,WEBL,MBNR6,Mace Boulevard,6/22/2022,L,NN,U,NA,300,7,2.3,2,0,14.7,2.1,5.1,KL,-,-,Pink,,1186,Pink,nestling
2941-94407,NA,WEBL,MBNR6,Mace Boulevard,6/22/2022,AHY,PL,F,PL,334,93,23.1,2,53,35.8,8.7,19.7,KL,SV/OR,GY/WH,,B290,1905,2941-94407,adult
NA,NA,WEBL,MBNR6,Mace Boulevard,6/29/2022,L,NN,U,NA,300,27,17.6,0,2,26.4,4.6,18.3,VW,-,-,Blue B186,B186,878,Blue,nestling
NA,NA,WEBL,MBNR6,Mace Boulevard,6/29/2022,L,NN,U,NA,300,30,21.3,3,3,27.8,5,18.1,KG,-,-,Red B187,B187,879,Red,nestling
NA,NA,WEBL,MBNR6,Mace Boulevard,6/29/2022,L,NN,U,NA,300,31,18.6,1,3,27.4,4.6,18.4,VW,-,-,Purple B188,B188,880,Purple,nestling
2941-94447,NA,WEBL,MBNR6,Mace Boulevard,7/5/2022,L,NN,M,PL,334,52,24.8,4,20,30.2,5.9,20,VW,SV/OR,WH/GY,Blue,B324,1366,Blue,nestling
2941-94448,NA,WEBL,MBNR6,Mace Boulevard,7/5/2022,L,NN,F,PL,334,57,24.2,3,25,30.7,5.2,19.6,VW,SV/OR,WH/GY,Purple,B325,1367,Purple,nestling
2941-94449,NA,WEBL,MBNR6,Mace Boulevard,7/5/2022,L,NN,M,PL,334,59,26.5,3,22,31.4,5.1,20,VW,SV/OR,WH/GY,Red,B326,1368,Red,nestling
2941-94582,NA,WEBL,MBNR6,Mace Boulevard,6/2/2023,AHY,PL,F,PL,333,98,25.4,3,57,36.7,8.3,20.7,KL,-,-,,B467,1591,2941-94582,adult
2941-94583,NA,WEBL,MBNR6,Mace Boulevard,6/2/2023,AHY,PL,M,PL,333,105,26,3,63,37.2,9,20.3,KL,-,-,,,1592,2941-94583,adult
NA,NA,WEBL,MBNR6,Mace Boulevard,6/2/2023,L,NN,U,NA,300,18,16.2,4,0,24.8,4.1,15.2,KL,-,-,Pink,,1649,Pink,nestling
NA,NA,WEBL,MBNR6,Mace Boulevard,6/2/2023,L,NN,U,NA,300,15,13.4,4,0,24.3,3.8,14.1,KL,-,-,Blue,,1650,Blue,nestling
NA,NA,WEBL,MBNR6,Mace Boulevard,6/2/2023,L,NN,U,NA,300,14,16.8,4,0,25.2,4.1,15.3,KL,-,-,Red,,1651,Red,nestling
NA,NA,WEBL,MBNR6,Mace Boulevard,6/2/2023,L,NN,U,NA,300,15,12.6,4,0,24.6,4,14.1,KL,-,-,Purple,,1652,Purple,nestling
NA,NA,WEBL,MBNR6,Mace Boulevard,6/2/2023,L,NN,U,NA,300,15,13.3,4,0,23.3,3.6,14.1,KL,-,-,Orange,,1653,Orange,nestling
NA,NA,TRES,MBNR7,Mace Boulevard,5/17/2022,L,NN,U,NA,300,10,5.4,3,0,17,2.9,8.2,VW,-,-,Purple,-,721,Purple,nestling
NA,NA,TRES,MBNR7,Mace Boulevard,5/17/2022,L,NN,U,NA,300,10,6,3,0,17.1,2.8,8,VW,-,-,Pink,-,722,Pink,nestling
NA,NA,TRES,MBNR7,Mace Boulevard,5/17/2022,L,NN,U,NA,300,12,6.8,4,0,16.8,2.4,8.1,KL,-,-,Red,-,723,Red,nestling
NA,NA,TRES,MBNR7,Mace Boulevard,5/17/2022,L,NN,U,NA,300,11,5.8,4,0,17,2.8,7.7,VW,-,-,Green,-,724,Green,nestling
NA,NA,TRES,MBNR7,Mace Boulevard,5/17/2022,L,NN,U,NA,300,10,5.6,4,0,17.2,2.1,8.3,KL,-,-,Blue,-,725,Blue,nestling
NA,NA,TRES,MBNR7,Mace Boulevard,5/17/2022,L,NN,U,NA,300,9,5,3,0,16.8,2.5,7.3,KL,-,-,Orange,-,726,Orange,nestling
2881-65827,NA,TRES,MBNR7,Mace Boulevard,5/17/2022,AHY,PL,F,BP,333,112,16.7,2,54,28.4,4.9,13.1,KL,-,-,,B213,1064,2881-65827,adult
2881-65851,NA,TRES,MBNR7,Mace Boulevard,5/26/2022,L,NN,U,NA,333,52,18.4,3,14,25.1,4,12.2,KL,-,-,unknown color,B250,1116,2881-65851,nestling
2881-65852,NA,TRES,MBNR7,Mace Boulevard,5/26/2022,L,NN,U,NA,333,48,19.4,4,12,25.1,4.1,13.8,SM,-,-,unknown color,B251,1117,2881-65852,nestling
2881-65853,NA,TRES,MBNR7,Mace Boulevard,5/26/2022,L,NN,U,NA,333,51,19.6,4,14,24.9,3.9,11.8,KL,-,-,Pink,B252,1118,Pink,nestling
2881-65854,NA,TRES,MBNR7,Mace Boulevard,5/26/2022,L,NN,U,NA,333,52,20.4,4,13,26.1,4.6,12.4,SM,-,-,unknown color,,1119,2881-65854,nestling
2881-65855,NA,TRES,MBNR7,Mace Boulevard,5/26/2022,L,NN,U,NA,333,56,20.3,3,18,25.1,4.2,11.7,KL,-,-,Red,,1120,Red,nestling
2881-65856,NA,TRES,MBNR7,Mace Boulevard,5/26/2022,L,NN,U,NA,333,51,20.8,4,14,23.2,4.1,11.9,KL,-,-,Purple,,1121,Purple,nestling
NA,NA,TRES,MBNR7,Mace Boulevard,6/2/2023,L,NN,U,NA,300,12,6.8,4,0,17.3,2.5,7.7,KL,-,-,Blue,,1644,Blue,nestling
NA,NA,TRES,MBNR7,Mace Boulevard,6/2/2023,L,NN,U,NA,300,10,5.6,4,0,15.4,1.9,6.9,KL,-,-,Pink,,1645,Pink,nestling
NA,NA,TRES,MBNR7,Mace Boulevard,6/2/2023,L,NN,U,NA,300,8,3.5,4,0,14.6,1.9,6.1,KL,-,-,Purple,,1646,Purple,nestling
NA,NA,TRES,MBNR7,Mace Boulevard,6/2/2023,L,NN,U,NA,300,7,2.1,4,0,12.8,1.8,5.2,KL,-,-,Orange,,1647,Orange,nestling
NA,NA,TRES,MBNR7,Mace Boulevard,6/2/2023,L,NN,U,NA,300,8,3.9,4,0,15.2,1.9,6.6,KL,-,-,Red,,1648,Red,nestling
1741-63604,NA,TRES,MBNR7,Mace Boulevard,6/2/2023,AHY,PL,F,BP,333,108,17.6,4,53,28.6,5.4,12.7,KL,-,-,,B466,2085,1741-63604,adult
NA,NA,TRES,MBNR7,Mace Boulevard,6/8/2023,L,NN,U,NA,300,30,16.9,4,3,23.3,4,12.1,KL,-,-,Red,B478,1671,Red,nestling
NA,NA,TRES,MBNR7,Mace Boulevard,6/8/2023,L,NN,U,NA,300,34,19.7,5,5,23.9,3.7,12.3,KL,-,-,Pink,B479,1672,Pink,nestling
NA,NA,TRES,MBNR7,Mace Boulevard,6/8/2023,L,NN,U,NA,300,28,16.3,5,2,22.2,3.2,11.4,KL,-,-,Purple,B480,1673,Purple,nestling
NA,NA,TRES,MBNR7,Mace Boulevard,6/8/2023,L,NN,U,NA,300,36,19.3,5,8,24.1,3.7,11.7,KL,-,-,Blue,B481,1674,Blue,nestling
NA,NA,TRES,MBNR7,Mace Boulevard,6/8/2023,L,NN,U,NA,300,21,12.3,5,1,21.5,3.2,10.8,KL,-,-,Orange,,1675,Orange,nestling
NA,NA,TRES,MBNR8,Mace Boulevard,5/17/2022,L,NN,U,NA,300,11,5.8,3,0,15,2.4,7.8,VW,-,-,Green,-,715,Green,nestling
NA,NA,TRES,MBNR8,Mace Boulevard,5/17/2022,L,NN,U,NA,300,12,7.2,4,0,17.5,2.6,8.4,VW,-,-,Purple,-,716,Purple,nestling
NA,NA,TRES,MBNR8,Mace Boulevard,5/17/2022,L,NN,U,NA,300,13,6.7,4,0,17.1,2.2,8.4,KL,-,-,Blue,-,717,Blue,nestling
NA,NA,TRES,MBNR8,Mace Boulevard,5/17/2022,L,NN,U,NA,300,11,6.8,4,0,17.3,2.9,7.9,VW,-,-,Pink,-,718,Pink,nestling
NA,NA,TRES,MBNR8,Mace Boulevard,5/17/2022,L,NN,U,NA,300,12,7.6,4,0,17,2.6,8.2,VW,-,-,Orange,-,719,Orange,nestling
NA,NA,TRES,MBNR8,Mace Boulevard,5/17/2022,L,NN,U,NA,300,8,4.4,4,0,16.5,2,6.5,KL,-,-,Red,-,720,Red,nestling
1741-63604,NA,TRES,MBNR8,Mace Boulevard,5/17/2022,AHY,PL,F,BP,333,110,16.7,3,52,28.2,4.8,12.9,KL,-,-,,B212,1898,1741-63604,adult
2881-65857,NA,TRES,MBNR8,Mace Boulevard,5/26/2022,L,NN,U,NA,333,46,20.7,5,10,25.7,4.5,14.1,SM,-,-,Red,B253,1122,Red,nestling
2881-65858,NA,TRES,MBNR8,Mace Boulevard,5/26/2022,L,NN,U,NA,333,54,20.6,3,17,25.3,4.2,12.9,KL,-,-,Blue,B254,1123,Blue,nestling
2881-65859,NA,TRES,MBNR8,Mace Boulevard,5/26/2022,L,NN,U,NA,333,51,19.2,3,17,25.4,4.2,12.3,KL,-,-,Pink,B255,1124,Pink,nestling
2881-65860,NA,TRES,MBNR8,Mace Boulevard,5/26/2022,L,NN,U,NA,333,55,19.1,4,18,24.7,4.1,14.6,SM,-,-,Orange,,1125,Orange,nestling
2881-65861,NA,TRES,MBNR8,Mace Boulevard,5/26/2022,L,NN,U,NA,333,52,20,3,18,25.4,3.8,12.1,KL,-,-,Unknown color,,1126,2881-65861,nestling
2881-65862,NA,TRES,MBNR8,Mace Boulevard,5/26/2022,L,NN,U,NA,333,55,20,3,20,24.8,4.3,13,KL,-,-,Purple,,1127,Purple,nestling
NA,NA,TRES,MBNR9,Mace Boulevard,5/26/2021,L,NN,U,NA,300,22,13.8,3,1,21.3,3.1,10.6,KL,-,-,Yellow,-,322,Yellow,nestling
NA,NA,TRES,MBNR9,Mace Boulevard,5/26/2021,L,NN,U,NA,300,25,15.1,4,2,22,3.4,11.1,KL,-,-,Blue,-,323,Blue,nestling
NA,NA,TRES,MBNR9,Mace Boulevard,5/26/2021,L,NN,U,NA,300,20,11.2,4,0,20.5,3.4,9.8,KL,-,-,Pink,-,324,Pink,nestling
NA,NA,TRES,MBNR9,Mace Boulevard,5/26/2021,L,NN,U,NA,300,15,9.9,4,0,19.2,3,8.9,KL,-,-,Purple,-,325,Purple,nestling
NA,NA,TRES,MBNR9,Mace Boulevard,5/26/2021,L,NN,U,NA,300,17,10.3,4,0,19.3,2.9,9.9,KL,-,-,Green,-,326,Green,nestling
2631-20696,NA,TRES,MBNR9,Mace Boulevard,6/2/2021,L,NN,U,NA,333,49,16.8,3,14,24.1,4.2,11.7,KL,-,-,Green,-,196,Green,nestling
2631-20697,NA,TRES,MBNR9,Mace Boulevard,6/2/2021,L,NN,U,NA,333,52,17.2,2,17,24.5,4.3,11.2,KL,-,-,Pink,-,197,Pink,nestling
2631-20698,NA,TRES,MBNR9,Mace Boulevard,6/2/2021,L,NN,U,NA,333,61,19,3,23,25.4,4.5,11.7,KL,-,-,Blue,-,198,Blue,nestling
2631-20699,NA,TRES,MBNR9,Mace Boulevard,6/2/2021,L,NN,U,NA,333,58,18.1,3,22,25.2,4.6,11.8,KL,-,-,Yellow,-,199,Yellow,nestling
2631-20700,NA,TRES,MBNR9,Mace Boulevard,6/2/2021,L,NN,U,NA,333,50,19.5,3,13,25.2,4.6,12.1,KL,-,-,Purple,-,200,Purple,nestling
NA,NA,WEBL,MBNR9,Mace Boulevard,7/7/2021,L,NN,U,NA,300,10,7.4,4,0,19.1,2.1,12.2,KG,-,-,Pink,-,487,Pink,nestling
NA,NA,WEBL,MBNR9,Mace Boulevard,7/7/2021,L,NN,U,NA,300,11,8.5,4,0,19.3,2.6,11.2,KG,-,-,Yellow,-,488,Yellow,nestling
NA,NA,WEBL,MBNR9,Mace Boulevard,7/7/2021,L,NN,U,NA,300,11,9,4,0,20.1,2.5,12.5,KG,-,-,Purple,-,489,Purple,nestling
2040-38042,NA,TRES,MBNR9,Mace Boulevard,6/28/2022,AHY,PL,F,BP,333,107,15.9,2,54,26.8,5.4,11.6,KL,-,-,,B306,1906,2040-38042,adult
NA,NA,WEBL,MCE2,McNamara Orchard,7/5/2022,L,NN,U,NA,300,5,3,2,0,16,2.5,5.9,PGG,-,-,Purple,-,899,Purple,nestling
NA,NA,WEBL,MCE2,McNamara Orchard,7/5/2022,L,NN,U,NA,300,6,2.9,2,0,16.2,2.1,6,KG,-,-,Green,-,900,Green,nestling
NA,NA,WEBL,MCE2,McNamara Orchard,7/5/2022,L,NN,U,NA,300,5,2.5,0,0,14.8,2.1,6.9,PGG,-,-,Red,-,901,Red,nestling
NA,NA,WEBL,MCE2,McNamara Orchard,7/5/2022,L,NN,U,NA,300,6,2.4,0,0,14.9,2,5.8,KG,-,-,Orange,-,902,Orange,nestling
NA,NA,WEBL,MCE2,McNamara Orchard,7/12/2022,L,NN,U,NA,300,23,18.5,5,1,25.8,4.2,17.2,KG,-,-,Purple ,B418,1255,Purple ,nestling
NA,NA,WEBL,MCE2,McNamara Orchard,7/12/2022,L,NN,U,NA,300,24,18.9,5,1,25.6,3.9,18.5,KG,-,-,Green ,B419,1256,Green ,nestling
NA,NA,WEBL,MCE2,McNamara Orchard,7/12/2022,L,NN,U,NA,300,21,15.8,5,1,25,3.6,18.2,KG,-,-,Red,-,1257,Red,nestling
NA,NA,WEBL,MCE2,McNamara Orchard,7/12/2022,L,NN,U,NA,300,21,18,5,1,25.7,4.5,17.8,KG,-,-,Yellow2,-,1258,Yellow2,nestling
NA,NA,WEBL,MCE2,McNamara Orchard,7/12/2022,L,NN,U,NA,300,14,10.6,5,0,22.3,3.4,13.9,KG,-,-,Blue2,-,1259,Blue2,nestling
2941-18524,NA,WEBL,MCE2,McNamara Orchard,7/19/2022,L,NN,F,PL,334,54,27.3,3,18,31,5.3,19.5,YW,GY/GY,SV/GY,Yellow B424,B424,1093,Yellow2,nestling
2941-18525,NA,WEBL,MCE2,McNamara Orchard,7/19/2022,L,NN,U,NA,334,46,25.5,1,8,29.9,4.9,19.8,KG,GY/GY,SV/GY,Blue B425,B425,1094,Blue2,nestling
2941-18526,NA,WEBL,MCE2,McNamara Orchard,7/19/2022,L,NN,F,PL,334,55,27.2,3,19,29.5,5,20.2,KG,GY/GY,SV/GY,Green ,-,1095,Green ,nestling
2941-18527,NA,WEBL,MCE2,McNamara Orchard,7/19/2022,L,NN,M,PL,334,54,27.7,2,19,32.4,5.4,21.1,KG,GY/GY,SV/GY,Purple,-,1096,Purple,nestling
2941-18528,NA,WEBL,MCE2,McNamara Orchard,7/19/2022,L,NN,M,PL,334,55,25.4,3,18,30.5,5.7,20.1,YW,GY/GY,SV/GY,Red,-,1097,Red,nestling
NA,NA,WEBL,MCE3,McNamara Orchard,5/4/2022,L,NN,U,NA,300,16,14.7,5,1,25.5,4.2,14,KL,-,-,Orange,,1734,Orange,nestling
NA,NA,WEBL,MCE3,McNamara Orchard,5/4/2022,L,NN,U,NA,300,13,16.3,4,1,24,4.4,13,KL,-,-,Red,,1735,Red,nestling
NA,NA,WEBL,MCE3,McNamara Orchard,5/4/2022,L,NN,U,NA,300,13,11.7,4,1,23.4,3.8,12.3,KL,-,-,Purple,,1736,Purple,nestling
NA,NA,WEBL,MCE3,McNamara Orchard,5/4/2022,L,NN,U,NA,300,14,14.2,4,1,23.8,3.5,13.5,KL,-,-,Pink,,1737,Pink,nestling
NA,NA,WEBL,MCE3,McNamara Orchard,5/12/2022,L,NN,U,NA,300,41,20.3,0,10,28.8,4.5,19.5,KG,-,-,Pink,B118,1818,Pink,nestling
NA,NA,WEBL,MCE3,McNamara Orchard,5/12/2022,L,NN,U,NA,300,36,16.9,0,5,27.8,4.4,19.2,PGG,-,-,Red,B119,1819,Red,nestling
NA,NA,WEBL,MCE3,McNamara Orchard,5/12/2022,L,NN,U,NA,300,37,20.9,0,9,27.7,4.1,18.5,KG,-,-,Purple,B120,1820,Purple,nestling
NA,NA,WEBL,MCE3,McNamara Orchard,5/12/2022,L,NN,U,NA,300,44,23.8,1,11,29.2,4.2,19.1,PGG,-,-,Orange2,,1821,Orange2,nestling
2941-18504,NA,WEBL,MCE3,McNamara Orchard,5/16/2022,L,NN,F,PL,334,57,24.5,4,23,30.9,4.9,19.5,KL,OR/OR,RD/SV,Pink B209,B209,1073,Pink,nestling
2941-18505,NA,WEBL,MCE3,McNamara Orchard,5/16/2022,L,NN,F,PL,334,62,26.1,4,28,31.2,5.6,19.9,KL,OR/OR,RD/SV,Orange B210,B210,1074,Orange2,nestling
2941-18506,NA,WEBL,MCE3,McNamara Orchard,5/16/2022,L,NN,F,PL,334,54,25.1,4,21,30.2,5.1,18.9,KL,OR/OR,RD/SV,Purple,-,1075,Purple,nestling
NA,NA,TRES,MCE4,McNamara Orchard,5/13/2021,L,NN,U,NA,300,8,3.6,3,0,15.4,2,7.1,KL,-,-,Pink,-,227,Pink,nestling
NA,NA,TRES,MCE4,McNamara Orchard,5/13/2021,L,NN,U,NA,300,9,3.9,4,0,15.1,2.2,6.3,KL,-,-,Purple,-,228,Purple,nestling
NA,NA,TRES,MCE4,McNamara Orchard,5/13/2021,L,NN,U,NA,300,9,4.4,4,0,15.3,2.3,6.6,KL,-,-,Blue,-,229,Blue,nestling
NA,NA,TRES,MCE4,McNamara Orchard,5/13/2021,L,NN,U,NA,300,8,4,4,0,14.8,2,6.5,KL,-,-,Green,-,230,Green,nestling
NA,NA,TRES,MCE4,McNamara Orchard,5/20/2021,L,NN,U,NA,300,36,17.9,4,7,24.2,4.2,11.3,KL,-,-,Green,-,295,Green,nestling
NA,NA,TRES,MCE4,McNamara Orchard,5/20/2021,L,NN,U,NA,300,35,18,4,6,23.4,4.2,11,KL,-,-,Purple,-,296,Purple,nestling
NA,NA,TRES,MCE4,McNamara Orchard,5/20/2021,L,NN,U,NA,300,36,-,4,5,24.6,4.2,12.2,KL,-,-,Pink ,-,297,Pink ,nestling
NA,NA,WEBL,MCO1,McNamara Orchard,5/20/2021,L,NN,U,NA,300,18,15,4,0,23.9,4,15.4,KL,-,-,Bravery <3,-,294,Single,nestling
NA,NA,WEBL,MCO1,Mace Boulevard,5/27/2021,L,NN,M,PL,300,53,26.9,2,15,30.1,5.4,21.7,KL,-,-,Bravery <3,-,348,Single,nestling
NA,NA,WEBL,MCO2,McNamara Orchard,4/19/2022,L,NN,U,NA,300,7,2,1,0,10.9,2.9,6.8,KG,-,-,Blue,,1738,Blue,nestling
NA,NA,WEBL,MCO2,McNamara Orchard,4/19/2022,L,NN,U,NA,300,6,2.4,2,0,11.2,1.8,5.7,KG,-,-,Orange,,1739,Orange,nestling
NA,NA,WEBL,MCO2,McNamara Orchard,4/19/2022,L,NN,U,NA,300,7,2.5,2,0,11.2,2.1,6.4,KG,-,-,Yellow,,1740,Yellow,nestling
NA,NA,WEBL,MCO2,McNamara Orchard,4/19/2022,L,NN,U,NA,300,6,2.4,3,0,11.1,1.6,6.6,KG,-,-,Pink,,1741,Pink,nestling
NA,NA,WEBL,MCO2,McNamara Orchard,4/19/2022,L,NN,U,NA,300,6,2.5,3,0,10.7,1.8,6.6,KG,-,-,Green,,1742,Green,nestling
NA,NA,WEBL,MCO2,McNamara Orchard,4/26/2022,L,NN,U,NA,300,21,17.2,2,2,27.9,4.6,20.3,PGG,-,-,Orange,,1751,Orange,nestling
NA,NA,WEBL,MCO2,McNamara Orchard,4/26/2022,L,NN,U,NA,300,17,16.2,3,1,26.5,4,17.7,PGG,-,-,Blue2,B041,1752,Blue2,nestling
NA,NA,WEBL,MCO2,McNamara Orchard,4/26/2022,L,NN,U,NA,300,19,11.8,4,1,25.9,3.6,17.7,VW,-,-,Pink,B039,1753,Pink,nestling
NA,NA,WEBL,MCO2,McNamara Orchard,4/26/2022,L,NN,U,NA,300,20,,3,1,25.5,4.3,17.3,KG,-,-,Purple2,B040,1754,Purple2,nestling
NA,NA,WEBL,MCO2,McNamara Orchard,4/26/2022,L,NN,U,NA,300,16,,3,0,26,4,16.5,PGG,-,-,Red2,,1755,Red2,nestling
2941-18479,NA,WEBL,MCO2,McNamara Orchard,5/4/2022,L,NN,U,NA,334,52,24,3,21,31.5,6.1,21.7,KL,OR/RD,OR/SV,Orange ,B055,648,Orange ,nestling
2941-18480,NA,WEBL,MCO2,McNamara Orchard,5/4/2022,L,NN,F,PL,334,54,25.5,3,22,32.3,6.4,22.1,KL,OR/RD,OR/SV,Pink ,B056,649,Pink ,nestling
2941-18481,NA,WEBL,MCO2,McNamara Orchard,5/4/2022,L,NN,F,PL,334,57,24.8,4,22,32.1,6.3,21.1,KL,OR/RD,OR/SV,Purple,-,650,Purple2,nestling
2941-18482,NA,WEBL,MCO2,McNamara Orchard,5/4/2022,L,NN,U,NA,334,52,25.6,4,16,31.1,6.1,20.9,KL,OR/RD,OR/SV,Blue,-,651,Blue2,nestling
NA,NA,TRES,MCO8,McNamara Orchard,5/20/2021,L,NN,U,NA,300,8,3.2,4,0,14.5,1.9,5.8,KL,-,-,Pink,-,289,Pink,nestling
NA,NA,TRES,MCO8,McNamara Orchard,5/20/2021,L,NN,U,NA,300,8,3.6,4,0,15.5,2.2,5.9,KL,-,-,Yellow,-,290,Yellow,nestling
NA,NA,TRES,MCO8,McNamara Orchard,5/20/2021,L,NN,U,NA,300,10,4.4,4,0,15.4,2.1,6.7,KL,-,-,Purple,-,291,Purple,nestling
NA,NA,TRES,MCO8,McNamara Orchard,5/20/2021,L,NN,U,NA,300,9,3.6,4,0,15.2,2,6.4,KL,-,-,Blue,-,292,Blue,nestling
NA,NA,TRES,MCO8,McNamara Orchard,5/20/2021,L,NN,U,NA,300,9,3.6,4,0,16.5,2.2,6.2,KL,-,-,Orange,-,293,Orange,nestling
NA,NA,TRES,MCO8,Mace Boulevard,5/27/2021,L,NN,U,NA,300,35,17.5,4,5,22.8,3.9,11.5,KL,-,-,Orange,-,343,Orange,nestling
NA,NA,TRES,MCO8,Mace Boulevard,5/27/2021,L,NN,U,NA,300,30,16,4,2,23.2,3.8,11.3,KG,-,-,Pink,-,344,Pink,nestling
NA,NA,TRES,MCO8,Mace Boulevard,5/27/2021,L,NN,U,NA,300,38,18.6,5,7,24.1,3.7,11.2,KL,-,-,Purple,-,345,Purple,nestling
NA,NA,TRES,MCO8,Mace Boulevard,5/27/2021,L,NN,U,NA,300,35,19.8,5,5,25.2,4.2,11.8,KG,-,-,Blue2,-,346,Blue2,nestling
NA,NA,TRES,MCO8,Mace Boulevard,5/27/2021,L,NN,U,NA,300,35,16.7,4,5,23.7,4.1,11.3,KL,-,-,Yellow2,-,347,Yellow2,nestling
2881-65839,NA,NA,NA,D,D,D,D,D,D,D,D, D,D,D,D,D,D,D,D,D,D,-,1104,2881-65839,NA
NA,NA,WEBL,PCC1,Picnic Grounds,6/22/2022,L,NN,U,NA,300,10,8.7,3,0,20.9,2.9,10.4,SM,-,-,Blue,-,858,Blue,nestling
NA,NA,WEBL,PCC1,Picnic Grounds,6/22/2022,L,NN,U,NA,300,9,6.6,4,0,19.5,2.5,10.4,SM,-,-,Red,-,859,Red,nestling
NA,NA,WEBL,PCC1,Picnic Grounds,6/22/2022,L,NN,U,NA,300,10,7.5,4,0,20.2,2.7,10.4,VW,-,-,Purple,-,860,Purple,nestling
NA,NA,WEBL,PCC1,Picnic Grounds,6/22/2022,L,NN,U,NA,300,10,8,4,0,20,3.1,10,KG,-,-,Orange,-,861,Orange,nestling
NA,NA,WEBL,PCC1,Picnic Grounds,7/1/2022,L,NN,U,NA,300,38,24.4,3,9,27.3,4.3,19.1,KL,-,-,Orange B402,B402,893,Orange,nestling
2941-18523,NA,WEBL,PCC1,Picnic Grounds,7/5/2022,L,NN,M,PL,334,56,28.7,2,23,30.3,5.9,20.4,PGG,GY/GY,SV/OR,Orange B411,B411,1092,Orange,nestling
NA,NA,WEBL,PCC10,Picnic Grounds,4/28/2022,L,NN,U,NA,300,11,8.3,4,0,22.3,3.4,11,KG,-,-,Pink,,1760,Pink,nestling
NA,NA,WEBL,PCC10,Picnic Grounds,4/28/2022,L,NN,U,NA,300,14,12.4,4,0,23.4,3.4,11.6,KG,-,-,Orange,,1761,Orange,nestling
NA,NA,WEBL,PCC10,Picnic Grounds,4/28/2022,L,NN,U,NA,300,14,11.9,4,0,23.6,3.5,11.9,KG,-,-,Purple,,1762,Purple,nestling
NA,NA,WEBL,PCC10,Picnic Grounds,4/28/2022,L,NN,U,NA,300,12,10.2,3,0,23.2,3.4,11.5,KG,-,-,Blue,,1763,Blue,nestling
2941-18483,NA,WEBL,PCC10,Picnic Grounds,5/6/2022,L,NN,M,PL,334,48,26.1,4,17,31.4,5.2,20.6,KL,RD/ OR,OR/SV,Orange,-,652,Orange,nestling
2941-18484,NA,WEBL,PCC10,Picnic Grounds,5/6/2022,L,NN,M,PL,334,45,24.7,3,15,31.3,5.1,20,KL,RD/ OR,OR/SV,No color ,B071,653,2941-18484,nestling
2941-18485,NA,WEBL,PCC10,Picnic Grounds,5/6/2022,L,NN,U,NA,334,46,23.5,3,14,29.6,5.2,20.2,KL,RD/ OR,OR/SV,Blue ,B072,654,Blue ,nestling
2941-18486,NA,WEBL,PCC10,Picnic Grounds,5/6/2022,L,NN,U,NA,334,40,21.7,3,9,30.2,5.3,18.4,KL,RD/ OR,OR/SV,Pink ,B073,655,Pink ,nestling
NA,NA,TRES,PCC12,Picnic Grounds,5/18/2023,L,NN,U,NA,300,12,6.2,4,0,17.5,2.4,8.6,KL,-,-,Purple,,1520,Purple,nestling
NA,NA,TRES,PCC12,Picnic Grounds,5/18/2023,L,NN,U,NA,300,12,5.4,4,0,17.1,2.4,8.7,KL,-,-,Pink,,1521,Pink,nestling
NA,NA,TRES,PCC12,Picnic Grounds,5/18/2023,L,NN,U,NA,300,13,7.4,4,0,18.2,2.7,9.4,KL,-,-,Blue,,1522,Blue,nestling
NA,NA,TRES,PCC12,Picnic Grounds,5/18/2023,L,NN,U,NA,300,10,4.3,4,0,15.7,1.9,7.1,KL,-,-,Orange,,1523,Orange,nestling
NA,NA,TRES,PCC12,Picnic Grounds,5/18/2023,L,NN,U,NA,300,12,7.2,4,0,18.5,2.8,9.4,KL,-,-,Red,,1524,Red,nestling
NA,NA,TRES,PCC12,Picnic Grounds,5/23/2023,L,NN,U,NA,300,27,14.7,4,4,23,3.8,11.8,KL,-,-,Orange,B390,1550,Orange,nestling
NA,NA,TRES,PCC12,Picnic Grounds,5/23/2023,L,NN,U,NA,300,37,17.1,4,8,23.6,3.6,12.8,KL,-,-,Blue,B391,1551,Blue,nestling
NA,NA,TRES,PCC12,Picnic Grounds,5/23/2023,L,NN,U,NA,300,36,16.9,4,6,24.2,4.2,12.6,KL,-,-,Red,B392,1552,Red,nestling
NA,NA,TRES,PCC12,Picnic Grounds,5/23/2023,L,NN,U,NA,300,34,16.5,4,6,23.8,3.7,12.8,KL,-,-,Purple,,1553,Purple,nestling
NA,NA,TRES,PCC12,Picnic Grounds,5/23/2023,L,NN,U,NA,300,31,16.3,4,5,23.5,3.7,12.7,KL,-,-,Pink,,1554,Pink,nestling
2941-29324,NA,WEBL,PCC12,Picnic Grounds,5/23/2023,AHY,PL,M,PL,334,-,-,-,-,-,-,-,KL,GN/GN,SV/WH,Mortality,,2083,2941-29324,adult
2881-27409,NA,TRES,PCC12,Picnic Grounds,5/27/2023,L,NN,U,NA,333,58,18.9,4,23,25.5,4.1,12.7,KL,-,-,Blue,B436,2114,Blue,nestling
2881-27410,NA,TRES,PCC12,Picnic Grounds,5/27/2023,L,NN,U,NA,333,54,19.8,4,19,25.7,4.4,12.7,KL,-,-,Pink,B437,2115,Pink,nestling
2881-27411,NA,TRES,PCC12,Picnic Grounds,5/27/2023,L,NN,U,NA,333,51,20.6,4,17,24.7,4.4,12.4,KL,-,-,Orange,,2116,Orange,nestling
2881-27412,NA,TRES,PCC12,Picnic Grounds,5/27/2023,L,NN,U,NA,333,57,20.5,4,19,25.5,4.1,12.7,KL,-,-,Purple,,2117,Purple,nestling
2881-27413,NA,TRES,PCC12,Picnic Grounds,5/27/2023,L,NN,U,NA,333,58,19.8,4,22,25.5,4.7,12.8,KL,-,-,Red,,2118,Red,nestling
NA,NA,TRES,PCC12,Picnic Grounds,7/4/2023,L,NN,U,NA,300,7,3.2,4,0,14.2,1.4,6,RK,-,-,Orange,,1993,Orange,nestling
NA,NA,TRES,PCC12,Picnic Grounds,7/4/2023,L,NN,U,NA,300,7,2.5,4,0,13.6,1.8,4.9,KL,-,-,Red,,1994,Red,nestling
NA,NA,TRES,PCC12,Picnic Grounds,7/4/2023,L,NN,U,NA,300,7,2.1,4,0,13.2,1.4,5.3,RK,-,-,Green,,1995,Green,nestling
NA,NA,TRES,PCC12,Picnic Grounds,7/4/2023,L,NN,U,NA,300,8,3.7,5,0,14.6,2.1,6.3,KL,-,-,Purple,,1996,Purple,nestling
2881-65833,NA,TRES,PCC12,Picnic Grounds,7/4/2023,AHY,PL,F,PL,333,111,17.7,4,56,27.4,5,12.5,KL,-,-,,B533,2090,2881-65833,adult
2881-27433,NA,TRES,PCC12,Picnic Grounds,7/13/2023,L,NN,U,NA,333,37,18,5,7,23.5,3.9,12.3,YZ,-,-,,B570,2138,2881-27433,nestling
2881-27434,NA,TRES,PCC12,Picnic Grounds,7/13/2023,L,NN,U,NA,333,41,18.7,2,11,24.8,3.8,12.3,RK,-,-,,B571,2139,2881-27434,nestling
2881-27435,NA,TRES,PCC12,Picnic Grounds,7/13/2023,L,NN,U,NA,333,47,19.9,4,11,24.8,4.5,12.1,YZ,-,-,Orange,B572,2140,Orange,nestling
2881-27436,NA,TRES,PCC12,Picnic Grounds,7/13/2023,L,NN,U,NA,333,47,19.6,3,13,24.5,3.8,12.8,RK,-,-,Purple,,2141,Purple,nestling
NA,NA,WEBL,PCC3,Picnic Grounds,6/18/2021,L,NN,U,NA,300,14,9.1,3,1,23.6,3.4,14.4,KL,-,-,Blue,-,442,Blue,nestling
NA,NA,WEBL,PCC3,Picnic Grounds,6/18/2021,L,NN,U,NA,300,17,12,3,1,24.5,4,15.2,KL,-,-,Yellow,-,443,Yellow,nestling
NA,NA,WEBL,PCC3,Picnic Grounds,6/18/2021,L,NN,U,NA,300,19,13.8,3,1,26,3.6,15.5,KL,-,-,Pink,-,444,Pink,nestling
NA,NA,WEBL,PCC3,Picnic Grounds,6/18/2021,L,NN,U,NA,300,14,8.8,3,1,23,3.7,12.3,KL,-,-,Blue,-,445,6,nestling
NA,NA,WEBL,PCC3,Picnic Grounds,6/25/2021,L,NN,U,NA,300,43,21.4,1,9,29,4.6,21.8,KG,-,-,Yellow,-,460,Yellow,nestling
NA,NA,WEBL,PCC3,Picnic Grounds,6/25/2021,L,NN,U,NA,300,46,24.1,1,11,28.7,4.7,20.1,KG,-,-,Pink,-,461,Pink,nestling
NA,NA,WEBL,PCC3,Picnic Grounds,6/25/2021,L,NN,U,NA,300,35,21.5,3,5,29.2,4.8,19.1,KG,-,-,Blue,-,462,Blue,nestling
NA,NA,WEBL,PCC5,Picnic Grounds,6/29/2023,L,NN,U,NA,300,12,11.6,4,0,21.6,3,12.8,YZ,-,-,Red,,1976,Red,nestling
NA,NA,WEBL,PCC5,Picnic Grounds,6/29/2023,L,NN,U,NA,300,11,10.3,4,0,23,3.4,12.1,RK,-,-,Blue,,1977,Blue,nestling
NA,NA,WEBL,PCC5,Picnic Grounds,6/29/2023,L,NN,U,NA,300,14,12.3,4,0,22.7,3.3,13.3,YZ,-,-,Pink,,1978,Pink,nestling
NA,NA,WEBL,PCC5,Picnic Grounds,6/29/2023,L,NN,U,NA,300,11,10.3,4,0,22.6,3.3,11.2,RK,-,-,Purple,,1979,Purple,nestling
3181-01209,NA,WEBL,PCC5,Picnic Grounds,6/29/2023,AHY,PL,F,PL,334,97,28.6,4,61,37.4,8.5,20.8,KL,OR/OR,SV/GY,,B521,2059,3181-01209,adult
NA,NA,WEBL,PCC5,Picnic Grounds,7/4/2023,L,NN,U,NA,300,31,24.8,4,4,28.5,4.5,19.7,YZ,-,-,Red,B535,1997,Red,nestling
NA,NA,WEBL,PCC5,Picnic Grounds,7/4/2023,L,NN,U,NA,300,31,22.8,4,3,26.7,4.7,19,RK,-,-,Blue,B534,1998,Blue,nestling
3181-01211,NA,WEBL,PCC5,Picnic Grounds,7/10/2023,L,NN,M,PL,334,58,30.5,5,23,31.1,6.3,21.2,KL,SV/GY,GY/WH,Red,B551,2061,Red,nestling
3181-01212,NA,WEBL,PCC5,Picnic Grounds,7/10/2023,L,NN,M,PL,334,60,28.9,5,23,30.3,5.6,19.8,KL,SV/GY,GY/WH,Blue,B552,2062,Blue,nestling
NA,NA,WEBL,PCC6,Picnic Grounds,4/28/2022,L,NN,U,NA,300,9,5.6,3,0,19.6,2.5,9.6,KG,-,-,Orange,,1764,Orange,nestling
NA,NA,WEBL,PCC6,Picnic Grounds,4/28/2022,L,NN,U,NA,300,10,8.1,3,0,20.6,2.7,10.5,KG,-,-,Yellow,,1765,Yellow,nestling
NA,NA,WEBL,PCC6,Picnic Grounds,4/28/2022,L,NN,U,NA,300,9,6.6,3,0,19,2.4,9.9,KG,-,-,Purple,,1766,Purple,nestling
NA,NA,WEBL,PCC6,Picnic Grounds,4/28/2022,L,NN,U,NA,300,9,7.6,4,0,20,2.3,9.4,KG,-,-,Green,,1767,Green,nestling
NA,NA,WEBL,PCC6,Picnic Grounds,4/28/2022,L,NN,U,NA,300,10,6.3,4,0,19.5,2.4,8.8,KG,-,-,Blue,,1768,Blue,nestling
NA,NA,WEBL,PCC6,Picnic Grounds,4/28/2022,L,NN,U,NA,300,9,6.4,3,0,20,2.5,9.1,KG,-,-,Pink,,1769,Pink,nestling
NA,NA,WEBL,PCC6,Picnic Grounds,5/6/2022,L,NN,U,NA,300,37,23,4,7,29.7,4.6,20.4,KL,-,-,Purple2,-,689,Purple2,nestling
NA,NA,WEBL,PCC6,Picnic Grounds,5/6/2022,L,NN,U,NA,300,33,21.5,4,6,30.2,4.6,19.2,KL,-,-,Pink2,-,690,Pink2,nestling
NA,NA,WEBL,PCC6,Picnic Grounds,5/6/2022,L,NN,U,NA,300,39,24.2,4,10,30.2,5.1,19.6,KL,-,-,Blue2,-,691,Blue2,nestling
NA,NA,WEBL,PCC6,Picnic Grounds,5/6/2022,L,NN,U,NA,300,33,22.9,4,7,28.5,4.4,19.8,KL,-,-,Red2 B074,B074,692,Red2,nestling
NA,NA,WEBL,PCC6,Picnic Grounds,5/6/2022,L,NN,U,NA,300,34,21,3,6,29.1,4.3,20.2,KL,-,-,Orange B075,B075,693,Orange,nestling
NA,NA,WEBL,PCC6,Picnic Grounds,5/6/2022,L,NN,U,NA,300,33,21.5,3,5,28.2,4.8,20.1,KL,-,-,Green2 B076,B076,694,Green2,nestling
2941-18492,NA,WEBL,PCC6,Picnic Grounds,5/9/2022,L,NN,F,PL,334,50,24.9,3,13,30.4,4.6,20.3,CP,SV/ RD,OR/ OR,Orange,-,661,Orange,nestling
2941-18493,NA,WEBL,PCC6,Picnic Grounds,5/9/2022,L,NN,F,PL,334,49,24.1,3,16,31.9,5.4,19.9,WY,SV/ RD,OR/ OR,Pink,-,662,Pink2,nestling
2941-18494,NA,WEBL,PCC6,Picnic Grounds,5/9/2022,L,NN,M,PL,334,48,22.9,4,13,29.2,5.5,19.4,MZ,SV/ RD,OR/ OR,Green,-,663,Green2,nestling
2941-18495,NA,WEBL,PCC6,Picnic Grounds,5/9/2022,L,NN,F,PL,334,51,24.3,4,15,30.3,4.5,20.2,CP,SV/ RD,OR/ OR,Purple,-,664,Purple2,nestling
2941-18496,NA,WEBL,PCC6,Picnic Grounds,5/9/2022,L,NN,F,PL,334,49,24.1,2,15,30.1,5.2,19.4,WY,SV/ RD,OR/ OR,Red,B077,665,Red2,nestling
2941-18497,NA,WEBL,PCC6,Picnic Grounds,5/9/2022,L,NN,F,PL,334,53,24.2,3,17,29.7,5.8,20.8,MZ,SV/ RD,OR/ OR,unknown color,B078,666,Blue2,nestling
2941-18498,NA,WEBL,PCC6,Picnic Grounds,5/9/2022,AHY,PL,F,PL,334,101,24.2,1,59,36,7.7,21.1,KL,RD/ SV,OR/ OR,B079,B079,667,2941-18498,adult
NA,NA,WEBL,PCC7,Picnic Grounds,5/31/2022,L,NN,U,NA,300,6,,2,0,15.5,2.3,7.4,PGG,-,-,Purple,,1875,Purple,nestling
NA,NA,WEBL,PCC7,Picnic Grounds,5/31/2022,L,NN,U,NA,300,7,,3,0,16.2,2.3,7,VW,-,-,Pink,,1876,Pink,nestling
NA,NA,WEBL,PCC7,Picnic Grounds,5/31/2022,L,NN,U,NA,300,7,,2,0,17.3,2.3,7.4,PGG,-,-,Blue,,1877,Blue,nestling
NA,NA,WEBL,PCC7,Picnic Grounds,5/31/2022,L,NN,U,NA,300,5,,1,0,16.5,2.7,5.9,PGG,-,-,Red,,1878,Red,nestling
NA,NA,WEBL,PCC7,Picnic Grounds,5/31/2022,L,NN,U,NA,300,4,,1,0,14.9,1.9,6.1,PGG,-,-,Green,,1879,Green,nestling
NA,NA,WEBL,PCC7,Picnic Grounds,6/7/2022,L,NN,U,NA,300,20,17.8,5,1,26.1,4.1,15.3,CP,-,-,Red,B273,1247,Red,nestling
NA,NA,WEBL,PCC7,Picnic Grounds,6/7/2022,L,NN,U,NA,300,21,17.1,3,1,25.8,4,14.3,CP,-,-,Green,B274,1248,Green,nestling
NA,NA,WEBL,PCC7,Picnic Grounds,6/7/2022,L,NN,U,NA,300,25,21.3,4,1,27,4.1,17,CP,-,-,Blue,B275,1249,Blue,nestling
NA,NA,WEBL,PCC7,Picnic Grounds,6/7/2022,L,NN,U,NA,300,23,19.2,3,1,27.7,4.4,15.7,CP,-,-,Purple,,1250,Purple,nestling
2941-29309,NA,WEBL,PCC7,Picnic Grounds,6/15/2022,L,NN,F,PL,334,57,24.6,3,24,32,6,20.4,KL,SV/GY,GY/GY,Green ,B171,1024,Green ,nestling
2941-29310,NA,WEBL,PCC7,Picnic Grounds,6/15/2022,L,NN,M,PL,334,64,27,4,26,33.1,6.3,21.1,KL,SV/GY,GY/GY,Blue,B172,1025,Blue,nestling
2941-29311,NA,WEBL,PCC7,Picnic Grounds,6/15/2022,L,NN,F,PL,334,59,24.4,4,26,32.6,6.6,20,KL,SV/GY,GY/GY,Purple ,B173,1026,Purple ,nestling
2941-29312,NA,WEBL,PCC7,Picnic Grounds,6/15/2022,L,NN,F,PL,334,56,27.2,4,24,31.8,6.3,19.8,KL,SV/GY,GY/GY,Red,-,1027,Red,nestling
2941-18531,NA,WEBL,PCC7,Picnic Grounds,5/23/2023,AHY,PL,M,PL,334,107,26.2,2,66,36.3,8.3,21.5,KL,OR/GY,WH/SV,,-,1443,2941-18531,adult
NA,NA,WEBL,PCC7,Picnic Grounds,5/23/2023,L,NN,U,NA,300,7,3.6,4,0,16.8,2.3,6.9,KL,-,-,Blue,,1545,Blue,nestling
NA,NA,WEBL,PCC7,Picnic Grounds,5/23/2023,L,NN,U,NA,300,7,4.8,4,0,17.4,2.2,7.2,KL,-,-,Green,,1546,Green,nestling
NA,NA,WEBL,PCC7,Picnic Grounds,5/23/2023,L,NN,U,NA,300,7,4,4,0,16.8,2.3,6.8,KL,-,-,Red,,1547,Red,nestling
NA,NA,WEBL,PCC7,Picnic Grounds,5/23/2023,L,NN,U,NA,300,8,4,4,0,16.4,1.9,6.3,KL,-,-,Orange,,1548,Orange,nestling
NA,NA,WEBL,PCC7,Picnic Grounds,5/23/2023,L,NN,U,NA,300,8,5.1,4,0,17.7,2.1,7.3,KL,-,-,Purple,,1549,Purple,nestling
2941-18781,NA,WEBL,PCC7,Picnic Grounds,5/23/2023,AHY,PL,F,PL,334,101,25.5,4,63,35.9,8.4,19.9,KL,OR/SV,OR/GY,,B389,2082,2941-18781,adult
NA,NA,WEBL,PCC7,Picnic Grounds,6/1/2023,L,NN,U,NA,300,33,20.6,4,6,27.9,5.1,18.7,KL,-,-,Blue2,B462,1639,Blue2,nestling
NA,NA,WEBL,PCC7,Picnic Grounds,6/1/2023,L,NN,U,NA,300,30,20.6,4,4,27.1,4.9,19.3,KL,-,-,Purple2,B463,1640,Purple2,nestling
NA,NA,WEBL,PCC7,Picnic Grounds,6/1/2023,L,NN,U,NA,300,35,22,4,9,29.5,4.7,20,KL,-,-,Green2,B464,1641,Green2,nestling
NA,NA,WEBL,PCC7,Picnic Grounds,6/1/2023,L,NN,U,NA,300,30,18.2,4,6,27.3,4.6,18.7,KL,-,-,Orange,B465,1642,Orange,nestling
NA,NA,WEBL,PCC7,Picnic Grounds,6/1/2023,L,NN,U,NA,300,29,18.2,3,4,28.1,4.4,18,KL,-,-,Red,,1643,Red,nestling
2941-18545,NA,WEBL,PCC7,Picnic Grounds,6/6/2023,L,NN,M,PL,334,55,21.8,5,20,30.9,5.6,19.7,KL,OR/GY,OR/SV,Blue,B468,1457,Blue2,nestling
2941-18546,NA,WEBL,PCC7,Picnic Grounds,6/6/2023,L,NN,M,PL,334,51,21.4,3,15,30.6,5.4,19.2,KL,OR/GY,OR/SV,Red,B469,1458,Red,nestling
2941-18547,NA,WEBL,PCC7,Picnic Grounds,6/6/2023,L,NN,M,PL,334,56,24.5,4,24,31.4,5.4,21.2,KL,OR/GY,OR/SV,Green,B470,1459,Green2,nestling
2941-18548,NA,WEBL,PCC7,Picnic Grounds,6/6/2023,L,NN,F,PL,334,51,22.3,4,18,30.5,5.6,20.9,KL,OR/GY,OR/SV,Purple,B471,1460,Purple2,nestling
2941-18549,NA,WEBL,PCC7,Picnic Grounds,6/6/2023,L,NN,F,PL,334,50,21.3,4,19,30.2,5.1,19.8,KL,OR/GY,OR/SV,Orange,,1461,Orange,nestling
NA,NA,TRES,PCC8,Picnic Grounds,6/18/2021,L,NN,U,NA,300,22,12.8,3,1,22,3.5,11.2,KL,-,-,Yellow,-,446,Yellow,nestling
NA,NA,TRES,PCC8,Picnic Grounds,6/18/2021,L,NN,U,NA,300,19,10.9,4,1,21.1,3.1,10.6,KL,-,-,Purple,-,447,Purple,nestling
NA,NA,TRES,PCC8,Picnic Grounds,6/18/2021,L,NN,U,NA,300,25,15.7,4,2,24.1,3.7,11.1,KL,-,-,Pink,-,448,Pink,nestling
2941-18529,NA,WEBL,PCC8,Picnic Grounds,5/11/2023,AHY,PL,F,PL,334,100,27,4,62,36.7,9,20.9,KL,GY/OR,WH/SV,,B366,1441,2941-18529,adult
NA,NA,WEBL,PCC8,Picnic Grounds,5/11/2023,L,NN,U,NA,300,7,3.1,4,0,16,2,5.9,KL,-,-,Blue,,1495,Blue,nestling
NA,NA,WEBL,PCC8,Picnic Grounds,5/11/2023,L,NN,U,NA,300,7,3.6,4,0,16.1,2,6.1,KL,-,-,Purple,,1496,Purple,nestling
NA,NA,WEBL,PCC8,Picnic Grounds,5/11/2023,L,NN,U,NA,300,8,3.2,4,0,15.8,2,6.8,KL,-,-,Red,,1497,Red,nestling
NA,NA,WEBL,PCC8,Picnic Grounds,5/11/2023,L,NN,U,NA,300,6,2.2,4,0,14.4,1.9,5.8,KL,-,-,Green,,1498,Green,nestling
NA,NA,WEBL,PCC8,Picnic Grounds,6/29/2023,L,NN,U,NA,300,10,7.9,4,0,19.6,2.9,10,YZ,-,-,,,1980,Single,nestling
3181-01210,NA,WEBL,PCC8,Picnic Grounds,6/29/2023,AHY,PL,F,PL,334,97,24.8,3,63,35.5,8.3,20.6,KL,OR/OR,GY/SV,,B522,2060,3181-01210,adult
NA,NA,TRES,PCC9,Picnic Grounds,6/25/2021,L,NN,U,NA,300,15,9.1,5,0,18.5,2.6,12.2,KG,-,-,Pink,-,463,Pink,nestling
NA,NA,TRES,PCC9,Picnic Grounds,6/25/2021,L,NN,U,NA,300,11,5.5,4,0,17,2.5,7.5,KL,-,-,Purple,-,464,Purple,nestling
NA,NA,TRES,PCC9,Picnic Grounds,6/25/2021,L,NN,U,NA,300,13,8.3,4,0,17.7,2.6,10.1,KG,-,-,Blue,-,465,Blue,nestling
NA,NA,TRES,PCC9,Picnic Grounds,7/2/2021,L,NN,U,NA,300,52,21.5,4,16,24.4,3.6,11.2,KG,-,-,Pink,-,479,Pink,nestling
NA,NA,TRES,PCC9,Picnic Grounds,7/2/2021,L,NN,U,NA,300,44,20.6,3,12,24.3,4.3,11.5,KL,-,-,Blue,-,480,Blue,nestling
2941-18550,NA,WEBL,PCC9,Picnic Grounds,6/6/2023,AHY,PL,F,PL,334,97,26.2,4,55,35.2,8.8,20.4,KL,GY/OR,SV/OR,,B472,1462,2941-18550,adult
NA,NA,WEBL,PCC9,Picnic Grounds,6/6/2023,L,NN,U,NA,300,6,2,4,0,14,1.9,6.2,KL,-,-,Pink,,1654,Pink,nestling
NA,NA,WEBL,PCC9,Picnic Grounds,6/6/2023,L,NN,U,NA,300,6,2.3,4,0,14.3,1.7,6.4,KL,-,-,Purple,,1655,Purple,nestling
NA,NA,WEBL,PCC9,Picnic Grounds,6/15/2023,L,NN,U,NA,300,27,23.7,5,4,28.1,4.6,18.5,KL,-,-,Green,B493,1687,Green,nestling
NA,NA,WEBL,PCC9,Picnic Grounds,6/15/2023,L,NN,U,NA,300,26,22.1,6,2,26.3,4.4,17.7,KL,-,-,Red,B494,1688,Red,nestling
NA,NA,WEBL,PCC9,Picnic Grounds,6/15/2023,L,NN,U,NA,300,31,22.6,6,4,28,4.8,19.1,KL,-,-,Pink,B495,1689,Pink,nestling
NA,NA,WEBL,PCC9,Picnic Grounds,6/15/2023,L,NN,U,NA,300,14,10,4,0,24.4,4.3,13.4,KL,-,-,Orange,,1690,Orange,nestling
NA,NA,WEBL,PCC9,Picnic Grounds,6/20/2023,L,NN,U,NA,300,32,16.5,4,5,28.2,4.9,18.3,KL,-,-,Orange,B504,1696,Orange,nestling
3181-01205,NA,WEBL,PCC9,Picnic Grounds,6/20/2023,L,NN,M,PL,334,54,27.3,5,21,30.7,5.6,20.2,KL,SV/GY,OR/OR,Pink,B501,2055,Pink,nestling
3181-01206,NA,WEBL,PCC9,Picnic Grounds,6/20/2023,L,NN,F,PL,334,52,28.6,5,21,31.2,5.7,20.7,KL,SV/GY,OR/OR,Green,B502,2056,Green,nestling
3181-01207,NA,WEBL,PCC9,Picnic Grounds,6/20/2023,L,NN,M,PL,334,49,26.2,5,18,29.4,5.5,20.1,KL,SV/GY,OR/OR,Red,B503,2057,Red,nestling
NA,NA,WEBL,PCT2,Picnic Grounds,5/7/2021,L,NN,U,NA,300,9,6,4,0,18.1,2.4,8.3,KL,-,-,Blue,-,56,Blue,nestling
NA,NA,WEBL,PCT2,Picnic Grounds,5/7/2021,L,NN,U,NA,300,9,6,3,0,18.5,2.6,8.9,KL,-,-,Purple,-,57,Purple,nestling
NA,NA,WEBL,PCT2,Picnic Grounds,5/7/2021,L,NN,U,NA,300,9,5.1,4,0,17.8,2.4,8.7,KL,-,-,Green,-,58,Green,nestling
NA,NA,WEBL,PCT2,Picnic Grounds,5/7/2021,L,NN,U,NA,300,10,6.7,4,0,19.1,2.5,9.9,KL,-,-,Pink,-,59,Pink,nestling
NA,NA,WEBL,PCT2,Picnic Grounds,5/14/2021,L,NN,U,NA,300,33,25.1,3,4,29.3,5,21.2,KL,-,-,Pink,-,251,Pink,nestling
NA,NA,WEBL,PCT2,Picnic Grounds,5/14/2021,L,NN,U,NA,300,31,24.1,3,3,28.5,4.9,20.3,KL,-,-,Purple,-,252,Purple,nestling
NA,NA,WEBL,PCT2,Picnic Grounds,5/14/2021,L,NN,U,NA,300,32,27.7,4,4,28.5,4.5,19.8,KL,-,-,Blue,-,253,Blue,nestling
NA,NA,WEBL,PCT2,Picnic Grounds,5/14/2021,L,NN,U,NA,300,30,24.6,3,2,27.5,4.4,20.3,KL,-,-,Green,-,254,Green,nestling
NA,NA,WEBL,PCT7,Picnic Grounds,5/7/2021,L,NN,U,NA,300,11,10.2,4,0,21.2,2.8,11,KL,-,-,Blue,-,60,Blue,nestling
NA,NA,WEBL,PCT7,Picnic Grounds,5/7/2021,L,NN,U,NA,300,11,9.5,4,0,21.8,3.1,11.3,KL,-,-,Green,-,61,Green,nestling
NA,NA,WEBL,PCT7,Picnic Grounds,5/7/2021,L,NN,U,NA,300,10,8.4,5,0,20.6,2.7,11.1,KL,-,-,Purple,-,62,Purple,nestling
NA,NA,WEBL,PCT7,Picnic Grounds,5/7/2021,L,NN,U,NA,300,10,6.7,3,0,20.2,2.8,9.4,KL,-,-,Pink,-,63,Pink,nestling
NA,NA,WEBL,PCT7,Picnic Grounds,5/7/2021,L,NN,U,NA,300,11,8.8,4,0,21,3,10.1,KL,-,-,Yellow,-,64,Yellow,nestling
NA,NA,WEBL,PCT7,Picnic Grounds,5/14/2021,L,NN,U,NA,300,28,20.5,4,5,29.1,5,19.2,KL,-,-,Yellow,-,255,Yellow,nestling
NA,NA,WEBL,PCT7,Picnic Grounds,5/14/2021,L,NN,U,NA,300,29,23,3,6,29.6,4.5,20.3,KL,-,-,Blue,-,256,Blue,nestling
NA,NA,WEBL,PCT7,Picnic Grounds,5/14/2021,L,NN,U,NA,300,32,21.8,3,3,28.8,4.1,20.3,KL,-,-,Purple,-,257,Purple,nestling
NA,NA,WEBL,PCT7,Picnic Grounds,5/14/2021,L,NN,U,NA,300,26,20.4,4,3,28.9,4.5,19.4,KL,-,-,Pink,-,258,Pink,nestling
NA,NA,WEBL,PCT7,Picnic Grounds,5/14/2021,L,NN,U,NA,300,32,22,3,5,29.5,4.9,20.3,KL,-,-,Green,-,259,Green,nestling
NA,NA,WEBL,PCT9,Picnic Grounds,5/7/2021,L,NN,U,NA,300,12,10.1,4,0,21.5,3.3,11.4,KL,-,-,Blue,-,65,Blue,nestling
NA,NA,WEBL,PCT9,Picnic Grounds,5/7/2021,L,NN,U,NA,300,12,9.7,3,0,21.5,3,11.3,KL,-,-,Green,-,66,Green,nestling
NA,NA,WEBL,PCT9,Picnic Grounds,5/7/2021,L,NN,U,NA,300,12,11.5,4,0,22.8,3.2,11.1,KL,-,-,Purple,-,67,Purple,nestling
NA,NA,WEBL,PCT9,Picnic Grounds,5/7/2021,L,NN,U,NA,300,10,8.6,3,0,20.1,3.1,9.5,KL,-,-,Pink,-,68,Pink,nestling
NA,NA,WEBL,PCT9,Picnic Grounds,5/14/2021,L,NN,U,NA,300,39,23.7,3,8,29,4.8,20.9,KL,-,-,Blue,-,260,Blue,nestling
NA,NA,WEBL,PCT9,Picnic Grounds,5/14/2021,L,NN,U,NA,300,40,25.5,2,7,27.6,4.7,20.4,KL,-,-,Purple,-,261,Purple,nestling
NA,NA,WEBL,PCT9,Picnic Grounds,5/14/2021,L,NN,U,NA,300,38,26.2,2,6,29.9,4.8,19.6,KL,-,-,Green,-,262,Green,nestling
NA,NA,WEBL,PCT9,Picnic Grounds,5/14/2021,L,NN,U,NA,300,29,22.1,3,3,29,4.4,19,KL,-,-,Pink,-,263,Pink,nestling
NA,NA,WEBL,PICG1,Picnic Grounds,5/28/2021,L,NN,U,NA,300,16,15.3,4,0,23.8,3.3,14.1,KL,-,-,Pink,-,358,Pink,nestling
NA,NA,WEBL,PICG1,Picnic Grounds,5/28/2021,L,NN,U,NA,300,15,14.8,4,0,23.2,3.1,13,KG,-,-,Blue,-,359,Blue,nestling
NA,NA,WEBL,PICG1,Picnic Grounds,5/28/2021,L,NN,U,NA,300,15,14.5,4,0,23.8,3.4,13.8,KL,-,-,Yellow,-,360,Yellow,nestling
NA,NA,WEBL,PICG1,Picnic Grounds,6/4/2021,L,NN,U,NA,300,44,26.7,2,14,29.6,5.4,20.3,KL,-,-,Blue,-,373,Blue,nestling
NA,NA,WEBL,PICG1,Picnic Grounds,6/4/2021,L,NN,U,NA,300,45,27,3,13,31,5.3,20.2,KL,-,-,Yellow,-,374,Yellow,nestling
NA,NA,WEBL,PICG1,Picnic Grounds,6/4/2021,L,NN,U,NA,300,46,26.7,2,14,30,5,19.9,KL,-,-,Pink,-,375,Pink,nestling
2941-18446,NA,WEBL,PICG1,Picnic Grounds,6/7/2021,L,NN,F,PL,333,58,29.3,2,25,32.5,5.9,20.5,KL,-,-,Blue,-,589,Blue,nestling
2941-18447,NA,WEBL,PICG1,Picnic Grounds,6/7/2021,L,NN,M,PL,333,58,29.3,1,24,31.3,5.3,20.1,KL,-,-,Pink,-,590,Pink,nestling
2941-18448,NA,WEBL,PICG1,Picnic Grounds,6/7/2021,L,NN,F,PL,333,58,27.1,1,23,30.8,5.8,19.8,KL,-,-,Yellow,-,591,Yellow,nestling
NA,NA,TRES,PICG1,Picnic Grounds,5/21/2022,L,NN,U,NA,300,16,13,4,1,23.9,3.4,14.3,KL,-,-,Blue,-,805,Blue,nestling
NA,NA,TRES,PICG1,Picnic Grounds,5/21/2022,L,NN,U,NA,300,17,16.3,4,1,23.4,3,14.9,KG,-,-,Orange,-,806,Orange,nestling
NA,NA,TRES,PICG1,Picnic Grounds,5/21/2022,L,NN,U,NA,300,17,14.8,4,1,23.4,3.5,14.9,KL,-,-,Purple,-,807,Purple,nestling
NA,NA,TRES,PICG1,Picnic Grounds,5/21/2022,L,NN,U,NA,300,16,13.1,4,0,23.4,3.4,13,KG,-,-,Yellow,-,808,Yellow,nestling
NA,NA,TRES,PICG1,Picnic Grounds,5/21/2022,L,NN,U,NA,300,16,12.4,4,0,23.3,3.4,13.5,KL,-,-,Pink,-,809,Pink,nestling
2941-94429,NA,WEBL,PICG1,Picnic Grounds,5/21/2022,AHY,PL,M,PL,334,108,24.9,1,63,35,7.5,19.9,KG,GY/SV,OR/WH,,B234,1348,2941-94429,adult
2941-94429,NA,WEBL,PICG1,Picnic Grounds,5/23/2022,AHY,PL,M,PL,334,-,-,-,-,-,-,-,KL,GY/SV,OR/WH,,B239,1900,2941-94429,adult
NA,NA,WEBL,PICG1,Picnic Grounds,5/24/2022,L,NN,U,NA,300,29,19.4,2,3,27.3,3.8,19,KG,-,-,Orange,B130,1860,Orange,nestling
NA,NA,WEBL,PICG1,Picnic Grounds,5/24/2022,L,NN,U,NA,300,30,21.6,2,4,29.3,5.1,20.5,PGG,-,-,Purple,B131,1861,Purple,nestling
NA,NA,WEBL,PICG1,Picnic Grounds,5/24/2022,L,NN,U,NA,300,27,19.6,3,4,26.5,4.1,16.3,KG,-,-,Yellow,B132,1862,Yellow,nestling
NA,NA,WEBL,PICG1,Picnic Grounds,5/24/2022,L,NN,U,NA,300,28,18.8,3,2,29.1,4.2,18.9,PGG,-,-,Blue,,1863,Blue,nestling
NA,NA,WEBL,PICG1,Picnic Grounds,5/24/2022,L,NN,U,NA,300,25,19.2,3,2,26.4,4.1,18,KG,-,-,Pink,,1864,Pink,nestling
2941-94531,NA,WEBL,PICG1,Picnic Grounds,5/31/2022,L,NN,M,PL,334,66,26.1,3,24,31.1,4.6,20,KG,GY/SV,OR/GY,Orange ,B148,768,Orange ,nestling
2941-94532,NA,WEBL,PICG1,Picnic Grounds,5/31/2022,L,NN,F,PL,334,53,21.1,3,17,28.8,5.5,21.3,VW,GY/SV,OR/GY,Blue ,B149,769,Blue ,nestling
2941-94533,NA,WEBL,PICG1,Picnic Grounds,5/31/2022,L,NN,M,PL,334,52,23.8,2,15,31,4.7,20.4,PGG,GY/SV,OR/GY,Yellow ,B150,770,Yellow ,nestling
2941-94534,NA,WEBL,PICG1,Picnic Grounds,5/31/2022,L,NN,M,PL,334,60,24.3,3,22,31.2,5.2,19.9,KG,GY/SV,OR/GY,Purple ,B151,771,Purple ,nestling
2941-94535,NA,WEBL,PICG1,Picnic Grounds,5/31/2022,L,NN,U,NA,334,53,23,3,17,32.3,5,20.1,PGG,GY/SV,OR/GY,Pink,-,772,Pink,nestling
2881-65880,NA,TRES,PICG1,Picnic Grounds,7/6/2022,AHY,PL,M,BP,333,109,16.6,2,55,27.2,4.6,10.8,CP,-,-, ,,1145,2881-65880,adult
NA,NA,TRES,PICG1,PIcnic Grounds,7/6/2022,L,NN,U,NA,300,10,5,4,0,16.1,2.4,9.4,SM,-,-,Purple,,1422,Purple,nestling
NA,NA,TRES,PICG1,PIcnic Grounds,7/6/2022,L,NN,U,NA,300,11,7.2,3,0,18.4,2.6,7.9,CP,-,-,Blue,,1423,Blue,nestling
NA,NA,TRES,PICG1,PIcnic Grounds,7/6/2022,L,NN,U,NA,300,12,7.2,4,0,18.2,2.3,8.5,KG,-,-,Red,,1424,Red,nestling
NA,NA,TRES,PICG1,PIcnic Grounds,7/6/2022,L,NN,U,NA,300,11,6.3,3,0,17.2,2.3,7.6,CP,-,-,Green,,1425,Green,nestling
NA,NA,TRES,PICG1,PIcnic Grounds,7/6/2022,L,NN,U,NA,300,12,7.9,3,0,18.4,3.4,10.4,SM,-,-,Orange,,1426,Orange,nestling
2811-17213,NA,TRES,PICG1,Picnic Grounds,7/6/2022,AHY,PL,F,BP,333,106,16.5,3,53,26.8,21.9,12,KL,-,-,,B331,1908,2811-17213,adult
NA,NA,TRES,PICG1,PIcnic Grounds,7/12/2022,L,NN,U,NA,300,36,12.6,3,7,22.1,3.6,12.2,VW,-,-,Red,B343,1427,Red,nestling
NA,NA,TRES,PICG1,PIcnic Grounds,7/12/2022,L,NN,U,NA,300,40,15.8,4,10,23.2,3.3,12.4,VW,-,-,Orange,B344,1428,Orange,nestling
NA,NA,TRES,PICG1,PIcnic Grounds,7/12/2022,L,NN,U,NA,300,38,14.3,4,9,23.2,3.4,12.4,VW,-,-,Blue,B345,1429,Blue,nestling
NA,NA,TRES,PICG1,PIcnic Grounds,7/12/2022,L,NN,U,NA,300,32,10.7,3,5,21.2,3.8,11.8,VW,-,-,Green,,1430,Green,nestling
NA,NA,TRES,PICG1,PIcnic Grounds,7/12/2022,L,NN,U,NA,300,25,9.2,3,1,21.1,3,11.1,VW,-,-,Purple,,1431,Purple,nestling
2881-65885,NA,TRES,PICG1,Picnic Grounds,7/13/2022,L,NN,U,NA,333,42,14.6,4,10,23.1,3.7,11.4,CP,-,-,Blue,,1150,Blue,nestling
2881-65886,NA,TRES,PICG1,Picnic Grounds,7/13/2022,L,NN,U,NA,333,41,13.5,3,9,22.9,3.5,10.6,CP,-,-,Red,,1151,Red,nestling
2881-65887,NA,TRES,PICG1,Picnic Grounds,7/13/2022,L,NN,U,NA,333,45,15.4,4,10,22.8,3.5,11.3,CP,-,-,Orange,,1152,Orange,nestling
NA,NA,TRES,PICG1,PIcnic Grounds,7/13/2022,L,NN,U,NA,300,28,9.2,3,3,21.2,3,11,CP,-,-,Purple,,1435,Purple,nestling
NA,NA,TRES,PICG1,PIcnic Grounds,7/13/2022,L,NN,U,NA,300,35,11,3,6,22.8,3.3,10.3,CP,-,-,Green,,1436,Green,nestling
NA,NA,TRES,PICG10,Picnic Grounds,5/24/2021,L,NN,U,NA,300,22,11.2,3,1,21.4,3,9.4,KG,-,-,Green,-,307,Green,nestling
NA,NA,TRES,PICG10,Picnic Grounds,5/24/2021,L,NN,U,NA,300,17,9,3,0,19.7,3.6,10.5,AK,-,-,Purple,-,308,Purple,nestling
NA,NA,TRES,PICG10,Picnic Grounds,5/24/2021,L,NN,U,NA,300,19,9.5,2,1,21.2,3.6,10.1,KL,-,-,Blue,-,309,Blue,nestling
NA,NA,TRES,PICG10,Picnic Grounds,5/24/2021,L,NN,U,NA,300,15,7.6,4,0,19.2,2.5,9.8,KG,-,-,Pink,-,310,Pink,nestling
NA,NA,TRES,PICG10,Picnic Grounds,5/24/2021,L,NN,U,NA,300,19,9.4,3,0,20.4,3.4,10.1,KL,-,-,Yellow,-,311,Yellow,nestling
NA,NA,TRES,PICG10,Picnic Grounds,5/28/2021,L,NN,U,NA,300,36,15.7,3,6,23.1,3.9,11.1,KL,-,-,Blue,-,361,Blue,nestling
NA,NA,TRES,PICG10,Picnic Grounds,5/28/2021,L,NN,U,NA,300,37,15.7,2,5,23,3.5,11.1,KL,-,-,Yellow,-,362,Yellow,nestling
NA,NA,TRES,PICG10,Picnic Grounds,5/28/2021,L,NN,U,NA,300,36,16.5,3,5,23.8,4.2,11,KL,-,-,Green,-,363,Green,nestling
2631-20684,NA,TRES,PICG10,Picnic Grounds,5/31/2021,L,NN,U,NA,333,51,18.6,3,18,26.1,4.7,11.6,KL,-,-,Blue,-,184,Blue,nestling
2631-20685,NA,TRES,PICG10,Picnic Grounds,5/31/2021,L,NN,U,NA,333,54,18.6,4,18,25.1,4.9,11.3,KL,-,-,Green ,-,185,Green ,nestling
2631-20686,NA,TRES,PICG10,Picnic Grounds,5/31/2021,L,NN,U,NA,333,53,20.8,2,27,24.9,4.5,11.4,KL,-,-,Yellow,-,186,Yellow,nestling
NA,NA,TRES,PICG10,Picnic Grounds,6/14/2022,L,NN,U,NA,300,9,4.7,4,0,16.2,2.2,7.7,VW,-,-,Red,,1157,Red,nestling
NA,NA,TRES,PICG10,Picnic Grounds,6/14/2022,L,NN,U,NA,300,9,3.9,4,0,15.1,2.1,6.6,KL,-,-,Blue,,1158,Blue,nestling
NA,NA,TRES,PICG10,Picnic Grounds,6/14/2022,L,NN,U,NA,300,8,2.9,4,0,14.1,2,6.5,KL,-,-,Orange,,1159,Orange,nestling
NA,NA,TRES,PICG10,Picnic Grounds,6/14/2022,L,NN,U,NA,300,7,2.8,3,0,14.1,1.8,6.2,VW,-,-,Pink,,1160,Pink,nestling
2631-20687,NA,TRES,PICG10,Picnic Grounds,6/14/2022,AHY,PL,F,BP,333,107,15.9,3,52,27.9,5.2,11.8,KL,-,-,,B283,1903,2631-20687,adult
NA,NA,TRES,PICG10,Picnic Grounds,6/21/2022,L,NN,U,NA,300,31,16.4,3,3,23.9,3.6,12.2,KL,-,-,Purple,B287,1175,Purple,nestling
NA,NA,TRES,PICG10,Picnic Grounds,6/21/2022,L,NN,U,NA,300,32,17.1,4,4,24.6,3.6,11.8,KL,-,-,Blue,B288,1176,Blue,nestling
NA,NA,TRES,PICG10,Picnic Grounds,6/21/2022,L,NN,U,NA,300,30,16.2,4,3,23.5,3.2,11.6,KL,-,-,Yellow,B289,1177,Yellow,nestling
NA,NA,TRES,PICG10,Picnic Grounds,6/21/2022,L,NN,U,NA,300,35,18.3,3,6,24.8,3.9,12.7,YW,-,-,Green,,1178,Green,nestling
2881-65876,NA,TRES,PICG10,Picnic Grounds,5/11/2023,ASY,PL,F,BP,333,109,18.4,4,53,27,4.9,11.6,KL,-,-,,B365,2078,2881-65876,adult
NA,NA,TRES,PICG2,Picnic Grounds,5/7/2021,L,NN,U,NA,300,19,12.2,2,0,19.6,3.2,11,KL,-,-,Blue,-,36,Blue,nestling
NA,NA,TRES,PICG2,Picnic Grounds,5/7/2021,L,NN,U,NA,300,18,11.4,3,0,18.6,3,9.6,KL,-,-,Green,-,37,Green,nestling
NA,NA,TRES,PICG2,Picnic Grounds,5/7/2021,L,NN,U,NA,300,22,13.2,3,0,20.7,3.4,11.3,KL,-,-,Purple,-,38,Purple,nestling
NA,NA,TRES,PICG2,Picnic Grounds,5/7/2021,L,NN,U,NA,300,23,12.2,3,0,20.7,2.6,10.3,KL,-,-,Yellow,-,39,Yellow,nestling
NA,NA,TRES,PICG2,Picnic Grounds,5/7/2021,L,NN,U,NA,300,23,13.2,2,1,21.3,3.2,11,KL,-,-,Pink,-,40,Pink,nestling
NA,NA,TRES,PICG2,Picnic Grounds,5/7/2021,L,NN,U,NA,300,20,10.9,2,0,20.1,3.3,10.5,KL,-,-,Orange,-,41,Orange,nestling
2631-20617,NA,TRES,PICG2,Picnic Grounds,5/13/2021,L,NN,U,NA,333,48,18.8,3,13,24.5,4,12.2,KL,-,-,Blue,,117,Blue,nestling
2631-20618,NA,TRES,PICG2,Picnic Grounds,5/13/2021,L,NN,U,NA,333,52,19.9,3,16,25.1,4.5,12.3,KL,-,-,Purple,,118,Purple,nestling
2631-20619,NA,TRES,PICG2,Picnic Grounds,5/13/2021,L,NN,U,NA,333,51,19.1,3,16,22.6,4.4,11.7,KL,-,-,Yellow,,119,Yellow,nestling
2631-20620,NA,TRES,PICG2,Picnic Grounds,5/13/2021,L,NN,U,NA,333,49,17.8,2,14,24.2,4.4,11.9,KL,-,-,Orange,,120,Orange,nestling
2631-20621,NA,TRES,PICG2,Picnic Grounds,5/13/2021,L,NN,U,NA,333,48,19.5,3,13,23.4,4.6,12.1,KL,-,-,Green,,121,Green,nestling
2631-20622,NA,TRES,PICG2,Picnic Grounds,5/13/2021,L,NN,U,NA,333,54,21.1,3,18,25,4.2,12.7,KL,-,-,Pink,,122,Pink,nestling
NA,NA,TRES,PICG2,Picnic Grounds,6/18/2021,L,NN,U,NA,300,6,1.6,4,0,12.5,1.6,4.1,KL,-,-,Pink,-,439,Pink,nestling
NA,NA,TRES,PICG2,Picnic Grounds,6/18/2021,L,NN,U,NA,300,7,2.3,4,0,13.2,1.8,4.8,KL,-,-,Yellow,-,440,Yellow,nestling
NA,NA,TRES,PICG2,Picnic Grounds,6/18/2021,L,NN,U,NA,300,7,2.2,4,0,12.6,1.6,5.1,KL,-,-,Purple,-,441,Purple,nestling
NA,NA,TRES,PICG2,Picnic Grounds,6/25/2021,L,NN,U,NA,300,26,15.1,3,2,20.8,2.8,11.9,KG,-,-,Pink,-,466,Pink,nestling
NA,NA,TRES,PICG2,Picnic Grounds,6/25/2021,L,NN,U,NA,300,31,17.1,3,3,21.5,3.6,11.6,KL,-,-,Yellow,-,467,Yellow,nestling
NA,NA,TRES,PICG2,Picnic Grounds,6/25/2021,L,NN,U,NA,300,27,16,3,3,20.8,3,11.4,KG,-,-,Purple,-,468,Purple,nestling
NA,NA,TRES,PICG2,Picnic Grounds,6/25/2021,L,NN,U,NA,300,23,13.8,3,2,21.9,3.9,11.3,KL,-,-,Blue,-,469,Blue,nestling
2631-20719,NA,TRES,PICG2,Picnic Grounds,6/28/2021,L,NN,U,NA,333,41,18.6,2,7,23,4.1,12.5,KG,-,-,Blue,-,628,Blue,nestling
2631-20720,NA,TRES,PICG2,Picnic Grounds,6/28/2021,L,NN,U,NA,333,42,19.6,3,10,24.9,4.3,12,KL,-,-,Pink,-,629,Pink,nestling
2631-20721,NA,TRES,PICG2,Picnic Grounds,6/28/2021,L,NN,U,NA,333,51,20.3,2,10,24.3,3.9,12.1,KG,-,-,Yellow,-,630,Yellow,nestling
2631-20722,NA,TRES,PICG2,Picnic Grounds,6/28/2021,L,NN,U,NA,333,45,18.5,3,12,24.2,4.4,12,KL,-,-,Purple,-,631,Purple,nestling
NA,NA,TRES,PICG2,Picnic Grounds,5/5/2022,L,NN,U,NA,300,15,9.4,4,0,18.5,3.4,11.2,SM,-,-,Blue,-,680,Blue,nestling
NA,NA,TRES,PICG2,Picnic Grounds,5/5/2022,L,NN,U,NA,300,14,8.7,4,0,17.6,3.2,9.7,KL,-,-,Red,-,681,Red,nestling
NA,NA,TRES,PICG2,Picnic Grounds,5/5/2022,L,NN,U,NA,300,16,10.1,3,0,19.2,2.8,10.6,PGG,-,-,Purple,-,682,Purple,nestling
NA,NA,TRES,PICG2,Picnic Grounds,5/5/2022,L,NN,U,NA,300,17,10.9,3,0,19.8,3.2,11.3,SM,-,-,Green,-,683,Green,nestling
2881-65809,NA,TRES,PICG2,Picnic Grounds,5/5/2022,AHY,PL,M,CL,333,110,19.8,2,53,27.7,5.2,12.3,KL,-,-,B066 fecal sample only,-,1046,2881-65809,adult
2881-65821,NA,TRES,PICG2,Picnic Grounds,5/12/2022,L,NN,U,NA,333,43,15.6,4,12,22.5,3.8,12.8,VW,-,-,Blue,B200,1058,Blue,nestling
2881-65822,NA,TRES,PICG2,Picnic Grounds,5/12/2022,L,NN,U,NA,333,46,15.6,3,13,23.4,4.2,12.8,VW,-,-,Green,B201,1059,Green,nestling
2881-65823,NA,TRES,PICG2,Picnic Grounds,5/12/2022,L,NN,U,NA,333,43,14.4,4,11,23.1,4.1,13,VW,-,-,Purple,B202,1060,Purple,nestling
2881-65824,NA,TRES,PICG2,Picnic Grounds,5/12/2022,L,NN,U,NA,333,40,13.5,3,10,22.5,3.6,12.6,VW,-,-,Red,,1061,Red,nestling
NA,NA,WEBL,PICG2,PIcnic Grounds,7/12/2022,L,NN,U,NA,300,8,4.5,3,0,17.1,2.4,8.4,VW,-,-,Purple,,1432,Purple,nestling
NA,NA,WEBL,PICG2,PIcnic Grounds,7/12/2022,L,NN,U,NA,300,8,5.5,3,0,18,2.5,8,VW,-,-,Red,,1433,Red,nestling
NA,NA,WEBL,PICG2,PIcnic Grounds,7/12/2022,L,NN,U,NA,300,8,5.5,4,0,17.8,2.5,8.2,KL,-,-,Blue,,1434,Blue,nestling
2941-94429,NA,WEBL,PICG2,Picnic Grounds,7/13/2022,AHY,PL,M,PL,334,102,26.5,2,60,34.9,8.3,17.4,KL,GY/SV,OR/WH,,B346,1909,2941-94429,adult
2941-94459,NA,WEBL,PICG2,Picnic Grounds,7/21/2022,L,NN,F,PL,334,43,27.7,5,10,29.8,5.3,21.8,PGG,WH/GY,OR/SV,unknown color,B350,1378,2941-94459,nestling
2941-94460,NA,WEBL,PICG2,Picnic Grounds,7/21/2022,L,NN,F,PL,334,38,25,3,5,28.7,5,21.2,PGG,SV/WH,GY/OR,unknown color,B351,1379,2941-94460,nestling
2941-94461,NA,WEBL,PICG2,Picnic Grounds,7/21/2022,L,NN,F,PL,334,40,24.8,4,7,29.8,5.5,20.3,PGG,WH/GY,OR/SV,Blue,B352,1380,Blue,nestling
NA,NA,TRES,PICG2,Picnic Grounds,5/18/2023,L,NN,U,NA,300,16,10.2,4,0,20.7,3.1,10.2,KL,-,-,Red,,1512,Red,nestling
NA,NA,TRES,PICG2,Picnic Grounds,5/18/2023,L,NN,U,NA,300,21,12.7,4,1,22.2,3.4,11.8,KL,-,-,Blue,,1513,Blue,nestling
NA,NA,TRES,PICG2,Picnic Grounds,5/18/2023,L,NN,U,NA,300,22,13.8,3,1,22.6,3.3,11.3,KL,-,-,Orange,,1514,Orange,nestling
NA,NA,TRES,PICG2,Picnic Grounds,5/18/2023,L,NN,U,NA,300,22,14.2,4,1,21.9,3.5,10.7,KL,-,-,Pink,,1515,Pink,nestling
2881-65893,NA,TRES,PICG2,Picnic Grounds,5/18/2023,AHY,PL,F,BP,333,108,16.9,3,54,27.3,4.8,11.9,KL,-,-,,B376,1884,2881-65893,adult
2881-65901,NA,TRES,PICG2,Picnic Grounds,5/23/2023,L,NN,U,NA,333,51,23,4,14,26.3,4.5,12.5,KL,-,-,Pink,B394,1910,Pink,nestling
2881-65902,NA,TRES,PICG2,Picnic Grounds,5/23/2023,L,NN,U,NA,333,44,21.1,4,12,26.1,4.4,13,KL,-,-,Red,B395,1911,Red,nestling
2881-65903,NA,TRES,PICG2,Picnic Grounds,5/23/2023,L,NN,U,NA,333,50,22.7,3,16,26.2,4.4,12.3,KL,-,-,Orange,B396,1912,Orange,nestling
2881-65904,NA,TRES,PICG2,Picnic Grounds,5/23/2023,L,NN,U,NA,333,49,20.6,4,17,26.9,4.4,12.2,KL,-,-,Blue,B397,1913,Blue,nestling
2881-65921,NA,TRES,PICG2,Picnic Grounds,6/29/2023,SY,PL,F,BP,333,103,16.7,4,51,27,4.5,12.1,KL,-,-,,B532,1930,2881-65921,adult
NA,NA,TRES,PICG2,Picnic Grounds,6/29/2023,L,NN,U,NA,300,7,2.5,4,0,13.2,1.9,4.9,YZ,-,-,Purple,,1989,Purple,nestling
NA,NA,TRES,PICG2,Picnic Grounds,6/29/2023,L,NN,U,NA,300,7,2,5,0,11.8,1.2,5.4,YZ,-,-,Red,,1990,Red,nestling
NA,NA,TRES,PICG2,Picnic Grounds,6/29/2023,L,NN,U,NA,300,7,2.5,4,0,12.6,1.5,5.5,KL,-,-,Pink,,1991,Pink,nestling
NA,NA,TRES,PICG2,Picnic Grounds,6/29/2023,L,NN,U,NA,300,7,1.6,4,0,12.5,1.5,4.2,YZ,-,-,Orange,,1992,Orange,nestling
NA,NA,TRES,PICG2,Mace Boulevard,7/4/2023,L,NN,U,NA,300,18,8.7,3,1,20.5,3,10.8,RK,-,-,Purple,,1999,Purple,nestling
NA,NA,TRES,PICG2,Mace Boulevard,7/4/2023,L,NN,U,NA,300,17,9.4,5,0,19.9,3,9.8,KL,-,-,Pink,,2000,Pink,nestling
NA,NA,TRES,PICG2,Mace Boulevard,7/4/2023,L,NN,U,NA,300,15,6.9,4,0,18.6,3.1,9,YZ,-,-,Red,,2001,Red,nestling
NA,NA,TRES,PICG2,Mace Boulevard,7/4/2023,L,NN,U,NA,300,12,5,4,0,17.9,2.3,8.9,RK,-,-,Orange,,2002,Orange,nestling
2881-65932,NA,TRES,PICG2,Picnic Grounds,7/10/2023,L,NN,U,NA,333,46,21.4,5,14,24.6,4.1,11.6,KL,-,-,Pink,B548,1941,Pink,nestling
2881-65933,NA,TRES,PICG2,Picnic Grounds,7/10/2023,L,NN,U,NA,333,36,15.2,5,16,23.4,3.6,11.4,KL,-,-,Orange,B549,1942,Orange,nestling
2881-65934,NA,TRES,PICG2,Picnic Grounds,7/10/2023,L,NN,U,NA,333,44,17.7,5,11,23.7,3.9,11.6,KL,-,-,Red,B550,1943,Red,nestling
2881-65935,NA,TRES,PICG2,Picnic Grounds,7/10/2023,L,NN,U,NA,333,48,18.3,5,13,25.5,4.5,12.1,KL,-,-,Purple,,1944,Purple,nestling
NA,NA,TRES,PICG3,Picnic Grounds,5/7/2021,L,NN,U,NA,300,8,2.8,4,0,13.6,1.8,4.7,KL,-,-,Blue,-,42,Blue,nestling
NA,NA,TRES,PICG3,Picnic Grounds,5/7/2021,L,NN,U,NA,300,10,4.5,4,0,15.1,2.2,6.9,KL,-,-,Pink,-,43,Pink,nestling
NA,NA,TRES,PICG3,Picnic Grounds,5/7/2021,L,NN,U,NA,300,8,2.7,3,0,13.8,1.7,6.1,KL,-,-,Purple,-,44,Purple,nestling
NA,NA,TRES,PICG3,Picnic Grounds,5/7/2021,L,NN,U,NA,300,9,3.8,4,0,14.5,1.7,6,KL,-,-,Green,-,45,Green,nestling
NA,NA,TRES,PICG3,Picnic Grounds,5/7/2021,L,NN,U,NA,300,9,4.1,4,0,15.2,2,6.3,KL,-,-,Yellow,-,46,Yellow,nestling
NA,NA,TRES,PICG3,Picnic Grounds,5/14/2021,L,NN,U,NA,300,40,19.7,4,9,24.6,4.4,12.7,KL,-,-,Pink,-,246,Pink,nestling
NA,NA,TRES,PICG3,Picnic Grounds,5/14/2021,L,NN,U,NA,300,31,17.5,4,5,23.3,3.5,12.3,KL,-,-,Blue,-,247,Blue,nestling
NA,NA,TRES,PICG3,Picnic Grounds,5/14/2021,L,NN,U,NA,300,36,19,3,5,23.7,4,12.3,KL,-,-,Green2,-,248,Green2,nestling
NA,NA,TRES,PICG3,Picnic Grounds,5/14/2021,L,NN,U,NA,300,39,20.2,4,6,24,4.4,12.6,KL,-,-,Purple2,-,249,Purple2,nestling
NA,NA,TRES,PICG3,Picnic Grounds,5/14/2021,L,NN,U,NA,300,32,18.1,3,4,23.4,3.9,12.2,KL,-,-,Yellow2,-,250,Yellow2,nestling
2631-20642,NA,TRES,PICG3,Picnic Grounds,5/17/2021,L,NN,U,NA,333,53,19.5,3,16,24.6,5,12.8,KL,-,-,Pink,,142,Pink,nestling
2631-20643,NA,TRES,PICG3,Picnic Grounds,5/17/2021,L,NN,U,NA,333,48,21,3,12,24.3,4.3,12.8,KL,-,-,Blue,,143,Blue,nestling
2631-20644,NA,TRES,PICG3,Picnic Grounds,5/17/2021,L,NN,U,NA,333,50,21.7,2,15,25.5,4.4,12.8,KL,-,-,Green,,144,Green2,nestling
2631-20645,NA,TRES,PICG3,Picnic Grounds,5/17/2021,L,NN,U,NA,333,52,20.7,3,16,24.9,4.6,13.1,KL,-,-,Purple,,145,Purple2,nestling
2631-20646,NA,TRES,PICG3,Picnic Grounds,5/17/2021,L,NN,U,NA,333,48,20.1,3,12,24.2,4.1,12.1,KL,-,-,Yellow,,146,Yellow2,nestling
NA,NA,TRES,PICG3,Picnic Grounds,7/2/2021,L,NN,U,NA,300,10,5.1,4,0,15.4,1.8,7.2,KG,-,-,Pink,-,481,Pink,nestling
NA,NA,TRES,PICG3,Picnic Grounds,7/2/2021,L,NN,U,NA,300,10,5,5,0,16.1,2.5,7.4,KG,-,-,Purple,-,482,Purple,nestling
NA,NA,TRES,PICG3,Picnic Grounds,7/2/2021,L,NN,U,NA,300,9,4.1,4,0,16.1,2,6.8,KG,-,-,Blue,-,483,Blue,nestling
NA,NA,TRES,PICG3,Picnic Grounds,7/9/2021,L,NN,U,NA,300,39,19.4,2,8,24.6,3.6,11.4,KG,-,-,Purple,-,501,Purple,nestling
NA,NA,TRES,PICG3,Picnic Grounds,7/9/2021,L,NN,U,NA,300,42,18.4,3,9,24.5,4,11.6,TP,-,-,Pink,-,502,Pink,nestling
NA,NA,TRES,PICG3,Picnic Grounds,7/9/2021,L,NN,U,NA,300,40,15.4,3,6,23.9,3,11.7,KG,-,-,Blue,-,503,Blue,nestling
NA,NA,WEBL,PICG3,Mace Boulevard,7/12/2021,L,NN,U,NA,300,52,17.1,2,14,25.4,3.6,12,KG,-,-,Purple,-,509,Purple,nestling
NA,NA,WEBL,PICG3,Mace Boulevard,7/12/2021,L,NN,U,NA,300,56,16.6,3,15,24.9,3.8,11.4,KG,-,-,Pink,-,510,Pink,nestling
NA,NA,WEBL,PICG3,Mace Boulevard,7/12/2021,L,NN,U,NA,300,51,13.6,3,13,23.4,3.1,11.8,KG,-,-,Blue,-,511,Blue,nestling
2881-65913,NA,TRES,PICG4,Picnic Grounds,6/24/2023,AHY,PL,F,BP,333,108,19.4,3,53,28.2,5.3,12.3,KL,-,-,,B512,1922,2881-65913,adult
NA,NA,TRES,PICG4,Picnic Grounds,6/24/2023,L,NN,U,NA,300,7,2.5,5,0,13.8,1.9,5.9,KL,-,-,Purple,,1960,Purple,nestling
NA,NA,TRES,PICG4,Picnic Grounds,6/24/2023,L,NN,U,NA,300,7,2.3,5,0,13.1,1.8,5.6,KL,-,-,Blue,,1961,Blue,nestling
NA,NA,TRES,PICG4,Picnic Grounds,6/24/2023,L,NN,U,NA,300,6,2,5,0,12.5,1.6,5,KL,-,-,Red,,1962,Red,nestling
NA,NA,TRES,PICG4,Picnic Grounds,6/24/2023,L,NN,U,NA,300,7,2.6,5,0,13.7,2,6,KL,-,-,Orange,,1963,Orange,nestling
NA,NA,TRES,PICG4,Picnic Grounds,6/24/2023,L,NN,U,NA,300,6,1.2,4,0,12,1.8,5,KL,-,-,Pink,,1964,Pink,nestling
NA,NA,TRES,PICG4,Picnic Grounds,6/29/2023,L,NN,U,NA,300,16,10.3,4,0,20.1,3.1,10.7,RK,-,-,Pink2,,1984,Pink2,nestling
NA,NA,TRES,PICG4,Picnic Grounds,6/29/2023,L,NN,U,NA,300,19,12.2,5,0,20.8,2.6,10.8,RK,-,-,Red,B529,1985,Red,nestling
NA,NA,TRES,PICG4,Picnic Grounds,6/29/2023,L,NN,U,NA,300,22,13,5,0,20.7,3.1,11.7,RK,-,-,Purple2,B530,1986,Purple2,nestling
NA,NA,TRES,PICG4,Picnic Grounds,6/29/2023,L,NN,U,NA,300,23,13.8,5,0,21.7,3.2,11,RK,-,-,Green2,B531,1987,Green2,nestling
NA,NA,TRES,PICG4,Picnic Grounds,6/29/2023,L,NN,U,NA,300,22,13.6,4,0,20.8,3.1,11.1,RK,-,-,Orange,B528,1988,Orange,nestling
2881-65922,NA,TRES,PICG4,Mace Boulevard,7/4/2023,L,NN,U,NA,333,47,17.2,3,17,24.3,4.2,13.1,RK,-,-,Purple,B536,1931,Purple,nestling
2881-65923,NA,TRES,PICG4,Mace Boulevard,7/4/2023,L,NN,U,NA,333,45,17.9,5,14,24.1,4.2,12,YZ,-,-,Green,B537,1932,Green,nestling
2881-65924,NA,TRES,PICG4,Mace Boulevard,7/4/2023,L,NN,U,NA,333,47,17,4,14,23.9,4,11.8,RK,-,-,Orange,B538,1933,Orange,nestling
2881-65925,NA,TRES,PICG4,Mace Boulevard,7/4/2023,L,NN,U,NA,333,45,18.3,4,11,24,4.5,11.8,YZ,-,-,Red,B539,1934,Red,nestling
2881-65926,NA,TRES,PICG4,Mace Boulevard,7/4/2023,L,NN,U,NA,333,41,16.6,4,9,24.6,4.5,12.6,YZ,-,-,Pink,,1935,Pink,nestling
2631-20649,NA,TRES,PICG5,Picnic Grounds,5/21/2021,L,NN,U,NA,333,51,18.6,2,9,24.6,4.2,12.3,KL,-,-,Isa,,149,2631-20649,nestling
2631-20650,NA,TRES,PICG5,Picnic Grounds,5/21/2021,L,NN,U,NA,333,45,20.8,2,8,23.8,4.1,11.9,KL,-,-,Charles,,150,2631-20650,nestling
2631-20651,NA,TRES,PICG5,Picnic Grounds,5/21/2021,L,NN,U,NA,333,36,18.6,2,5,23.3,3.9,12.2,KL,-,-,Jorge,,151,2631-20651,nestling
2631-20652,NA,TRES,PICG5,Picnic Grounds,5/21/2021,L,NN,U,NA,333,51,21.5,2,11,22.6,4,13,KL,-,-,George 2.0,,152,2631-20652,nestling
2881-65825,NA,TRES,PICG5,Picnic Grounds,5/12/2022,AHY,PL,F,BP,333,110,17.3,3,54,27.9,5.1,12.4,KL,-,-,,B203,1062,2881-65825,adult
NA,NA,TRES,PICG5,Picnic Grounds,5/21/2022,L,NN,U,NA,300,35,18.3,3,7,23.8,3.8,12,KG,-,-,Orange B230,B230,799,Orange,nestling
NA,NA,TRES,PICG5,Picnic Grounds,5/21/2022,L,NN,U,NA,300,31,15.1,4,3,22.4,3.1,11.8,KG,-,-,Green B231,B231,800,Green,nestling
NA,NA,TRES,PICG5,Picnic Grounds,5/21/2022,L,NN,U,NA,300,34,15.7,3,6,22.9,3.8,11.7,KG,-,-,Purple B232,B232,801,Purple,nestling
NA,NA,TRES,PICG5,Picnic Grounds,5/21/2022,L,NN,U,NA,300,39,17.9,4,8,23.1,3.6,11.8,KG,-,-,Pink B233,B233,802,Pink,nestling
NA,NA,TRES,PICG5,Picnic Grounds,5/21/2022,L,NN,U,NA,300,36,16,3,9,22.8,3.5,11.4,KG,-,-,Blue,-,803,Blue,nestling
NA,NA,TRES,PICG5,Picnic Grounds,5/21/2022,L,NN,U,NA,300,29,14.7,3,4,22.4,3.5,11.2,KG,-,-,Red,-,804,Red,nestling
2881-65708,NA,TRES,PICG5,Picnic Grounds,5/26/2022,L,NN,U,NA,333,61,18.2,3,21,25.4,4.4,12.4,KG,-,-,Green,B137,1270,Green,nestling
2881-65709,NA,TRES,PICG5,Picnic Grounds,5/26/2022,L,NN,U,NA,333,60,17.2,,25,25.9,4.7,13.4,PGG,-,-,Blue,B138,1271,Blue,nestling
2881-65710,NA,TRES,PICG5,Picnic Grounds,5/26/2022,L,NN,U,NA,333,66,18,4,24,24.5,4.5,13,KG,-,-,Pink,B139,1272,Pink,nestling
2881-65711,NA,TRES,PICG5,Picnic Grounds,5/26/2022,L,NN,U,NA,333,61,18.4,1,20,26.6,4.7,13.9,PGG,-,-,Orange,,1273,Orange,nestling
2881-65712,NA,TRES,PICG5,Picnic Grounds,5/26/2022,L,NN,U,NA,333,56,17,2,19,26.2,5.6,13,PGG,-,-,Red,,1274,Red,nestling
NA,NA,TRES,PICG5,Picnic Grounds,5/26/2022,L,NN,U,NA,300,66,18.6,2,23,25.7,4.8,13.1,KG,-,-,Purple,,1874,Purple,nestling
NA,NA,WEBL,PICG6,Picnic Grounds,5/7/2021,L,NN,F,PL,300,51,29.8,2,12,31.6,4.9,20.3,KL,-,-,Green,-,47,Green,nestling
NA,NA,WEBL,PICG6,Picnic Grounds,5/7/2021,L,NN,M,PL,300,56,29.8,2,16,31.3,4.9,21,KL,-,-,Drew,-,48,2,nestling
NA,NA,WEBL,PICG6,Picnic Grounds,5/7/2021,L,NN,F,PL,300,48,27.8,2,14,31.3,4.8,20.7,KL,-,-,Chanel,-,49,3,nestling
NA,NA,WEBL,PICG6,Picnic Grounds,5/7/2021,L,NN,F,PL,300,49,29.9,3,15,30.7,4.8,20.3,KL,-,-,Bruna,-,50,4,nestling
NA,NA,WEBL,PICG6,Picnic Grounds,6/25/2021,L,NN,U,NA,300,13,13.3,4,0,23.3,3.3,12.4,KL,-,-,Katie! ,-,470,Single,nestling
NA,NA,WEBL,PICG6,Picnic Grounds,7/2/2021,L,NN,U,NA,300,45,27,5,12,27.8,4.3,21.1,KG,-,-,Katie! ,-,484,Single,nestling
2941-18458,NA,WEBL,PICG6,Picnic Grounds,7/5/2021,L,NN,M,PL,333,58,29,4,18,32.2,4.4,21.5,KG,-,-,Katie! ,-,601,Single,nestling
NA,NA,TRES,PICG6,Picnic Grounds,5/19/2022,L,NN,U,NA,300,7,2.5,4,0,12.6,1.7,6.2,VW,-,-,Purple,-,792,Purple,nestling
NA,NA,TRES,PICG6,Picnic Grounds,5/19/2022,L,NN,U,NA,300,7,2.2,4,0,13.3,1.7,4.8,KL,-,-,Blue,-,793,Blue,nestling
NA,NA,TRES,PICG6,Picnic Grounds,5/19/2022,L,NN,U,NA,300,7,2.3,4,0,12.5,1.6,5,KL,-,-,Orange,-,794,Orange,nestling
NA,NA,TRES,PICG6,Picnic Grounds,5/19/2022,L,NN,U,NA,300,7,1.9,3,0,12.5,1.8,4.8,VW,-,-,Pink,-,795,Pink,nestling
NA,NA,TRES,PICG6,Picnic Grounds,5/19/2022,L,NN,U,NA,300,8,2.3,3,0,13.8,2.2,6.3,VW,-,-,Green,-,796,Green,nestling
NA,NA,TRES,PICG6,Picnic Grounds,5/19/2022,L,NN,U,NA,300,7,1.4,4,0,11.8,1.5,3.8,KL,-,-,Red,-,797,Red,nestling
NA,NA,TRES,PICG6,Picnic Grounds,5/19/2022,L,NN,U,NA,300,8,2.2,3,0,12.9,2.3,5.7,VW,-,-,Yellow,-,798,Yellow,nestling
2881-65840,NA,TRES,PICG6,Picnic Grounds,5/19/2022,AHY,PL,F,BP,300,109,16.2,3,54,25.5,4.8,11.6,KL,-,-,,B229,1105,2881-65840,adult
NA,NA,TRES,PICG6,Picnic Grounds,5/26/2022,L,NN,U,NA,300,26,12,2,2,22,3.3,11.2,KG,-,-,Pink,B133,1865,Pink,nestling
NA,NA,TRES,PICG6,Picnic Grounds,5/26/2022,L,NN,U,NA,300,29,13.5,2,3,21.7,3.6,13.3,PGG,-,-,Yellow,B134,1866,Yellow,nestling
NA,NA,TRES,PICG6,Picnic Grounds,5/26/2022,L,NN,U,NA,300,27,13.4,3,1,22,3,11.6,KG,-,-,Purple,,1867,Purple,nestling
NA,NA,TRES,PICG6,Picnic Grounds,5/26/2022,L,NN,U,NA,300,24,13.7,2,1,21.5,3.7,11.3,PGG,-,-,Blue,,1868,Blue,nestling
NA,NA,TRES,PICG6,Picnic Grounds,5/26/2022,L,NN,U,NA,300,28,13.8,3,3,21.9,3.5,11.5,KG,-,-,Orange,,1869,Orange,nestling
NA,NA,TRES,PICG6,Picnic Grounds,5/26/2022,L,NN,U,NA,300,27,13,4,2,22.3,3.7,11.5,PGG,-,-,Green,,1870,Green,nestling
NA,NA,TRES,PICG6,Picnic Grounds,5/26/2022,L,NN,U,NA,300,21,10.2,3,0,20.1,3.3,10.8,PGG,-,-,Red,,1871,Red,nestling
2881-65718,NA,TRES,PICG6,Picnic Grounds,5/31/2022,L,NN,U,NA,333,49,16.5,2,14,23.3,3.9,12,VW,-,-,Green,B152,1280,Green,nestling
2881-65719,NA,TRES,PICG6,Picnic Grounds,5/31/2022,L,NN,U,NA,333,48,14.4,2,13,23.3,3.7,11.1,KG,-,-,Blue,B153,1281,Blue,nestling
2881-65720,NA,TRES,PICG6,Picnic Grounds,5/31/2022,L,NN,U,NA,333,49,14.4,2,15,23.5,3.4,11.7,PGG,-,-,Purple,B154,1282,Purple,nestling
2881-65721,NA,TRES,PICG6,Picnic Grounds,5/31/2022,L,NN,U,NA,333,50,18.1,2,16,23.2,4.3,13.1,VW,-,-,Orange,,1283,Orange,nestling
2881-65722,NA,TRES,PICG6,Picnic Grounds,5/31/2022,L,NN,U,NA,333,52,16,2,18,23.4,4,11.5,KG,-,-,Yellow,,1284,Yellow,nestling
2881-65723,NA,TRES,PICG6,Picnic Grounds,5/31/2022,L,NN,U,NA,333,48,15,2,15,23.3,4.6,11.7,PGG,-,-,Pink,,1285,Pink,nestling
2881-65724,NA,TRES,PICG6,Picnic Grounds,5/31/2022,L,NN,U,NA,333,41,13.3,1,10,22.8,3.4,10.4,KG,-,-,Red,,1286,Red,nestling
NA,NA,WEBL,PICG7,Picnic Grounds,5/19/2023,L,NN,U,NA,300,11,10.4,4,0,21.2,3.3,11.7,KL,-,-,Red,,1528,Red,nestling
NA,NA,WEBL,PICG7,Picnic Grounds,5/19/2023,L,NN,U,NA,300,12,10.6,4,0,22,3.3,11.5,KL,-,-,Purple,,1529,Purple,nestling
NA,NA,WEBL,PICG7,Picnic Grounds,5/19/2023,L,NN,U,NA,300,9,7.3,4,0,20.2,3.1,10.2,KL,-,-,Pink,,1530,Pink,nestling
NA,NA,WEBL,PICG7,Picnic Grounds,5/19/2023,L,NN,U,NA,300,10,9.3,4,0,20.8,3.3,11.1,KL,-,-,Orange,,1531,Orange,nestling
NA,NA,WEBL,PICG7,Picnic Grounds,5/19/2023,L,NN,U,NA,300,7,2.8,3,0,17.1,2.3,7.4,KL,-,-,Blue,,1532,Blue,nestling
NA,NA,WEBL,PICG7,Picnic Grounds,5/19/2023,L,NN,U,NA,300,9,7.6,4,0,19.2,2.8,9,KL,-,-,Green,,1533,Green,nestling
2941-94560,NA,WEBL,PICG7,Picnic Grounds,5/19/2023,AHY,PL,F,PL,333,97,25.7,2,55,37,8.9,21,KL,-,-,,B379,1569,2941-94560,adult
NA,NA,WEBL,PICG7,Picnic Grounds,5/25/2023,L,NN,U,NA,300,15,15.1,4,1,24.4,3.7,13.8,KL,-,-,Green,,1557,Green,nestling
NA,NA,WEBL,PICG7,Picnic Grounds,5/25/2023,L,NN,U,NA,300,21,19.7,4,1,25.8,4.4,17.1,KL,-,-,Purple,B398,1558,Purple,nestling
NA,NA,WEBL,PICG7,Picnic Grounds,5/25/2023,L,NN,U,NA,300,18,17.8,4,1,25.5,4.1,15.6,KL,-,-,Orange,,1559,Orange,nestling
NA,NA,WEBL,PICG7,Picnic Grounds,5/25/2023,L,NN,U,NA,300,20,18.7,4,1,24.7,3.8,16.1,KL,-,-,Red,B399,1560,Red,nestling
2941-94578,NA,WEBL,PICG7,Picnic Grounds,5/30/2023,L,NN,F,PL,333,48,25.1,4,16,30.1,5.5,20.6,KL,-,-,Orange,B450,1587,Orange,nestling
2941-94579,NA,WEBL,PICG7,Picnic Grounds,5/30/2023,L,NN,F,PL,333,50,24.4,4,17,30.8,5.7,20,KL,-,-,Red,B451,1588,Red,nestling
2941-94580,NA,WEBL,PICG7,Picnic Grounds,5/30/2023,L,NN,F,PL,333,52,26.9,4,19,31.4,5.7,20.5,KL,-,-,Purple,B452,1589,Purple,nestling
2941-94581,NA,WEBL,PICG7,Picnic Grounds,5/30/2023,L,NN,F,PL,333,42,25.4,4,14,29.8,5.2,19.1,KL,-,-,Green,,1590,Green,nestling
2631-20648,NA,TRES,PICG8,Picnic Grounds,5/21/2021,L,NN,U,NA,333,52,19.8,1,16,15.4,4.2,11.9,KL,-,-,SadBoi,,148,Single,nestling
2881-65876,NA,TRES,PICG8,Picnic Grounds,6/19/2022,AHY,PL,F,BP,333,108,16.4,3,53,27.8,5.1,12.2,KL,-,-,,B282,1141,2881-65876,adult
NA,NA,TRES,PICG8,Picnic Grounds,6/21/2022,L,NN,U,NA,300,25,13.7,4,2,22.4,3.2,10.5,KL,-,-,Red,,1179,Red,nestling
NA,NA,TRES,PICG8,Picnic Grounds,6/21/2022,L,NN,U,NA,300,19,11.5,4,1,21.4,2.9,10.5,KL,-,-,Yellow,,1180,Yellow,nestling
NA,NA,TRES,PICG8,Picnic Grounds,6/21/2022,L,NN,U,NA,300,22,14,3,2,21.9,3.2,10.6,KL,-,-,Blue,,1181,Blue,nestling
NA,NA,TRES,PICG8,Picnic Grounds,6/21/2022,L,NN,U,NA,300,20,12.1,4,1,20.7,2.6,10.7,YW,-,-,Purple,,1182,Purple,nestling
2881-65733,NA,TRES,PICG8,Picnic Grounds,6/28/2022,L,NN,U,NA,333,59,18.2,1,18,26.3,4.3,14.2,PGG,-,-,Blue,B177,1295,Blue,nestling
2881-65734,NA,TRES,PICG8,Picnic Grounds,6/28/2022,L,NN,U,NA,333,65,18.5,1,21,25.5,5.5,11.6,VW,-,-,Red,B178,1296,Red,nestling
2881-65735,NA,TRES,PICG8,Picnic Grounds,6/28/2022,L,NN,U,NA,333,55,17.7,1,17,25,4.4,13.6,KG,-,-,Purple,,1297,Purple,nestling
NA,NA,TRES,PICG9,Picnic Grounds,7/2/2021,L,NN,U,NA,300,17,10.2,5,0,19.4,2.6,11.5,KG,-,-,Katia! ,-,485,Single,nestling
2631-20726,NA,TRES,PICG9,Picnic Grounds,7/9/2021,L,NN,U,NA,333,51,17.7,3,14,24.1,4.1,12.4,KG,-,-,Katia! ,-,635,Single,nestling
2881-65826,NA,TRES,PICG9,Picnic Grounds,5/13/2022,AHY,PL,F,BP,333,113,19.5,4,59,28.4,4.8,12.7,KL,-,-,,B206,1063,2881-65826,adult
NA,NA,TRES,PICG9,Picnic Grounds,5/21/2022,L,NN,U,NA,300,26,13.8,3,2,20.6,3.4,11.8,KG,-,-,Blue B235,B235,810,Blue,nestling
NA,NA,TRES,PICG9,Picnic Grounds,5/21/2022,L,NN,U,NA,300,29,15.5,3,3,22,3.5,12,Kg,-,-,Yellow B236,B236,811,Yellow,nestling
NA,NA,TRES,PICG9,Picnic Grounds,5/21/2022,L,NN,U,NA,300,33,16.5,4,4,23.2,3.7,12.5,KG,-,-,Orange B237,B237,812,Orange,nestling
NA,NA,TRES,PICG9,Picnic Grounds,5/21/2022,L,NN,U,NA,300,31,16.2,4,3,22,3.1,11,KG,-,-,Green B238,B238,813,Green,nestling
NA,NA,TRES,PICG9,Picnic Grounds,5/21/2022,L,NN,U,NA,300,29,15.3,3,2,22.5,2.5,12,KG,-,-,Purple,-,814,Purple,nestling
NA,NA,TRES,PICG9,Picnic Grounds,5/21/2022,L,NN,U,NA,300,31,16.5,3,3,21.2,3.4,11.5,KG,-,-,Pink,-,815,Pink,nestling
2881-65702,NA,TRES,PICG9,Picnic Grounds,5/26/2022,L,NN,U,NA,333,57,22.2,3,20,26.4,4.9,13.5,PGG,-,-,Orange,B136,1265,Orange,nestling
2881-65703,NA,TRES,PICG9,Picnic Grounds,5/26/2022,L,NN,U,NA,333,59,19.8,3,18,24.7,4.6,12.1,KG,-,-,Purple,B155,1266,Purple,nestling
2881-65705,NA,TRES,PICG9,Picnic Grounds,5/26/2022,L,NN,U,NA,333,54,22.7,2,17,24.5,3.8,13.3,PGG,-,-,Yellow,,1267,Yellow,nestling
2881-65706,NA,TRES,PICG9,Picnic Grounds,5/26/2022,L,NN,U,NA,333,58,19.7,4,16,24.4,4.4,12.2,KG,-,-,Blue,,1268,Blue,nestling
2881-65707,NA,TRES,PICG9,Picnic Grounds,5/26/2022,L,NN,U,NA,333,58,20.5,2,21,25,4.7,13.5,PGG,-,-,Pink,,1269,Pink,nestling
NA,NA,TRES,PICO1,Picnic Grounds,6/4/2021,L,NN,U,NA,300,14,8.5,3,0,19.1,3.4,8.8,KL,-,-,Purple,-,369,Purple,nestling
NA,NA,TRES,PICO1,Picnic Grounds,6/4/2021,L,NN,U,NA,300,11,5.7,3,0,17,3,7.8,KL,-,-,Yellow,-,370,Yellow,nestling
NA,NA,TRES,PICO1,Picnic Grounds,6/4/2021,L,NN,U,NA,300,21,13,3,1,21.7,3.9,11.4,KL,-,-,Pink,-,371,Pink,nestling
NA,NA,TRES,PICO1,Picnic Grounds,6/4/2021,L,NN,U,NA,300,18,10.6,3,1,20.3,3.6,10,KL,-,-,Blue,-,372,Blue,nestling
2631-20706,NA,TRES,PICO1,Picnic Grounds,6/11/2021,L,NN,U,NA,333,46,15.5,0,11,23.7,4.5,11.2,KL,-,-,Blue,-,615,Blue,nestling
2631-20707,NA,TRES,PICO1,Picnic Grounds,6/11/2021,L,NN,U,NA,333,40,15.1,0,8,23.9,4.3,11.3,KG,-,-,Purple,-,616,Purple,nestling
2631-20708,NA,TRES,PICO1,Picnic Grounds,6/11/2021,L,NN,U,NA,333,50,16.8,0,17,23.9,4.3,12.7,KL,-,-,Pink,-,617,Pink,nestling
NA,NA,WEBL,PICO1,Picnic Grounds,4/12/2022,L,NN,U,NA,300,11,8.3,3,0,21.2,3.2,11.7,KL,-,-,Yellow,-,960,Yellow,nestling
NA,NA,WEBL,PICO1,Picnic Grounds,4/12/2022,L,NN,U,NA,300,12,9.8,3,0,21.2,3.1,11.6,KL,-,-,Purple,-,961,Purple,nestling
NA,NA,WEBL,PICO1,Picnic Grounds,4/12/2022,L,NN,U,NA,300,12,8.3,3,0,21.7,3.1,11.1,KL,-,-,Green,-,962,Green,nestling
NA,NA,WEBL,PICO1,Picnic Grounds,4/12/2022,L,NN,U,NA,300,11,9.1,3,0,21.9,3.1,11.4,KL,-,-,Pink,-,963,Pink,nestling
NA,NA,WEBL,PICO1,Picnic Grounds,4/12/2022,L,NN,U,NA,300,11,7.6,3,0,20.5,2.7,10.1,KL,-,-,Blue,-,964,Blue,nestling
2941-94402,NA,WEBL,PICO1,Picnic Grounds,4/12/2022,AHY,PL,F,PL,333,95,22.9,2,55,35.8,8.4,19.7,KL,-,-,B002,B002,1321,2941-94402,adult
NA,NA,WEBL,PICO1,Picnic Grounds,4/22/2022,L,NN,U,NA,300,51,25.5,3,18,31.1,5.3,20.1,KL,-,-,Yellow,-,989,Yellow,nestling
NA,NA,WEBL,PICO1,Picnic Grounds,4/22/2022,L,NN,U,NA,300,52,27,4,19,28.9,4.7,19.1,KL,-,-,Purple,-,990,Purple,nestling
NA,NA,WEBL,PICO1,Picnic Grounds,4/22/2022,L,NN,U,NA,300,50,27.1,3,16,30.4,5.2,19.5,KL,-,-,Red,B009,991,Red,nestling
NA,NA,WEBL,PICO1,Picnic Grounds,4/22/2022,L,NN,U,NA,300,49,24.8,3,16,30.7,5.1,19.4,KL,-,-,Pink ,B007,992,Pink ,nestling
NA,NA,WEBL,PICO1,Picnic Grounds,4/22/2022,L,NN,U,NA,300,53,25.1,3,18,29.6,4.4,18.9,KL,-,-,Orange ,B008,993,Orange ,nestling
NA,NA,WEBL,PICO1,Picnic Grounds,4/25/2023,L,NN,U,NA,300,9,5.6,4,0,18.5,2.5,9.1,KL,-,-,Red,,1463,Red,nestling
NA,NA,WEBL,PICO1,Picnic Grounds,4/25/2023,L,NN,U,NA,300,9,5.6,4,0,17.9,2.4,8.1,KL,-,-,Purple,,1464,Purple,nestling
NA,NA,WEBL,PICO1,Picnic Grounds,4/25/2023,L,NN,U,NA,300,8,4.7,4,0,17.3,2.3,7.3,KL,-,-,Blue,,1465,Blue,nestling
NA,NA,WEBL,PICO1,Picnic Grounds,5/2/2023,L,NN,U,NA,300,26,17.1,2,1,27.5,4.3,16.8,KL,-,-,Blue,B357,1466,Blue,nestling
NA,NA,WEBL,PICO1,Picnic Grounds,5/2/2023,L,NN,U,NA,300,31,18.2,2,2,28.3,3.8,19.4,KL,-,-,Purple,B358,1467,Purple,nestling
NA,NA,WEBL,PICO1,Picnic Grounds,5/2/2023,L,NN,U,NA,300,31,16.8,2,2,27.5,4.2,19.1,KL,-,-,Red,,1468,Red,nestling
NA,NA,WEBL,PICO1,Picnic Grounds,6/6/2023,L,NN,U,NA,300,10,7.9,4,0,20.5,3.2,10,KL,-,-,Blue,,1656,Blue,nestling
NA,NA,WEBL,PICO1,Picnic Grounds,6/6/2023,L,NN,U,NA,300,11,9,4,0,21,3,11.1,KL,-,-,Red,,1657,Red,nestling
NA,NA,WEBL,PICO1,Picnic Grounds,6/6/2023,L,NN,U,NA,300,10,8.1,4,0,21.1,3,10.1,KL,-,-,Purple,,1658,Purple,nestling
NA,NA,WEBL,PICO1,Picnic Grounds,6/6/2023,L,NN,U,NA,300,10,8.5,4,0,20,3,10.3,KL,-,-,Pink,,1659,Pink,nestling
NA,NA,WEBL,PICO1,Picnic Grounds,6/6/2023,L,NN,U,NA,300,8,6,4,0,18.6,2.7,9.3,KL,-,-,Green,,1660,Green,nestling
2941-94401,NA,WEBL,PICO1,Picnic Grounds,6/6/2023,AHY,PL,F,PL,334,99,23.8,2,62,35.2,8,19.6,KL,OR/SV,GY/GY,,B473,2086,2941-94401,adult
2941-94586,NA,WEBL,PICO1,Picnic Grounds,6/16/2023,L,NN,F,PL,333,53,24.7,4,15,30.7,5.9,20.3,KL,-,-,,B496,1595,2941-94586,nestling
2941-94587,NA,WEBL,PICO1,Picnic Grounds,6/16/2023,L,NN,M,PL,333,52,26.2,4,16,32.2,6,20.3,KL,-,-,,B497,1596,2941-94587,nestling
2941-94588,NA,WEBL,PICO1,Picnic Grounds,6/16/2023,L,NN,F,PL,333,47,25.3,4,12,30.9,5.9,21.8,KL,-,-,Green,B498,1597,Green,nestling
2941-94589,NA,WEBL,PICO1,Picnic Grounds,6/16/2023,L,NN,F,PL,333,52,24.9,4,13,32,6,20.9,KL,-,-,Blue,B499,1598,Blue,nestling
NA,NA,WEBL,PICO10,Picnic Grounds,6/11/2021,L,NN,U,NA,300,9,5.6,4,0,18,2.5,8,KG,-,-,Pink,-,395,Pink,nestling
NA,NA,WEBL,PICO10,Picnic Grounds,6/11/2021,L,NN,U,NA,300,9,5.3,4,0,17.5,2.3,7.1,KL,-,-,Yellow,-,396,Yellow,nestling
NA,NA,WEBL,PICO10,Picnic Grounds,6/11/2021,L,NN,U,NA,300,9,5.4,4,0,17.6,2.6,7.7,KL,-,-,Blue,-,397,Blue,nestling
NA,NA,WEBL,PICO10,Picnic Grounds,6/11/2021,L,NN,U,NA,300,8,6.4,4,0,18.2,2.5,8.4,KG,-,-,Green,-,398,Green,nestling
NA,NA,WEBL,PICO10,Picnic Grounds,6/11/2021,L,NN,U,NA,300,8,3.6,4,0,15.8,2.5,6.5,KL,-,-,Purple,-,399,Purple,nestling
NA,NA,WEBL,PICO10,Picnic Grounds,6/18/2021,L,NN,U,NA,300,30,21.3,3,5,28.4,4.8,20.2,KL,-,-,Pink,-,427,Pink,nestling
NA,NA,WEBL,PICO10,Picnic Grounds,6/18/2021,L,NN,U,NA,300,30,19.8,3,3,28.8,4.8,19.8,KL,-,-,Yellow,-,428,Yellow,nestling
NA,NA,WEBL,PICO10,Picnic Grounds,6/18/2021,L,NN,U,NA,300,30,21.1,3,5,28.8,4.8,19.9,KL,-,-,Blue,-,429,Blue,nestling
NA,NA,WEBL,PICO10,Picnic Grounds,6/18/2021,L,NN,U,NA,300,31,22.2,3,6,29.8,5.2,20.3,KL,-,-,Purple,-,430,Purple,nestling
NA,NA,WEBL,PICO10,Picnic Grounds,6/18/2021,L,NN,U,NA,300,27,19,3,2,27.4,4.8,19.4,KL,-,-,Orange,-,431,Orange,nestling
2941-18449,NA,WEBL,PICO10,Picnic Grounds,6/23/2021,L,NN,F,PL,333,55,28.6,4,19,30.8,5.3,22,KG,-,-,Pink,-,592,Pink,nestling
2941-18450,NA,WEBL,PICO10,Picnic Grounds,6/23/2021,L,NN,F,PL,333,51,28.5,4,14,31.2,5.4,22.5,KG,-,-,Orange,-,593,Orange,nestling
2941-18451,NA,WEBL,PICO10,Picnic Grounds,6/23/2021,L,NN,F,PL,333,58,30.8,3,20,31.7,5.8,21,KG,-,-,Purple,-,594,Purple,nestling
2941-18452,NA,WEBL,PICO10,Picnic Grounds,6/23/2021,L,NN,M,PL,333,53,28.7,3,17,31.4,5.3,20.4,KG,-,-,Yellow,-,595,Yellow,nestling
2941-18453,NA,WEBL,PICO10,Picnic Grounds,6/23/2021,L,NN,F,PL,333,52,29.6,3,17,29.9,5.6,22.3,KG,-,-,Green,-,596,Green,nestling
NA,NA,WEBL,PICO10,Picnic Grounds,6/21/2022,L,NN,U,NA,300,18,14.8,3,1,24.5,4,16.1,KL,-,-,Pink,,1170,Pink,nestling
NA,NA,WEBL,PICO10,Picnic Grounds,6/21/2022,L,NN,U,NA,300,16,12.8,4,0,24.2,3.8,14.8,VW,-,-,Orange,,1171,Orange,nestling
NA,NA,WEBL,PICO10,Picnic Grounds,6/21/2022,L,NN,U,NA,300,18,14.4,3,0,25.2,4.1,15.4,YW,-,-,Blue,,1172,Blue,nestling
NA,NA,WEBL,PICO10,Picnic Grounds,6/21/2022,L,NN,U,NA,300,20,16.4,4,1,25.6,3.9,15.2,KL,-,-,Purple,,1173,Purple,nestling
NA,NA,WEBL,PICO10,Picnic Grounds,6/21/2022,L,NN,U,NA,300,14,11.4,3,0,22.1,2.9,13.9,VW,-,-,Red,,1174,Red,nestling
2941-94438,NA,WEBL,PICO10,Picnic Grounds,6/30/2022,L,NN,F,PL,334,59,25.3,3,23,30.3,5.7,20.5,VW,WH/OR,GY/SV,Purple,B315,1357,Purple,nestling
2941-94439,NA,WEBL,PICO10,Picnic Grounds,6/30/2022,L,NN,M,PL,334,60,24.9,4,21,31.8,5.8,21.3,VW,WH/OR,GY/SV,Pink,B316,1358,Pink,nestling
2941-94440,NA,WEBL,PICO10,Picnic Grounds,6/30/2022,L,NN,F,PL,334,56,25.8,4,18,31.3,6.7,22.7,VW,WH/OR,GY/SV,Blue,B317,1359,Blue,nestling
2941-94441,NA,WEBL,PICO10,Picnic Grounds,6/30/2022,L,NN,F,PL,334,52,24.9,3,16,30,5.5,19.4,YW,WH/OR,GY/SV,Red,B318,1360,Red,nestling
2941-94442,NA,WEBL,PICO10,Picnic Grounds,6/30/2022,L,NN,M,PL,334,56,25.7,3,8,30.5,5.3,19.7,YW,WH/OR,GY/SV,Orange,,1361,Orange,nestling
2941-94590,NA,WEBL,PICO11,Picnic Grounds,6/20/2023,AHY,PL,F,PL,333,99,25,2,59,35.5,9.2,20.3,KL,-,-,,B500,1599,2941-94590,adult
NA,NA,WEBL,PICO11,Picnic Grounds,6/20/2023,L,NN,U,NA,300,11,8.5,5,0,20.8,3,10.8,KL,-,-,Purple,,1691,Purple,nestling
NA,NA,WEBL,PICO11,Picnic Grounds,6/20/2023,L,NN,U,NA,300,10,7.8,5,0,20.1,3,9.9,KL,-,-,Red,,1692,Red,nestling
NA,NA,WEBL,PICO11,Picnic Grounds,6/20/2023,L,NN,U,NA,300,11,9.5,5,0,21,2.9,10.4,KL,-,-,Pink,,1693,Pink,nestling
NA,NA,WEBL,PICO11,Picnic Grounds,6/20/2023,L,NN,U,NA,300,11,8.6,5,0,21.3,3.2,10,KL,-,-,Blue,,1694,Blue,nestling
NA,NA,WEBL,PICO11,Picnic Grounds,6/20/2023,L,NN,U,NA,300,11,8.3,5,0,20.9,3.1,10.6,KL,-,-,Orange,,1695,Orange,nestling
2941-94701,NA,WEBL,PICO11,Picnic Grounds,6/29/2023,L,NN,F,PL,333,47,26,4,14,30.3,5.5,20.4,YZ,-,-,,B524,2097,2941-94701,nestling
2941-94702,NA,WEBL,PICO11,Picnic Grounds,6/29/2023,L,NN,F,PL,333,49,26.5,5,14,31.2,5.7,20.3,YZ,-,-,,B525,2098,2941-94702,nestling
2941-94703,NA,WEBL,PICO11,Picnic Grounds,6/29/2023,L,NN,M,PL,333,51,23.6,5,15,28.5,5.3,20.7,YZ,-,-,,B526,2099,2941-94703,nestling
2941-94704,NA,WEBL,PICO11,Picnic Grounds,6/29/2023,L,NN,F,PL,333,50,20.7,5,15,29.3,5.1,20.4,YZ,-,-,Orange,B527,2100,Orange,nestling
NA,NA,WEBL,PICO13,Picnic Grounds,7/13/2023,L,NN,U,NA,300,9,6.5,4,0,19.2,2.5,9.2,YZ,-,-,Red,,2045,Red,nestling
NA,NA,WEBL,PICO13,Picnic Grounds,7/13/2023,L,NN,U,NA,300,10,6,4,0,19.1,2.5,8.6,YZ,-,-,Green,,2046,Green,nestling
NA,NA,WEBL,PICO13,Picnic Grounds,7/13/2023,L,NN,U,NA,300,8,5,4,0,18.1,2.5,8.4,YZ,-,-,Purple,,2047,Purple,nestling
NA,NA,WEBL,PICO13,Picnic Grounds,7/13/2023,L,NN,U,NA,300,9,5,4,0,19,2.6,8.7,YZ,-,-,Pink,,2048,Pink,nestling
2941-94442,NA,WEBL,PICO13,Picnic Grounds,7/13/2023,AHY,PL,M,PL,334,100,24,3,89,35.1,8.1,20.3,YZ,WH/OR,GY/SV,,,2096,2941-94442,adult
2941-94707,NA,WEBL,PICO13,Picnic Grounds,7/13/2023,AHY,PL,F,PL,333,98,24.7,3,57,34.9,8.4,19.7,KL,-,-,,B569,2103,2941-94707,adult
NA,NA,WEBL,PICO3,Picnic Grounds,4/12/2022,L,NN,U,NA,300,16,11.9,3,1,23.2,3.4,14.6,KL,-,-,Yellow,-,965,Yellow,nestling
NA,NA,WEBL,PICO3,Picnic Grounds,4/12/2022,L,NN,U,NA,300,16,12.4,3,1,23.4,3.2,13.9,KL,-,-,Pink,-,966,Pink,nestling
NA,NA,WEBL,PICO3,Picnic Grounds,4/12/2022,L,NN,U,NA,300,14,12.2,3,0,23.8,3.6,13.9,KL,-,-,Green,-,967,Green,nestling
2941-94403,NA,WEBL,PICO3,Picnic Grounds,4/12/2022,AHY,PL,F,PL,333,100,25.4,2,61,36,8.6,20.3,KL,-,-,B003,B003,1322,2941-94403,adult
NA,NA,WEBL,PICO3,Picnic Grounds,5/19/2022,L,NN,U,NA,300,12,8.3,2,0,21.1,3,10,KG,-,-,Yellow,-,727,Yellow,nestling
NA,NA,WEBL,PICO3,Picnic Grounds,5/19/2022,L,NN,U,NA,300,18,13.8,3,0,24.8,3.2,14.5,KG,-,-,Blue,-,728,Blue,nestling
NA,NA,WEBL,PICO3,Picnic Grounds,5/19/2022,L,NN,U,NA,300,17,14.1,3,0,24.8,4,15,KG,-,-,Purple,-,729,Purple,nestling
NA,NA,WEBL,PICO3,Picnic Grounds,5/19/2022,L,NN,U,NA,300,18,15.4,3,0,25.6,3.7,14.8,CP,-,-,Red,-,730,Red,nestling
NA,NA,WEBL,PICO3,Picnic Grounds,5/19/2022,L,NN,U,NA,300,17,13.7,4,0,24.6,4.5,14,KL,-,-,Pink,-,731,Pink,nestling
NA,NA,WEBL,PICO3,Picnic Grounds,5/19/2022,L,NN,U,NA,300,15,11.2,4,1,23.4,3.4,13.4,KG,-,-,Orange,-,732,Orange,nestling
2941-94525,NA,WEBL,PICO3,Picnic Grounds,5/26/2022,L,NN,M,PL,334,54,24.4,5,9,30.2,5.6,20.2,PGG,GY/SV,GY/OR,Purple ,B140,762,Purple ,nestling
2941-94526,NA,WEBL,PICO3,Picnic Grounds,5/26/2022,L,NN,F,PL,334,59,25.1,5,20,30.4,5.7,18,KG,GY/SV,GY/OR,Pink ,B141,763,Pink ,nestling
2941-94527,NA,WEBL,PICO3,Picnic Grounds,5/26/2022,L,NN,M,PL,334,55,27.8,6,14,32.1,6.5,21.3,PGG,GY/SV,GY/OR,Red ,B142,764,Red ,nestling
2941-94528,NA,WEBL,PICO3,Picnic Grounds,5/26/2022,L,NN,U,NA,334,44,22.8,4,11,29,5.3,19.5,KG,GY/SV,GY/OR,Yellow2,-,765,Yellow,nestling
2941-94529,NA,WEBL,PICO3,Picnic Grounds,5/26/2022,L,NN,M,PL,334,59,24.8,4,16,30.6,6.5,20.1,PGG,GY/SV,GY/OR,Orange,-,766,Orange,nestling
2941-94530,NA,WEBL,PICO3,Picnic Grounds,5/26/2022,L,NN,F,PL,334,59,25.3,5,18,30.4,5.8,21.8,KG,GY/SV,GY/OR,Blue ,-,767,Blue ,nestling
NA,NA,TRES,PICO3,Picnic Grounds,5/18/2023,L,NN,U,NA,300,6,1.3,4,0,17.4,1.3,4.4,KL,-,-,Blue,,1516,Blue,nestling
NA,NA,TRES,PICO3,Picnic Grounds,5/18/2023,L,NN,U,NA,300,6,1.3,4,0,11.7,1.8,4.7,KL,-,-,Orange,,1517,Orange,nestling
NA,NA,TRES,PICO3,Picnic Grounds,5/18/2023,L,NN,U,NA,300,6,1.2,4,0,11.4,1.4,4,KL,-,-,Pink,,1518,Pink,nestling
NA,NA,TRES,PICO3,Picnic Grounds,5/18/2023,L,NN,U,NA,300,6,1.2,4,0,11.2,1.4,4.2,KL,-,-,Purple,,1519,Purple,nestling
2881-17944,NA,TRES,PICO3,Picnic Grounds,5/18/2023,AHY,PL,F,BP,333,115,19.8,4,56,28.1,5.3,12.5,RK,-,-,,B377,2079,2881-17944,adult
NA,NA,TRES,PICO3,Picnic Grounds,5/25/2023,L,NN,U,NA,300,24,13.2,4,1,21.6,3.4,11.7,KL,-,-,Red,B433,1615,Red,nestling
NA,NA,TRES,PICO3,Picnic Grounds,5/25/2023,L,NN,U,NA,300,23,14.1,4,1,21.3,3.3,11.4,KL,-,-,Pink,B434,1616,Pink,nestling
NA,NA,TRES,PICO3,Picnic Grounds,5/25/2023,L,NN,U,NA,300,24,14.3,4,2,23.3,3.7,11.8,KL,-,-,Orange,B435,1617,Orange,nestling
NA,NA,TRES,PICO3,Picnic Grounds,5/25/2023,L,NN,U,NA,300,24,15,4,2,23,3.6,11.8,KL,-,-,Green,,1618,Green,nestling
2881-65908,NA,TRES,PICO3,Picnic Grounds,5/30/2023,L,NN,U,NA,333,50,20.1,3,18,25.8,4.1,12.5,KL,-,-,Orange,B444,1917,Orange,nestling
2881-65909,NA,TRES,PICO3,Picnic Grounds,5/30/2023,L,NN,U,NA,333,50,21.1,4,15,24.5,4.3,12.8,KL,-,-,Pink,B445,1918,Pink,nestling
2881-65910,NA,TRES,PICO3,Picnic Grounds,5/30/2023,L,NN,U,NA,333,50,20.1,4,16,25.5,4.6,12.7,KL,-,-,Green,B446,1919,Green,nestling
2881-65911,NA,TRES,PICO3,Picnic Grounds,5/30/2023,L,NN,U,NA,333,50,19,2,16,25.6,4.4,13,KL,-,-,Red,,1920,Red,nestling
2941-94401,NA,WEBL,PICO4,Picnic Grounds,4/12/2022,AHY,PL,F,PL,333,97,22.1,1,59,35.2,8,19.7,KL,-,-,B001,B001,1320,2941-94401,adult
NA,NA,WEBL,PICO4,Picnic Grounds,4/16/2022,L,NN,U,NA,300,14,13.3,3,0,24.1,3.6,13.6,KL,-,-,Red,-,968,Red,nestling
NA,NA,WEBL,PICO4,Picnic Grounds,4/16/2022,L,NN,U,NA,300,12,11.7,5,0,23.1,3.2,12.1,KL,-,-,Green,-,969,Green,nestling
NA,NA,WEBL,PICO4,Picnic Grounds,4/16/2022,L,NN,U,NA,300,15,13.8,4,0,24.1,3.5,14.3,KL,-,-,Purple,-,970,Purple,nestling
NA,NA,WEBL,PICO4,Picnic Grounds,4/22/2022,L,NN,U,NA,300,39,23.5,3,8,29.7,4.8,19.5,KL,-,-,Red ,B010,994,Red ,nestling
NA,NA,WEBL,PICO4,Picnic Grounds,4/22/2022,L,NN,U,NA,300,35,23.2,4,5,28.2,4.3,18.2,KL,-,-,Green ,B011,995,Green ,nestling
NA,NA,WEBL,PICO4,Picnic Grounds,4/22/2022,L,NN,U,NA,300,41,22.4,3,10,29.4,4.6,20.3,KL,-,-,Purple ,B012,996,Purple ,nestling
2941-94408,NA,WEBL,PICO4,Picnic Grounds,4/27/2022,L,NN,U,NA,333,58,23.9,4,24,30.7,5.4,19.6,KL,-,-,Green,B030,1327,Green,nestling
2941-94409,NA,WEBL,PICO4,Picnic Grounds,4/27/2022,L,NN,U,NA,333,63,24.4,4,28,31.4,5.2,21.2,KL,-,-,Purple,B031,1328,Purple,nestling
2941-94410,NA,WEBL,PICO4,Picnic Grounds,4/27/2022,L,NN,U,NA,333,61,26.6,3,25,30.7,5.6,19.8,KL,-,-,Red,-,1329,Red,nestling
NA,NA,WEBL,PICO4,Picnic Grounds,6/2/2022,L,NN,U,NA,300,10,6.6,3,0,19.1,2.4,9.1,CP,-,-,Blue,,1241,Blue,nestling
NA,NA,WEBL,PICO4,Picnic Grounds,6/2/2022,L,NN,U,NA,300,7,3.7,3,0,16.5,2.1,6.4,CP,-,-,Pink,,1242,Pink,nestling
NA,NA,WEBL,PICO4,Picnic Grounds,6/2/2022,L,NN,U,NA,300,9,4.5,3,0,17.1,2,6.7,CP,-,-,Purple,,1243,Purple,nestling
NA,NA,WEBL,PICO4,Picnic Grounds,6/2/2022,L,NN,U,NA,300,7,4.6,3,0,17.2,2.3,6.9,CP,-,-,Green,,1244,Green,nestling
NA,NA,WEBL,PICO4,Picnic Grounds,6/2/2022,L,NN,U,NA,300,9,5.5,4,0,18,2.4,6.8,CP,-,-,Red,,1245,Red,nestling
NA,NA,WEBL,PICO4,Picnic Grounds,6/2/2022,L,NN,U,NA,300,11,5.9,4,0,18.2,2.7,7.9,CP,-,-,Orange,,1246,Orange,nestling
2941-94401,NA,WEBL,PICO4,Picnic Grounds,6/6/2022,AHY,PL,F,PL,334,96,22.3,2,60,34.5,7.7,20.1,KL,OR/SV,GY/GY,,B267,1880,2941-94401,adult
NA,NA,WEBL,PICO4,Picnic Grounds,6/9/2022,L,NN,U,NA,300,30,20.7,4,3,28.9,5.2,23,KG,-,-,Red,-,826,Red,nestling
NA,NA,WEBL,PICO4,Picnic Grounds,6/9/2022,L,NN,U,NA,300,22,19.5,2,1,27.9,5,20.4,PGG,-,-,Pink B169,B169,827,Pink,nestling
NA,NA,WEBL,PICO4,Picnic Grounds,6/9/2022,L,NN,U,NA,300,28,20.9,5,2,27.8,4.8,18.6,KG,-,-,Green B170,B170,828,Green,nestling
NA,NA,WEBL,PICO4,Picnic Grounds,6/9/2022,L,NN,U,NA,300,26,19.2,3,1,27.4,5,19.9,PGG,-,-,Purple,-,829,Purple,nestling
NA,NA,WEBL,PICO4,Picnic Grounds,6/9/2022,L,NN,U,NA,300,32,20.7,4,4,27.6,4.6,20,KG,-,-,Blue,-,830,Blue,nestling
NA,NA,WEBL,PICO4,Picnic Grounds,6/9/2022,L,NN,U,NA,300,31,20.5,3,4,27.9,5.5,21.2,PGG,-,-,Orange,-,831,Orange,nestling
NA,NA,WEBL,PICO4,Picnic Grounds,5/23/2023,L,NN,U,NA,300,14,12.7,4,0,23.6,3.5,13.7,KL,-,-,Purple,,1555,Purple,nestling
NA,NA,WEBL,PICO4,Picnic Grounds,5/23/2023,L,NN,U,NA,300,17,14.5,4,1,24.7,3.5,14.8,KL,-,-,Green,,1556,Green,nestling
2941-94571,NA,WEBL,PICO4,Picnic Grounds,5/23/2023,AHY,PL,F,PL,333,96,27.6,4,59,36.6,8.8,19.5,KL,-,-,,B393,1580,2941-94571,adult
NA,NA,WEBL,PICO5,Picnic Grounds,5/14/2021,L,NN,U,NA,300,9,8.7,4,0,20.4,2.8,9.4,KL,-,-,Pink,-,235,Pink,nestling
NA,NA,WEBL,PICO5,Picnic Grounds,5/14/2021,L,NN,U,NA,300,15,13.1,4,0,22.7,3.4,13.1,KL,-,-,Purple,-,236,Purple,nestling
NA,NA,WEBL,PICO5,Picnic Grounds,5/14/2021,L,NN,U,NA,300,13,12.9,4,0,23.4,4,13.2,KL,-,-,Green,-,237,Green,nestling
NA,NA,WEBL,PICO5,Picnic Grounds,5/14/2021,L,NN,U,NA,300,12,10.3,4,1,21.8,3.2,11.7,KL,-,-,Blue,-,238,Blue,nestling
2941-18418,NA,WEBL,PICO5,Picnic Grounds,5/21/2021,L,NN,M,PL,333,46,26,3,14,29.9,5.2,20,KL,-,-,Purple,-,561,Purple,nestling
2941-18419,NA,WEBL,PICO5,Picnic Grounds,5/21/2021,L,NN,F,PL,333,42,23.5,3,11,29.3,5.1,20.5,KL,-,-,Blue,-,562,Blue,nestling
2941-18420,NA,WEBL,PICO5,Picnic Grounds,5/21/2021,L,NN,F,PL,333,47,25.6,3,15,30.3,5.3,20.8,KL,-,-,Green,-,563,Green,nestling
2941-18421,NA,WEBL,PICO5,Picnic Grounds,5/21/2021,L,NN,U,NA,333,37,24.5,3,7,28.4,5,19.5,KL,-,-,Pink,-,564,Pink,nestling
NA,NA,WEBL,PICO5,Picnic Grounds,7/9/2021,L,NN,U,NA,300,13,10.5,4,0,21.3,3.1,13.6,KG,-,-,Pink,-,504,Pink,nestling
NA,NA,WEBL,PICO5,Picnic Grounds,7/9/2021,L,NN,U,NA,300,13,9.5,3,0,21.3,3.1,11.9,KL,-,-,Yellow,-,505,Yellow,nestling
NA,NA,WEBL,PICO5,Picnic Grounds,7/9/2021,L,NN,U,NA,300,19,15.6,3,1,24.8,3.6,15.9,KG,-,-,Blue,-,506,Blue,nestling
NA,NA,WEBL,PICO5,Picnic Grounds,7/9/2021,L,NN,U,NA,300,20,16.2,4,1,25,4.4,15.9,KL,-,-,Purple,-,507,Purple,nestling
NA,NA,WEBL,PICO5,Picnic Grounds,7/9/2021,L,NN,U,NA,300,18,15.8,4,1,24.2,3.6,16,KG,-,-,Green,-,508,Green,nestling
NA,NA,WEBL,PICO5,Picnic Grounds,7/16/2021,L,NN,U,NA,300,53,25.4,3,15,30.1,4.8,20.4,KG,-,-,Green,-,523,Green,nestling
NA,NA,WEBL,PICO5,Picnic Grounds,7/16/2021,L,NN,U,NA,300,49,23.1,3,17,28.8,5.6,21.2,AM,-,-,Blue,-,524,Blue,nestling
NA,NA,WEBL,PICO5,Picnic Grounds,7/16/2021,L,NN,U,NA,300,53,27,2,18,29.9,4.6,21.8,KG,-,-,Purple,-,525,Purple,nestling
NA,NA,WEBL,PICO5,Picnic Grounds,7/16/2021,L,NN,U,NA,300,40,23.7,4,8,28.2,5,20.5,AM,-,-,Pink,-,526,Pink,nestling
NA,NA,WEBL,PICO5,Picnic Grounds,7/19/2021,L,NN,M,PL,300,63,25.5,4,25,30.3,5,20.4,KG,-,-,Blue,-,528,Blue,nestling
NA,NA,WEBL,PICO5,Picnic Grounds,7/19/2021,L,NN,M,PL,300,68,28.8,5,27,32.1,5,21.4,KG,-,-,Purple,-,529,Purple,nestling
NA,NA,WEBL,PICO5,Picnic Grounds,7/19/2021,L,NN,F,PL,300,58,25.4,5,17,30.3,5.5,21.2,KG,-,-,Pink,-,530,Pink,nestling
NA,NA,WEBL,PICO5,Picnic Grounds,7/19/2021,L,NN,M,PL,300,62,25,4,25,31.1,5.9,22.3,KG,-,-,Green,-,531,Green,nestling
2631-20620,NA,TRES,PICO5,Picnic Grounds,5/5/2022,SY,PL,F,BP,333,107,17.3,3,52,27.5,5.8,12.7,PGG,-,-,,B057,1894,2631-20620,adult
NA,NA,TRES,PICO5,Picnic Grounds,5/12/2022,L,NN,U,NA,300,16,10.1,4,0,19.6,3,10.8,VW,-,-,Green,-,710,Green,nestling
NA,NA,TRES,PICO5,Picnic Grounds,5/12/2022,L,NN,U,NA,300,17,9.3,3,0,20.2,3,9.9,KL,-,-,Blue,-,711,Blue,nestling
NA,NA,TRES,PICO5,Picnic Grounds,5/12/2022,L,NN,U,NA,300,16,10.3,4,0,20.2,3.2,11.4,VW,-,-,Orange,-,712,Orange,nestling
NA,NA,TRES,PICO5,Picnic Grounds,5/12/2022,L,NN,U,NA,300,17,9.5,4,0,19.4,3.1,11,YW,-,-,Pink,-,713,Pink,nestling
NA,NA,TRES,PICO5,Picnic Grounds,5/12/2022,L,NN,U,NA,300,17,9.7,4,0,19.6,3,10.9,KL,-,-,Red,-,714,Red,nestling
2881-65820,NA,TRES,PICO5,Picnic Grounds,5/12/2022,AHY,PL,M,CL,333,116,18.1,2,57,28.4,4.8,11.7,KL,-,-,B098,B098,1057,2881-65820,adult
2631-20620,NA,TRES,PICO5,Picnic Grounds,5/12/2022,SY,PL,F,BP,333,106,14.8,1,53,26.6,4.5,12.1,KL,-,-,,B097,1897,2631-20620,adult
2881-65828,NA,TRES,PICO5,Picnic Grounds,5/18/2022,L,NN,U,NA,333,48,18.7,3,13,24.9,4.3,13.8,KG,-,-,Blue,B214,1065,Blue,nestling
2881-65829,NA,TRES,PICO5,Picnic Grounds,5/18/2022,L,NN,U,NA,333,49,18,3,11,23.4,4.4,13.6,KG,-,-,Red,B215,1066,Red,nestling
2881-65830,NA,TRES,PICO5,Picnic Grounds,5/18/2022,L,NN,U,NA,333,46,18.6,2,13,25,4.5,13,KG,-,-,Green,B216,1067,Green,nestling
2881-65831,NA,TRES,PICO5,Picnic Grounds,5/18/2022,L,NN,U,NA,333,47,18.5,4,12,25.4,4,11.2,CP,-,-,Orange,,1068,Orange,nestling
2881-65832,NA,TRES,PICO5,Picnic Grounds,5/18/2022,L,NN,U,NA,333,48,17.9,3,12,25.6,4,10.9,CP,-,-,Pink,,1069,Pink,nestling
2941-94403,NA,WEBL,PICO5,Picnic Grounds,4/25/2023,AHY,PL,F,PL,334,102,20.8,2,60,35.3,8,20.7,KL,SV/WH,OR/GY,,B428,2073,2941-94403,adult
2941-94403,NA,WEBL,PICO5,Picnic Grounds,5/2/2023,AHY,PL,F,PL,334,102,-,-,-,-,-,-,KL,SV/WH,OR/GY,,B359,2074,2941-94403,adult
NA,NA,WEBL,PICO6,Picnic Grounds,5/7/2021,L,NN,U,NA,300,10,7,4,0,19.5,2.8,11,KL,-,-,Paul,-,55,Single,nestling
NA,NA,WEBL,PICO6,Picnic Grounds,5/14/2021,L,NN,U,NA,300,34,22.9,3,5,28.4,4.9,20.9,KL,-,-,Paul <3,-,239,Single,nestling
2941-18410,NA,WEBL,PICO6,Picnic Grounds,5/17/2021,L,NN,F,PL,333,49,27.7,4,15,31,6.6,21.9,AG,-,-,Only chick,-,553,Single,nestling
NA,NA,TRES,PICO6,Picnic Grounds,5/24/2022,L,NN,U,NA,300,7,2.3,3,0,12.8,2,5.1,VW,-,-,Red,,1211,Red,nestling
NA,NA,TRES,PICO6,Picnic Grounds,5/24/2022,L,NN,U,NA,300,7,2,4,0,12.7,1.8,4.7,KL,-,-,Purple,,1212,Purple,nestling
NA,NA,TRES,PICO6,Picnic Grounds,5/24/2022,L,NN,U,NA,300,8,2.5,2,0,13.6,2.2,6.2,VW,-,-,Green,,1213,Green,nestling
NA,NA,TRES,PICO6,Picnic Grounds,5/24/2022,L,NN,U,NA,300,7,3,4,0,13.6,1.8,5,KL,-,-,Blue,,1214,Blue,nestling
2881-17944,NA,TRES,PICO6,Picnic Grounds,5/24/2022,SY,PL,F,BP,333,111,18.5,3,54,28.6,5.3,12.6,KL,-,-,,B249,1901,2881-17944,adult
2881-65726,NA,TRES,PICO6,Picnic Grounds,6/3/2022,L,NN,U,NA,333,47,19.3,2,10,24.2,3.6,12,KG,-,-,unknown color,B158,1288,2881-65726,nestling
2881-65727,NA,TRES,PICO6,Picnic Grounds,6/3/2022,L,NN,U,NA,333,44,18.3,3,12,24.8,4,11.4,KL,-,-,unknown color,B159,1289,2881-65727,nestling
2881-65728,NA,TRES,PICO6,Picnic Grounds,6/3/2022,L,NN,U,NA,333,48,18.3,4,12,24.2,3.4,10.9,KG,-,-,unknown color,B160,1290,2881-65728,nestling
2881-65729,NA,TRES,PICO6,Picnic Grounds,6/3/2022,L,NN,U,NA,333,37,19.4,3,7,24.5,3.5,12.3,KL,-,-,unknown color,B161,1291,2881-65729,nestling
NA,NA,WEBL,PICO7,PIcnic Grounds,6/30/2022,L,NN,U,NA,300,18,16.5,4,1,25.2,3.7,15.3,KL,-,-,Orange,,1406,Orange,nestling
NA,NA,WEBL,PICO7,PIcnic Grounds,6/30/2022,L,NN,U,NA,300,19,17.2,5,1,25.4,3.7,15.9,KL,-,-,Purple,,1407,Purple,nestling
NA,NA,WEBL,PICO7,PIcnic Grounds,6/30/2022,L,NN,U,NA,300,14,13.2,4,1,23.2,3.5,13.3,KL,-,-,Pink,,1408,Pink,nestling
2941-94411,NA,WEBL,PICO7,Picnic Grounds,7/6/2022,AHY,PL,F,PL,334,100,24.8,2,61,35.3,8.4,21.2,KL,OR/SV,WH/GY,,B327,1907,2941-94411,adult
2941-94450,NA,WEBL,PICO7,Picnic Grounds,7/7/2022,L,NN,F,PL,334,51,25.4,1,15,31.5,5.8,21.5,VW,GY/WH,SV/OR,Purple,B333,1369,Purple,nestling
2941-94451,NA,WEBL,PICO7,Picnic Grounds,7/7/2022,L,NN,F,PL,334,45,24.7,3,12,30.5,5.6,22.2,VW,GY/WH,SV/OR,Pink,B334,1370,Pink,nestling
2941-94452,NA,WEBL,PICO7,Picnic Grounds,7/7/2022,L,NN,M,PL,334,51,24.5,3,16,31.2,5.7,20.2,KL,GY/WH,SV/OR,Orange,B335,1371,Orange,nestling
2941-94411,NA,WEBL,PICO8,Picnic Grounds,4/27/2022,AHY,PL,F,PL,333,101,25.9,3,61,35,8.6,20.1,KL,-,-,,B033,1330,2941-94411,adult
NA,NA,WEBL,PICO8,Picnic Grounds,4/28/2022,L,NN,U,NA,300,11,10.2,3,0,22.5,3.1,12.7,PGG,-,-,Red,-,946,Red,nestling
NA,NA,WEBL,PICO8,Picnic Grounds,4/28/2022,L,NN,U,NA,300,12,11.1,4,1,22.3,3,12,VW,-,-,Green,-,947,Green,nestling
NA,NA,WEBL,PICO8,Picnic Grounds,4/28/2022,L,NN,U,NA,300,12,10.8,4,0,22.5,3.2,11.4,KL,-,-,Blue,-,948,Blue,nestling
NA,NA,WEBL,PICO8,Picnic Grounds,4/28/2022,L,NN,U,NA,300,12,10.3,3,0,22.2,3.1,13,PGG,-,-,Pink,-,949,Pink,nestling
NA,NA,WEBL,PICO8,Picnic Grounds,4/28/2022,L,NN,U,NA,300,10,7.9,4,0,20,2.9,8.5,VW,-,-,Orange,-,950,Orange,nestling
NA,NA,WEBL,PICO8,Picnic Grounds,5/5/2022,L,NN,U,NA,300,41,25.2,4,11,31,5.4,21.4,KL,-,-,Red B058,B058,670,Red,nestling
NA,NA,WEBL,PICO8,Picnic Grounds,5/5/2022,L,NN,U,NA,300,39,24.9,5,9,29.8,6.4,23.4,PGG,-,-,Green B059,B059,671,Green,nestling
NA,NA,WEBL,PICO8,Picnic Grounds,5/5/2022,L,NN,U,NA,300,36,23,4,6,28.9,5.6,21,KL,-,-,Orange B060,B060,672,Orange,nestling
NA,NA,WEBL,PICO8,Picnic Grounds,5/5/2022,L,NN,U,NA,300,44,25.6,5,10,30.9,5.5,21.1,PGG,-,-,Blue B061,B061,673,Blue,nestling
NA,NA,WEBL,PICO8,Picnic Grounds,5/5/2022,L,NN,U,NA,300,38,25.6,4,10,30.7,5.2,22,KL,-,-,Pink,,674,Pink,nestling
2941-94514,NA,WEBL,PICO8,Picnic Grounds,5/10/2022,L,NN,M,PL,333,64,26,4,28,31.6,4.9,21.9,KG,-,-,Red ,B114,751,Red ,nestling
2941-94515,NA,WEBL,PICO8,Picnic Grounds,5/10/2022,L,NN,F,PL,333,62,25.8,3,21,31.4,4.8,20.1,PGG,-,-,Orange ,B115,752,Orange ,nestling
2941-94516,NA,WEBL,PICO8,Picnic Grounds,5/10/2022,L,NN,F,PL,333,67,24.9,3,28,32,5.7,19.1,KG,-,-,Blue,-,753,Blue,nestling
2941-94517,NA,WEBL,PICO8,Picnic Grounds,5/10/2022,L,NN,M,PL,333,61,23,2,23,32.1,5.3,21.2,PGG,-,-,Pink,-,754,Pink,nestling
2941-94518,NA,WEBL,PICO8,Picnic Grounds,5/10/2022,L,NN,F,PL,333,66,25,3,28,32,5,19.4,KG,-,-,Green,-,755,Green,nestling
NA,NA,WEBL,PICO9,Picnic Grounds,4/28/2022,L,NN,U,NA,300,8,5.6,4,0,18.3,2.3,9.8,PGG,-,-,Pink,-,941,Pink,nestling
NA,NA,WEBL,PICO9,Picnic Grounds,4/28/2022,L,NN,U,NA,300,8,4.7,3,0,17.9,2.5,7.8,VW,-,-,Yellow,-,942,Yellow,nestling
NA,NA,WEBL,PICO9,Picnic Grounds,4/28/2022,L,NN,U,NA,300,9,5.5,4,0,17.7,2.2,7.6,KL,-,-,Orange,-,943,Orange,nestling
NA,NA,WEBL,PICO9,Picnic Grounds,4/28/2022,L,NN,U,NA,300,8,5.6,4,0,18,2.4,9.6,PGG,-,-,Red,-,944,Red,nestling
NA,NA,WEBL,PICO9,Picnic Grounds,4/28/2022,L,NN,U,NA,300,7,3.8,3,0,17.4,2.5,6.5,VW,-,-,Green,-,945,Green,nestling
2941-94412,NA,WEBL,PICO9,Picnic Grounds,4/28/2022,AHY,PL,F,PL,333,96,25.4,3,57,35.5,9.1,22.3,KL,-,-,,B042,1331,2941-94412,adult
NA,NA,WEBL,PICO9,Picnic Grounds,5/5/2022,L,NN,U,NA,300,29,22.4,4,4,26.6,4.6,21.2,PGG,-,-,Yellow B062,B062,675,Yellow,nestling
NA,NA,WEBL,PICO9,Picnic Grounds,5/5/2022,L,NN,U,NA,300,32,23.7,4,3,28.4,4.7,19.4,KL,-,-,Pink B063,B063,676,Pink,nestling
NA,NA,WEBL,PICO9,Picnic Grounds,5/5/2022,L,NN,U,NA,300,31,24.5,4,4,28.9,4.8,19.4,KL,-,-,Orange B064,B064,677,Orange,nestling
NA,NA,WEBL,PICO9,Picnic Grounds,5/5/2022,L,NN,U,NA,300,31,23,4,4,28.5,3.9,20.4,PGG,-,-,Red B065,B065,678,Red,nestling
NA,NA,WEBL,PICO9,Picnic Grounds,5/5/2022,L,NN,U,NA,300,26,20.5,4,3,27.6,4.3,18.5,KL,-,-,Green,-,679,Green,nestling
2941-94519,NA,WEBL,PICO9,Picnic Grounds,5/10/2022,L,NN,M,PL,333,55,26.6,5,13,29.8,5.2,23.7,PGG,-,-,Red ,B116,756,Red ,nestling
2941-94520,NA,WEBL,PICO9,Picnic Grounds,5/10/2022,L,NN,M,PL,333,58,28.1,3,17,31.1,4.7,19.5,KG,-,-,Pink ,B117,757,Pink ,nestling
2941-94521,NA,WEBL,PICO9,Picnic Grounds,5/10/2022,L,NN,M,PL,333,48,26.7,5,20,28.3,5.8,20.4,PGG,-,-,Green,-,758,Green,nestling
2941-94522,NA,WEBL,PICO9,Picnic Grounds,5/10/2022,L,NN,M,PL,333,56,28.4,4,18,31.5,4.9,19.1,KG,-,-,Orange,-,759,Orange,nestling
2941-94523,NA,WEBL,PICO9,Picnic Grounds,5/10/2022,L,NN,M,PL,333,52,24.8,3,15,30.4,5.5,22.6,PGG,-,-,Yellow,-,760,Yellow,nestling
NA,NA,WEBL,PICR1,Picnic Grounds,5/16/2023,L,NN,U,NA,300,6,2.5,4,0,15.3,3,6.9,AS,-,-,Purple,,1504,Purple,nestling
NA,NA,WEBL,PICR1,Picnic Grounds,5/16/2023,L,NN,U,NA,300,5,2.8,4,0,14.3,2.8,6.8,AS,-,-,Green,,1505,Green,nestling
NA,NA,WEBL,PICR1,Picnic Grounds,5/16/2023,L,NN,U,NA,300,9,2.9,3,0,15.4,3.1,7.2,AS,-,-,Blue,,1506,Blue,nestling
2941-94554,NA,WEBL,PICR1,Picnic Grounds,5/16/2023,AHY,PL,F,PL,333,99,26.4,3,64,32.7,7.3,20.3,KL,-,-,,B370,1563,2941-94554,adult
NA,NA,WEBL,PICR1,Picnic Grounds,5/27/2023,L,NN,U,NA,300,37,23.8,4,8,27.8,4.6,19.9,KL,-,-,Blue2,B438,1619,Blue2,nestling
NA,NA,WEBL,PICR1,Picnic Grounds,5/27/2023,L,NN,U,NA,300,31,17.4,4,6,28.2,4.3,19.2,KL,-,-,Red2,B439,1620,Red2,nestling
NA,NA,WEBL,PICR1,Picnic Grounds,5/27/2023,L,NN,U,NA,300,33,23.6,3,6,29.2,4.8,19.2,KL,-,-,Pink2,B440,1621,Pink2,nestling
NA,NA,WEBL,PICR1,Picnic Grounds,5/27/2023,L,NN,U,NA,300,39,23.4,4,11,28.8,5.1,20,KL,-,-,Orange2,,1622,Orange2,nestling
NA,NA,WEBL,PICR1,Picnic Grounds,5/27/2023,L,NN,U,NA,300,41,23.7,4,12,29.5,4.6,20.1,KL,-,-,Purple2,,1623,Purple2,nestling
2941-94573,NA,WEBL,PICR1,Picnic Grounds,5/30/2023,L,NN,F,PL,333,48,25.4,4,15,30.4,5.5,20.2,KL,-,-,Pink,B447,1582,Pink2,nestling
2941-94574,NA,WEBL,PICR1,Picnic Grounds,5/30/2023,L,NN,M,PL,333,53,25.5,4,22,30.7,4.6,20.4,KL,-,-,Purple,B448,1583,Purple2,nestling
2941-94575,NA,WEBL,PICR1,Picnic Grounds,5/30/2023,L,NN,F,PL,333,51,26,4,20,29.9,4.9,20.2,KL,-,-,Blue,B449,1584,Blue2,nestling
2941-94576,NA,WEBL,PICR1,Picnic Grounds,5/30/2023,L,NN,F,PL,333,44,22.7,4,14,29.4,4.6,20.3,KL,-,-,Red,,1585,Red2,nestling
2941-94577,NA,WEBL,PICR1,Picnic Grounds,5/30/2023,L,NN,F,PL,333,53,25.8,4,22,30.5,5.1,20.1,KL,-,-,Orange,,1586,Orange2,nestling
2881-65920,NA,TRES,PICR1,Picnic Grounds,6/29/2023,AHY,PL,F,BP,333,107,19.8,4,52,27.4,5.5,11.8,KL,-,-,,B523,1929,2881-65920,adult
NA,NA,TRES,PICR1,Picnic Grounds,6/29/2023,L,NN,U,NA,300,6,1.6,5,0,12.3,1.3,4.2,RK,-,-,Blue,,1981,Blue,nestling
NA,NA,TRES,PICR1,Picnic Grounds,6/29/2023,L,NN,U,NA,300,6,1.3,5,0,11.4,1.4,4.2,RK,-,-,Purple,,1982,Purple,nestling
NA,NA,TRES,PICR1,Picnic Grounds,6/29/2023,L,NN,U,NA,300,6,1.6,5,0,12.1,1.5,3.9,RK,-,-,Green,,1983,Green,nestling
NA,NA,TRES,PICR1,Picnic Grounds,7/4/2023,L,NN,U,NA,300,16,9.3,4,0,19.2,3.4,9.2,YZ,-,-,Green,,2003,Green,nestling
NA,NA,TRES,PICR1,Picnic Grounds,7/4/2023,L,NN,U,NA,300,18,10.3,5,0,19,3.4,9.1,YZ,-,-,Red2,,2004,Red2,nestling
NA,NA,TRES,PICR1,Picnic Grounds,7/4/2023,L,NN,U,NA,300,9,5.1,4,0,16.5,2.3,7.4,RK,-,-,Purple2,,2005,Purple2,nestling
NA,NA,TRES,PICR1,Picnic Grounds,7/4/2023,L,NN,U,NA,300,16,9.6,4,0,18.9,2.9,9.4,YZ,-,-,Orange2,,2006,Orange2,nestling
2881-65936,NA,TRES,PICR1,Picnic Grounds,7/11/2023,L,NN,U,NA,333,56,20.7,4,20,25.4,4.2,11.1,RK,-,-,Orange,B561,1945,Orange2,nestling
2881-65937,NA,TRES,PICR1,Picnic Grounds,7/11/2023,L,NN,U,NA,333,57,19.2,4,19,24.9,4.5,11,YZ,-,-,Red,B562,1946,Red2,nestling
2881-65938,NA,TRES,PICR1,Picnic Grounds,7/11/2023,L,NN,U,NA,333,44,20,4,10,24.8,4,11.3,RK,-,-,Purple,B563,1947,Purple2,nestling
2881-65939,NA,TRES,PICR1,Picnic Grounds,7/11/2023,L,NN,U,NA,333,56,21.7,4,17,25.5,4,11.6,YZ,-,-,Green,B564,1948,Green,nestling
NA,NA,WEBL,PICR10,Picnic Grounds,6/18/2021,L,NN,U,NA,300,17,14.3,3,1,24.7,4.5,15.2,KL,-,-,Blue,-,435,Blue,nestling
NA,NA,WEBL,PICR10,Picnic Grounds,6/18/2021,L,NN,U,NA,300,17,15.3,4,1,24.5,3.9,15.1,KL,-,-,Yellow,-,436,Yellow,nestling
NA,NA,WEBL,PICR10,Picnic Grounds,6/18/2021,L,NN,U,NA,300,13,11.7,3,1,23.3,3.7,13.3,KL,-,-,Pink,-,437,Pink,nestling
NA,NA,WEBL,PICR10,Picnic Grounds,6/18/2021,L,NN,U,NA,300,18,15.7,4,1,24.8,4.2,14.4,KL,-,-,Purple,-,438,Purple,nestling
2941-18454,NA,WEBL,PICR10,Picnic Grounds,6/25/2021,L,NN,M,PL,333,54,30.7,5,15,31.2,5.8,24.8,KG,-,-,Blue,-,597,Blue,nestling
2941-18455,NA,WEBL,PICR10,Picnic Grounds,6/25/2021,L,NN,F,PL,333,56,28.4,4,13,28.5,4.4,21.4,KG,-,-,Pink,-,598,Pink,nestling
2941-18456,NA,WEBL,PICR10,Picnic Grounds,6/25/2021,L,NN,F,PL,333,54,30.4,5,6,30.6,5.3,21.1,KG,-,-,Purple,-,599,Purple,nestling
2941-18457,NA,WEBL,PICR10,Picnic Grounds,6/25/2021,L,NN,F,PL,333,52,29.1,5,16,29.9,5,21.2,KG,-,-,Yellow,-,600,Yellow,nestling
NA,NA,TRES,PICR10,Picnic Grounds,5/12/2022,L,NN,U,NA,300,12,7.3,3,0,17.6,2.6,9.5,PGG,-,-,Purple,,1822,Purple,nestling
NA,NA,TRES,PICR10,Picnic Grounds,5/12/2022,L,NN,U,NA,300,13,8.4,3,0,19.5,3,9.5,KG,-,-,Yellow,,1823,Yellow,nestling
NA,NA,TRES,PICR10,Picnic Grounds,5/12/2022,L,NN,U,NA,300,8,3.1,3,0,15,2.6,8.1,SM,-,-,Orange,,1824,Orange,nestling
NA,NA,TRES,PICR10,Picnic Grounds,5/12/2022,L,NN,U,NA,300,12,7.9,2,0,17.5,2.4,9,PGG,-,-,Red,,1825,Red,nestling
NA,NA,TRES,PICR10,Picnic Grounds,5/12/2022,L,NN,U,NA,300,14,8.9,4,0,19.2,2.8,9,KG,-,-,Blue,,1826,Blue,nestling
NA,NA,TRES,PICR10,Picnic Grounds,5/12/2022,L,NN,U,NA,300,12,6.9,3,0,17.3,2.3,8.5,PGG,-,-,Pink,,1827,Pink,nestling
2881-65834,NA,TRES,PICR10,Picnic Grounds,5/19/2022,L,NN,U,NA,333,48,19.9,3,10,25.2,3.4,11.7,CP,-,-,Red,B225,1099,Red,nestling
2881-65835,NA,TRES,PICR10,Picnic Grounds,5/19/2022,L,NN,U,NA,333,48,22.2,4,13,25.1,3.8,10.9,VW,-,-,,B226,1100,2881-65835,nestling
2881-65836,NA,TRES,PICR10,Picnic Grounds,5/19/2022,L,NN,U,NA,333,46,21.3,3,10,26.5,4.5,11.5,VW,-,-,Yellow,B227,1101,Yellow,nestling
2881-65837,NA,TRES,PICR10,Picnic Grounds,5/19/2022,L,NN,U,NA,333,45,20.5,4,11,25,3.9,12,VW,-,-,Pink,B228,1102,Pink,nestling
2881-65838,NA,TRES,PICR10,Picnic Grounds,5/19/2022,L,NN,U,NA,333,50,18.2,4,16,26.6,4.4,11.9,KL,-,-,Blue,,1103,Blue,nestling
2881-65877,NA,TRES,PICR10,Picnic Grounds,6/30/2022,AHY,PL,F,BP,333,111,17.1,3,55,28.5,5.5,11.5,KL,-,-,,B312,1142,2881-65877,adult
NA,NA,TRES,PICR10,PIcnic Grounds,6/30/2022,L,NN,U,NA,300,9,5.6,2,0,16.5,2.3,7.5,KL,-,-,Pink,,1403,Pink,nestling
NA,NA,TRES,PICR10,PIcnic Grounds,6/30/2022,L,NN,U,NA,300,11,5,4,0,16.3,2.2,7.4,KL,-,-,Orange,,1404,Orange,nestling
NA,NA,TRES,PICR10,PIcnic Grounds,6/30/2022,L,NN,U,NA,300,7,3,4,0,13.4,1.5,6.1,KL,-,-,Green,,1405,Green,nestling
2881-65751,NA,TRES,PICR10,Picnic Grounds,7/10/2022,L,NN,U,NA,333,43,18.4,4,8,23.8,4.5,13,KG,-,-,Green,,1312,Green,nestling
2881-65752,NA,TRES,PICR10,Picnic Grounds,7/10/2022,L,NN,U,NA,333,55,17.5,3,15,24,4.8,12.4,KG,-,-,Orange,,1313,Orange,nestling
NA,NA,WEBL,PICR10,Picnic Grounds,5/9/2023,L,NN,U,NA,300,10,7.5,4,0,20.5,3,9.5,KL,-,-,Pink,,1474,Pink,nestling
NA,NA,WEBL,PICR10,Picnic Grounds,5/9/2023,L,NN,U,NA,300,10,7.6,4,0,20.2,3.1,10.2,KL,-,-,Red,,1475,Red,nestling
NA,NA,WEBL,PICR10,Picnic Grounds,5/9/2023,L,NN,U,NA,300,9,6.6,4,0,18.2,2.8,9.1,KL,-,-,Purple,,1476,Purple,nestling
NA,NA,WEBL,PICR10,Picnic Grounds,5/9/2023,L,NN,U,NA,300,10,7.8,4,0,20.6,2.7,9.8,KL,-,-,Blue,,1477,Blue,nestling
NA,NA,WEBL,PICR10,Picnic Grounds,5/9/2023,L,NN,U,NA,300,9,6.8,4,0,19.7,2.8,9.8,KL,-,-,Green,,1478,Green,nestling
2941-94553,NA,WEBL,PICR10,Picnic Grounds,5/9/2023,AHY,PL,F,PL,334,97,25.7,2,59,35.9,8.4,19.7,KL,WH/SV,OR/GY,,B360,1562,2941-94553,adult
NA,NA,WEBL,PICR10,Picnic Grounds,5/16/2023,L,NN,U,NA,300,32,22.7,2,6,26.5,5.6,20.9,AS,-,-,Blue,B367,1499,Blue,nestling
NA,NA,WEBL,PICR10,Picnic Grounds,5/16/2023,L,NN,U,NA,300,29,22.5,3,6,29,5.1,21.5,AS,-,-,Purple,B368,1500,Purple,nestling
NA,NA,WEBL,PICR10,Picnic Grounds,5/16/2023,L,NN,U,NA,300,32,21.6,3,8,28.7,5.8,20.6,AS,-,-,Pink,B369,1501,Pink,nestling
NA,NA,WEBL,PICR10,Picnic Grounds,5/16/2023,L,NN,U,NA,300,32,22.6,2,7,24.9,6,23.2,AS,-,-,Green,,1502,Green,nestling
NA,NA,WEBL,PICR10,Picnic Grounds,5/16/2023,L,NN,U,NA,300,33,23.3,3,8,27.4,6.8,23.1,AS,-,-,Red,,1503,Red,nestling
2941-94561,NA,WEBL,PICR10,Picnic Grounds,5/20/2023,L,NN,M,PL,333,55,24.4,3,19,30.3,5.2,20.5,KL,-,-,Pink,B382,1570,Pink,nestling
2941-94562,NA,WEBL,PICR10,Picnic Grounds,5/20/2023,L,NN,M,PL,333,52,24.1,3,22,30.3,5.1,20.1,KL,-,-,Blue,B383,1571,Blue,nestling
2941-94563,NA,WEBL,PICR10,Picnic Grounds,5/20/2023,L,NN,F,PL,333,53,24.4,4,20,30.7,5.3,21.7,KL,-,-,Green,,1572,Green,nestling
2941-94564,NA,WEBL,PICR10,Picnic Grounds,5/20/2023,L,NN,F,PL,333,53,24.2,4,20,30.8,5.6,20.4,KL,-,-,Red,,1573,Red,nestling
2941-94565,NA,WEBL,PICR10,Picnic Grounds,5/20/2023,L,NN,M,PL,333,49,24,3,17,30.8,5.2,20.9,KL,-,-,Purple,,1574,Purple,nestling
2941-94563,NA,WEBL,PICR10,Picnic Grounds,6/6/2023,L,NN,F,PL,333,-,-,-,-,-,-,-,KL,-,-,Mortality,,2088,2941-94563,nestling
NA,NA,TRES,PICR3,Picnic Grounds,6/11/2021,L,NN,U,NA,300,7,2.8,4,0,13.6,2.1,5.7,KL,-,-,Yellow,-,400,Yellow,nestling
NA,NA,TRES,PICR3,Picnic Grounds,6/11/2021,L,NN,U,NA,300,6,2.4,5,0,13.1,1.3,5.2,KG,-,-,Pink,-,401,Pink,nestling
NA,NA,TRES,PICR3,Picnic Grounds,6/11/2021,L,NN,U,NA,300,8,2.7,4,0,13.8,1.7,5.1,KL,-,-,Blue,-,402,Blue,nestling
NA,NA,TRES,PICR3,Picnic Grounds,6/18/2021,L,NN,U,NA,300,25,12.7,4,3,21.6,3.6,9.8,KL,-,-,Pink,-,432,Pink,nestling
NA,NA,TRES,PICR3,Picnic Grounds,6/18/2021,L,NN,U,NA,300,30,13.8,4,5,22.1,3.5,10.6,KL,-,-,Yellow,-,433,Yellow,nestling
NA,NA,TRES,PICR3,Picnic Grounds,6/18/2021,L,NN,U,NA,300,32,15.6,3,4,23.2,3.7,10.6,KL,-,-,Blue,-,434,Blue,nestling
2631-20710,NA,TRES,PICR3,Picnic Grounds,6/23/2021,L,NN,U,NA,333,59,20.9,3,20,25.4,4.2,12,KL,-,-,Blue,-,619,Blue,nestling
2631-20711,NA,TRES,PICR3,Picnic Grounds,6/23/2021,L,NN,U,NA,333,61,18.7,3,20,23.5,4,12.4,KG,-,-,Yellow,-,620,Yellow,nestling
2631-20712,NA,TRES,PICR3,Picnic Grounds,6/23/2021,L,NN,U,NA,333,54,18.9,3,14,22.3,3.5,11.5,KG,-,-,Pink,-,621,Pink,nestling
NA,NA,TRES,PICR3,Picnic Grounds,5/19/2022,L,NN,U,NA,300,26,13,4,2,22.1,3.8,12.7,VW,-,-,Red,-,787,Red,nestling
NA,NA,TRES,PICR3,Picnic Grounds,5/19/2022,L,NN,U,NA,300,27,13.3,2,2,22.7,3.3,10.1,CP,-,-,Purple,-,788,Purple,nestling
NA,NA,TRES,PICR3,Picnic Grounds,5/19/2022,L,NN,U,NA,300,25,13.2,4,1,22.1,3.9,11.9,VW,-,-,Blue,-,789,Blue,nestling
NA,NA,TRES,PICR3,Picnic Grounds,5/19/2022,L,NN,U,NA,300,26,13.7,3,2,21.3,3.6,12.5,VW,-,-,Green,-,790,Green,nestling
NA,NA,TRES,PICR3,Picnic Grounds,5/19/2022,L,NN,U,NA,300,22,10.8,3,1,21.1,3.6,11.3,VW,-,-,Orange,-,791,Orange,nestling
2631-20668,NA,TRES,PICR3,Picnic Grounds,5/19/2022,SY,PL,F,BP,333,106,15,4,44,25.7,5.5,10.8,KL,-,-,,B223,1899,2631-20668,adult
2881-65844,NA,TRES,PICR3,Picnic Grounds,5/24/2022,L,NN,U,NA,333,49,18.3,2,15,25.9,4.1,12.4,KL,-,-,Green B247,B247,1109,Green,nestling
2881-65845,NA,TRES,PICR3,Picnic Grounds,5/24/2022,L,NN,U,NA,333,49,18.4,3,13,25.7,4.3,12.3,KL,-,-,Blue,B248,1110,Blue,nestling
2881-65846,NA,TRES,PICR3,Picnic Grounds,5/24/2022,L,NN,U,NA,333,48,17.3,3,15,24.9,4.6,11.8,KL,-,-,Red,,1111,Red,nestling
2881-65847,NA,TRES,PICR3,Picnic Grounds,5/24/2022,L,NN,U,NA,333,44,16.9,3,12,24.5,3.8,12.1,KL,-,-,Orange,,1112,Orange,nestling
2881-65848,NA,TRES,PICR3,Picnic Grounds,5/24/2022,L,NN,U,NA,333,49,16.1,3,14,24.7,3.9,11.9,KL,-,-,Purple,,1113,Purple,nestling
NA,NA,TRES,PICR3,Picnic Grounds,6/6/2023,L,NN,U,NA,300,6,2.2,4,0,13.1,1.7,4.9,KL,-,-,Purple,,1561,Purple,nestling
NA,NA,TRES,PICR3,Picnic Grounds,6/6/2023,L,NN,U,NA,300,7,2.2,4,0,13.5,1.9,5.5,KL,-,-,Red,,1953,Red,nestling
NA,NA,TRES,PICR3,Picnic Grounds,6/6/2023,L,NN,U,NA,300,6,1.8,4,0,11.8,1.5,5.2,KL,-,-,Green,,1954,Green,nestling
NA,NA,TRES,PICR3,Picnic Grounds,6/6/2023,L,NN,U,NA,300,7,2.7,4,0,14,2,5.3,KL,-,-,Blue,,1955,Blue,nestling
2881-65705,NA,TRES,PICR3,Picnic Grounds,6/6/2023,SY,PL,F,BP,333,110,18.7,4,56,25.8,4.9,12.1,KL,-,-,,B474,2087,2881-65705,adult
NA,NA,WEBL,PICR4,Picnic Grounds,5/14/2021,L,NN,U,NA,300,9,7.9,4,0,19.6,2.5,9.1,KL,-,-,Green,-,240,Green,nestling
NA,NA,WEBL,PICR4,Picnic Grounds,5/14/2021,L,NN,U,NA,300,10,6.6,4,0,20.1,2.7,7.9,KL,-,-,Purple,-,241,Purple,nestling
NA,NA,WEBL,PICR4,Picnic Grounds,5/14/2021,L,NN,U,NA,300,10,7.9,3,0,21.1,2.6,8.6,KL,-,-,Pink,-,242,Pink,nestling
NA,NA,WEBL,PICR4,Picnic Grounds,5/14/2021,L,NN,U,NA,300,9,6,4,0,19.5,2.3,7.8,KL,-,-,Yellow,-,243,Yellow,nestling
NA,NA,WEBL,PICR4,Picnic Grounds,5/14/2021,L,NN,U,NA,300,10,9,3,0,20.4,3.9,9.6,KL,-,-,Blue,-,244,Blue,nestling
NA,NA,WEBL,PICR4,Picnic Grounds,5/14/2021,L,NN,U,NA,300,9,7.3,4,0,19.2,2.4,9,KL,-,-,Orange,-,245,Orange,nestling
NA,NA,WEBL,PICR4,Picnic Grounds,5/21/2021,L,NN,U,NA,300,16,16.4,4,0,24.2,3.7,14,KL,-,-,Orange,-,298,Orange,nestling
NA,NA,WEBL,PICR4,Picnic Grounds,5/21/2021,L,NN,U,NA,300,16,15.2,3,0,25.6,3.7,13.2,KL,-,-,Purple,-,299,Purple,nestling
NA,NA,WEBL,PICR4,Picnic Grounds,5/21/2021,L,NN,U,NA,300,17,15.3,3,0,25.3,3.6,13.8,KL,-,-,Blue,-,300,Blue,nestling
NA,NA,WEBL,PICR4,Picnic Grounds,5/21/2021,L,NN,U,NA,300,18,15.9,3,0,24.3,3.5,13.3,KL,-,-,Pink,-,301,Pink,nestling
2941-18432,NA,WEBL,PICR4,Picnic Grounds,5/27/2021,L,NN,M,PL,333,44,24.8,2,13,29,4.5,18.9,KL,-,-,Pink,-,575,Pink,nestling
2941-18433,NA,WEBL,PICR4,Picnic Grounds,5/27/2021,L,NN,F,PL,333,44,25.9,2,9,29.3,4.7,18.6,KL,-,-,Purple,-,576,Purple,nestling
2941-18434,NA,WEBL,PICR4,Picnic Grounds,5/27/2021,L,NN,F,PL,333,42,24.9,3,10,27.6,4.6,19.2,KL,-,-,Orange,-,577,Orange,nestling
2941-18435,NA,WEBL,PICR4,Picnic Grounds,5/27/2021,L,NN,U,NA,333,49,27,4,12,28.9,4.8,19.9,KL,-,-,Blue,-,578,Blue,nestling
NA,NA,WEBL,PICR4,Picnic Grounds,5/5/2022,L,NN,U,NA,300,8,,3,0,18.2,2.1,8.3,KG,-,-,Blue,,1803,Blue,nestling
NA,NA,WEBL,PICR4,Picnic Grounds,5/5/2022,L,NN,U,NA,300,7,,3,0,17.6,2.8,6.7,KG,-,-,Orange,,1804,Orange,nestling
NA,NA,WEBL,PICR4,Picnic Grounds,5/5/2022,L,NN,U,NA,300,7,,4,0,17,2.5,6.8,KG,-,-,Pink,,1805,Pink,nestling
NA,NA,WEBL,PICR4,Picnic Grounds,5/5/2022,L,NN,U,NA,300,8,,4,0,17.2,2.3,8.2,KG,-,-,Purple,,1806,Purple,nestling
NA,NA,WEBL,PICR4,Picnic Grounds,5/12/2022,L,NN,U,NA,300,27,21.5,3,3,27.9,4.8,18.5,KG,-,-,Pink,B120,1830,Pink,nestling
NA,NA,WEBL,PICR4,Picnic Grounds,5/12/2022,L,NN,U,NA,300,28,23.7,5,2,27.1,4.1,19.9,PGG,-,-,Orange,B121,1831,Orange,nestling
NA,NA,WEBL,PICR4,Picnic Grounds,5/12/2022,L,NN,U,NA,300,27,24.9,4,1,28.7,4.9,20.7,KG,-,-,Yellow,B122,1832,Yellow,nestling
NA,NA,WEBL,PICR4,Picnic Grounds,5/12/2022,L,NN,U,NA,300,31,26.4,4,3,28.1,5.7,17.7,PGG,-,-,Blue,B123,1833,Blue,nestling
2941-94425,NA,WEBL,PICR4,Picnic Grounds,5/18/2022,L,NN,F,PL,334,60,28.1,3,23,30.3,5.2,20,KG,SV/GY,OR/WH,Pink,B217,1344,Pink,nestling
2941-94426,NA,WEBL,PICR4,Picnic Grounds,5/18/2022,L,NN,F,PL,334,54,28.2,3,22,20.5,5.2,21,KL,SV/GY,OR/WH,Orange,B218,1345,Orange,nestling
2941-94427,NA,WEBL,PICR4,Picnic Grounds,5/18/2022,L,NN,F,PL,334,58,27.7,3,21,30.5,5.2,20.1,KG,SV/GY,OR/WH,Blue,B219,1346,Blue,nestling
2941-94428,NA,WEBL,PICR4,Picnic Grounds,5/18/2022,L,NN,M,PL,334,54,27.8,3,21,31.5,5.6,21.3,KL,SV/GY,OR/WH,Yellow,B220,1347,Yellow,nestling
2941-94437,NA,WEBL,PICR4,Picnic Grounds,6/30/2022,AHY,PL,F,PL,334,96,26.4,2,55,34.3,7.8,20.7,KL,OR/SV,GY/WH,,B313,1356,2941-94437,adult
NA,NA,WEBL,PICR4,PIcnic Grounds,6/30/2022,L,NN,U,NA,300,9,8.1,4,0,19.9,2.8,10,VW,-,-,Red,,1394,Red,nestling
NA,NA,WEBL,PICR4,PIcnic Grounds,6/30/2022,L,NN,U,NA,300,12,9.4,4,0,21.4,2.8,11.8,VW,-,-,Orange,,1395,Orange,nestling
NA,NA,WEBL,PICR4,PIcnic Grounds,6/30/2022,L,NN,U,NA,300,12,10.1,4,0,20.2,2.8,11.8,VW,-,-,Green,,1396,Green,nestling
NA,NA,WEBL,PICR4,PIcnic Grounds,6/30/2022,L,NN,U,NA,300,9,7,4,0,18.9,2.7,9.8,VW,-,-,Blue,,1397,Blue,nestling
NA,NA,WEBL,PICR4,PIcnic Grounds,6/30/2022,L,NN,U,NA,300,8,5.2,4,0,17.8,2.2,8.6,VW,-,-,Pink,,1398,Pink,nestling
NA,NA,WEBL,PICR4,PIcnic Grounds,7/6/2022,L,NN,U,NA,300,35,24.9,4,7,27.5,4.3,20.5,KL,-,-,Orange,B328,1413,Orange,nestling
NA,NA,WEBL,PICR4,PIcnic Grounds,7/6/2022,L,NN,U,NA,300,30,24.1,4,4,28.2,4.4,19.5,KL,-,-,Red,B329,1414,Red,nestling
NA,NA,WEBL,PICR4,PIcnic Grounds,7/6/2022,L,NN,U,NA,300,34,25.3,4,7,28.6,4.4,20.6,KL,-,-,Green,,1415,Green,nestling
NA,NA,WEBL,PICR4,PIcnic Grounds,7/6/2022,L,NN,U,NA,300,26,23.9,4,2,26.2,3.7,19.2,KL,-,-,Pink,,1416,Pink,nestling
NA,NA,WEBL,PICR4,PIcnic Grounds,7/6/2022,L,NN,U,NA,300,30,23.1,4,3,27.7,4.1,19.3,KL,-,-,Blue,,1417,Blue,nestling
2941-94453,NA,WEBL,PICR4,Picnic Grounds,7/12/2022,L,NN,F,PL,334,58,24.6,4,23,31.3,5.5,21.2,KL,GY/WH,OR/SV,Blue,B336,1372,Blue,nestling
2941-94454,NA,WEBL,PICR4,Picnic Grounds,7/12/2022,L,NN,M,PL,334,62,25.7,4,28,31.6,5.6,20.8,KL,GY/WH,OR/SV,Green,B337,1373,Green,nestling
2941-94455,NA,WEBL,PICR4,Picnic Grounds,7/12/2022,L,NN,M,PL,334,59,26.2,4,28,32.6,5.6,21.5,KL,GY/WH,OR/SV,Orange,B338,1374,Orange,nestling
2941-94456,NA,WEBL,PICR4,Picnic Grounds,7/12/2022,L,NN,M,PL,334,52,28.3,4,20,31.2,5.5,21.3,KL,GY/WH,OR/SV,Pink,B339,1375,Pink,nestling
2941-94457,NA,WEBL,PICR4,Picnic Grounds,7/12/2022,L,NN,M,PL,334,57,27,4,25,31.1,5.6,21.3,KL,GY/WH,OR/SV,Red,,1376,Red,nestling
2881-65878,NA,TRES,PICR5,Picnic Grounds,6/30/2022,AHY,PL,F,BP,333,107,16.3,3,51,28.1,5.3,12.3,KL,-,-,,B314,1143,2881-65878,adult
NA,NA,TRES,PICR5,PIcnic Grounds,6/30/2022,L,NN,U,NA,300,8,3,3,0,13.2,1.6,6.7,VW,-,-,Blue,,1399,Blue,nestling
NA,NA,TRES,PICR5,PIcnic Grounds,6/30/2022,L,NN,U,NA,300,7,2.5,2,0,13.2,1.7,6.6,VW,-,-,Purple,,1400,Purple,nestling
NA,NA,TRES,PICR5,PIcnic Grounds,6/30/2022,L,NN,U,NA,300,7,2.3,2,0,12.8,1.8,6.5,VW,-,-,Pink,,1401,Pink,nestling
NA,NA,TRES,PICR5,PIcnic Grounds,6/30/2022,L,NN,U,NA,300,6,1.7,2,0,12.5,1.7,5.6,VW,-,-,Yellow,,1402,Yellow,nestling
NA,NA,TRES,PICR5,PIcnic Grounds,7/6/2022,L,NN,U,NA,300,20,11.7,4,1,21.2,3.4,11,KL,-,-,Pink,,1418,Pink,nestling
NA,NA,TRES,PICR5,PIcnic Grounds,7/6/2022,L,NN,U,NA,300,22,12.2,4,1,21.1,3,10.7,KL,-,-,Purple,,1419,Purple,nestling
NA,NA,TRES,PICR5,PIcnic Grounds,7/6/2022,L,NN,U,NA,300,23,12.8,4,2,20.8,3.2,11.1,KL,-,-,Blue,B330,1420,Blue,nestling
NA,NA,TRES,PICR5,PIcnic Grounds,7/6/2022,L,NN,U,NA,300,12,9.7,4,1,19.3,2.8,10,KL,-,-,Yellow,,1421,Yellow,nestling
2881-65881,NA,TRES,PICR5,Picnic Grounds,7/12/2022,L,NN,U,NA,333,52,18.1,4,19,28.7,4.1,12.9,KL,-,-,Blue,B340,1146,Blue,nestling
2881-65882,NA,TRES,PICR5,Picnic Grounds,7/12/2022,L,NN,U,NA,333,52,19.3,4,15,24.8,4,13.6,VW,-,-,Purple,B341,1147,Purple,nestling
2881-65883,NA,TRES,PICR5,Picnic Grounds,7/12/2022,L,NN,U,NA,333,51,18.6,3,16,24.8,4.1,13.7,VW,-,-,Pink,B342,1148,Pink,nestling
2881-65884,NA,TRES,PICR5,Picnic Grounds,7/12/2022,L,NN,U,NA,333,46,17.5,3,11,23,4.8,13.3,VW,-,-,Yellow,,1149,Yellow,nestling
NA,NA,WEBL,PICR7,Picnic Grounds,5/24/2022,L,NN,U,NA,300,14,12.2,4,0,22.6,2.8,12.9,KL,-,-,Blue,,1209,Blue,nestling
NA,NA,WEBL,PICR7,Picnic Grounds,5/24/2022,L,NN,U,NA,300,12,9.1,4,0,21.2,2.4,11.4,VW,-,-,Red,,1210,Red,nestling
NA,NA,WEBL,PICR7,Picnic Grounds,5/31/2022,L,NN,U,NA,300,39,,4,7,28.9,5,20,PGG,-,-,Red,B155,1828,Red,nestling
NA,NA,WEBL,PICR7,Picnic Grounds,5/31/2022,L,NN,U,NA,300,43,,2,10,28.9,4.1,21,KG,-,-,Blue,B156,1829,Blue,nestling
2941-94536,NA,WEBL,PICR7,Picnic Grounds,6/3/2022,L,NN,F,PL,334,58,25.1,4,12,29.6,4.8,18.5,KG,SV/OR,GY/GY,Red ,B162,773,Red ,nestling
2941-94537,NA,WEBL,PICR7,Picnic Grounds,6/3/2022,L,NN,M,PL,334,55,28.7,4,21,31.6,5,20.1,CP,SV/OR,GY/GY,Blue ,B163,774,Blue ,nestling
NA,NA,WEBL,PICR8,Picnic Grounds,5/7/2021,L,NN,U,NA,300,34,26.6,3,5,28.5,4.5,19.3,KL,-,-,Purple,-,51,Purple,nestling
NA,NA,WEBL,PICR8,Picnic Grounds,5/7/2021,L,NN,U,NA,300,33,26.2,3,3,28.4,4.7,19.3,KL,-,-,Pink,-,52,Pink,nestling
NA,NA,WEBL,PICR8,Picnic Grounds,5/7/2021,L,NN,U,NA,300,29,21.1,2,2,27.7,4.1,19.2,KL,-,-,Blue,-,53,Blue,nestling
NA,NA,WEBL,PICR8,Picnic Grounds,5/7/2021,L,NN,U,NA,300,30,21.1,2,2,28.5,4.4,19.9,KL,-,-,Green,-,54,Green,nestling
2941-18401,NA,WEBL,PICR8,Picnic Grounds,5/11/2021,L,NN,F,PL,333,50,26.7,2,15,30.7,4.9,20.3,KL,-,-,Pink,-,544,Pink,nestling
2941-18402,NA,WEBL,PICR8,Picnic Grounds,5/11/2021,L,NN,M,PL,333,44,21.9,2,12,29.4,4.6,19.7,KL,-,-,Blue,-,545,Blue,nestling
2941-18403,NA,WEBL,PICR8,Picnic Grounds,5/11/2021,L,NN,M,PL,333,54,26.7,2,18,30.6,4.8,20.3,KL,-,-,Purple,-,546,Purple,nestling
2941-18404,NA,WEBL,PICR8,Picnic Grounds,5/11/2021,L,NN,F,PL,333,46,23.1,2,14,30.2,4.9,20.7,KL,-,-,Green,-,547,Green,nestling
NA,NA,TRES,PICR8,Picnic Grounds,5/19/2022,L,NN,U,NA,300,30,15.9,4,4,21.4,3.5,11.6,VW,-,-,Purple B221,B221,733,Purple,nestling
NA,NA,TRES,PICR8,Picnic Grounds,5/19/2022,L,NN,U,NA,300,29,15.9,4,2,21.8,3.9,12.2,VW,-,-,Blue B222,B222,734,Blue,nestling
NA,NA,TRES,PICR8,Picnic Grounds,5/19/2022,L,NN,U,NA,300,27,13.8,3,2,21.9,3.5,11.6,VW,-,-,Pink,-,735,Pink,nestling
NA,NA,TRES,PICR8,Picnic Grounds,5/19/2022,L,NN,U,NA,300,23,11.1,4,1,20,3.1,12.6,VW,-,-,Red,-,736,Red,nestling
NA,NA,TRES,PICR8,Picnic Grounds,5/19/2022,L,NN,U,NA,300,31,15.2,4,3,22,3.9,12.2,VW,-,-,Green,-,737,Green,nestling
2881-65833,NA,TRES,PICR8,Picnic Grounds,5/19/2022,AHY,PL,F,BP,333,111,16.7,4,56,27.5,4.9,12.9,KL,-,-,,B224,1098,2881-65833,adult
2881-65841,NA,TRES,PICR8,Picnic Grounds,5/24/2022,L,NN,U,NA,333,53,16.4,2,18,25.7,4.1,12.3,KL,-,-,Green,B244,1106,Green,nestling
2881-65842,NA,TRES,PICR8,Picnic Grounds,5/24/2022,L,NN,U,NA,333,54,17.7,2,18,25.4,4,12.2,KL,-,-,Purple,B245,1107,Purple,nestling
2881-65843,NA,TRES,PICR8,Picnic Grounds,5/24/2022,L,NN,U,NA,333,48,17.5,2,14,23.9,4,12.1,KL,-,-,Pink,B246,1108,Pink,nestling
2881-65849,NA,TRES,PICR8,Picnic Grounds,5/24/2022,L,NN,U,NA,333,53,19.8,3,16,25.2,4.2,12.3,KL,-,-,Blue,,1114,Blue,nestling
2881-65850,NA,TRES,PICR8,Picnic Grounds,5/24/2022,L,NN,U,NA,333,41,13.9,3,9,24.2,3.8,12.3,KL,-,-,Red,,1115,Red,nestling
NA,NA,TRES,PICR9,Picnic Grounds,5/21/2021,L,NN,U,NA,300,8,2.7,4,0,14.3,2.1,5.9,KL,-,-,Pink,-,302,Pink,nestling
NA,NA,TRES,PICR9,Picnic Grounds,5/21/2021,L,NN,U,NA,300,8,4.6,4,0,16.2,2.6,6.6,KL,-,-,Blue,-,303,Blue,nestling
NA,NA,TRES,PICR9,Picnic Grounds,5/21/2021,L,NN,U,NA,300,7,2.5,3,0,13.4,1.9,5.1,KL,-,-,Orange,-,304,Orange,nestling
NA,NA,TRES,PICR9,Picnic Grounds,5/21/2021,L,NN,U,NA,300,8,3.7,4,0,14.6,2.1,5.8,KL,-,-,Green,-,305,Green,nestling
NA,NA,TRES,PICR9,Picnic Grounds,5/21/2021,L,NN,U,NA,300,9,2.9,4,0,15.7,2,6.5,KL,-,-,Purple,-,306,Purple,nestling
NA,NA,TRES,PICR9,Picnic Grounds,5/28/2021,L,NN,U,NA,300,34,20.6,3,5,25.8,4.3,11.5,KL,-,-,Blue,-,354,Blue,nestling
NA,NA,TRES,PICR9,Picnic Grounds,5/28/2021,L,NN,U,NA,300,32,20.6,3,2,24.5,4.1,11.8,KG,-,-,Purple,-,355,Purple,nestling
NA,NA,TRES,PICR9,Picnic Grounds,5/28/2021,L,NN,U,NA,300,15,5.9,1,0,19.3,3.4,9.9,KL,-,-,Pink,-,356,Pink,nestling
NA,NA,TRES,PICR9,Picnic Grounds,5/28/2021,L,NN,U,NA,300,26,14.4,2,1,21.6,2.9,10.9,KG,-,-,Green,-,357,Green,nestling
2631-20687,NA,TRES,PICR9,Picnic Grounds,5/31/2021,L,NN,U,NA,333,43,17.9,3,10,24.6,4.4,11.7,KL,-,-,Green,-,187,Green,nestling
2631-20688,NA,TRES,PICR9,Picnic Grounds,5/31/2021,L,NN,U,NA,333,53,21.5,5,17,26.8,4.7,11.8,KL,-,-,Blue,-,188,Blue,nestling
2631-20689,NA,TRES,PICR9,Picnic Grounds,5/31/2021,L,NN,U,NA,333,51,22.5,3,18,26.5,4.5,12.7,KL,-,-,Purple,-,189,Purple,nestling
2881-65750,NA,TRES,PICR9,Picnic Grounds,7/10/2022,L,NN,U,NA,333,59,18.2,4,16,25.1,4.1,13,KG,-,-,Pink,B417,1311,Pink,nestling
NA,NA,WEBL,RRC10,Russell Ranch,6/22/2023,L,NN,U,NA,300,6,2.3,4,0,14.5,1.8,5.1,KL,-,-,Red,,1702,Red,nestling
NA,NA,WEBL,RRC10,Russell Ranch,6/22/2023,L,NN,U,NA,300,6,4.1,4,0,15.8,2.1,6.6,RK,-,-,Blue,,1703,Blue,nestling
NA,NA,WEBL,RRC10,Russell Ranch,6/22/2023,L,NN,U,NA,300,7,4.1,4,0,16.4,2,6.2,KL,-,-,Purple,,1704,Purple,nestling
NA,NA,WEBL,RRC10,Russell Ranch,6/22/2023,L,NN,U,NA,300,7,3.8,4,0,15.9,2.1,6.8,KL,-,-,Pink,,1705,Pink,nestling
3181-01208,NA,WEBL,RRC10,Russell Ranch,6/22/2023,AHY,PL,F,PL,334,97,27.9,2,58,36.2,9.5,20.2,KL,GY/SV,OR/OR,,B509,2058,3181-01208,adult
NA,NA,WEBL,RRC10,Russell Ranch,6/27/2023,L,NN,U,NA,300,15,17.2,4,0,24.2,4.2,4.2,RK,-,-,Blue,B518,1969,Blue,nestling
NA,NA,WEBL,RRC10,Russell Ranch,6/27/2023,L,NN,U,NA,300,16,16.3,5,0,25,4,4,RK,-,-,Pink,B519,1970,Pink,nestling
NA,NA,WEBL,RRC10,Russell Ranch,6/27/2023,L,NN,U,NA,300,16,16.5,5,0,24.5,4.3,4.3,RK,-,-,Purple,B520,1971,Purple,nestling
NA,NA,TRES,RRC11,Russell Ranch,6/10/2021,L,NN,U,NA,300,7,3.2,4,0,13.9,2,5.4,KL,-,-,Pink,-,383,Pink,nestling
NA,NA,TRES,RRC11,Russell Ranch,6/10/2021,L,NN,U,NA,300,7,2.1,4,0,12.7,1.6,4.9,KL,-,-,Purple,-,384,Purple,nestling
NA,NA,TRES,RRC11,Russell Ranch,6/10/2021,L,NN,U,NA,300,6,2.1,4,0,12.8,1.9,5,KL,-,-,Yellow,-,385,Yellow,nestling
NA,NA,TRES,RRC11,Russell Ranch,6/17/2021,L,NN,U,NA,300,34,16.5,3,6,24.5,4,11.5,KL,-,-,Pink,-,424,Pink,nestling
NA,NA,TRES,RRC11,Russell Ranch,6/17/2021,L,NN,U,NA,300,31,15.7,3,4,21.7,3.7,12.8,KG,-,-,Purple,-,425,Purple,nestling
NA,NA,TRES,RRC11,Russell Ranch,6/17/2021,L,NN,U,NA,300,31,16.1,3,4,22.4,3.9,11.4,KL,-,-,Yellow,-,426,Yellow,nestling
NA,NA,TRES,RRC12,Russell Ranch,6/10/2021,L,NN,U,NA,300,18,9.9,2,0,20.7,3.4,10.7,KL,-,-,Pink,-,386,Pink,nestling
NA,NA,TRES,RRC12,Russell Ranch,6/10/2021,L,NN,U,NA,300,13,6.1,3,0,18.2,2.7,8.9,KL,-,-,Yellow,-,387,Yellow,nestling
NA,NA,TRES,RRC12,Russell Ranch,6/10/2021,L,NN,U,NA,300,18,9.2,3,1,20.5,3.3,9.8,KL,-,-,Purple,-,388,Purple,nestling
NA,NA,TRES,RRC12,Russell Ranch,6/10/2021,L,NN,U,NA,300,17,8.1,3,0,19.3,3.2,9,KL,-,-,Blue,-,389,Blue,nestling
NA,NA,TRES,RRC12,Russell Ranch,6/10/2021,L,NN,U,NA,300,20,11.5,3,0,20.7,3.8,10.4,KL,-,-,Orange,-,390,Orange,nestling
NA,NA,WEBL,RRC13,Russell Ranch,4/26/2022,L,NN,U,NA,300,7,3.7,3,0,12.3,1.8,7.2,KG,-,-,Red,,1746,Red,nestling
NA,NA,WEBL,RRC13,Russell Ranch,4/26/2022,L,NN,U,NA,300,10,3.6,3,0,16.2,1.9,7.6,PGG,-,-,Yellow,,1747,Yellow,nestling
NA,NA,WEBL,RRC13,Russell Ranch,4/26/2022,L,NN,U,NA,300,8,4.2,3,0,16.5,2,7.2,KG,-,-,Pink,,1748,Pink,nestling
NA,NA,WEBL,RRC13,Russell Ranch,4/26/2022,L,NN,U,NA,300,11,3.6,2,0,16.5,2.9,8.2,PGG,-,-,Orange,,1749,Orange,nestling
NA,NA,WEBL,RRC13,Russell Ranch,4/26/2022,L,NN,U,NA,300,9,4.6,3,0,16.4,2.6,6.9,KG,-,-,Green,,1750,Green,nestling
NA,NA,WEBL,RRC13,Russell Ranch,5/5/2022,L,NN,U,NA,300,34,23.7,3,5,29.4,4.6,20.4,PGG,-,-,Blue2 B067,B067,684,Blue2,nestling
NA,NA,WEBL,RRC13,Russell Ranch,5/5/2022,L,NN,U,NA,300,37,22.8,5,6,27.8,4.6,20.6,KL,-,-,Purple2 B068,B068,685,Purple2,nestling
NA,NA,WEBL,RRC13,Russell Ranch,5/5/2022,L,NN,U,NA,300,34,22.4,4,3,28.7,4.7,22.5,PGG,-,-,Red B069,B069,686,Red2,nestling
NA,NA,WEBL,RRC13,Russell Ranch,5/5/2022,L,NN,U,NA,300,35,24.3,4,5,28.5,4.6,21.6,KL,-,-,Pink2 B070,B070,687,Pink2,nestling
NA,NA,WEBL,RRC13,Russell Ranch,5/5/2022,L,NN,U,NA,300,32,22.1,4,5,27.3,4.4,21.3,PGG,-,-,Green2,-,688,Green2,nestling
2941-18487,NA,WEBL,RRC13,Russell Ranch,5/7/2022,L,NN,F,PL,334,46,25.5,2,10,29.7,4.5,21.5,KG,RD/ OR,SV/ OR,Blue,-,656,Blue2,nestling
2941-18488,NA,WEBL,RRC13,Russell Ranch,5/7/2022,L,NN,M,PL,334,44,23.1,1,10,29,4.3,21,KG,RD/ OR,SV/ OR,Green,-,657,Green2,nestling
2941-18489,NA,WEBL,RRC13,Russell Ranch,5/7/2022,L,NN,M,PL,334,47,23.4,3,10,29.5,4.4,20.9,KG,RD/ OR,SV/ OR,Purple,-,658,Purple2,nestling
2941-18490,NA,WEBL,RRC13,Russell Ranch,5/7/2022,L,NN,M,PL,334,48,25.8,3,10,29.6,4.3,22,KG,RD/ OR,SV/ OR,Red,-,659,Red2,nestling
2941-18491,NA,WEBL,RRC13,Russell Ranch,5/7/2022,L,NN,M,PL,334,48,25.7,4,13,29.7,4.4,20.4,KG,RD/ OR,SV/ OR,Pink,-,660,Pink2,nestling
NA,NA,WEBL,RRC13,Russell Ranch,6/16/2022,L,NN,U,NA,300,7,3.6,2,0,16.5,3.3,8.2,PGG,-,-,Orange,-,840,Orange,nestling
NA,NA,WEBL,RRC13,Russell Ranch,6/16/2022,L,NN,U,NA,300,7,3.9,3,0,16.8,2.6,6.8,CP,-,-,Purple,-,841,Purple,nestling
NA,NA,WEBL,RRC13,Russell Ranch,6/16/2022,L,NN,U,NA,300,5,2.8,3,0,15.3,1.1,5.8,CP,-,-,Blue,-,842,Blue,nestling
NA,NA,WEBL,RRC13,Russell Ranch,6/16/2022,L,NN,U,NA,300,6,2.3,3,0,15.1,1.6,4.4,PGG,-,-,Red,-,843,Red,nestling
2941-18512,NA,WEBL,RRC13,Russell Ranch,6/23/2022,AHY,PL,M,PL,334,105,25.2,1,63,36.9,8.9,20.8,KL,OR/GN,SV/GN,B296,B296,1081,2941-18512,adult
NA,NA,WEBL,RRC13,Russell Ranch,6/23/2022,L,NN,U,NA,300,22,18.7,3,2,26.3,5,18.8,PGG,-,-,Purple2,B294,1196,Purple2,nestling
NA,NA,WEBL,RRC13,Russell Ranch,6/23/2022,L,NN,U,NA,300,20,17.1,4,0,26.1,4.3,16.9,PGG,-,-,Blue,B295,1197,Blue,nestling
NA,NA,WEBL,RRC13,Russell Ranch,6/23/2022,L,NN,U,NA,300,23,18.9,4,2,27.9,4.6,19,PGG,-,-,Orange,,1198,Orange,nestling
2941-18517,NA,WEBL,RRC13,Russell Ranch,6/30/2022,L,NN,F,PL,334,54,30,5,14,28.3,5.9,21.4,PGG,OR/GR,SV/GR,Purple B400,B400,1086,Purple2,nestling
2941-18518,NA,WEBL,RRC13,Russell Ranch,6/30/2022,L,NN,F,PL,334,55,27.6,4,17,30.6,5.6,22.4,PGG,OR/GR,SV/GR,Orange B401,B401,1087,Orange,nestling
NA,NA,TRES,RRC13,Russell Ranch,7/6/2023,L,NN,U,NA,300,26,13.5,4,1,22.8,3.5,11.6,RK,-,-,Pink,,2022,Pink,nestling
NA,NA,TRES,RRC13,Russell Ranch,7/6/2023,L,NN,U,NA,300,21,12.6,5,1,21.8,3.1,10.9,RK,-,-,Orange,,2023,Orange,nestling
NA,NA,TRES,RRC13,Russell Ranch,7/6/2023,L,NN,U,NA,300,19,8.4,4,0,18.7,2.9,9.8,RK,-,-,Purple,,2024,Purple,nestling
NA,NA,TRES,RRC13,Russell Ranch,7/6/2023,L,NN,U,NA,300,24,13.2,4,1,22,3.6,11.3,RK,-,-,Blue,,2025,Blue,nestling
2881-27421,NA,TRES,RRC13,Russell Ranch,7/6/2023,ASY,PL,F,BP,333,109,16.4,2,53,28.8,6,12,KL,,,,B544,2093,2881-27421,adult
NA,NA,WEBL,RRC15,Russell Ranch,5/7/2021,L,NN,U,NA,300,9,4.7,4,0,15.7,2.1,8.1,KL,-,-,Blue,-,27,Blue,nestling
NA,NA,WEBL,RRC15,Russell Ranch,5/7/2021,L,NN,U,NA,300,8,4.3,3,0,16.4,2.3,7.9,KL,-,-,Pink,-,28,Pink,nestling
NA,NA,WEBL,RRC15,Russell Ranch,5/7/2021,L,NN,U,NA,300,9,4.8,3,0,17.5,2.3,7.8,KL,-,-,Green,-,29,Green,nestling
NA,NA,WEBL,RRC15,Russell Ranch,5/7/2021,L,NN,U,NA,300,7,3.3,3,0,15.8,2.3,7.2,KL,-,-,Purple,-,30,Purple,nestling
NA,NA,WEBL,RRC15,Russell Ranch,5/7/2021,L,NN,U,NA,300,8,4.9,4,0,17.8,2.5,7.6,KL,-,-,Yellow,-,31,Yellow,nestling
NA,NA,WEBL,RRC15,Russell Ranch,5/13/2021,L,NN,U,NA,300,20,16,3,1,25.1,4.2,16.6,KL,-,-,Purple,-,222,Purple,nestling
NA,NA,WEBL,RRC15,Russell Ranch,5/13/2021,L,NN,U,NA,300,27,20.7,3,2,27.2,4.2,18.3,KL,-,-,Blue,-,223,Blue,nestling
NA,NA,WEBL,RRC15,Russell Ranch,5/13/2021,L,NN,U,NA,300,25,20.2,3,2,28.1,4.7,18,KL,-,-,Yellow,-,224,Yellow,nestling
NA,NA,WEBL,RRC15,Russell Ranch,5/13/2021,L,NN,U,NA,300,25,19.8,3,2,27.3,4.5,18,KL,-,-,Pink,-,225,Pink,nestling
NA,NA,WEBL,RRC15,Russell Ranch,5/13/2021,L,NN,U,NA,300,24,15.6,4,2,27.3,4.1,17.9,KL,-,-,Green,-,226,Green,nestling
2941-94510,NA,WEBL,RRC3,Russell Ranch,5/9/2022,AHY,PL,F,PL,334,101,24.6,2,62,35.6,7.9,21.1,KL,SV/GN,GN/OR,,B084,1895,2941-94510,adult
2941-18707,NA,WEBL,RRC3,Russell Ranch,5/9/2022,AHY,PL,M,PL,334,101,26.3,2,59,36.1,8.6,21.1,KL,RD/GN,SV/GN,,,1896,2941-18707,adult
NA,NA,WEBL,RRC3,Russell Ranch,5/19/2022,L,NN,U,NA,300,14,10.1,4,0,21.5,2.6,12.5,KG,-,-,Orange,,1837,Orange,nestling
NA,NA,WEBL,RRC3,Russell Ranch,5/19/2022,L,NN,U,NA,300,16,13,2,0,23.2,3.9,15.4,PGG,-,-,Blue,,1838,Blue,nestling
NA,NA,WEBL,RRC3,Russell Ranch,5/19/2022,L,NN,U,NA,300,10,12.4,3,0,23.4,3.5,14.3,PGG,-,-,Purple,,1839,Purple,nestling
NA,NA,WEBL,RRC3,Russell Ranch,5/19/2022,L,NN,U,NA,300,17,13.6,4,0,24,3.4,15.4,KG,-,-,Pink,,1840,Pink,nestling
NA,NA,WEBL,RRC3,Russell Ranch,5/19/2022,L,NN,U,NA,300,15,12.2,4,0,24.3,3.4,15.6,PGG,-,-,Red,,1841,Red,nestling
2941-18508,NA,WEBL,RRC3,Russell Ranch,5/23/2022,AHY,PL,M,PL,334,99,23.6,2,62,24.6,7.9,21.1,KL,GN/SV,OR/GN,B242,B242,1077,2941-18508,adult
2941-18509,NA,WEBL,RRC3,Russell Ranch,5/23/2022,AHY,PL,F,PL,334,98,24.5,2,60,26.2,7.6,20.2,KL,GN/OR,SV/GN,B243,B243,1078,2941-18509,adult
NA,NA,WEBL,RRC3,Russell Ranch,5/23/2022,L,NN,U,NA,300,30,19.5,3,3,28.1,4.4,19.7,KL,-,-,Purple,B240,1204,Purple,nestling
NA,NA,WEBL,RRC3,Russell Ranch,5/23/2022,L,NN,U,NA,300,31,20.6,3,3,29.1,4.5,20.7,KL,-,-,Pink,B241,1205,Pink,nestling
NA,NA,WEBL,RRC3,Russell Ranch,5/23/2022,L,NN,U,NA,300,30,20.7,4,3,28.3,4.5,19.8,KL,-,-,Red,,1206,Red,nestling
NA,NA,WEBL,RRC3,Russell Ranch,5/23/2022,L,NN,U,NA,300,27,16.4,3,1,27.1,3.7,18.4,KL,-,-,Orange,,1207,Orange,nestling
NA,NA,WEBL,RRC3,Russell Ranch,5/23/2022,L,NN,U,NA,300,34,20.3,4,5,28.5,4.9,20.2,KL,-,-,Blue,,1208,Blue,nestling
2941-29301,NA,WEBL,RRC3,Russell Ranch,5/27/2022,L,NN,U,NA,334,48,22.5,2,11,30.6,5.3,19.5,KG,SV/GY,OR/GY,Red ,B143,1016,Red ,nestling
2941-29302,NA,WEBL,RRC3,Russell Ranch,5/27/2022,L,NN,F,PL,334,49,19.7,2,13,30.4,5.3,19.8,KG,SV/GY,OR/GY,Blue ,B145,1017,Blue ,nestling
2941-29303,NA,WEBL,RRC3,Russell Ranch,5/27/2022,L,NN,M,PL,334,44,19.9,1,12,30.2,4.9,20.3,HC,SV/GY,OR/GY,Pink,-,1018,Pink,nestling
2941-29304,NA,WEBL,RRC3,Russell Ranch,5/27/2022,L,NN,U,NA,334,44,17.3,1,9,28.5,4.9,19.5,KG,SV/GY,OR/GY,Purple,-,1019,Purple,nestling
NA,NA,TRES,RRC3,Russell Ranch,5/27/2022,L,NN,U,NA,300,37,14.6,1,5,29.1,5,19.2,KG,-,-,Orange,B144,1872,Orange,nestling
2941-18537,NA,WEBL,RRC3,Russell Ranch,5/27/2023,L,NN,M,PL,334,54,27.1,4,20,32,5.5,21.5,KL,OR/SV,GY/OR,,,1449,2941-18537,nestling
2941-18538,NA,WEBL,RRC3,Russell Ranch,5/27/2023,L,NN,F,PL,334,51,26.7,5,18,32,5.8,22,KL,OR/SV,GY/OR,,,1450,2941-18538,nestling
2941-18539,NA,WEBL,RRC3,Russell Ranch,5/27/2023,L,NN,F,PL,334,53,26.1,5,18,31.5,5.4,22.1,KL,OR/SV,GY/OR,,,1451,2941-18539,nestling
2941-94510,NA,WEBL,RRC9,Russell Ranch,5/4/2022,AHY,PL,F,PL,333,108,41,3,63,36.3,8.2,21.5,KL,-,-,-,B049,747,2941-94510,adult
NA,NA,WEBL,RRC9,Russell Ranch,5/5/2022,L,NN,U,NA,300,7,4.8,4,0,18.4,3,7.4,VW,-,-,Purple,,1785,Purple,nestling
NA,NA,WEBL,RRC9,Russell Ranch,5/5/2022,L,NN,U,NA,300,7,5,4,0,18.6,2.7,7.2,VW,-,-,Orange,,1786,Orange,nestling
NA,NA,WEBL,RRC9,Russell Ranch,5/5/2022,L,NN,U,NA,300,8,5.3,4,0,18.4,2.1,8.2,KG,-,-,Blue,,1787,Blue,nestling
NA,NA,WEBL,RRC9,Russell Ranch,5/5/2022,L,NN,U,NA,300,8,6,4,0,18.9,3.1,8.4,VW,-,-,Pink,,1788,Pink,nestling
NA,NA,WEBL,RRC9,Russell Ranch,5/5/2022,L,NN,U,NA,300,8,6.1,4,0,19.4,2.5,10.1,KG,-,-,Yellow,,1789,Yellow,nestling
NA,NA,WEBL,RRC9,Russell Ranch,5/5/2022,L,NN,U,NA,300,7,3.4,2,0,17.3,3,6.9,VW,-,-,Green,,1790,Green,nestling
NA,NA,WEBL,RRC9,Russell Ranch,5/9/2022,L,NN,U,NA,300,14.9,15.3,4,2.8,24.2,5,17.5,KL,-,-,Pink B081,B081,698,Pink,nestling
NA,NA,WEBL,RRC9,Russell Ranch,5/9/2022,L,NN,U,NA,300,18,15.9,3,1,-,-,15.6,KL,-,-,Yellow B082,B082,699,Yellow,nestling
NA,NA,WEBL,RRC9,Russell Ranch,5/9/2022,L,NN,U,NA,300,15.8,13.7,4,2,23.8,4.6,15.8,KL,-,-,Blue B083,B083,700,Blue,nestling
NA,NA,WEBL,RRC9,Russell Ranch,5/9/2022,L,NN,U,NA,300,17,13.9,4,0,24.8,4,14.5,KL,-,-,Orange,-,701,Orange,nestling
NA,NA,WEBL,RRC9,Russell Ranch,5/9/2022,L,NN,U,NA,300,16,14.2,4,1,24.3,3.5,14.2,KL,-,-,Purple ,-,703,Purple ,nestling
NA,NA,TRES,RRC9,Russell Ranch,6/1/2023,L,NN,U,NA,300,8,3.3,4,0,14.6,1.6,6.2,KL,-,-,Purple,,1634,Purple,nestling
NA,NA,TRES,RRC9,Russell Ranch,6/1/2023,L,NN,U,NA,300,8,3.5,4,0,14.2,1.8,5.7,KL,-,-,Blue,,1635,Blue,nestling
NA,NA,TRES,RRC9,Russell Ranch,6/1/2023,L,NN,U,NA,300,8,3.2,4,0,14,1.7,6.5,KL,-,-,Pink,,1636,Pink,nestling
NA,NA,TRES,RRC9,Russell Ranch,6/1/2023,L,NN,U,NA,300,7,1.9,4,0,12.5,1.6,5.4,KL,-,-,Orange,,1637,Orange,nestling
NA,NA,TRES,RRC9,Russell Ranch,6/1/2023,L,NN,U,NA,300,7,3,4,0,13.8,1.6,5.8,KL,-,-,Red,,1638,Red,nestling
2881-27421,NA,TRES,RRC9,Russell Ranch,6/1/2023,AHY,PL,F,BP,333,109,17.6,3,52,28.6,5.4,12.1,KL,-,-,,B461,2126,2881-27421,adult
NA,NA,WEBL,RRE10,Russell Ranch,5/7/2021,L,NN,U,NA,300,10,6.6,4,0,18.4,3.1,8.8,KL,-,-,Green,-,32,Green,nestling
NA,NA,WEBL,RRE10,Russell Ranch,5/7/2021,L,NN,U,NA,300,8,6.1,4,0,17.8,2.8,8.6,KL,-,-,Blue,-,33,Blue,nestling
NA,NA,WEBL,RRE10,Russell Ranch,5/7/2021,L,NN,U,NA,300,9,4.8,4,0,16.7,2.6,7.4,KL,-,-,Purple,-,34,Purple,nestling
NA,NA,WEBL,RRE10,Russell Ranch,5/7/2021,L,NN,U,NA,300,9,6.2,3,0,18.5,3,8.6,KL,-,-,Pink,-,35,Pink,nestling
NA,NA,WEBL,RRE10,Russell Ranch,5/13/2021,L,NN,U,NA,300,31,22.5,4,4,28.1,5.3,19.1,KL,-,-,Green,-,213,Green,nestling
NA,NA,WEBL,RRE10,Russell Ranch,5/13/2021,L,NN,U,NA,300,26,22.7,4,3,28.3,5,18.5,KL,-,-,Blue,-,214,Blue,nestling
NA,NA,WEBL,RRE10,Russell Ranch,5/13/2021,L,NN,U,NA,300,30,23.5,4,3,28.9,5,19.3,KL,-,-,Pink,-,215,Pink,nestling
NA,NA,WEBL,RRE10,Russell Ranch,5/13/2021,L,NN,U,NA,300,24,21.6,4,2,27.7,4.5,18.3,KL,-,-,Purple,-,216,Purple,nestling
NA,NA,TRES,RRE15,Russell Ranch,5/13/2021,L,NN,U,NA,300,12,6.9,4,0,17.9,2.8,8.1,KL,-,-,Yellow,-,217,Yellow,nestling
NA,NA,TRES,RRE15,Russell Ranch,5/13/2021,L,NN,U,NA,300,12,7.1,4,0,17.6,2.8,9.1,KL,-,-,Blue,-,218,Blue,nestling
NA,NA,TRES,RRE15,Russell Ranch,5/13/2021,L,NN,U,NA,300,9,4.9,4,0,16.1,2.3,7.1,KL,-,-,Pink,-,219,Pink,nestling
NA,NA,TRES,RRE15,Russell Ranch,5/13/2021,L,NN,U,NA,300,12,6.8,4,0,17.6,2.7,8.1,KL,-,-,Purple,-,220,Purple,nestling
NA,NA,TRES,RRE15,Russell Ranch,5/13/2021,L,NN,U,NA,300,12,6.2,4,0,17.4,2.9,8.2,KL,-,-,Orange,-,221,Orange,nestling
NA,NA,TRES,RRRG1,Russell Ranch,5/6/2021,L,NN,U,NA,300,10,4.6,3,0,16.2,2.6,7.4,KL,-,-,Orange,-,7,Orange,nestling
NA,NA,TRES,RRRG1,Russell Ranch,5/6/2021,L,NN,U,NA,300,11,5,4,0,16.7,2.5,8.3,KL,-,-,Blue,-,8,Blue,nestling
NA,NA,TRES,RRRG1,Russell Ranch,5/6/2021,L,NN,U,NA,300,10,4.3,3,0,15.9,2.4,8.3,KL,-,-,Yellow,-,9,Yellow,nestling
NA,NA,TRES,RRRG1,Russell Ranch,5/6/2021,L,NN,U,NA,300,8,3,2,0,13.8,1.6,5.6,KL,-,-,Pink,-,10,Pink,nestling
NA,NA,TRES,RRRG1,Russell Ranch,5/6/2021,L,NN,U,NA,300,8,3.2,3,0,14.5,1.8,6.3,KL,-,-,Green,-,11,Green,nestling
NA,NA,TRES,RRRG1,Russell Ranch,5/6/2021,L,NN,U,NA,300,10,4.2,4,0,16.1,2.3,7.7,KL,-,-,Purple,-,12,Purple,nestling
NA,NA,TRES,RRRG1,Russell Ranch,5/13/2021,L,NN,U,NA,300,17,8,2,0,20.6,3.3,10.5,KL,-,-,Runt,-,100,Single,nestling
2631-20623,NA,TRES,RRRG1,Russell Ranch,5/13/2021,L,NN,U,NA,333,35,17.3,3,6,24.3,4.1,12.2,KL,-,-,Purple,,123,Purple,nestling
2631-20624,NA,TRES,RRRG1,Russell Ranch,5/13/2021,L,NN,U,NA,333,36,16.9,3,7,23.4,4.2,12,KL,-,-,Yellow,,124,Yellow,nestling
2631-20625,NA,TRES,RRRG1,Russell Ranch,5/13/2021,L,NN,U,NA,333,37,16.6,2,6,23.7,4.3,12.2,KL,-,-,Blue,,125,Blue,nestling
2631-20626,NA,TRES,RRRG1,Russell Ranch,5/13/2021,L,NN,U,NA,333,32,16.6,3,5,23.2,3.8,12,KL,-,-,Orange,,126,Orange,nestling
NA,NA,TRES,RRRG1,Russell Ranch,6/17/2021,L,NN,U,NA,300,7,2.4,4,0,12.8,1.6,5.5,KG,-,-,Pink,-,416,Pink,nestling
NA,NA,TRES,RRRG1,Russell Ranch,6/17/2021,L,NN,U,NA,300,7,2.3,4,0,13.3,1.8,5.1,KL,-,-,Purple,-,417,Purple,nestling
NA,NA,TRES,RRRG1,Russell Ranch,6/17/2021,L,NN,U,NA,300,8,3.3,4,0,13.8,1.7,5.2,KG,-,-,Blue,-,418,Blue,nestling
NA,NA,TRES,RRRG1,Russell Ranch,6/17/2021,L,NN,U,NA,300,7,1.6,4,0,12.3,1.8,4.5,KL,-,-,Yellow,-,419,Yellow,nestling
NA,NA,TRES,RRRG1,Russell Ranch,6/24/2021,L,NN,U,NA,300,23,11.7,3,1,21.7,3.5,11.2,KL,-,-,Purple,-,454,Purple,nestling
NA,NA,TRES,RRRG1,Russell Ranch,6/24/2021,L,NN,U,NA,300,28,13.5,3,2,22.6,3.4,12,KG,-,-,Pink,-,455,Pink,nestling
NA,NA,TRES,RRRG1,Russell Ranch,6/24/2021,L,NN,U,NA,300,34,17.3,3,4,22.9,3.5,12.4,KG,-,-,Blue,-,456,Blue,nestling
2631-20713,NA,TRES,RRRG1,Russell Ranch,6/28/2021,L,NN,U,NA,333,49,17,2,11,24.5,3.9,12,KG,-,-,Pink,-,622,Pink,nestling
2631-20714,NA,TRES,RRRG1,Russell Ranch,6/28/2021,L,NN,U,NA,333,44,18.1,1,12,24.4,4.2,11.7,KG,-,-,Purple,-,623,Purple,nestling
2631-20715,NA,TRES,RRRG1,Russell Ranch,6/28/2021,L,NN,U,NA,333,55,19.5,1,19,25,4.4,13.1,KG,-,-,Blue,-,624,Blue,nestling
NA,NA,TRES,RRRG1,Russell Ranch,5/5/2022,L,NN,U,NA,300,15,9.6,4,0,19.6,3,10,KG,-,-,Pink,,1791,Pink,nestling
NA,NA,TRES,RRRG1,Russell Ranch,5/5/2022,L,NN,U,NA,300,18,9.8,5,0,20.3,3.3,9.6,VW,-,-,Orange,,1792,Orange,nestling
NA,NA,TRES,RRRG1,Russell Ranch,5/5/2022,L,NN,U,NA,300,17,10.2,5,0,20.1,3,10,KG,-,-,Blue,,1793,Blue,nestling
NA,NA,WEBL,RRRG11,Russell Ranch,5/6/2021,L,NN,U,NA,300,9,5.6,4,0,18.6,2.6,8.4,KL,-,-,Yellow,-,18,Yellow,nestling
NA,NA,WEBL,RRRG11,Russell Ranch,5/6/2021,L,NN,U,NA,300,10,6.7,3,0,19.4,2.5,9.1,KL,-,-,Blue,-,19,Blue,nestling
NA,NA,WEBL,RRRG11,Russell Ranch,5/6/2021,L,NN,U,NA,300,9,6.6,4,0,19,2.6,9,KL,-,-,Pink,-,20,Pink,nestling
NA,NA,WEBL,RRRG11,Russell Ranch,5/6/2021,L,NN,U,NA,300,9,5.2,4,0,17.9,2.7,8.3,KL,-,-,Purple,-,21,Purple,nestling
NA,NA,WEBL,RRRG11,Russell Ranch,5/6/2021,L,NN,U,NA,300,9,4.3,4,0,16.4,2.5,6.4,KL,-,-,Green,-,22,Green,nestling
NA,NA,WEBL,RRRG11,Russell Ranch,5/13/2021,L,NN,U,NA,300,30,21.8,3,4,28.7,4.7,18.7,KL,-,-,Pink,-,208,Pink,nestling
NA,NA,WEBL,RRRG11,Russell Ranch,5/13/2021,L,NN,U,NA,300,33,23,3,6,30,4.9,19.9,KL,-,-,Blue,-,209,Blue,nestling
NA,NA,WEBL,RRRG11,Russell Ranch,5/13/2021,L,NN,U,NA,300,30,21.7,4,3,29.5,4.8,19,KL,-,-,Yellow,-,210,Yellow,nestling
NA,NA,WEBL,RRRG11,Russell Ranch,5/13/2021,L,NN,U,NA,300,25,16.5,4,2,25.7,4.3,16.3,KL,-,-,Green,-,211,Green,nestling
NA,NA,WEBL,RRRG11,Russell Ranch,5/13/2021,L,NN,U,NA,300,28,19.2,3,2,28,4.7,18.4,KL,-,-,Purple,-,212,Purple,nestling
2941-18411,NA,WEBL,RRRG11,Russell Ranch,5/17/2021,L,NN,F,PL,333,45,24,4,13,29.3,6.7,20.3,AG,-,-,Purple,-,554,Purple,nestling
2941-18412,NA,WEBL,RRRG11,Russell Ranch,5/17/2021,L,NN,F,PL,333,43,23.1,3,11,28.9,6.3,19.2,AG,-,-,Green,-,555,Green,nestling
2941-18413,NA,WEBL,RRRG11,Russell Ranch,5/17/2021,L,NN,M,PL,333,49,26.7,4,13,31.3,5.5,20.4,KL,-,-,Yellow,-,556,Yellow,nestling
2941-18414,NA,WEBL,RRRG11,Russell Ranch,5/17/2021,L,NN,F,PL,333,50,25.2,4,17,30.2,5.6,20.3,KL,-,-,Pink,-,557,Pink,nestling
2941-18415,NA,WEBL,RRRG11,Russell Ranch,5/17/2021,L,NN,M,PL,333,52,26.9,3,18,30.4,6.8,20.3,AG,-,-,Blue,-,558,Blue,nestling
2941-18405,NA,WEBL,RRRG13,Russell Ranch,5/15/2021,L,NN,M,PL,333,49,27.1,2,16,31.1,6.1,20.1,KL,-,-,No color ,-,548,2941-18405,nestling
2941-18406,NA,WEBL,RRRG13,Russell Ranch,5/15/2021,L,NN,M,PL,333,44,24.6,3,12,30.4,5.4,19.5,KL,-,-,No color ,-,549,2941-18406,nestling
2941-18407,NA,WEBL,RRRG13,Russell Ranch,5/15/2021,L,NN,F,PL,333,47,27.6,3,15,30.7,5.2,19.8,KL,-,-,No color ,-,550,2941-18407,nestling
2941-18408,NA,WEBL,RRRG13,Russell Ranch,5/15/2021,L,NN,F,PL,333,51,26.1,3,18,30.6,5.4,19.6,KL,-,-,No color ,-,551,2941-18408,nestling
2941-18409,NA,WEBL,RRRG13,Russell Ranch,5/15/2021,L,NN,M,PL,333,50,23.1,2,15,30.4,5.3,19.4,KL,-,-,No color ,-,552,2941-18409,nestling
2631-20674,NA,TRES,RRRG18,Russell Ranch,5/24/2021,L,NN,U,NA,333,54,17.2,3,17,24.4,4.1,11.4,KL,-,-,Lollipop,-,174,2631-20674,nestling
2631-20675,NA,TRES,RRRG18,Russell Ranch,5/24/2021,L,NN,U,NA,333,49,14.8,2,12,24.1,4.3,11.6,AK,-,-,Jolly Rancher,-,175,2631-20675,nestling
2631-20676,NA,TRES,RRRG18,Russell Ranch,5/24/2021,L,NN,U,NA,333,47,12.7,1,9,24.1,3.9,11.5,KG,-,-,Laffy Taffy,-,176,2631-20676,nestling
2631-20677,NA,TRES,RRRG18,Russell Ranch,5/24/2021,L,NN,U,NA,333,54,17.2,3,15,24.7,4.2,12.2,AK,-,-,Milky Way,-,177,2631-20677,nestling
2631-20678,NA,TRES,RRRG18,Russell Ranch,5/24/2021,L,NN,U,NA,333,54,16.5,3,17,24.1,4.4,11.9,KL,-,-,Almond Joy,-,178,2631-20678,nestling
2941-18425,NA,WEBL,RRRG2,Russell Ranch,5/24/2021,L,NN,M,PL,333,46,21.7,3,13,29.8,5.2,20.3,KL,-,-,Twizzler,-,568,2941-18425,nestling
2941-18426,NA,WEBL,RRRG2,Russell Ranch,5/24/2021,L,NN,F,PL,333,45,21,3,8,28.3,4.7,19.8,AK,-,-,Red Vines,-,569,2941-18426,nestling
2941-18427,NA,WEBL,RRRG2,Russell Ranch,5/24/2021,L,NN,M,PL,333,48,19.9,3,8,30.2,4.7,20.3,KG,-,-,Sour Patch,-,570,2941-18427,nestling
2941-18428,NA,WEBL,RRRG2,Russell Ranch,5/24/2021,L,NN,F,PL,333,40,20.1,2,10,29.8,5.1,19.4,KL,-,-,Dots,-,571,2941-18428,nestling
2941-18429,NA,WEBL,RRRG25,Russell Ranch,5/24/2021,L,NN,M,PL,333,52,27.4,4,18,30.7,5.9,20,KL,-,-,Tuffy,-,572,2941-18429,nestling
2631-20628,NA,TRES,RRRG27,Russell Ranch,5/13/2021,L,NN,U,NA,333,35,18.5,2,6,24.1,4.1,11.7,KL,-,-,Violet,,128,2631-20628,nestling
2631-20629,NA,TRES,RRRG27,Russell Ranch,5/13/2021,L,NN,U,NA,333,37,17.5,4,6,24.1,4.2,11.5,KL,-,-,Magenta,,129,2631-20629,nestling
2631-20630,NA,TRES,RRRG27,Russell Ranch,5/13/2021,L,NN,U,NA,333,38,18.7,3,7,24.2,4.4,11.6,KL,-,-,Turquoise,,130,2631-20630,nestling
2631-20631,NA,TRES,RRRG27,Russell Ranch,5/13/2021,L,NN,U,NA,333,40,21.1,4,10,23.3,3.8,11.2,KL,-,-,Ocean,,131,2631-20631,nestling
NA,NA,WEBL,RRRG28,Russell Ranch,4/26/2022,L,NN,U,NA,300,9,7.8,3,0,-,2.4,9.7,KG,-,-,Blue,,1743,Blue,nestling
NA,NA,WEBL,RRRG28,Russell Ranch,4/26/2022,L,NN,U,NA,300,10,8.2,3,0,-,3.8,9.2,KG,-,-,Purple,,1744,Purple,nestling
NA,NA,WEBL,RRRG28,Russell Ranch,4/26/2022,L,NN,U,NA,300,10,8.1,3,0,-,3.1,10.3,KG,-,-,Yellow,,1745,Yellow,nestling
2941-94511,NA,WEBL,RRRG28,Russell Ranch,5/4/2022,L,NN,F,PL,333,45,21.8,2,14,28.6,5.2,19.2,VW,-,-,-,B050 ,748,2941-94511,nestling
2941-94512,NA,WEBL,RRRG28,Russell Ranch,5/4/2022,L,NN,F,PL,333,49,24.7,3,13,30.2,5.2,19.5,KG,-,-,-,-,749,2941-94512,nestling
2941-94513,NA,WEBL,RRRG28,Russell Ranch,5/4/2022,L,NN,M,PL,333,44,24.1,4,11,30.3,4.5,18.4,KG,-,-,Blue,-,750,Blue,nestling
NA,NA,TRES,RRRG28,Russell Ranch,6/9/2022,L,NN,U,NA,300,20,11.3,4,0,23.2,3.4,11.9,PGG,-,-,Orange,-,823,Orange,nestling
NA,NA,TRES,RRRG28,Russell Ranch,6/9/2022,L,NN,U,NA,300,23,15.3,4,1,21.8,3.3,11,KG,-,-,Red,-,824,Red,nestling
NA,NA,TRES,RRRG28,Russell Ranch,6/9/2022,L,NN,U,NA,300,15,8.2,1,0,18.2,3,11.5,PGG,-,-,Blue,-,825,Blue,nestling
NA,NA,TRES,RRRG28,Russell Ranch,6/14/2022,L,NN,U,NA,300,44,17.1,2,8,23.6,4.4,13.4,PGG,-,-,Orange,-,832,Orange,nestling
NA,NA,TRES,RRRG28,Russell Ranch,6/14/2022,L,NN,U,NA,300,36,13.9,1,7,22.8,4.1,12.9,PGG,-,-,Blue,-,833,Blue,nestling
NA,NA,TRES,RRRG28,Russell Ranch,6/14/2022,L,NN,U,NA,300,53,20.1,2,12,25.4,4.9,13,PGG,-,-,Red,-,834,Red,nestling
NA,NA,TRES,RRRG3,Russell Ranch,5/6/2021,L,NN,U,NA,300,11,5.4,4,0,16.6,2.5,7.6,KL,-,-,Orange,-,13,Orange,nestling
NA,NA,TRES,RRRG3,Russell Ranch,5/6/2021,L,NN,U,NA,300,11,4.6,4,0,15.9,2.1,7.6,KL,-,-,Blue,-,14,Blue,nestling
NA,NA,TRES,RRRG3,Russell Ranch,5/6/2021,L,NN,U,NA,300,11,5.5,3,0,16.2,1.9,7.5,KL,-,-,Yellow,-,15,Yellow,nestling
NA,NA,TRES,RRRG3,Russell Ranch,5/6/2021,L,NN,U,NA,300,9,3.2,4,0,14.7,2.1,5.6,KL,-,-,Pink,-,16,Pink,nestling
NA,NA,TRES,RRRG3,Russell Ranch,5/6/2021,L,NN,U,NA,300,11,4.8,3,0,15.9,2.8,7.8,KL,-,-,Purple,-,17,Purple,nestling
2631-20627,NA,TRES,RRRG3,Russell Ranch,5/13/2021,L,NN,U,NA,333,27,15.1,2,2,22.1,3.5,11.3,KL,-,-,Yellow,,127,Yellow,nestling
NA,NA,TRES,RRRG3,Russell Ranch,5/13/2021,L,NN,U,NA,300,29,14.4,3,3,22.3,3.3,10.9,KL,-,-,Orange,-,204,Orange,nestling
NA,NA,TRES,RRRG3,Russell Ranch,5/13/2021,L,NN,U,NA,300,24,12.9,4,1,21.2,3.1,10.5,KL,-,-,Pink,-,205,Pink,nestling
NA,NA,TRES,RRRG3,Russell Ranch,5/13/2021,L,NN,U,NA,300,31,15.2,3,4,22,3.6,10.8,KL,-,-,Blue,-,206,Blue,nestling
NA,NA,TRES,RRRG3,Russell Ranch,5/13/2021,L,NN,U,NA,300,26,13.6,3,2,22.5,3.7,11,KL,-,-,Purple,-,207,Purple,nestling
2631-20647,NA,TRES,RRRG3,Russell Ranch,5/17/2021,L,NN,U,NA,333,39,12.4,2,8,23.1,4.3,11.7,KL,-,-,Blue (dead 06/03),,147,Blue,nestling
NA,NA,TRES,RRRG3,Russell Ranch,6/17/2021,L,NN,U,NA,300,11,5.9,4,0,16.7,2.8,9,KG,-,-,Pinl,-,420,Pink,nestling
NA,NA,TRES,RRRG3,Russell Ranch,6/17/2021,L,NN,U,NA,300,11,5.5,4,0,17.6,2.8,7.6,KL,-,-,Yellow,-,421,Yellow,nestling
NA,NA,TRES,RRRG3,Russell Ranch,6/17/2021,L,NN,U,NA,300,10,4.7,4,0,16.5,2.6,7.2,KL,-,-,Purple,-,422,Purple,nestling
NA,NA,TRES,RRRG3,Russell Ranch,6/17/2021,L,NN,U,NA,300,8,3.2,4,0,14.5,1.8,6.5,KG,-,-,Blue ,-,423,Blue ,nestling
NA,NA,TRES,RRRG3,Russell Ranch,6/24/2021,L,NN,U,NA,300,29,10.1,2,3,22,3.8,11.2,KG,-,-,Purple,-,457,Purple,nestling
NA,NA,TRES,RRRG3,Russell Ranch,6/24/2021,L,NN,U,NA,300,41,16.7,2,8,23,3.7,12.5,KL,-,-,Green,-,458,Green,nestling
NA,NA,TRES,RRRG3,Russell Ranch,6/24/2021,L,NN,U,NA,300,40,15.9,3,8,23.9,3.4,11.2,TP,-,-,Orange,-,459,Orange,nestling
2631-20716,NA,TRES,RRRG3,Russell Ranch,6/28/2021,L,NN,U,NA,333,50,14.1,2,13,24.4,3.8,12.2,KG,-,-,Purple,-,625,Purple,nestling
2631-20717,NA,TRES,RRRG3,Russell Ranch,6/28/2021,L,NN,U,NA,333,54,15.6,1,19,24.7,4.5,11.7,KG,-,-,Green,-,626,Green,nestling
2631-20718,NA,TRES,RRRG3,Russell Ranch,6/28/2021,L,NN,U,NA,333,58,17.1,2,22,25.2,4.4,12.3,KG,-,-,Orange,-,627,Orange,nestling
2941-18459,NA,ATFL,RRRG31,Russell Ranch,7/5/2021,L,NN,U,PL,333,54,24.7,3,25,32.7,7.2,23.3,KL,-,-,Alice,-,602,2941-18459,nestling
2941-18460,NA,ATFL,RRRG31,Russell Ranch,7/5/2021,L,NN,U,PL,333,55,23.6,3,24,32.1,7,23.3,KG,-,-,Mad Hatter,-,603,2941-18460,nestling
2941-18461,NA,ATFL,RRRG31,Russell Ranch,7/5/2021,L,NN,U,PL,333,54,23.5,3,25,32.9,6.9,22.8,KL,-,-,Cheshire Cat,-,604,2941-18461,nestling
2941-18462,NA,ATFL,RRRG31,Russell Ranch,7/5/2021,L,NN,U,PL,333,56,24.1,4,23,31.3,7.1,23.4,KG,-,-,Jabberwocky ,-,605,2941-18462,nestling
2941-18430,NA,WEBL,RRRG32,Russell Ranch,5/24/2021,L,NN,M,PL,333,56,19,2,21,30.6,5.5,19.1,KL,-,-,Nico,-,573,2941-18430,nestling
2941-18431,NA,WEBL,RRRG32,Russell Ranch,5/24/2021,L,NN,M,PL,333,60,21.7,2,23,30.3,5.7,20.8,AK,-,-,Bruna,-,574,2941-18431,nestling
NA,NA,TRES,RRRG36,Russell Ranch,6/28/2022,L,NN,U,NA,300,9,5.1,3,0,16.5,1.5,8.2,KG,-,-,Blue,-,875,Blue,nestling
NA,NA,TRES,RRRG36,Russell Ranch,6/28/2022,L,NN,U,NA,300,6,3.6,1,0,14.9,2.4,8.3,PGG,-,-,Red ,-,876,Red ,nestling
NA,NA,TRES,RRRG36,Russell Ranch,6/28/2022,L,NN,U,NA,300,6,1.4,2,0,11,1.2,4.3,VW,-,-,Purple,-,877,Purple,nestling
NA,NA,TRES,RRRG36,Russell Ranch,7/5/2022,L,NN,U,NA,300,36,15.6,0,6,21.2,3.5,13,PGG,-,-,Orange ,B413,903,Orange ,nestling
NA,NA,TRES,RRRG36,Russell Ranch,7/5/2022,L,NN,U,NA,300,29,,2,2,21.7,3.6,11.4,KG,-,-,Red,-,904,Red,nestling
2631-20667,NA,TRES,RRRG4,Russell Ranch,5/24/2021,L,NN,U,NA,333,43,16.9,5,8,23.1,4.3,12.1,AK,-,-,Jellybean,-,167,2631-20667,nestling
2631-20668,NA,TRES,RRRG4,Russell Ranch,5/24/2021,L,NN,U,NA,333,44,15.7,2,8,22.4,3.5,11.1,KG,-,-,Chocolate,-,168,2631-20668,nestling
2631-20669,NA,TRES,RRRG4,Russell Ranch,5/24/2021,L,NN,U,NA,333,44,18.7,3,10,24.2,4.4,11.7,KL,-,-,Candy Corn,-,169,2631-20669,nestling
NA,NA,WEBL,RRRG40,Russell Ranch,6/2/2022,L,NN,U,NA,300,20,14,3,0,21.4,3.6,10.4,PGG,-,-,Pink,-,820,Pink,nestling
NA,NA,WEBL,RRRG40,Russell Ranch,6/2/2022,L,NN,U,NA,300,19,13.7,3,0,20.1,2.6,11,KG,-,-,Green,-,821,Green,nestling
NA,NA,WEBL,RRRG40,Russell Ranch,6/2/2022,L,NN,U,NA,300,17,12.1,4,0,20.1,2.5,9.8,KG,-,-,Purple,-,822,Purple,nestling
2881-65725,NA,TRES,RRRG40,Russell Ranch,6/2/2022,AHY,PL,F,BP,333,103,17.9,2,47,27.7,5,13,PGG,-,-,,B157,1287,2881-65725,adult
2881-65730,NA,TRES,RRRG40,Russell Ranch,6/9/2022,L,NN,U,NA,333,56,21,2,21,24.1,3.4,10.8,KG,-,-,Green,B167,1292,Green,nestling
2881-65731,NA,TRES,RRRG40,Russell Ranch,6/9/2022,L,NN,U,NA,333,54,,,15,23.6,4.6,12.5,PGG,-,-,Purple,B168,1293,Purple,nestling
2881-65732,NA,TRES,RRRG40,Russell Ranch,6/9/2022,L,NN,U,NA,333,55,23,3,18,25.2,4.1,12.1,KG,-,-,Pink,,1294,Pink,nestling
2941-94538,NA,WEBL,RRRG41,Russell Ranch,6/22/2022,AHY,PL,F,PL,333,102,26.1,2,60,37.4,8.4,20.2,KG,-,-,-,B174,775,2941-94538,adult
NA,NA,WEBL,RRRG41,Russell Ranch,6/22/2022,L,NN,U,NA,300,8,5.5,3,0,8.4,2.1,7.1,KG,-,-,Red,-,848,Red,nestling
NA,NA,WEBL,RRRG41,Russell Ranch,6/22/2022,L,NN,U,NA,300,9,6,3,0,8.9,2.6,8.4,SM,-,-,Purple,-,849,Purple,nestling
NA,NA,WEBL,RRRG41,Russell Ranch,6/22/2022,L,NN,U,NA,300,7,4.6,3,0,8.3,3.1,8.3,KG,-,-,Blue,-,850,Blue,nestling
NA,NA,WEBL,RRRG41,Russell Ranch,6/22/2022,L,NN,U,NA,300,8,4.8,3,0,7.8,3.2,8.1,SM,-,-,Orange,-,851,Orange,nestling
NA,NA,WEBL,RRRG41,Russell Ranch,6/22/2022,L,NN,U,NA,300,7,4,3,0,6.4,2.2,7.8,KG,-,-,Pink,-,852,Pink,nestling
NA,NA,WEBL,RRRG41,Russell Ranch,6/28/2022,L,NN,U,NA,300,26,20.6,0,2,27.8,5,19,PGG,-,-,Red B182,B182,870,Red,nestling
NA,NA,WEBL,RRRG41,Russell Ranch,6/28/2022,L,NN,U,NA,300,22,19.4,3,1,27.9,5.3,18.1,PGG,-,-,Orange B183 S1,B183,871,Orange,nestling
NA,NA,WEBL,RRRG41,Russell Ranch,6/28/2022,L,NN,U,NA,300,24,18.5,2,1,27.3,4,17.4,KG,-,-,Blue B184 S1,B184,872,Blue,nestling
NA,NA,WEBL,RRRG41,Russell Ranch,6/28/2022,L,NN,U,NA,300,28,21.4,3,3,28.4,5,18.6,PGG,-,-,Purple B185,B185,873,Purple,nestling
NA,NA,WEBL,RRRG41,Russell Ranch,6/28/2022,L,NN,U,NA,300,20,17,3,1,26.4,3.5,16.7,VW,-,-,Pink,-,874,Pink,nestling
2941-94540,NA,WEBL,RRRG41,Russell Ranch,7/5/2022,L,NN,M,PL,334,58,28.4,4,19,32.7,6.3,20.1,KG,GY/OR,OR/SV,Pink ,B412,777,Pink ,nestling
2941-94541,NA,WEBL,RRRG41,Russell Ranch,7/5/2022,L,NN,F,PL,334,59,28.1,1,24,32,6.2,17.9,PGG,GY/OR,OR/SV,Red,-,778,Red,nestling
2941-94542,NA,WEBL,RRRG41,Russell Ranch,7/5/2022,L,NN,M,PL,334,62,28.3,4,18,33.1,5.8,20.8,PGG,GY/OR,OR/SV,Purple,-,779,Purple,nestling
2941-94543,NA,WEBL,RRRG41,Russell Ranch,7/5/2022,L,NN,F,PL,334,61,26.8,4,23,33,7.1,21.1,KG,GY/OR,OR/SV,Orange,-,780,Orange,nestling
2941-94544,NA,WEBL,RRRG41,Russell Ranch,7/5/2022,L,NN,M,PL,334,61,27.6,4,21,32.4,6.4,19.5,KG,GY/OR,OR/SV,Blue,-,781,Blue,nestling
2631-20663,NA,TRES,RRRG5,Russell Ranch,5/22/2021,L,NN,U,NA,333,54,19.8,4,16,24.5,4.4,12.1,KL,-,-,NA,-,163,2631-20663,nestling
2631-20664,NA,TRES,RRRG5,Russell Ranch,5/22/2021,L,NN,U,NA,333,52,16.5,2,17,23.9,4.3,12.4,KL,-,-,NA,-,164,2631-20664,nestling
2631-20665,NA,TRES,RRRG5,Russell Ranch,5/22/2021,L,NN,U,NA,333,55,19,3,19,24.2,4.9,12,KL,-,-,NA,-,165,2631-20665,nestling
2631-20666,NA,TRES,RRRG5,Russell Ranch,5/22/2021,L,NN,U,NA,333,49,12.5,2,13,24.6,4.4,12.1,KL,-,-,NA,-,166,2631-20666,nestling
NA,NA,WEBL,RRRG5,Russell Ranch,5/5/2022,L,NN,U,NA,300,9,6.4,3,0,19.6,2.5,10,KG,-,-,Purple,,1794,Purple,nestling
NA,NA,WEBL,RRRG5,Russell Ranch,5/5/2022,L,NN,U,NA,300,10,7.1,4,0,19.2,3.1,9.3,VW,-,-,Blue,,1795,Blue,nestling
NA,NA,WEBL,RRRG5,Russell Ranch,5/5/2022,L,NN,U,NA,300,8,5.5,4,0,19.4,2.4,8.8,VW,-,-,Pink,,1796,Pink,nestling
NA,NA,WEBL,RRRG5,Russell Ranch,5/5/2022,L,NN,U,NA,300,10,6.8,3,0,19.5,2.6,10.2,KG,-,-,Yellow,,1797,Yellow,nestling
NA,NA,WEBL,RRRG5,Russell Ranch,5/10/2022,L,NN,U,NA,300,21,19.3,3,1,26.8,4.1,16,PGG,-,-,Yellow,B113,1807,Yellow,nestling
NA,NA,WEBL,RRRG5,Russell Ranch,5/10/2022,L,NN,U,NA,300,21,18.2,3,2,25.1,4.2,16.4,KG,-,-,Blue,,1808,Blue,nestling
NA,NA,WEBL,RRRG5,Russell Ranch,5/10/2022,L,NN,U,NA,300,19,16.5,2,0,24.4,4.4,18.4,PGG,-,-,Purple,,1809,Purple,nestling
NA,NA,WEBL,RRRG5,Russell Ranch,5/10/2022,L,NN,U,NA,300,18,15.5,2,1,25.7,4,16.5,KG,-,-,Pink,,1810,Pink,nestling
NA,NA,TRES,RRRG5,Russell Ranch,6/16/2022,L,NN,U,NA,300,5,2.5,2,0,15.5,1.7,5.9,PGG,-,-,Red,-,835,Red,nestling
NA,NA,TRES,RRRG5,Russell Ranch,6/16/2022,L,NN,U,NA,300,7,2.7,2,0,14.4,2.3,6.2,PGG,-,-,Purple,-,836,Purple,nestling
NA,NA,TRES,RRRG5,Russell Ranch,6/16/2022,L,NN,U,NA,300,7,3.1,3,0,14.6,2.3,6.5,PGG,-,-,Green,-,837,Green,nestling
NA,NA,TRES,RRRG5,Russell Ranch,6/16/2022,L,NN,U,NA,300,5,2.1,3,0,13.3,1.7,5.7,PGG,-,-,Blue,-,838,Blue,nestling
NA,NA,TRES,RRRG5,Russell Ranch,6/16/2022,L,NN,U,NA,300,5,1.3,1,0,11.9,1.2,4.6,PGG,-,-,Yellow,-,839,Yellow,nestling
NA,NA,TRES,RRRG5,Russell Ranch,6/22/2022,L,NN,U,NA,300,30,15,5,3,23.1,3.8,12.1,VW,-,-,Green,-,853,Green,nestling
NA,NA,TRES,RRRG5,Russell Ranch,6/22/2022,L,NN,U,NA,300,27,14.4,5,2,23.1,3.5,11.2,SM,-,-,Purple,-,854,Purple,nestling
NA,NA,TRES,RRRG5,Russell Ranch,6/22/2022,L,NN,U,NA,300,26,13.5,5,2,22,3.8,11.5,VW,-,-,Red,-,855,Red,nestling
NA,NA,TRES,RRRG5,Russell Ranch,6/22/2022,L,NN,U,NA,300,25,13,5,2,21.5,3.7,11.4,SM,-,-,Blue,-,856,Blue,nestling
NA,NA,TRES,RRRG5,Russell Ranch,6/22/2022,L,NN,U,NA,300,18,10.1,2,1,20.2,3.4,11,KG,-,-,Yellow,-,857,Yellow,nestling
NA,NA,TRES,RRRG5,Russell Ranch,6/23/2022,L,NN,U,NA,300,33,16,1,4,24.1,4.4,12.2,PGG,-,-,Purple,B297,1199,Purple,nestling
NA,NA,TRES,RRRG5,Russell Ranch,6/23/2022,L,NN,U,NA,300,36,16.7,3,6,24.8,4.4,13.3,PGG,-,-,Green,B298,1200,Green,nestling
NA,NA,TRES,RRRG5,Russell Ranch,6/23/2022,L,NN,U,NA,300,29,15.5,2,4,23.3,4.5,11.7,PGG,-,-,Blue,B299,1201,Blue,nestling
NA,NA,TRES,RRRG5,Russell Ranch,6/23/2022,L,NN,U,NA,300,26,12,1,1,22,3,12.1,PGG,-,-,Yellow,,1202,Yellow,nestling
NA,NA,TRES,RRRG5,Russell Ranch,6/23/2022,L,NN,U,NA,300,32,15.2,0,5,22.4,4.7,12.3,PGG,-,-,Red,,1203,Red,nestling
2881-65736,NA,TRES,RRRG5,Russell Ranch,6/28/2022,L,NN,U,NA,333,62,17.3,1,20,24.2,3.9,13.5,KG,-,-,Purple,B179,1298,Purple,nestling
2881-65737,NA,TRES,RRRG5,Russell Ranch,6/28/2022,L,NN,U,NA,333,61,18,1,18,26.7,4.9,12,PGG,-,-,Green,B180,1299,Green,nestling
2881-65738,NA,TRES,RRRG5,Russell Ranch,6/28/2022,L,NN,U,NA,333,61,17,0,22,24.6,3.6,12.8,KG,-,-,Red,B181,1300,Red,nestling
2881-65739,NA,TRES,RRRG5,Russell Ranch,6/28/2022,L,NN,U,NA,333,55,17,0,19,25.5,4.4,12.5,PGG,-,-,Blue,,1301,Blue,nestling
2881-65740,NA,TRES,RRRG5,Russell Ranch,6/28/2022,L,NN,U,NA,333,48,17,0,14,25.6,4.9,12.6,VW,-,-,Yellow,,1302,Yellow,nestling
NA,NA,WEBL,RRRG50,Russell Ranch,7/6/2023,L,NN,U,NA,300,14,12.8,5,1,23.9,3.2,13.1,KL,-,-,,,2026,Single,nestling
2941-94706,NA,WEBL,RRRG50,Russell Ranch,7/6/2023,AHY,PL,F,PL,333,97,25.8,2,56,35.4,9.3,19.6,KL,-,-,,B545,2102,2941-94706,adult
NA,NA,WEBL,RRRG50,Russell Ranch,7/11/2023,L,NN,U,NA,300,27,20,4,4,28.1,4.5,17.4,YZ,-,-,,B560,2042,Single,nestling
2941-94715,NA,WEBL,RRRG50,Russell Ranch,7/14/2023,L,NN,F,PL,333,33,18.1,3,9,29.4,4.7,17.7,KL,-,-,,B581,2111,Single,nestling
2631-20670,NA,TRES,RRRG6,Russell Ranch,5/24/2021,L,NN,U,NA,333,54,18.1,3,15,24.5,4.4,11.6,KL,-,-,Pop Rock,-,170,2631-20670,nestling
2631-20671,NA,TRES,RRRG6,Russell Ranch,5/24/2021,L,NN,U,NA,333,56,19.2,3,14,25.9,4.4,11.7,KG,-,-,Fun Dip,-,171,2631-20671,nestling
2631-20672,NA,TRES,RRRG6,Russell Ranch,5/24/2021,L,NN,U,NA,333,55,19.5,3,17,25.4,4.6,11.9,KL,-,-,Ice Cream,-,172,2631-20672,nestling
2631-20673,NA,TRES,RRRG6,Russell Ranch,5/24/2021,L,NN,U,NA,333,57,-,-,17,25.5,4,11.5,AK,-,-,Tootsie Roll,-,173,2631-20673,nestling
2941-18416,NA,WEBL,RRRG7,Russell Ranch,5/17/2021,L,NN,M,PL,333,51,27.9,4,18,30.2,6.4,21,AG,-,-,-,-,559,2941-18416,nestling
2941-18417,NA,WEBL,RRRG7,Russell Ranch,5/17/2021,L,NN,F,PL,333,47,29.9,4,15,30.9,6.2,22,AG,-,-,-,-,560,2941-18417,nestling
NA,NA,WEBL,RRRG7,Russell Ranch,5/5/2022,L,NN,U,NA,300,28,22.5,5,2,27.5,4.9,18.4,KG,-,-,Orange,,1798,Orange,nestling
NA,NA,WEBL,RRRG7,Russell Ranch,5/5/2022,L,NN,U,NA,300,29,21.7,5,2,26.5,5.1,19.3,MZ,-,-,Blue,,1799,Blue,nestling
NA,NA,WEBL,RRRG7,Russell Ranch,5/5/2022,L,NN,U,NA,300,27,21.2,5,1,27.5,4,17.7,KG,-,-,Purple,,1800,Purple,nestling
NA,NA,WEBL,RRRG7,Russell Ranch,5/5/2022,L,NN,U,NA,300,30,22.3,5,2,27.4,5.2,20.7,MZ,-,-,Green,,1801,Green,nestling
NA,NA,WEBL,RRRG7,Russell Ranch,5/5/2022,L,NN,U,NA,300,29,21.3,5,3,28.1,4,19,KG,-,-,Yellow,,1802,Yellow,nestling
NA,NA,TRES,RRRG8,Russell Ranch,6/3/2021,L,NN,U,NA,300,9,7.8,4,0,16.2,2.5,6.6,KL,-,-,Pink,-,364,Pink,nestling
NA,NA,TRES,RRRG8,Russell Ranch,6/3/2021,L,NN,U,NA,300,9,5.5,4,0,15.5,2.3,6.7,KL,-,-,Orange,-,365,Orange,nestling
NA,NA,TRES,RRRG8,Russell Ranch,6/3/2021,L,NN,U,NA,300,8,3.7,4,0,15.2,2.2,6.4,KL,-,-,Blue,-,366,Blue,nestling
NA,NA,TRES,RRRG8,Russell Ranch,6/3/2021,L,NN,U,NA,300,9,-,4,0,15.5,2.3,6.6,KL,-,-,Yellow,-,367,Yellow,nestling
NA,NA,TRES,RRRG8,Russell Ranch,6/3/2021,L,NN,U,NA,300,8,4.6,4,0,14.3,2,6.1,KL,-,-,Purple,-,368,Purple,nestling
NA,NA,TRES,RRRG8,Russell Ranch,6/10/2021,L,NN,U,NA,300,14,11.5,0,0,22.2,4,10.7,KL,-,-,Pink,-,380,Pink,nestling
NA,NA,TRES,RRRG8,Russell Ranch,6/10/2021,L,NN,U,NA,300,14,11.8,0,1,22.2,3.9,11,KL,-,-,Orange,-,381,Orange,nestling
NA,NA,TRES,RRRG8,Russell Ranch,6/10/2021,L,NN,U,NA,300,13,10.2,0,0,21.4,3.7,11.3,KL,-,-,Yellow,-,382,Yellow,nestling
2631-20709,NA,TRES,RRRG8,Russell Ranch,6/17/2021,L,NN,U,NA,333,48,16.9,2,14,25.3,4.4,11.5,KL,-,-,Pink,-,618,Pink,nestling
NA,NA,WEBL,RRRG9,Russell Ranch,7/5/2022,L,NN,U,NA,300,12,,4,0,22.5,3.1,12.1,PGG,-,-,Purple,-,905,Purple,nestling
NA,NA,WEBL,RRRG9,Russell Ranch,7/5/2022,L,NN,U,NA,300,14,,5,0,23.5,4.2,14.2,KG,-,-,Red,-,906,Red,nestling
NA,NA,WEBL,RRRG9,Russell Ranch,7/5/2022,L,NN,U,NA,300,15,,4,0,23.7,4,15.6,PGG,-,-,Orange,-,907,Orange,nestling
2941-94650,NA,WEBL,RRRG9,Russell Ranch,7/13/2022,L,NN,M,PL,334,50,26.9,4,15,30.1,5.9,20.2,KG,SV/OR,OR/GY,Red,B421,1382,Red,nestling
2941-94651,NA,WEBL,RRRG9,Russell Ranch,7/13/2022,L,NN,M,PL,334,55,27,5,16,31.3,5.6,21,VW,SV/OR,OR/GY,Orange,B422,1383,Orange,nestling
2941-94651,NA,WEBL,RRRG9,Russell Ranch,7/13/2022,L,NN,U,NA,334,44,23.8,5,12,30.5,5.5,22.2,KG,SV/OR,OR/GY,Purple,B423,1384,Purple,nestling
2941-18499,NA,WEBL,RRRR1,Russell Ranch,5/9/2022,AHY,PL,F,PL,333,100,26,1,60,36,7.9,20.2,KL,-,-,B080,B080,668,2941-18499,adult
NA,NA,WEBL,RRRR1,Russell Ranch,5/9/2022,L,NN,U,NA,300,9,6.5,4,0,19,2.8,8.5,KL,-,-,Red,-,695,Red,nestling
NA,NA,WEBL,RRRR1,Russell Ranch,5/9/2022,L,NN,U,NA,300,8,5.7,4,0,19.1,2.5,8.3,KL,-,-,Blue,-,696,Blue,nestling
NA,NA,WEBL,RRRR1,Russell Ranch,5/9/2022,L,NN,U,NA,300,9,6.7,4,0,20.3,2.4,8.4,KL,-,-,Purple,-,697,Purple,nestling
NA,NA,WEBL,RRRR1,Russell Ranch,5/19/2022,L,NN,U,NA,300,36,,4,7,26.5,4.6,20.2,PGG,-,-,Blue,B127,1834,Blue,nestling
NA,NA,WEBL,RRRR1,Russell Ranch,5/19/2022,L,NN,U,NA,300,36,,4,6,27.2,4.3,18,KG,-,-,Pink,B128,1835,Pink,nestling
NA,NA,WEBL,RRRR1,Russell Ranch,5/19/2022,L,NN,U,NA,300,35,,2,4,28.3,4.6,21.6,PGG,-,-,Red,B129,1836,Red,nestling
2941-94524,NA,WEBL,RRRR1,Russell Ranch,5/24/2022,L,NN,M,PL,334,43,24.2,3,17,29.3,4.7,20.5,KG,SV/GY,GY/OR,Blue ,-,761,Blue ,nestling
NA,NA,WEBL,RRRR10,Russell Ranch,5/3/2022,L,NN,U,NA,300,17,16.9,2,0,24.4,3.5,16.4,PGG,-,-,Yellow,,1715,Yellow,nestling
NA,NA,WEBL,RRRR10,Russell Ranch,5/3/2022,L,NN,U,NA,300,17,14.5,4,0,24.4,3.5,14.2,VG,-,-,Purple,,1716,Purple,nestling
NA,NA,WEBL,RRRR10,Russell Ranch,5/3/2022,L,NN,U,NA,300,13,14.9,2,0,25.7,3.6,14.9,PGG,-,-,Blue,,1717,Blue,nestling
NA,NA,WEBL,RRRR10,Russell Ranch,5/3/2022,L,NN,U,NA,300,17,14.6,4,0,24.2,3.4,13.9,KG,-,-,Red,,1718,Red,nestling
2941-94421,NA,WEBL,RRRR10,Russell Ranch,5/13/2022,L,NN,F,PL,333,66,25.3,3,25,21.4,5.2,18.9,KG,-,-,Purple,B204,1340,Purple,nestling
2941-94422,NA,WEBL,RRRR10,Russell Ranch,5/13/2022,L,NN,M,PL,333,67,26.5,3,28,30.9,5.1,20.1,KG,-,-,Red,B205,1341,Red,nestling
2941-94423,NA,WEBL,RRRR10,Russell Ranch,5/13/2022,L,NN,M,PL,333,61,24.6,3,21,30.3,5.4,19.4,KG,-,-,Blue,,1342,Blue,nestling
2941-94424,NA,WEBL,RRRR10,Russell Ranch,5/13/2022,L,NN,F,PL,333,60,24.6,4,22,31.5,4.8,19.4,CP,-,-,Yellow,,1343,Yellow,nestling
NA,NA,WEBL,RRRR10,Russell Ranch,6/30/2022,L,NN,U,NA,300,30,21.2,1,2,27.2,5.3,18.8,PGG,-,-,Blue,-,888,Blue,nestling
NA,NA,WEBL,RRRR10,Russell Ranch,6/30/2022,L,NN,U,NA,300,30,23.6,2,3,27.5,5.1,20.4,PGG,-,-,Orange,-,889,Orange,nestling
NA,NA,WEBL,RRRR10,Russell Ranch,6/30/2022,L,NN,U,NA,300,25,21.9,0,0,28.2,5.1,18.5,PGG,-,-,Pink,-,890,Pink,nestling
NA,NA,WEBL,RRRR10,Russell Ranch,6/30/2022,L,NN,U,NA,300,25,22.1,3,2,26.7,4.8,18.2,PGG,-,-,Purple,-,891,Purple,nestling
NA,NA,WEBL,RRRR10,Russell Ranch,6/30/2022,L,NN,U,NA,300,28,21.4,3,2,27.8,5,20.5,PGG,-,-,Red,-,892,Red,nestling
2941-94545,NA,WEBL,RRRR10,Russell Ranch,7/6/2022,L,NN,F,PL,334,56,27,3,21,30.4,5.2,20.2,CP,GY/SV,GY/GY,Pink ,B414,782,Pink ,nestling
2941-94546,NA,WEBL,RRRR10,Russell Ranch,7/6/2022,L,NN,F,PL,334,65,28.8,3,24,31.6,7,21,KG,GY/SV,GY/GY,Orange ,B415,783,Orange ,nestling
2941-94547,NA,WEBL,RRRR10,Russell Ranch,7/6/2022,L,NN,M,PL,334,55,28.4,5,20,29.9,5.7,19.8,CP,GY/SV,GY/GY,Red ,B416,784,Red ,nestling
2941-94548,NA,WEBL,RRRR10,Russell Ranch,7/6/2022,L,NN,M,PL,334,60,27,5,21,31.4,6.3,20.7,KG,GY/SV,GY/GY,Blue,-,785,Blue,nestling
2941-94549,NA,WEBL,RRRR10,Russell Ranch,7/6/2022,L,NN,M,PL,334,55,28.9,4,19,32.8,5.5,21.2,KG,GY/SV,GY/GY,Purple,-,786,Purple,nestling
NA,NA,TRES,RRRR2,Russell Ranch,5/27/2021,L,NN,U,NA,300,19,10.5,3,0,19.8,3.4,10.5,KL,-,-,Purple,-,327,Purple,nestling
NA,NA,TRES,RRRR2,Russell Ranch,5/27/2021,L,NN,U,NA,300,18,11.3,4,0,19.5,3.4,10.4,KG,-,-,Blue,-,328,Blue,nestling
NA,NA,TRES,RRRR2,Russell Ranch,5/27/2021,L,NN,U,NA,300,15,9,4,0,19.6,3.2,9.9,KL,-,-,Pink,-,329,Pink,nestling
NA,NA,TRES,RRRR2,Russell Ranch,5/27/2021,L,NN,U,NA,300,11,6.1,4,0,17.9,2.8,9.1,KG,-,-,Yellow,-,330,Yellow,nestling
NA,NA,TRES,RRRR2,Russell Ranch,5/27/2021,L,NN,U,NA,300,17,8.9,3,0,19.6,3.1,10.2,KL,-,-,Orange,-,331,Orange,nestling
2631-20701,NA,TRES,RRRR2,Russell Ranch,6/3/2021,L,NN,U,NA,333,54,-,3,20,24.9,4.7,12.5,KL,-,-,Purple,-,610,Purple,nestling
2631-20702,NA,TRES,RRRR2,Russell Ranch,6/3/2021,L,NN,U,NA,333,54,-,3,18,25.3,4.9,12.3,KL,-,-,Blue,-,611,Blue,nestling
2631-20703,NA,TRES,RRRR2,Russell Ranch,6/3/2021,L,NN,U,NA,333,51,-,4,18,25.4,4.7,12.4,KL,-,-,Orange,-,612,Orange,nestling
2631-20704,NA,TRES,RRRR2,Russell Ranch,6/3/2021,L,NN,U,NA,333,42,-,3,12,23.4,4.3,12.1,KL,-,-,Yellow,-,613,Yellow,nestling
2631-20705,NA,TRES,RRRR2,Russell Ranch,6/3/2021,L,NN,U,NA,333,50,-,3,16,25.2,4.7,12.5,KL,-,-,Pink,-,614,Pink,nestling
NA,NA,WEBL,RRRR2,Russell Ranch,7/15/2021,L,NN,U,NA,300,14,17.6,5,0,23.8,2.7,14,KG,-,-,Rency,-,516,Single,nestling
NA,NA,WEBL,RRRR2,Russell Ranch,7/22/2021,L,NN,U,NA,300,48,29.8,5,16,31.2,4,19.9,KG,-,-,Rency,-,537,Single,nestling
NA,NA,WEBL,RRRR3,Russell Ranch,5/20/2021,L,NN,U,NA,300,8,2.5,4,0,15.4,2,5.8,KL,-,-,Purple,-,279,Purple,nestling
NA,NA,WEBL,RRRR3,Russell Ranch,5/20/2021,L,NN,U,NA,300,8,3.2,4,0,15.6,2,5.5,KL,-,-,Yellow,-,280,Yellow,nestling
NA,NA,WEBL,RRRR3,Russell Ranch,5/20/2021,L,NN,U,NA,300,7,2.3,3,0,15.5,1.9,6,KL,-,-,Blue,-,281,Blue,nestling
NA,NA,WEBL,RRRR3,Russell Ranch,5/20/2021,L,NN,U,NA,300,8,3.3,4,0,15.9,2,6.3,KL,-,-,Pink,-,282,Pink,nestling
NA,NA,WEBL,RRRR3,Russell Ranch,5/20/2021,L,NN,U,NA,300,7,2.6,3,0,14.9,1.8,6,KL,-,-,Orange,-,283,Orange,nestling
NA,NA,WEBL,RRRR3,Russell Ranch,5/27/2021,L,NN,U,NA,300,24,19.8,4,2,27.5,4.2,16.8,KG,-,-,Pink,-,332,Pink,nestling
NA,NA,WEBL,RRRR3,Russell Ranch,5/27/2021,L,NN,U,NA,300,17,14.8,4,0,23.6,3.1,15.1,KL,-,-,Purple,-,333,Purple,nestling
NA,NA,WEBL,RRRR3,Russell Ranch,5/27/2021,L,NN,U,NA,300,19,18.6,4,1,25.3,4.2,15.7,KG,-,-,Yellow,-,334,Yellow,nestling
NA,NA,WEBL,RRRR3,Russell Ranch,5/27/2021,L,NN,U,NA,300,22,18.6,4,2,26.4,4.3,16.7,KL,-,-,Green,-,335,Green,nestling
NA,NA,WEBL,RRRR3,Russell Ranch,5/27/2021,L,NN,U,NA,300,21,17.3,4,0,24.8,3.6,16.2,KG,-,-,Blue,-,336,Blue,nestling
2941-18441,NA,WEBL,RRRR3,Russell Ranch,6/3/2021,L,NN,M,PL,333,56,-,2,19,31.1,6.4,20.3,KL,-,-,Pink,-,584,Pink,nestling
2941-18442,NA,WEBL,RRRR3,Russell Ranch,6/3/2021,L,NN,F,PL,333,51,-,3,19,30.3,5.6,19.5,KL,-,-,Green,-,585,Green,nestling
2941-18443,NA,WEBL,RRRR3,Russell Ranch,6/3/2021,L,NN,M,PL,333,49,-,2,16,30.6,5.6,20.3,KL,-,-,Blue,-,586,Blue,nestling
2941-18444,NA,WEBL,RRRR3,Russell Ranch,6/3/2021,L,NN,M,PL,333,49,-,2,16,30.5,5.1,20.3,KL,-,-,Yellow,-,587,Yellow,nestling
2941-18445,NA,WEBL,RRRR3,Russell Ranch,6/3/2021,L,NN,M,PL,333,46,-,3,14,28.8,5.1,19.4,KL,-,-,Purple,-,588,Purple,nestling
NA,NA,TRES,RRRR3,Russell Ranch,5/19/2022,L,NN,U,NA,300,9,5.5,4,0,16,2.6,7.4,PGG,-,-,Purple,,1842,Purple,nestling
NA,NA,TRES,RRRR3,Russell Ranch,5/19/2022,L,NN,U,NA,300,10,6.4,4,0,17.9,2.6,8.5,KG,-,-,Pink,,1843,Pink,nestling
NA,NA,TRES,RRRR3,Russell Ranch,5/19/2022,L,NN,U,NA,300,9,6.1,2,0,16.8,2.5,8.4,PGG,-,-,Orange,,1844,Orange,nestling
NA,NA,TRES,RRRR3,Russell Ranch,5/19/2022,L,NN,U,NA,300,9,5.5,4,0,16.1,2.4,8.6,KG,-,-,Green,,1845,Green,nestling
NA,NA,TRES,RRRR3,Russell Ranch,5/19/2022,L,NN,U,NA,300,11,7.2,3,0,17,2.7,7.8,PGG,-,-,Blue,,1846,Blue,nestling
NA,NA,TRES,RRRR3,Russell Ranch,5/19/2022,L,NN,U,NA,300,9,4.9,4,0,16.2,2,7.1,KG,-,-,Red,,1847,Red,nestling
NA,NA,TRES,RRRR3,Russell Ranch,5/24/2022,L,NN,U,NA,300,26,13.2,2,3,22.9,3.7,11.3,PGG,-,-,Blue,,1854,Blue,nestling
NA,NA,TRES,RRRR3,Russell Ranch,5/24/2022,L,NN,U,NA,300,28,14.1,3,4,22.5,3.2,11.2,KG,-,-,Pink,,1855,Pink,nestling
NA,NA,TRES,RRRR3,Russell Ranch,5/24/2022,L,NN,U,NA,300,15,6.9,0,0,20.3,3.1,8.5,PGG,-,-,Red,,1856,Red,nestling
NA,NA,TRES,RRRR3,Russell Ranch,5/24/2022,L,NN,U,NA,300,23,10.2,1,0,22.4,2.3,11.3,KG,-,-,Yellow2,,1857,Yellow2,nestling
NA,NA,TRES,RRRR3,Russell Ranch,5/24/2022,L,NN,U,NA,300,20,9.4,0,0,21.5,2.9,11.5,PGG,-,-,Purple2,,1858,Purple2,nestling
NA,NA,TRES,RRRR3,Russell Ranch,5/24/2022,L,NN,U,NA,300,24,12.4,1,1,21.4,3.2,12,KG,-,-,Orange,,1859,Orange,nestling
2881-65713,NA,TRES,RRRR3,Russell Ranch,5/30/2022,L,NN,U,NA,333,58,18.6,3,20,24.5,3.9,12.9,KL,-,-,Pink,B146,1275,Pink,nestling
2881-65714,NA,TRES,RRRR3,Russell Ranch,5/30/2022,L,NN,U,NA,333,51,18.3,3,15,24.1,4.1,11.2,KG,-,-,Yellow,B147,1276,Yellow2,nestling
2881-65715,NA,TRES,RRRR3,Russell Ranch,5/30/2022,L,NN,U,NA,333,44,16.6,2,12,24.2,4.2,11.2,KG,-,-,Purple,,1277,Purple2,nestling
2881-65716,NA,TRES,RRRR3,Russell Ranch,5/30/2022,L,NN,U,NA,333,56,17,3,19,25.2,4,11.4,KL,-,-,Blue,,1278,Blue,nestling
2881-65717,NA,TRES,RRRR3,Russell Ranch,5/30/2022,L,NN,U,NA,333,56,17.6,3,19,23.4,3.9,10.4,KG,-,-,Orange,,1279,Orange,nestling
NA,NA,TRES,RRRR3,Russell Ranch,5/30/2022,L,NN,U,NA,300,39,11.4,1,9,21.8,3.5,10,KG,-,-,Red,,1873,Red,nestling
NA,NA,TRES,RRRR3,Russell Ranch,7/12/2022,L,NN,U,NA,300,13,9.6,5,0,20.6,3.1,9.8,KG,-,-,Purple,-,1260,Purple,nestling
NA,NA,TRES,RRRR3,Russell Ranch,7/12/2022,L,NN,U,NA,300,17,-,5,0,20.5,3.3,13.8,KG,-,-,Yellow,-,1261,Yellow,nestling
2881-65753,NA,TRES,RRRR3,Russell Ranch,7/12/2022,AHY,PL,F,BP,333,113,16.5,2,52,27.3,5.1,13.1,KG,-,-,,B426,1314,2881-65753,adult
2881-65757,NA,TRES,RRRR3,Russell Ranch,7/19/2022,L,NN,U,NA,333,56,20.4,4,17,25.9,4.1,13.5,KG,-,-,Yellow,B426,1318,Yellow,nestling
2881-65758,NA,TRES,RRRR3,Russell Ranch,7/19/2022,L,NN,U,NA,333,51,18.4,4,15,25.1,4.5,13.2,KG,-,-,Purple,B427,1319,Purple,nestling
NA,NA,WEBL,RRRR3,Russell Ranch,7/5/2023,L,NN,U,NA,300,10,7.7,4,0,19.9,2.8,9.5,RK,-,-,Green,,2019,Green,nestling
NA,NA,WEBL,RRRR3,Russell Ranch,7/5/2023,L,NN,U,NA,300,9,8.5,5,0,19.5,2.6,10.5,RK,-,-,Pink,,2020,Pink,nestling
NA,NA,WEBL,RRRR3,Russell Ranch,7/5/2023,L,NN,U,NA,300,9,4.4,4,0,16.9,2.2,6.7,RK,-,-,Blue,,2021,Blue,nestling
2941-94705,NA,WEBL,RRRR3,Russell Ranch,7/5/2023,AHY,PL,F,PL,333,103,28.9,3,64,37,8.9,21.5,KL,-,-,,B543,2101,2941-94705,adult
2941-94712,NA,WEBL,RRRR3,Russell Ranch,7/13/2023,L,NN,U,NA,333,35,25,4,8,29,5,20,RK,-,-,Blue,B577,2108,Blue,nestling
2941-94713,NA,WEBL,RRRR3,Russell Ranch,7/13/2023,L,NN,M,PL,333,42,26.7,4,10,29.4,5.1,20.7,YZ,-,-,Green,B578,2109,Green,nestling
2941-94714,NA,WEBL,RRRR3,Russell Ranch,7/13/2023,L,NN,F,PL,333,41,25.6,4,10,29.9,5.1,21,YZ,-,-,Pink,B579,2110,Pink,nestling
NA,NA,TRES,RRRR4,Russell Ranch,7/1/2021,L,NN,U,NA,300,18,10,4,0,19,1.9,9.9,KG,-,-,Pink,-,476,Pink,nestling
NA,NA,TRES,RRRR4,Russell Ranch,7/1/2021,L,NN,U,NA,300,18,10.9,3,0,20.1,3.2,9.6,KL,-,-,Purple,-,477,Purple,nestling
NA,NA,TRES,RRRR4,Russell Ranch,7/1/2021,L,NN,U,NA,300,18,9.2,4,0,19.6,2.6,10.8,KG,-,-,Blue,-,478,Blue,nestling
2631-20723,NA,TRES,RRRR4,Russell Ranch,7/8/2021,L,NN,U,NA,333,54,20.7,2,14,25.2,4.4,12.1,KL,-,-,Pink ,-,632,Pink ,nestling
2631-20724,NA,TRES,RRRR4,Russell Ranch,7/8/2021,L,NN,U,NA,333,54,20.5,3,13,25.5,3.7,13.2,KG,-,-,Blue,-,633,Blue,nestling
2631-20725,NA,TRES,RRRR4,Russell Ranch,7/8/2021,L,NN,U,NA,333,56,20.1,2,16,25.3,4.4,13.5,KL,-,-,Purple,-,634,Purple,nestling
NA,NA,TRES,RRRR4,Russell Ranch,5/19/2022,L,NN,U,NA,300,20,10.1,3,1,21,2.9,10.5,KG,-,-,Red,,1848,Red,nestling
NA,NA,TRES,RRRR4,Russell Ranch,5/19/2022,L,NN,U,NA,300,21,11,1,0,21.5,3.5,12.2,PGG,-,-,Orange,,1849,Orange,nestling
NA,NA,TRES,RRRR4,Russell Ranch,5/19/2022,L,NN,U,NA,300,21,13.7,4,0,20.3,3.3,11.4,PGG,-,-,Purple,,1850,Purple,nestling
NA,NA,TRES,RRRR4,Russell Ranch,5/19/2022,L,NN,U,NA,300,21,12.4,4,0,20.7,3.1,12.2,KG,-,-,Green,,1851,Green,nestling
NA,NA,TRES,RRRR4,Russell Ranch,5/19/2022,L,NN,U,NA,300,16,9.4,4,0,19.5,2.7,11,KG,-,-,Pink,,1852,Pink,nestling
NA,NA,TRES,RRRR4,Russell Ranch,5/19/2022,L,NN,U,NA,300,21,11.1,3,0,21.7,3.7,11.4,PGG,-,-,Blue,,1853,Blue,nestling
NA,NA,TRES,RRRR5,Russell Ranch,5/20/2021,L,NN,U,NA,300,6,1.6,4,0,12.3,1.2,4.2,KL,-,-,Pink,-,275,Pink,nestling
NA,NA,TRES,RRRR5,Russell Ranch,5/20/2021,L,NN,U,NA,300,7,2.7,4,0,12.3,1.4,5.2,KL,-,-,Blue,-,276,Blue,nestling
NA,NA,TRES,RRRR5,Russell Ranch,5/20/2021,L,NN,U,NA,300,7,2.4,4,0,12.3,1.3,4.4,KL,-,-,Yellow,-,277,Yellow,nestling
NA,NA,TRES,RRRR5,Russell Ranch,5/20/2021,L,NN,U,NA,300,6,1.8,4,0,11.7,1.5,4.8,KL,-,-,Purple,-,278,Purple,nestling
NA,NA,TRES,RRRR5,Russell Ranch,5/27/2021,L,NN,U,NA,300,29,17.6,3,2,23.4,3.8,12.2,KL,-,-,Yellow,-,337,Yellow,nestling
NA,NA,TRES,RRRR5,Russell Ranch,5/27/2021,L,NN,U,NA,300,16,11.8,4,0,19.4,2.9,10.3,KG,-,-,Green,-,338,Green,nestling
NA,NA,TRES,RRRR5,Russell Ranch,5/27/2021,L,NN,U,NA,300,23,12.1,4,1,21.2,3.2,10.7,KL,-,-,Orange,-,339,Orange,nestling
NA,NA,TRES,RRRR5,Russell Ranch,5/27/2021,L,NN,U,NA,300,30,17.1,4,4,23.2,3.6,11.4,KL,-,-,Blue,-,340,Blue,nestling
NA,NA,TRES,RRRR5,Russell Ranch,5/27/2021,L,NN,U,NA,300,26,15.5,4,2,21.3,3.5,11,KG,-,-,Pink2,-,341,Pink2,nestling
NA,NA,TRES,RRRR5,Russell Ranch,5/27/2021,L,NN,U,NA,300,26,16.1,4,1,21.4,3.9,11.1,KL,-,-,Purple2,-,342,Purple2,nestling
2631-20690,NA,TRES,RRRR5,Russell Ranch,6/1/2021,L,NN,U,NA,333,49,17.3,4,15,23.2,4.1,12.1,KL,-,-,Orange,-,190,Orange,nestling
2631-20691,NA,TRES,RRRR5,Russell Ranch,6/1/2021,L,NN,U,NA,333,53,18.9,4,17,23.8,3.9,12,KL,-,-,Pink,-,191,Pink2,nestling
2631-20692,NA,TRES,RRRR5,Russell Ranch,6/1/2021,L,NN,U,NA,333,52,18.1,3,16,25.2,4.3,11.8,KL,-,-,Purple,-,192,Purple2,nestling
2631-20693,NA,TRES,RRRR5,Russell Ranch,6/1/2021,L,NN,U,NA,333,54,19.6,3,17,25.8,4.7,12.8,KL,-,-,Yellow,-,193,Yellow,nestling
2631-20694,NA,TRES,RRRR5,Russell Ranch,6/1/2021,L,NN,U,NA,333,54,18.2,4,19,25.5,4.9,12,KL,-,-,Blue,-,194,Blue,nestling
2631-20695,NA,TRES,RRRR5,Russell Ranch,6/1/2021,L,NN,U,NA,333,39,15.9,3,10,23.2,4.2,11.6,KL,-,-,Green,-,195,Green,nestling
NA,NA,WEBL,RRRR5,Russell Ranch,5/3/2022,L,NN,U,NA,300,11,9.1,0,0,22.6,3.4,12.3,KG,-,-,Red,,1710,Red,nestling
NA,NA,WEBL,RRRR5,Russell Ranch,5/3/2022,L,NN,U,NA,300,13,10.6,1,0,23.4,3.6,13.4,PGG,-,-,Orange,,1711,Orange,nestling
NA,NA,WEBL,RRRR5,Russell Ranch,5/3/2022,L,NN,U,NA,300,12,11.3,2,0,23.4,3.5,12.2,VW,-,-,Purple,,1712,Purple,nestling
NA,NA,WEBL,RRRR5,Russell Ranch,5/3/2022,L,NN,U,NA,300,11,10.5,2,0,22.7,3,12.8,PGG,-,-,Pink,,1713,Pink,nestling
NA,NA,WEBL,RRRR5,Russell Ranch,5/3/2022,L,NN,U,NA,300,13,12.8,1,0,23.4,3.9,12.8,VG,-,-,Yellow,,1714,Yellow,nestling
NA,NA,TRES,RRRR6,Russell Ranch,5/18/2023,L,NN,U,NA,300,12,6.8,4,0,17.5,2.5,8.9,KL,-,-,Blue,,1525,Blue,nestling
NA,NA,TRES,RRRR6,Russell Ranch,5/18/2023,L,NN,U,NA,300,11,6.5,4,0,17.4,2.4,8,KL,-,-,Purple,,1526,Purple,nestling
NA,NA,TRES,RRRR6,Russell Ranch,5/18/2023,L,NN,U,NA,300,13,8.5,4,0,19.1,2.9,9,KL,-,-,Red,,1527,Red,nestling
2881-65894,NA,TRES,RRRR6,Russell Ranch,5/18/2023,ASY,PL,F,BP,333,112,18.8,4,57,27.6,5.7,12.2,KL,-,-,,B378,1885,2881-65894,adult
2881-65905,NA,TRES,RRRR6,Russell Ranch,5/25/2023,L,NN,U,NA,333,44,20.3,4,12,23.4,4.2,12.6,KL,-,-,Purple,B429,1914,Purple,nestling
2881-65906,NA,TRES,RRRR6,Russell Ranch,5/25/2023,L,NN,U,NA,333,49,21.5,3,14,25.9,4.7,12.1,KL,-,-,Red,B430,1915,Red,nestling
2881-65907,NA,TRES,RRRR6,Russell Ranch,5/25/2023,L,NN,U,NA,333,47,21,4,13,25.9,4.2,12,KL,-,-,Blue,B431,1916,Blue,nestling
NA,NA,TRES,RRRR7,Russell Ranch,6/22/2023,L,NN,U,NA,300,29,16.7,4,3,22.3,3.7,11.5,KL,-,-,Blue,,1697,Blue,nestling
NA,NA,TRES,RRRR7,Russell Ranch,6/22/2023,L,NN,U,NA,300,30,20,4,3,23.3,3.7,12.8,YZ,-,-,Purple,,1698,Purple,nestling
NA,NA,TRES,RRRR7,Russell Ranch,6/22/2023,L,NN,U,NA,300,28,17.2,4,2,23.1,3.7,11.5,KL,-,-,Pink,,1699,Pink,nestling
NA,NA,TRES,RRRR7,Russell Ranch,6/22/2023,L,NN,U,NA,300,29,17.1,4,4,23.5,4,12.4,YZ,-,-,Red,,1700,Red,nestling
NA,NA,TRES,RRRR7,Russell Ranch,6/22/2023,L,NN,U,NA,300,21,14.8,5,2,21.7,3.4,11.7,KL,-,-,Orange,,1701,Orange,nestling
2881-65912,NA,TRES,RRRR7,Russell Ranch,6/22/2023,AHY,PL,F,BP,333,105,16.2,2,48,28.3,5,12.1,KL,-,-,,B508,1921,2881-65912,adult
2881-65915,NA,TRES,RRRR7,Russell Ranch,6/27/2023,L,NN,U,NA,333,49,21,4,12,25.3,4.3,11.8,YZ,-,-,Orange,B514,1924,Orange,nestling
2881-65916,NA,TRES,RRRR7,Russell Ranch,6/27/2023,L,NN,U,NA,333,55,20,4,27,25.8,4.5,11.8,YZ,-,-,Blue,B515,1925,Blue,nestling
2881-65917,NA,TRES,RRRR7,Russell Ranch,6/27/2023,L,NN,U,NA,333,60,23.4,4,20,25.7,4.4,12.4,YZ,-,-,Purple,B516,1926,Purple,nestling
2881-65918,NA,TRES,RRRR7,Russell Ranch,6/27/2023,L,NN,U,NA,333,57,21.7,4,20,26.2,4.7,12.8,YZ,-,-,Pink,B517,1927,Pink,nestling
2881-65919,NA,TRES,RRRR7,Russell Ranch,6/27/2023,L,NN,U,NA,333,60,20.8,4,20,26.1,4.2,12.4,YZ,-,-,Red,,1928,Red,nestling
2941-94572,NA,WEBL,RRRR8,Russell Ranch,5/23/2023,AHY,PL,F,PL,333,97,26.4,3,53,35.5,8.3,19.3,KL,-,-,,B432,1581,2941-94572,adult
NA,NA,WEBL,RRRR8,Russell Ranch,5/25/2023,L,NN,U,NA,300,9,7.2,4,0,20.1,2.6,10,KL,-,-,Blue,,1610,Blue,nestling
NA,NA,WEBL,RRRR8,Russell Ranch,5/25/2023,L,NN,U,NA,300,9,6.2,4,0,19.9,3,9.2,KL,-,-,Pink,,1611,Pink,nestling
NA,NA,WEBL,RRRR8,Russell Ranch,5/25/2023,L,NN,U,NA,300,8,4.6,4,0,18.2,2.2,8,KL,-,-,Purple,,1612,Purple,nestling
NA,NA,WEBL,RRRR8,Russell Ranch,5/25/2023,L,NN,U,NA,300,10,7.1,4,0,20.9,3,9.9,KL,-,-,Red,,1613,Red,nestling
NA,NA,WEBL,RRRR8,Russell Ranch,5/25/2023,L,NN,U,NA,300,10,7.6,4,0,20.1,2.9,9.3,KL,-,-,Orange,,1614,Orange,nestling
NA,NA,WEBL,RRRR8,Russell Ranch,7/5/2023,L,NN,U,NA,300,10,6.7,5,0,19.5,2.7,8.7,RK,-,-,Blue,,2014,Blue,nestling
NA,NA,WEBL,RRRR8,Russell Ranch,7/5/2023,L,NN,U,NA,300,14,11.2,4,0,23.2,3.2,11.6,RK,-,-,Pink,,2015,Pink,nestling
NA,NA,WEBL,RRRR8,Russell Ranch,7/5/2023,L,NN,U,NA,300,15,13.5,5,0,23.6,3.8,13,KL,-,-,Purple,,2016,Purple,nestling
NA,NA,WEBL,RRRR8,Russell Ranch,7/5/2023,L,NN,U,NA,300,15,13.4,5,0,24,3.6,13.2,RK,-,-,Green,,2017,Green,nestling
NA,NA,WEBL,RRRR8,Russell Ranch,7/5/2023,L,NN,U,NA,300,9,3.8,4,0,18.9,2.7,7.6,RK,-,-,Red,,2018,Red,nestling
2941-94708,NA,WEBL,RRRR8,Russell Ranch,7/13/2023,L,NN,F,PL,333,36,23.9,5,7,28.2,4.6,19.1,RK,-,-,Blue,B573,2104,Blue,nestling
2941-94709,NA,WEBL,RRRR8,Russell Ranch,7/13/2023,L,NN,F,PL,333,49,25.9,5,15,30.2,5.4,19.4,YZ,-,-,Purple,B574,2105,Purple,nestling
2941-94710,NA,WEBL,RRRR8,Russell Ranch,7/13/2023,L,NN,M,PL,333,46,25.9,5,19,29.7,5.3,20,KL,-,-,Green,B575,2106,Green,nestling
2941-94711,NA,WEBL,RRRR8,Russell Ranch,7/13/2023,L,NN,F,PL,333,45,23.8,5,13,29.5,5.2,19.6,YZ,-,-,Pink,B576,2107,Pink,nestling
NA,NA,WEBL,SFP1,South Fork Preserve,7/12/2023,L,NN,U,NA,300,14,13.6,5,0,23.4,3.1,13,KL,-,-,Green,,2043,Green,nestling
NA,NA,WEBL,SFP1,South Fork Preserve,7/12/2023,L,NN,U,NA,300,14,13,5,0,23.3,3.4,12.1,KL,-,-,Red,,2044,Red,nestling
3181-01214,NA,WEBL,SFP1,South Fork Preserve,7/12/2023,AHY,PL,F,PL,334,96,27.1,3,57,35.6,9,20.8,KL,SV/GY,WH/GY,,B568,2064,3181-01214,adult
NA,NA,TRES,SFP11,South Fork Preserve,5/20/2023,L,NN,U,NA,300,8,3.7,4,0,14.4,2,5.8,KL,-,-,Purple,,1539,Purple,nestling
NA,NA,TRES,SFP11,South Fork Preserve,5/20/2023,L,NN,U,NA,300,8,4.1,4,0,14.9,1.9,7,KL,-,-,Pink,,1540,Pink,nestling
NA,NA,TRES,SFP11,South Fork Preserve,5/20/2023,L,NN,U,NA,300,8,3.5,4,0,14.9,2,6.6,KL,-,-,Blue,,1541,Blue,nestling
NA,NA,TRES,SFP11,South Fork Preserve,5/20/2023,L,NN,U,NA,300,8,3.5,4,0,14.7,1.9,6.6,KL,-,-,Orange,,1542,Orange,nestling
NA,NA,TRES,SFP11,South Fork Preserve,5/20/2023,L,NN,U,NA,300,7,2.5,4,0,13,1.6,5.9,KL,-,-,Red,,1543,Red,nestling
NA,NA,TRES,SFP11,South Fork Preserve,5/20/2023,L,NN,U,NA,300,8,3.8,4,0,14.5,2,6.6,KL,-,-,Green,,1544,Green,nestling
2881-27408,NA,TRES,SFP11,South Fork Preserve,5/20/2023,SY,PL,F,BP,333,105,17.9,3,49,26.2,4.2,12.5,KL,-,-,,B381,2113,2881-27408,adult
2881-27414,NA,TRES,SFP11,South Fork Preserve,5/30/2023,L,NN,U,NA,333,47,18.7,3,14,25,4.2,12.5,KL,-,-,Pink,B453,2119,Pink,nestling
2881-27415,NA,TRES,SFP11,South Fork Preserve,5/30/2023,L,NN,U,NA,333,44,18,3,12,25,3.8,12,KL,-,-,Orange,B454,2120,Orange,nestling
2881-27416,NA,TRES,SFP11,South Fork Preserve,5/30/2023,L,NN,U,NA,333,44,17.8,4,14,25.1,3.8,12,KL,-,-,Blue,B455,2121,Blue,nestling
2881-27417,NA,TRES,SFP11,South Fork Preserve,5/30/2023,L,NN,U,NA,333,45,15.9,4,11,24.5,3.9,11.9,KL,-,-,Green,,2122,Green,nestling
2881-27418,NA,TRES,SFP11,South Fork Preserve,5/30/2023,L,NN,U,NA,333,45,19.1,4,12,25,4.1,11.4,KL,-,-,Purple,,2123,Purple,nestling
2881-27419,NA,TRES,SFP11,South Fork Preserve,5/30/2023,L,NN,U,NA,333,40,15.6,3,8,24.3,3.6,12,KL,-,-,Red,,2124,Red,nestling
2941-18530,NA,WEBL,SFP15,South Fork Preserve,5/20/2023,AHY,PL,F,PL,334,98,26.1,3,59,35.8,8.2,20.2,KL,OR/GY,SV/WH,,B380,1442,2941-18530,adult
NA,NA,WEBL,SFP15,South Fork Preserve,5/20/2023,L,NN,U,NA,300,9,6.7,4,0,19.1,2.5,8.5,KL,-,-,Purple,,1534,Purple,nestling
NA,NA,WEBL,SFP15,South Fork Preserve,5/20/2023,L,NN,U,NA,300,9,6.4,4,0,18.7,2.6,8.2,KL,-,-,Blue,,1535,Blue,nestling
NA,NA,WEBL,SFP15,South Fork Preserve,5/20/2023,L,NN,U,NA,300,9,6.3,4,0,19.1,2.6,8.7,KL,-,-,Red,,1536,Red,nestling
NA,NA,WEBL,SFP15,South Fork Preserve,5/20/2023,L,NN,U,NA,300,9,6.2,4,0,18.8,2.7,8.7,KL,-,-,Pink,,1537,Pink,nestling
NA,NA,WEBL,SFP15,South Fork Preserve,5/20/2023,L,NN,U,NA,300,8,5.2,4,0,17.4,2.6,7.8,KL,-,-,Orange,,1538,Orange,nestling
2941-18474,NA,WEBL,SFP15,South Fork Preserve,5/20/2023,AHY,PL,M,PL,334,102,23.7,2,61,36.8,8.5,20.5,KL,OR/SV,RD/OR,,,2081,2941-18474,adult
NA,NA,WEBL,SFP15,South Fork Preserve,5/27/2023,L,NN,U,NA,300,30,23.4,4,4,28.8,4.6,18.9,KL,-,-,Purple,B441,1624,Purple,nestling
NA,NA,WEBL,SFP15,South Fork Preserve,5/27/2023,L,NN,U,NA,300,26,21.7,5,3,28.1,4.6,19,KL,-,-,Orange,B442,1625,Orange,nestling
NA,NA,WEBL,SFP15,South Fork Preserve,5/27/2023,L,NN,U,NA,300,31,23.5,5,5,29.1,5,19.7,KL,-,-,Blue,B443,1626,Blue,nestling
NA,NA,WEBL,SFP15,South Fork Preserve,5/27/2023,L,NN,U,NA,300,31,22.1,5,4,29.3,4.9,19.8,KL,-,-,Red,,1627,Red,nestling
NA,NA,WEBL,SFP15,South Fork Preserve,5/27/2023,L,NN,U,NA,300,32,23,6,5,29.2,4.8,19.9,KL,-,-,Pink,,1628,Pink,nestling
2941-18540,NA,WEBL,SFP15,South Fork Preserve,5/30/2023,L,NN,F,PL,334,47,25.6,4,16,30.8,5.2,21.2,KL,OR/GY,SV/OR,Pink,B456,1452,Pink,nestling
2941-18541,NA,WEBL,SFP15,South Fork Preserve,5/30/2023,L,NN,F,PL,334,46,26.7,3,15,31,5.3,21.2,KL,OR/GY,SV/OR,Red,B457,1453,Red,nestling
2941-18542,NA,WEBL,SFP15,South Fork Preserve,5/30/2023,L,NN,M,PL,334,44,26.5,4,14,30.5,5,19.7,KL,OR/GY,SV/OR,Purple,B458,1454,Purple,nestling
2941-18543,NA,WEBL,SFP15,South Fork Preserve,5/30/2023,L,NN,F,PL,334,39,26.6,4,11,30.8,5,20.3,KL,OR/GY,SV/OR,Orange,B459,1455,Orange,nestling
2941-18544,NA,WEBL,SFP15,South Fork Preserve,5/30/2023,L,NN,U,PL,334,45,26.5,4,15,30.7,5.7,20.3,KL,OR/GY,SV/OR,Blue,,1456,Blue,nestling
2881-27425,NA,TRES,SFP9,South Fork Preserve,6/28/2023,L,NN,U,NA,333,59,22,4,21,26.5,4.1,12.3,RK,-,-,,,2130,2881-27425,nestling
2881-27426,NA,TRES,SFP9,South Fork Preserve,6/28/2023,L,NN,U,NA,333,57,22.8,4,20,25.8,4,12.7,KL,-,-,,,2131,2881-27426,nestling
2881-27427,NA,TRES,SFP9,South Fork Preserve,6/28/2023,L,NN,U,NA,333,58,23.5,4,19,26.4,4,12.9,RK,-,-,,,2132,2881-27427,nestling
