Timestamp,date,observer,site,box,action,equipment_name,hobo_position,readout,battery_status,memory_status,equipment_type,card_deployed,card_collected,battery_status,memory_status,
4/15/2021 14:22,4/15/2021,"KL, KG",PIC,PICO1,data download,PG-O-01-O,outside,completed,100,2,hobo,,,,,
4/15/2021 14:24,4/15/2021,"KL, KG",PIC,PICO1,data download,PG-O-01-I,inside,completed,100,2,hobo,,,,,
4/15/2021 15:05,4/15/2021,"KL, KG",PIC,PICR3,data download,PG-C-O-01,outside,completed,100,9,hobo,,,,,
4/15/2021 15:06,4/15/2021,"KL, KG",PIC,PICR3,data download,PG-C-03-I,inside,completed,100,9,hobo,,,,,
4/16/2021 10:00,4/16/2021,KL,RRR,RRRR2,data download,RU-C-02-O,outside,completed,100,6,hobo,,,,,
4/16/2021 10:01,4/16/2021,KL,RRR,RRRR2,data download,RU-C-02-I,inside,completed,100,6,hobo,,,,,
4/21/2021 9:35,4/21/2021,KL,MBN,MBNC11,deploy,MBNC11-I,inside,NA,100,0,hobo,,,,,
4/21/2021 9:36,4/21/2021,KL,MBN,MBNC11,deploy,MBNC11-O,outside,NA,100,0,hobo,,,,,
4/21/2021 10:02,4/21/2021,KL,MBN,MBNC5,deploy,MBNC5-I,inside,NA,100,0,hobo,,,,,
4/21/2021 10:03,4/21/2021,KL,MBN,MBNC5,deploy,MBNC5-O,outside,NA,100,0,hobo,,,,,
4/21/2021 10:17,4/21/2021,KL,MBN,MBNC3,deploy,MBNC3-I,inside,NA,100,0,hobo,,,,,
4/21/2021 10:17,4/21/2021,KL,MBN,MBNC3,deploy,MBNC3-O,outside,NA,100,0,hobo,,,,,
4/22/2021 8:45,4/22/2021,"KL, KG",DCC,BRO6,deploy,BRO6-I,inside,NA,100,0,hobo,,,,,
4/22/2021 8:47,4/22/2021,"KL, KG",DCC,BRO6,deploy,BRO6-O,outside,NA,100,0,hobo,,,,,
4/22/2021 8:49,4/22/2021,"KL, KG",DCC,BRO9,deploy,BRO9-humidity,inside,NA,100,0,hobo,,,,,
4/22/2021 9:25,4/22/2021,"KL, KG",PIC,PICO6,deploy,PICO6-I,inside,NA,100,0,hobo,,,,,
4/22/2021 9:26,4/22/2021,"KL, KG",PIC,PICO6,deploy,PICO6-O,outside,NA,100,0,hobo,,,,,
4/22/2021 10:12,4/22/2021,"KL, KG",PIC,PICR8,deploy,PICR8-I,inside,NA,100,0,hobo,,,,,
4/22/2021 10:12,4/22/2021,KL KG,PIC,PICR8,deploy,PICR8-O,outside,NA,100,0,hobo,,,,,
4/22/2021 15:35,4/22/2021,"KL, KG",PIC,PICO2,deploy,PICO2-humidity,outside,NA,100,0,hobo,,,,,
4/22/2021 15:45,4/22/2021,KL KG,PIC,PICR2,deploy,PICR2-humidity ,outside,NA,100,0,hobo,,,,,
4/22/2021 16:04,4/22/2021,KL KG,PIC,PICG2,deploy,PICG2-O,outside,NA,100,0,hobo,,,,,
4/22/2021 16:04,4/22/2021,"KL, KG",PIC,PICG2,deploy,PICG2-I,inside,NA,100,0,hobo,,,,,
4/22/2021 16:11,4/22/2021,"KL, KG",PIC,PICG3,deploy,PICG3-I,inside,NA,100,0,hobo,,,,,
4/22/2021 16:11,4/22/2021,KL KG,PIC,PICG3,deploy,PICG3-O,outside,NA,100,0,hobo,,,,,
4/22/2021 16:28,4/22/2021,"KL, KG",PIC,PICG6,deploy,PICG6-I,inside,NA,100,0,hobo,,,,,
4/22/2021 16:28,4/22/2021,"KL, KG",PIC,PICG6,deploy,PICG6-O,outside,NA,100,0,hobo,,,,,
4/22/2021 16:45,4/22/2021,KL KG,PIC,PICG8,deploy,PICG8-humidity,outside,NA,100,0,hobo,,,,,
4/23/2021 10:17,4/23/2021,"KL, KG",MBN,MBNG4,deploy,MBNG4-I,inside,NA,100,0,hobo,,,,,
4/23/2021 10:17,4/23/2021,KL KG,MBN,MBNG4,deploy,MBNG4-O,outside,NA,100,0,hobo,,,,,
4/23/2021 10:17,4/23/2021,"KL, KG",MBN,MBNG10,deploy,MBNG10-I,inside,NA,100,0,hobo,,,,,
4/23/2021 10:17,4/23/2021,KL KG,MBN,MBNG10,deploy,MBNG10-O,outside,NA,100,0,hobo,,,,,
4/23/2021 10:18,4/23/2021,KL KG,MBN,MBNG12,deploy,MBNG12-O,outside,NA,100,0,hobo,,,,,
4/23/2021 10:18,4/23/2021,"KL, KG",MBN,MBNG12,deploy,MBNG12-I,inside,NA,100,0,hobo,,,,,
4/23/2021 11:16,4/23/2021,"KL, KG",RRR,RRRG1,deploy,RRRG1-I,inside,NA,100,0,hobo,,,,,
4/23/2021 11:16,4/23/2021,"KL, KG",RRR,RRRG1,deploy,RRRG1-O,outside,NA,100,0,hobo,,,,,
4/23/2021 11:42,4/23/2021,"KL, KG",RRR,RRRG11,deploy,RRRG11-I,inside,NA,100,0,hobo,,,,,
4/23/2021 11:42,4/23/2021,"KL, KG",RRR,RRRG11,deploy,RRRG11-O,outside,NA,100,0,hobo,,,,,
4/23/2021 11:44,4/23/2021,"KL, KG",RRR,RRRG11,deploy,RRRG11-humidity,outside,NA,100,0,hobo,,,,,
4/23/2021 11:51,4/23/2021,"KL, KG",RRR,RRRG3,deploy,RRRG3-I,inside,NA,100,0,hobo,,,,,
4/23/2021 11:52,4/23/2021,"KL, KG",RRR,RRRG3,deploy,RRRG3-O,outside,NA,100,0,hobo,,,,,
4/23/2021 12:22,4/23/2021,"KL, KG",RRR,RRRR5,deploy,RRRR5-humidity,outside,NA,100,0,hobo,,,,,
4/23/2021 12:52,4/23/2021,KL KG,MBN,MBNR6,deploy,MBNR6-humidity,outside,NA,100,0,hobo,,,,,
4/23/2021 13:09,4/23/2021,KL KG,MBN,MBNG9,deploy,MBNG9-humidity,outside,NA,100,0,hobo,,,,,
4/24/2021 10:24,4/24/2021,KL,PIC,PCT2,deploy,PCT2-I,inside,NA,100,0,hobo,,,,,
4/24/2021 10:25,4/24/2021,KL,PIC,PCT2,deploy,PCT2-O,outside,NA,100,0,hobo,,,,,
4/24/2021 10:36,4/24/2021,KL,PIC,PCT4,deploy,PCT4-humidity,outside,NA,100,0,hobo,,,,,
4/24/2021 10:52,4/24/2021,KL,PIC,PCT7,deploy,PCT7-I,inside,NA,100,0,hobo,,,,,
4/24/2021 10:53,4/24/2021,KL,PIC,PCT7,deploy,PCT7-O,outside,NA,100,0,hobo,,,,,
4/24/2021 11:08,4/24/2021,KL,PIC,PCT9,deploy,PCT9-I,inside,NA,100,0,hobo,,,,,
4/24/2021 11:09,4/24/2021,KL,PIC,PCT9,deploy,PCT9-O,outside,NA,100,0,hobo,,,,,
4/26/2021 9:58,4/26/2021,KL KG,MBN,MBNC12,deploy,MBNC12-humidity,outside,NA,100,0,hobo,,,,,
4/29/2021 8:57,4/29/2021,KL KG,RRR,RRE15,deploy,RRE15-I,inside,NA,100,0,hobo,,,,,
4/29/2021 8:58,4/29/2021,KL KG,RRR,RRE15,deploy,RRE15-O,outside,NA,100,0,hobo,,,,,
4/29/2021 9:04,4/29/2021,KL KG,RRR,RRC15,deploy,RRC15-I,inside,NA,100,0,hobo,,,,,
4/29/2021 9:05,4/29/2021,KL KG,RRR,RRC15,deploy,RRC15-O,outside,NA,100,0,hobo,,,,,
4/29/2021 9:05,4/29/2021,KL KG,RRR,RRC15,deploy,RRC15-humidity,outside,NA,100,0,hobo,,,,,
4/29/2021 9:36,4/29/2021,KL KG,RRR,RRE10,deploy,RRE10-I,inside,NA,100,0,hobo,,,,,
4/29/2021 9:37,4/29/2021,"KG, KL",RRR,RRE10,deploy,RRE10-O,outside,NA,100,0,hobo,,,,,
4/29/2021 10:04,4/29/2021,"KL, KG",PIC,PICO5,deploy,PICO5-I,inside,NA,100,0,hobo,,,,,
4/29/2021 10:05,4/29/2021,"KL, KG",PIC,PICO5,deploy,PICO5-O,outside,NA,100,0,hobo,,,,,
4/29/2021 10:36,4/29/2021,"KL, KG",PIC,PICR4,deploy,PICR4-I,inside,NA,100,0,hobo,,,,,
4/29/2021 10:37,4/29/2021,"KL, KG",PIC,PICR4,deploy,PICR4-O,outside,NA,100,0,hobo,,,,,
5/1/2021 9:16,5/1/2021,KL,MCN,MCE4,deploy,MCE4-I,inside,NA,100,0,hobo,,,,,
5/1/2021 9:17,5/1/2021,KL,MCN,MCE4,deploy,MCE4-O,outside,NA,100,0,hobo,,,,,
5/1/2021 9:21,5/1/2021,KL,MCN,MCO5,deploy,MCO5-humidity,outside,NA,100,0,hobo,,,,,
5/6/2021 19:36,5/6/2021,"KL, KG",RRR,RRRG1,deploy,cam1,,,,,camera,-,-,full,empty,
5/7/2021 10:18,5/7/2021,"KL, KG",RRR,RRRR5,deploy,RRRR5-I,inside,NA,100,0,hobo,,,,,
5/7/2021 10:19,5/7/2021,"KL, KG",RRR,RRRR5,deploy,RRRR5-O,outside,NA,100,0,hobo,,,,,
5/7/2021 10:28,5/7/2021,"KL, KG",RRR,RRRR3,deploy,RRRR3-I,inside,NA,100,0,hobo,,,,,
5/7/2021 10:29,5/7/2021,"KL, KG",RRR,RRRR3,deploy,RRRR3-O,outside,NA,100,0,hobo,,,,,
5/7/2021 12:38,5/7/2021,KL KG,PIC,PICG10,deploy,PICG10-I,inside,NA,100,0,hobo,,,,,
5/7/2021 12:39,5/7/2021,KL KG,PIC,PICG10,deploy,PICG10-O,outside,NA,100,0,hobo,,,,,
5/7/2021 16:09,5/7/2021,"KL, KG",MBN,MBNR5,deploy,MBNR5-I,inside,NA,100,0,hobo,,,,,
5/7/2021 16:10,5/7/2021,"KL, KG",MBN,MBNR5,deploy,MBNR-O,outside,NA,100,0,hobo,,,,,
5/7/2021 16:22,5/7/2021,"KL, KG",MBN,MBNR9,deploy,MBNR9-I,inside,NA,100,0,hobo,,,,,
5/7/2021 16:22,5/7/2021,"KL, KG",MBN,MBNR9,deploy,MBNR9-O,outside,NA,100,0,hobo,,,,,
5/7/2021 16:33,5/7/2021,KL KG,MBN,MBNR2,deploy,MBNR2-I,inside,NA,100,0,hobo,,,,,
5/7/2021 16:33,5/7/2021,KL KG,MBN,MBNR2,deploy,MBNR2-O,outside,NA,100,0,hobo,,,,,
5/13/2021 12:22,5/13/2021,"KL, KG",RRR,RRRG1,data download,cam1,,,,,camera,card4,cam1,full,empty,
5/13/2021 15:55,5/13/0021,KL KG,MCN,MCO8,deploy,MCO8-O,outside,NA,100,0,hobo,,,,,
5/13/2021 15:57,5/13/2021,"KL, KG",MCN,MCO8,deploy,MCO8-I,inside,NA,100,0,hobo,,,,,
5/13/2021 16:02,5/13/0021,KL KG,MCN,MCO1,deploy,MCO1-I,inside,NA,100,0,hobo,,,,,
5/13/2021 16:03,5/13/0021,KL KG,MCN,MCO1,deploy,MCO1-O,outside,NA,100,0,hobo,,,,,
5/13/2021 16:35,5/13/0021,KL KG,BRO,BRO3,deploy,BRO3-O,outside,NA,100,0,hobo,,,,,
5/13/2021 16:36,5/13/0021,KL KG,BRO,BRO3,deploy,BRO3-I,inside,NA,100,0,hobo,,,,,
5/13/2021 17:48,5/13/0021,KL KG,BRO,BRO3,deploy,BRO3-I,inside,NA,100,0,hobo,,,,,
5/14/2021 9:18,5/14/2021,KL KG,PIC,PICR9,deploy,PICR9-O,outside,NA,100,0,hobo,,,,,
5/14/2021 9:20,5/14/2021,KL KG,PIC,PICR9,deploy,PICR9-I,inside,NA,100,0,hobo,,,,,
5/21/2021 10:21,5/21/2021,KL KG,PIC,PICR9,deploy,cam2,,,,,camera,-,-,full,empty,
5/21/2021 10:40,5/21/2021,"KL,KG",PIC,PICG6,collect,PICG6-I,inside,completed,100,7,hobo,,,,,
5/21/2021 10:40,5/21/2021,KL KG,PIC,PICG6,collect,PICG6-O,outside,completed,100,7,hobo,,,,,
5/21/2021 11:23,5/21/2021,KL KG,PIC,PICG1,deploy,PICG1-I,inside,NA,100,0,hobo,,,,,
5/21/2021 11:24,5/21/2021,KL KG,PIC,PICG1,deploy,PICG1-O,outside,NA,100,0,hobo,,,,,
5/26/2021 8:07,5/26/2021,"KL, KG",MBN,MBNG4,collect,MBNG4-O,outside,completed,100,7,hobo,,,,,
5/26/2021 8:07,5/26/2021,"KL, KG",MBN,MBNG4,collect,MBNG4-I,inside,completed,100,7,hobo,,,,,
5/26/2021 8:24,5/26/2021,KL KG,MBN,MBNG17,deploy,MBNG17-I,inside,NA,100,0,hobo,,,,,
5/26/2021 8:25,5/26/2021,KL KG,MBN,MBNG17,deploy,MBNG17-O,outside,NA,100,0,hobo,,,,,
5/26/2021 9:05,5/26/2021,KL KG,MBN,MBNC3,collect,MBNC3-I,inside,completed,100,7,hobo,,,,,
5/26/2021 9:06,5/26/2021,KL KG,MBN,MBNC3,collect,MBNC3-O,outside,completed,100,7,hobo,,,,,
5/26/2021 9:22,5/26/2021,KL KG,MBN,MBNC16,deploy,MBNC16-I,inside,NA,100,0,hobo,,,,,
5/26/2021 9:22,5/26/2021,"KL, KG",MBN,MBNC16,deploy,MBNC16-O,outside,NA,100,0,hobo,,,,,
5/26/2021 11:02,5/26/2021,"KL, KG",MBN,MBNR9,deploy,cam5,,,,,camera,Card10,,full,empty,
5/27/2021 7:53,5/27/2021,KL KG,RRR,RRRG1,collect,RRRG1-I,inside,completed,100,7,hobo,,,,,
5/27/2021 7:53,5/27/2021,KL KG,RRR,RRRG1,collect,RRRG1-O,outside,completed,100,7,hobo,,,,,
5/27/2021 7:54,5/27/2021,KL KG,RRR,RRRG1,collect,cam1,,,,,camera,NA,card9,low,full,
5/27/2021 8:34,5/27/2021,KL KG,RRR,RRRG8,deploy,RRRG8-I,inside,NA,100,0,hobo,,,,,
5/27/2021 8:35,5/27/2021,"KL, KG, IS",RRR,RRRG8,deploy,RRRG8-O,outside,NA,100,0,hobo,,,,,
5/27/2021 9:55,5/27/2021,KL KG,RRR,RRE15,collect,RRE15-I,inside,completed,100,7,hobo,,,,,
5/27/2021 9:57,5/27/2021,KL KG,RRR,RRRE15,collect,RRE15-O,outside,completed,100,7,hobo,,,,,
5/27/2021 10:06,5/27/2021,KL KG,RRR,RRC12,deploy,RRC12-I,inside,NA,100,0,hobo,,,,,
5/27/2021 10:06,5/27/2021,KL KG,RRR,RRC12,deploy,RRC12-O,outside,NA,100,0,hobo,,,,,
5/27/2021 10:53,5/27/2021,"KL, KG, IS",RRR,RRRR2,deploy,cam7,,,,,camera,Card7,Na,full,empty,
5/27/2021 13:08,5/27/2021,"KL, KG, IS",BRO,BRO6,collect,BRO6-I,inside,completed,100,0,hobo,,,,,
5/27/2021 13:09,5/27/2021,KL KG,BRO,BRO6,collect,BRO6-O,outside,completed,100,0,hobo,,,,,
5/28/2021 8:50,5/28/2021,"KL, KG",PIC,PICR8,collect,PICR8-I,inside,completed,100,0,hobo,,,,,
5/28/2021 8:50,5/28/2021,"KL, KG",PIC,PICR8,collect,PICR8-O,outside,completed,100,0,hobo,,,,,
6/2/2021 7:43,6/2/2021,"KL, KG",MBN,MBNG10,collect,MBNG10-I,inside,completed,100,0,hobo,,,,,
6/2/2021 7:46,6/2/2021,"KL, KG",MBN,MBNG10,collect,MBNG10-O,outside,completed,100,10,hobo,,,,,
6/2/2021 7:53,6/2/2021,"KL, KG",MBN,MBNG12,collect,MBNG12-I,inside,completed,100,10,hobo,,,,,
6/2/2021 7:54,6/2/2021,"KL, KG",MBN,MBNG12,collect,MBNG12-O,outside,completed,100,10,hobo,,,,,
6/2/2021 8:05,6/2/2021,"KL, KG",MBN,MBNG27,deploy,MBNG27-I,inside,NA,100,0,hobo,,,,,
6/2/2021 8:05,6/2/2021,"KL, KG",MBN,MBNG27,deploy,MBNG27-O,outside,NA,100,0,hobo,,,,,
6/2/2021 8:21,6/2/2021,"KL, KG",MBN,MBNG20,deploy,MBNG20-I,inside,NA,100,0,hobo,,,,,
6/2/2021 8:22,6/2/2021,"KL, KG",MBN,MBNG20,deploy,MBNG20-O,outside,NA,100,0,hobo,,,,,
6/2/2021 10:00,6/2/2021,KL KG,MBN,MBNC11,collect,MBNC11-I,inside,completed,100,7,hobo,,,,,
6/2/2021 10:01,6/2/2021,KL KG,MBN,MBNC11,collect,MBNC11-O,outside,completed,100,7,hobo,,,,,
6/2/2021 10:06,6/2/2021,KL KG,MBN,MBNC10,deploy,MBNC10-I,inside,NA,100,0,hobo,,,,,
6/2/2021 10:06,6/2/2021,KL KG,MBN,MBNC10,deploy,MBNC10-O,outside,NA,100,0,hobo,,,,,
6/2/2021 10:14,6/2/2021,KL KG,MBN,MBNC5,collect,MBNC5-I,inside,completed,100,7,hobo,,,,,
6/2/2021 10:15,6/2/2021,KL KG,MBN,MBNC5,collect,MBNC5-O,outside,completed,100,7,hobo,,,,,
6/3/2021 8:03,6/3/2021,KL KG,RRR,RRRG3,data download,RRRG3-I,inside,completed,100,7,hobo,,,,,
6/3/2021 8:03,6/3/2021,KL KG,RRR,RRRG3,data download,RRRG3-O,outside,completed,100,10,hobo,,,,,
6/3/2021 8:57,6/3/2021,"KL, KG",RRR,RRRG11,collect,RRRG11-I,inside,completed,100,10,hobo,,,,,
6/3/2021 8:57,6/3/2021,"KL, KG",RRR,RRRG11,collect,RRRG11-O,outside,completed,100,10,hobo,,,,,
6/3/2021 9:13,6/3/2021,"KL, KG",RRR,RRRG1,deploy,RRRG1-I,inside,NA,100,0,hobo,,,,,
6/3/2021 9:14,6/3/2021,"KL, KG",RRR,RRRG1,deploy,RRRG1-O,outside,NA,100,0,hobo,,,,,
6/3/2021 11:02,6/3/2021,KL KG,RRR,RRC15,collect,RRC15-I,inside,completed,100,7,hobo,,,,,
6/3/2021 11:03,6/3/2021,KL KG,RRR,RRC15,collect,RRC15-O,outside,completed,100,9,hobo,,,,,
6/3/2021 11:13,6/3/2021,"KL, KG",RRR,RRE10,collect,RRE10-I,inside,completed,100,9,hobo,,,,,
6/3/2021 11:14,6/3/2021,"KL, KG",RRR,RRE10,collect,RRE10-O,outside,completed,100,9,hobo,,,,,
6/3/2021 11:35,6/3/2021,KL KG,RRR,RRC11,deploy,RRC11-I,inside,NA,100,0,hobo,,,,,
6/3/2021 11:36,6/3/2021,KL KG,RRR,RRC11,deploy,RRC11-O,outside,NA,100,0,hobo,,,,,
6/3/2021 12:10,6/3/2021,KL KG,BRO,BRO9,deploy,BRO9-I,inside,NA,100,0,hobo,,,,,
6/3/2021 12:10,6/3/2021,KL KG,BRO,BRO9,deploy,BRO9-O,outside,NA,100,0,hobo,,,,,
6/4/2021 7:28,6/3/2021,"KL, KG",RRR,RRRG8,deploy,cam6,,,,,camera,?,NA,full,empty,
6/4/2021 8:26,6/4/2021,"KL, KG",PIC,PICO6,collect,PICO6-I,inside,completed,100,9,hobo,,,,,
6/4/2021 8:26,6/4/2021,"KL, KG",PIC,PICO6,collect,PICO6-O,outside,completed,100,9,hobo,,,,,
6/4/2021 8:52,6/4/2021,KL KG,PIC,PICR10,deploy,PICR10-I,inside,NA,100,0,hobo,,,,,
6/4/2021 8:52,6/4/2021,KL KG,PIC,PICR10,deploy,PICR10-O,outside,NA,100,0,hobo,,,,,
6/4/2021 9:56,6/4/2021,"KL, KG",PIC,PICG2,data download,PICG2-I,inside,completed,100,9,hobo,,,,,
6/4/2021 9:56,6/4/2021,KL KG,PIC,PICG2,data download,PICG2-O,outside,completed,100,9,hobo,,,,,
6/4/2021 9:56,6/4/2021,KL KG,PIC,PICG3,collect,PICG3-O,outside,completed,100,9,hobo,,,,,
6/4/2021 9:57,6/4/2021,KL KG,PIC,PICG3,collect,PICG3-I,inside,completed,100,9,hobo,,,,,
6/4/2021 10:03,6/4/2021,"KL, KG",PIC,PICG6,deploy,PICG6-I,inside,NA,100,0,hobo,,,,,
6/4/2021 10:04,6/4/2021,"KL, KG",PIC,PICG6,deploy,PICG6-O,outside,NA,100,0,hobo,,,,,
6/4/2021 10:23,6/4/2021,"KL, KG",PIC,PICO10,deploy,PICO10-I,inside,NA,100,0,hobo,,,,,
6/4/2021 10:23,6/4/2021,"KL, KG",PIC,PICO10,deploy,PICO10-O,outside,NA,100,0,hobo,,,,,
6/4/2021 10:33,6/4/2021,KL KG,PIC,PCT7,collect,PCT7-I,inside,completed,100,9,hobo,,,,,
6/4/2021 10:34,6/4/2021,KL KG,PIC,PCT7,collect,PCT7-O,outside,completed,100,10,hobo,,,,,
6/4/2021 10:45,6/4/2021,KL KG,PIC,PCT9,collect,PCT9-I,inside,completed,100,9,hobo,,,,,
6/4/2021 10:46,6/4/2021,KL KG,PIC,PCT9,collect,PCT9-O,outside,completed,100,9,hobo,,,,,
6/4/2021 10:57,6/4/2021,"KL, KG",PIC,PCT2,collect,PCT2-I,inside,completed,100,11,hobo,,,,,
6/4/2021 10:58,6/4/2021,"KL, KG",PIC,PCT2,collect,PCT2-O,outside,completed,100,11,hobo,,,,,
6/4/2021 11:13,6/4/2021,KL KG,PIC,PCC9,deploy,PCC9-I,inside,NA,100,0,hobo,,,,,
6/4/2021 11:13,6/4/2021,KL KG,PIC,PCC9,deploy,PCC9-O,outside,completed,100,0,hobo,,,,,
6/4/2021 11:34,6/4/2021,KL KG,PIC,PCE8,deploy,PCE8-O,outside,completed,100,0,hobo,,,,,
6/4/2021 11:34,6/4/2021,"KL, KG",PIC,PCE8,deploy,PCE8-I,inside,NA,100,0,hobo,,,,,
6/10/2021 13:09,6/10/2021,KL KG,BRO,BRO9,deploy,cam9,,,,,camera,card1,NA,full,empty,
6/10/2021 13:10,6/10/2021,KL KG,RRR,RRC11,deploy,cam1,,,,,camera,card14,NA,full,empty,
6/10/2021 13:23,6/10/2021,KL KG,BRO,BRO5,deploy,BRO5-I,inside,NA,100,0,hobo,,,,,
6/10/2021 13:23,6/10/2021,"KL, KG",DCC,BRO5,deploy,BRO5-O,outside,NA,100,0,hobo,,,,,
6/10/2021 13:52,6/10/2021,KL KG,MCN,MCO1,collect,MCO1-I,inside,completed,100,7,hobo,,,,,
6/10/2021 13:53,6/10/2021,KL KG,MCN,MCO1,collect,MCO1-O,outside,completed,100,7,hobo,,,,,
6/10/2021 13:59,6/10/2021,KL KG,MCN,MCE4,collect,MCE4-I,inside,completed,100,7,hobo,,,,,
6/10/2021 14:00,6/10/2021,KL KG,MCN,MCE4,collect,MCE4-O,outside,completed,100,7,hobo,,,,,
6/11/2021 8:58,6/11/2021,"KL, KG",PIC,PICO5,data download,PICO5-I,inside,completed,100,11,hobo,,,,,
6/11/2021 8:59,6/11/2021,"KL, KG",PIC,PICO5,data download,PICO5-O,outside,completed,100,11,hobo,,,,,
6/11/2021 8:59,6/11/2021,"KL, KG",PIC,PICO5,collect,cam3,,,,,camera,NA,card3,low,full,
6/11/2021 9:15,6/11/2021,KL KG POK,PIC,PICO2,deploy,PICO2-I,inside,NA,100,0,hobo,,,,,
6/11/2021 9:16,6/11/2021,KL KG POK,PIC,PICO2,deploy,PICO2-O,outside,NA,100,0,hobo,,,,,
6/11/2021 9:58,6/11/2021,"KL, KG",PIC,PICO10,deploy,cam3,,,,,camera,card9,card3,full,empty,
6/11/2021 10:29,6/11/2021,"KL, KG",PIC,PICR4,collect,PICR4-I,inside,completed,100,11,hobo,,,,,
6/11/2021 10:29,6/11/2021,"KL, KG",PIC,PICR4,collect,PICR4-O,outside,completed,100,11,hobo,,,,,
6/11/2021 11:58,6/11/2021,"KL, KG",PIC,PCC9,deploy,PCC9-I,inside,NA,100,0,hobo,,,,,
6/11/2021 11:59,6/11/2021,"KL, KG",PIC,PCC9,deploy,PCC9-O,outside,NA,100,0,hobo,,,,,
6/11/2021 12:18,6/11/2021,KL KG POK,PIC,PCE8,deploy,cam10,,,,,camera,card 8,NA,full,empty,
6/16/2021 6:46,6/16/2021,"KL, KG",MBN,MBNR2,collect,MBNR2-I,inside,completed,100,11,hobo,,,,,
6/16/2021 6:46,6/16/2021,"KL, KG",MBN,MBNR2,collect,MBNR2-O,outside,completed,100,11,hobo,,,,,
6/16/2021 7:02,6/16/2021,"KL, KG",MBN,MBNR5,collect,MBNR5-I,inside,completed,100,11,hobo,,,,,
6/16/2021 7:02,6/16/2021,"KL, KG",MBN,MBNR5,collect,MBNR5-O,outside,completed,100,11,hobo,,,,,
6/16/2021 9:07,6/16/2021,"KL, KG, TP",MBN,MBNC6,deploy,MBNC6-I,inside,NA,100,0,hobo,,,,,
6/16/2021 9:07,6/16/2021,"KL, KG, TP",MBN,MBNC6,deploy,MBNC6-O,outside,NA,100,0,hobo,,,,,
6/16/2021 10:30,6/16/2021,KL KG TP,BRO,BRO3,collect,BRO3-I,inside,completed,100,11,hobo,,,,,
6/16/2021 10:31,6/16/2021,KL KG TP,BRO,BRO3,collect,BRO3-O,outside,completed,100,11,hobo,,,,,
6/17/2021 7:53,6/17/2021,"KL, KG",RRR,RRRR2,collect,RU-C-02-I,inside,completed,100,21,hobo,,,,,
6/17/2021 7:53,6/17/2021,"KL, KG",RRR,RRRR2,collect,RU-C-02-O,outside,completed,100,21,hobo,,,,,
6/17/2021 7:54,6/17/2021,"KL, KG",RRR,RRRR2,collect,cam7,,,,,camera,NA,card7,low,full,
6/17/2021 8:02,6/17/2021,"KL, KG",RRR,RRRR3,collect,RRRR3-I,inside,completed,100,11,hobo,,,,,
6/17/2021 8:02,6/17/2021,"KL, KG",RRR,RRRR3,collect,RRRR3-O,outside,completed,100,11,hobo,,,,,
6/17/2021 8:11,6/17/2021,"KL, KG",RRR,RRRR4,deploy,RRRR4-I,inside,NA,100,0,hobo,,,,,
6/17/2021 8:12,6/17/2021,"KL, KG",RRR,RRRR4,deploy,RRRR4-O,outside,NA,100,0,hobo,,,,,
6/17/2021 8:14,6/17/2021,KL KG DV,RRR,RRRR5,collect,RRRR5-I,inside,completed,100,9,hobo,,,,,
6/17/2021 8:15,6/17/2021,KL KG DV,RRR,RRRR5,collect,RRRR5-O,outside,completed,100,9,hobo,,,,,
6/17/2021 8:30,6/17/2021,KL KG DV,RRR,RRC15,deploy,RRC15-I,inside,NA,100,0,hobo,,,,,
6/17/2021 8:30,6/17/2021,KL KG DV,RRR,RRC15,deploy,RRC15-O,outside,NA,100,0,hobo,,,,,
6/18/2021 7:55,6/18/2021,"KL, KG",PIC,PICR9,collect,PICR9-O,outside,completed,100,9,hobo,,,,,
6/18/2021 7:55,6/18/2021,KL KG,PIC,PICR9,collect,cam2,,,,,camera,-,card 2,low,full,
6/18/2021 8:04,6/18/2021,KL KG,PIC,PICR10,deploy,cam7,,,,,camera,card 15,-,full,empty,
6/18/2021 8:44,6/18/2021,"KL, KG",PIC,PICG10,collect,PICG10-I,inside,completed,100,11,hobo,,,,,
6/18/2021 8:45,6/18/2021,"KL, KG",PIC,PICG10,collect,PICG10-O,outside,completed,100,11,hobo,,,,,
6/18/2021 8:46,6/18/2021,"KL, KG",PIC,PICG10,collect,cam4,,,,,camera,NA,card5,low,full,
6/18/2021 8:50,6/18/2021,KL KG,PIC,PICG9,deploy,PICG9-I,inside,NA,100,0,hobo,,,,,
6/18/2021 8:50,6/18/2021,KL KG,PIC,PICG9,deploy,PICG9-O,outside,NA,100,0,hobo,,,,,
6/18/2021 9:26,6/18/2021,"KL, KG",PIC,PICG2,deploy,cam4,,,,,camera,card7,NA,low,empty,
6/18/2021 10:23,6/18/2021,"KL, KG",PIC,PCE8,collect,cam10,,,,,camera,NA,card8,low,full,
6/20/2021 8:57,6/18/2021,KL KG,PIC,PICR9,collect,cam2,,,,,camera,-,card2,low,full,
6/21/2021 17:39,6/5/2021,HC,MCN,MCO8,collect,MCO8-I,inside,completed,100,10,hobo,,,,,
6/21/2021 17:39,6/5/2021,HC,MCN,MCO8,collect,MCO8-O,outside,completed,100,10,hobo,,,,,
6/21/2021 17:40,6/5/2021,HC,MCN,MCO5,collect,MCO5-humidity,outside,completed,100,46,hobo,,,,,
6/23/2021 8:20,6/23/2021,KL KG,MBN,MBNG3,deploy,MBNG3-I,inside,NA,100,0,hobo,,,,,
6/23/2021 8:20,6/23/2021,KL KG,MBN,MBNG3,deploy,MBNG3-O,outside,NA,100,0,hobo,,,,,
6/23/2021 8:34,6/23/2021,KL KG,MBN,MBNG10,deploy,MBNG10-O,outside,NA,100,0,hobo,,,,,
6/23/2021 8:34,6/23/2021,KL KG,MBN,MBNG10,deploy,MBNG10-I,inside,NA,100,0,hobo,,,,,
6/23/2021 8:43,6/23/2021,"KL, KG",MBN,MBNG17,collect,MBNG17-I,inside,completed,100,7,hobo,,,,,
6/23/2021 8:44,6/23/2021,"KL, KG",MBN,MBNG17,collect,MBNG17-O,outside,completed,100,7,hobo,,,,,
6/23/2021 9:16,6/23/2021,"KL, KG",MBN,MBNR9,data download,MBNR9-I,inside,completed,100,11,hobo,,,,,
6/23/2021 9:16,6/23/2021,"KL, KG",MBN,MBNR9,data download,MBNR9-O,outside,completed,100,11,hobo,,,,,
6/23/2021 9:16,6/23/2021,"KL, KG",MBN,MBNR9,collect,cam3,,,,,camera,NA,card10,low,full,
6/23/2021 11:20,6/23/2021,KL KG,PIC,PICO10,collect,cam3,,,,,camera,-,card 6,low,full,
6/23/2021 11:21,6/23/2021,KL KG,PIC,PICO10,deploy,cam10,,,,,camera,card 8,-,full,empty,
6/24/2021 10:06,6/24/2021,"KL, KG, DK, TP",DCC,BRO2,deploy,BRO2-I,inside,NA,100,0,hobo,,,,,
6/24/2021 10:07,6/24/2021,"KL, KG, DK, TP",DCC,BRO2,deploy,BRO2-O,outside,NA,100,0,hobo,,,,,
6/24/2021 10:16,6/24/2021,"KL, KG, DK, TP",DCC,BRO5,collect,BRO5-I,inside,completed,100,3,hobo,,,,,
6/24/2021 10:16,6/24/2021,KL KG TP DK,BRO,BRO5,collect,BRO5-O,outside,completed,100,3,hobo,,,,,
6/25/2021 8:29,6/25/2021,KL KG,PIC,PCC9,deploy,cam3,,,,,camera,card 2,-,full,empty,
6/25/2021 9:04,6/25/2021,KL KG,PIC,PICG1,collect,PICG1-I,inside,completed,100,9,hobo,,,,,
6/25/2021 9:05,6/25/2021,KL KG,PIC,PICG1,collect,PICG1-O,outside,completed,100,9,hobo,,,,,
6/25/2021 9:09,6/25/2021,KL KG,PIC,PICG2,collect,cam4,,,,,camera,-,card 7,low,full,
6/25/2021 9:10,6/25/2021,KL KG,PIC,PICG2,deploy,cam3,,,,,camera,card 2,-,full,empty,
6/25/2021 9:38,6/25/2021,KL KG,PIC,PICG3,deploy,PICG3-O,outside,NA,100,0,hobo,,,,,
6/25/2021 9:38,6/25/2021,KL KG,PIC,PICG3,deploy,PICG3-I,inside,NA,100,0,hobo,,,,,
6/30/2021 8:13,6/30/2021,KL KG TP,MBN,MBNG27,collect,MBNG27-I,inside,completed,100,5,hobo,,,,,
6/30/2021 8:13,6/30/2021,KL KG TP,MBN,MBNG27,collect,MBNG27-I,outside,completed,100,7,hobo,,,,,
6/30/2021 8:50,6/30/2021,KL KG TP,MBN,MBNR4,deploy,MBNR4-I,inside,NA,100,0,hobo,,,,,
6/30/2021 8:53,6/30/2021,"KL, KG, TP",MBN,MBNR4,deploy,MBNR4-O,outside,NA,100,0,hobo,,,,,
6/30/2021 9:07,6/30/2021,"KL, KG, TP",MBN,MBNC16,collect,MBNC16-I,inside,NA,100,9- readout not completed because hobo dead??,hobo,,,,,
6/30/2021 9:08,6/30/2021,"KL, KG, TP",MBN,MBNC16,collect,MBNC16-O,outside,completed,100,9,hobo,,,,,
6/30/2021 9:08,6/30/2021,"KL, LG, TP",MBN,MBNC16,collect,cam8,,,,,camera,NA,Card4,low,full,
6/30/2021 9:18,6/30/2021,KL KG TP,MBN,MBNC11,deploy,MBNC11-I,inside,NA,100,0,hobo,,,,,
6/30/2021 9:18,6/30/2021,KL KG TP,MBN,MBNC11,deploy,MBNC11-O,outside,NA,100,0,hobo,,,,,
6/30/2021 9:48,6/30/2021,KL KG TP,MBN,MBNC6,deploy,cam8,,,,,camera,card 10,-,full,empty,
7/1/2021 9:04,7/1/2021,KL KG,RRR,RRRR4,deploy,cam5,,,,,camera,card 7,-,full,empty,
7/1/2021 9:13,7/1/2021,KL KG,RRR,RRRR2,deploy,RRRR2-I,inside,NA,100,0,hobo,,,,,
7/1/2021 9:14,7/1/2021,KL KG,RRR,RRRR2,deploy,RRRR2-O,outside,NA,100,0,hobo,,,,,
7/1/2021 9:40,7/1/2021,KL KG,RRR,RRC12,collect,RRC12-O,outside,completed,100,9,hobo,,,,,
7/1/2021 9:41,7/1/2021,"KL, KG",RRR,RRC12,collect,RRC12-I,inside,completed,100,9,hobo,,,,,
7/1/2021 10:36,7/1/2021,KL KG,BRO,BRO9,collect,BRO9-I,inside,completed,100,7,hobo,,,,,
7/1/2021 10:37,7/1/2021,KL KG,BRO,BRO9-O,collect,BRO9-O,outside,completed,100,7,hobo,,,,,
7/1/2021 10:37,7/1/2021,"KL, KG",DCC,BRO9,collect,cam9,,,,,camera,NA,Card1,low,full,
7/1/2021 10:45,7/1/2021,"KL, KG",DCC,BRO6,deploy,BRO6-I,inside,NA,100,0,hobo,,,,,
7/1/2021 10:46,7/1/2021,"KL, KG",DCC,BRO6,deploy,BRO6-O,outside,NA,100,0,hobo,,,,,
7/1/2021 10:54,7/1/2021,KL KG,BRO,BRO7,deploy,BRO7-O,outside,NA,100,0,hobo,,,,,
7/1/2021 10:55,7/1/2021,KL KG,BRO,BRO7,deploy,BRO7-I,inside,NA,100,0,hobo,,,,,
7/1/2021 11:15,6/10/2021,KL KG,MCN,MCO1,deploy,MCO1-humidity ,outside,NA,100,0,hobo,,,,,
7/2/2021 9:47,7/2/2021,"KL, KG",PIC,PICO1,collect,PG-O-01-I,inside,completed,100,22,hobo,,,,,
7/2/2021 9:47,7/2/2021,"KL, KG",PIC,PICO1,collect,PG-O-01-O,outside,completed,100,22,hobo,,,,,
7/7/2021 8:01,7/7/2021,"KL, KG",MBN,MBNG8,deploy,MBNG8-I,inside,NA,100,9,hobo,,,,,
7/7/2021 8:01,7/7/2021,"KL, KG",MBN,MBNG8,deploy,MBNG8-O,outside,NA,00,9,hobo,,,,,
7/7/2021 9:29,7/7/2021,"KL, KG",MBN,MBNR2,deploy,MBNR2-I,inside,NA,100,0,hobo,,,,,
7/7/2021 9:30,7/7/2021,"KL, KG",MBN,MBNR2,deploy,MBNR2-O,outside,NA,100,0,hobo,,,,,
7/7/2021 9:53,7/7/2021,"KL, KG",MBN,MBNR9,deploy,cam9,,,,,camera,Card5,NA,full,empty,
7/8/2021 6:42,7/7/2021,KL KG IS,RRR,RRRG2,deploy,RRRG2-I,inside,NA,100,0,hobo,,,,,
7/8/2021 6:42,7/7/2021,KL KG IS,RRR,RRRG2,deploy,RRRG2-O,outside,NA,100,0,hobo,,,,,
7/8/2021 6:51,7/8/2021,"KL, KG, IS",RRR,RRRG8,collect,RRRG8-I,inside,completed,100,9,hobo,,,,,
7/8/2021 6:51,7/8/2021,"KL, KG, IS",RRR,RRRG8,collect,RRRG8-O,outside,completed,100,11,hobo,,,,,
7/8/2021 6:52,7/8/2021,"KL, KG, IS",RRR,RRRG8,collect,cam6,,,,,camera,NA,Card11,low,full,
7/8/2021 8:16,7/7/2021,KL KG,RRR,RRC11,collect,RRC11-I,inside,completed,100,11,hobo,,,,,
7/8/2021 8:16,7/7/2021,KL KG IS,RRR,RRC11,collect,RRC11-O,outside,completed,100,11,hobo,,,,,
7/8/2021 8:18,7/8/2021,KL KG,RRR,RRC11,collect,cam1,,,,,camera,-,card 14,low,full,
7/8/2021 9:07,7/8/2021,"KL, KG, IS",DCC,BRO6,collect,BRO2-I,inside,completed,100,2,hobo,,,,,
7/8/2021 9:07,7/8/2021,"KL, KG, IS",DCC,BRO6,collect,BRO2-O,outside,completed,100,2,hobo,,,,,
7/8/2021 9:25,7/8/2021,KL KG IS,BRO,BRO2,deploy,cam6,,,,,camera,card 16,-,full,empty,
7/8/2021 9:34,7/8/2021,"KL, KG, IS",DCC,BRO3,deploy,BRO3-I,inside,NA,100,0,hobo,,,,,
7/8/2021 9:35,7/8/2021,"KL, KG, IS",DCC,BRO3,deploy,BRO3-O,outside,NA,100,0,hobo,,,,,
7/9/2021 6:53,7/9/2021,"KL, KG, TP",PIC,PCE8,collect,PCE8-I,inside,completed,100,10,hobo,,,,,
7/9/2021 6:53,7/9/2021,"KL, KG, TP",PIC,PCE8,collect,PCE8-O,outside,completed,100,9,hobo,,,,,
7/9/2021 8:23,7/9/2021,"KL, KG",PIC,PICR3,collect,PG-C-03-I,inside,completed,100,30,hobo,,,,,
7/9/2021 8:24,7/9/2021,"KL, KG",PIC,PICR3,collect,PG-C-03-O,outside,completed,100,30,hobo,,,,,
7/9/2021 9:32,7/9/2021,"KL, KG",PIC,PICO5,deploy,cam1,,,,,camera,Card14,NA,full,empty,
7/9/2021 9:32,7/9/2021,KL KG,PIC,PICO10,collect,PICO10-I,inside,completed,100,9,hobo,,,,,
7/9/2021 9:33,7/9/2021,KL KG,PIC,PICO10,collect,PICO10-O,outside,completed,100,9,hobo,,,,,
7/9/2021 9:34,7/9/2021,KL KG,PIC,PICO10,collect,cam10,,,,,camera,-,card 8,low,full,
7/15/2021 8:07,7/15/2021,KG,MBN,MBNG8,deploy,cam4,,,,,camera,card 11,- ,full,empty,
7/15/2021 8:12,7/15/2021,KG,MBN,MBNG10,collect,MBNG10-I,inside,completed,100,6,hobo,,,,,
7/15/2021 8:13,7/15/2021,KG,MBN,MBNG10,collect,MBNG10-O,outside,completed,100,6,hobo,,,,,
7/15/2021 9:36,7/15/2021,KG,MBN,MBNR9,collect,MBNR9-I,inside,completed,100,6,hobo,,,,,
7/15/2021 9:36,7/15/2021,KG,MBN,MBNR9,collect,MBNR9-O,outside,completed,100,6,hobo,,,,,
7/15/2021 9:37,7/15/2021,KG,MBN,MBNR9,collect,cam9,,,,,camera,-,card 5,full,full,
7/15/2021 11:25,7/15/2021,KG,RRR,RRRG1,collect,RRRG1-I,inside,completed,100,11,hobo,,,,,
7/15/2021 11:25,7/15/2021,KG,RRR,RRRG1,collect,RRRG1-O,outside,completed,100,11,hobo,,,,,
7/15/2021 11:26,7/15/2021,KG,RRR,RRRG2,collect,RRRG2-I,inside,completed,100,2,hobo,,,,,
7/15/2021 11:26,7/15/2021,KG,RRR,RRRG2,collect,RRRG2-O,outside,completed,100,2,hobo,,,,,
7/15/2021 11:27,7/15/2021,KG,RRR,RRRG3,collect,RRRG3-I,inside,completed,100,11,hobo,,,,,
7/15/2021 11:27,7/15/2021,KG,RRR,RRRG3,collect,RRRG3-O,outside,completed,100,11,hobo,,,,,
7/15/2021 11:39,7/15/2021,KG,RRR,RRC15,collect,RRC15-I,inside,completed,100,7,hobo,,,,,
7/15/2021 11:39,7/15/2021,KG,RRR,RRC15,collect,RRC15-O,outside,completed,100,7,hobo,,,,,
7/16/2021 10:49,7/16/2021,KG,PIC,PICG2,collect,cam2,,,,,camera,-,card 3,full,full,
7/16/2021 10:50,7/16/2021,KG,PIC,PICG2,collect,PICG2-I,inside,completed,100,11,hobo,,,,,
7/16/2021 10:50,7/16/2021,KG,PIC,PICG2,collect,PICG2-O,outside,completed,100,11,hobo,,,,,
7/16/2021 11:09,7/16/2021,KG,PIC,PICR10,collect,cam7,,,,,camera,-,card 15,full,full,
7/16/2021 11:10,7/16/2021,KG,PIC,PICR10,collect,PICR10-I,inside,completed,100,11,hobo,,,,,
7/16/2021 11:10,7/16/2021,KG,PIC,PICR10,collect,PICR10-O,outside,completed,100,11,hobo,,,,,
7/16/2021 11:23,7/16/2021,KG,PIC,PICO2,collect,PICO2-I,inside,completed,100,9,hobo,,,,,
7/16/2021 11:23,7/16/2021,KG,PIC,PICO2,collect,PICO2-O,outside,completed,100,9,hobo,,,,,
7/16/2021 11:54,7/16/2021,KG,PIC,PCC3,collect,PCC3-I,inside,completed,100,11,hobo,,,,,
7/16/2021 11:55,7/16/2021,KG,PIC,PCC3,collect,PCC3-O,outside,completed,100,11,hobo,,,,,
7/19/2021 9:58,7/19/2021,KG MB,BRO,BRO2,collect,cam6,,,,,camera,-,card 16,full,full,
7/22/2021 12:17,7/22/2021,KG POK,PIC,PCC9,collect,cam3,,,,,camera,-,card 2,low,full,
7/22/2021 12:18,7/22/2021,KG POK,PIC,PCC9,collect,PCC9-O,outside,completed,100,12,hobo,,,,,
7/22/2021 12:18,7/22/2021,KG POK,PIC,PICG6,collect,PICG6-I,inside,completed,100,12,hobo,,,,,
7/22/2021 12:19,7/22/2021,KG POK,PIC,PICG6,collect,PICG6-O,outside,completed,100,12,hobo,,,,,
7/22/2021 12:21,7/22/2021,KG POK,BRO,BRO3,collect,BRO3-I,inside,completed,100,4,hobo,,,,,
7/22/2021 12:21,7/22/2021,KG POK,BRO,BRO3,collect,BRO3-O,outside,completed,100,4,hobo,,,,,
7/29/2021 11:44,7/29/2021,KG,PIC,PCT4,collect,PCT4-humidity,outside,NA,not sure would not connect to app,also not sure- logger #21037713- app would not connect solely to this logger will try again later ,hobo,,,,,
7/29/2021 11:45,7/29/2021,KG,PIC,PICR2,collect,PICR2-humidity,outside,NA,100,"0- says ""cannot read out an empty logger"" this logger may have never been started- logger # 21033151 ",hobo,,,,,
7/29/2021 11:46,7/29/2021,KG,PIC,PICG3,collect,PICG3-I,inside,completed,100,6,hobo,,,,,
7/29/2021 11:46,7/29/2021,KG,PIC,PICG3,collect,PICG3-O,outside,completed,100,6,hobo,,,,,
7/29/2021 11:47,7/29/2021,KG,PIC,PICG9,collect,PICG9-I,inside,completed,100,11,hobo,,,,,
7/29/2021 11:47,7/29/2021,KG,PIC,PICG9,collect,PICG9-O,outside,completed,100,11,hobo,,,,,
7/29/2021 11:48,7/29/2021,KG,PIC,PICG8,collect,PICG8-humidity,outside,completed,100,83,hobo,,,,,
7/29/2021 11:48,7/29/2021,KG,RRR,RRRG11,collect,RRRG11-humidity,outside,completed,100,88,hobo,,,,,
7/29/2021 11:49,7/29/2021,KG,RRR,RRRR4,collect,RRRR4-I,inside,completed,100,7,hobo,,,,,
7/29/2021 11:49,7/29/2021,KG,RRR,RRRR4,collect,RRRR4-O,outside,completed,100,7,hobo,,,,,
7/29/2021 11:50,7/29/2021,KG,RRR,RRRR4,collect,cam5,,,,,camera,-,card 9,full,full,
7/29/2021 11:51,7/29/2021,KG,RRR,RRC15,collect,RRC15-humidity ,outside,completed,100,88,hobo,,,,,
7/29/2021 11:51,7/29/2021,KG,MCN,MCO1,collect,MCO1-humidity ,outside,completed,100,43,hobo,,,,,
7/29/2021 11:52,7/29/2021,KG,MBN,MBNR6,collect,MBNR6-humidity,outside,completed,100,88,hobo,,,,,
7/29/2021 11:52,7/29/2021,KG,MBN,MBNR4,collect,MBNR4-I,inside,completed,100,7,hobo,,,,,
7/29/2021 11:53,7/29/2021,KG,MBN,MBNR4,collect,MBNR4-O,outside,completed,100,7,hobo,,,,,
7/29/2021 11:53,7/29/2021,KG,MBN,MBNR2,collect,MBNR2-I,inside,completed,100,6,hobo,,,,,
7/29/2021 11:53,7/29/2021,KG,MBN,MBNR2,collect,MBNR2-O,outside,completed,100,6,hobo,,,,,
8/5/2021 11:16,8/5/2021,KG,PIC,PICO5,collect,cam1,,,,,camera,-,card14,full,full,
8/5/2021 11:18,8/5/2021,KG,MBN,MBNC6,collect,cam8,,,,,camera,-,card10,full,full,
8/5/2021 11:19,8/5/2021,KG,MBN,MBNG20,collect,cam4,,,,,camera,-,card11,full,full,
8/5/2021 11:20,8/5/2021,KG,MBN,MBNC12,collect,MBNC12-humidity ,outside,completed,100,94,hobo,,,,,
8/5/2021 11:20,8/5/2021,KG,MBN,MBNG9,collect,MBNG9-humidity ,outside,completed,100,88,hobo,,,,,
8/5/2021 11:21,8/5/2021,KG,PIC,PICO2,collect,PICO2-humidity,outside,completed,100,92,hobo,,,,,
8/5/2021 11:23,8/5/2021,KG,MBN,MBNG8,collect,MBNG8-I,inside,completed,100,7,hobo,,,,,
8/5/2021 11:23,8/5/2021,KG,MBN,MBNG8,collect,MBNG8-O,outside,completed,100,8,hobo,,,,,
8/5/2021 11:24,8/5/2021,KG,MBN,MBNG20,collect,MBNG20-I,inside,completed,100,16,hobo,,,,,
8/5/2021 11:24,8/5/2021,KG,MBN,MBNG20,collect,MBNG20-O,outside,completed,100,16,hobo,,,,,
9/10/2021 12:17,7/14/2021,KG,MBN,MBNC10,collect,MBNC10-I,inside,completed,100,7,hobo,,,,,
9/10/2021 12:17,7/14/2021,KG,MBN,MBNC10,collect,MBNC10-O,outside,completed,100,7,hobo,,,,,
9/10/2021 12:18,8/5/2021,KG,MBN,MBNC6,collect,MBNC6-I,inside,completed,100,7,hobo,,,,,
9/10/2021 12:19,8/5/2021,KG,MBN,MBNC6,collect,MBNC6-O,outside,completed,100,7,hobo,,,,,
9/10/2021 12:20,7/7/2021,KG KL,MBN,MBNG3,collect,MBNG3-I,inside,completed,100,10,hobo,,,,,
9/10/2021 12:21,7/7/2021,KG KL,MBN,MBNG3,collect,MBNG3-O,outside,completed,100,10,hobo,,,,,
9/10/2021 12:39,8/5/2021,KG,MBN,MBNC11,collect,MBNC11-I,inside,completed,100,10,hobo,,,,,
9/10/2021 12:39,8/5/2021,KG,MBN,MBNC11,collect,MBNC11-O,outside,completed,100,10,hobo,,,,,
9/10/2021 13:14,9/10/2021,KL,RRR,RRRR2,collect,RRRR2-I,inside,completed,100,18,hobo,,,,,
9/10/2021 13:15,9/10/2021,KL,RRR,RRRR2,deploy,RRRR2-O,outside,completed,100,18,hobo,,,,,
9/10/2021 13:21,9/10/2021,KL,RRR,RRRR5,collect,RRRR5-humidity,outside,completed,100,100,hobo,,,,,
9/10/2021 13:43,9/10/2021,KL,BRO,BRO9,collect,BRO9-humidity,outside,completed,100,100,hobo,,,,,
9/10/2021 13:45,9/10/2021,KL,BRO,BRO2,collect,BRO2-I,inside,completed,100,20,hobo,,,,,
9/10/2021 13:46,9/10/2021,KL,BRO,BRO2,collect,BRO2-O,outside,completed,100,20,hobo,,,,,
9/10/2021 13:53,9/10/2021,KL,DCC,BRO7,collect,BRO7-I,inside,completed,100,20,hobo,,,,,
9/10/2021 13:54,9/10/2021,KL,DCC,BRO7,collect,BRO7-O,outside,completed,100,20,hobo,,,,,
3/29/2022 7:35,3/29/2022,KL,PICO,PICO1,deploy,PICO1-I,inside,NA,100,0,hobo,,,,,
3/29/2022 7:37,3/29/2022,KG,PIC,PICO1,deploy,PICO1-O,outside,NA,100,0,hobo,,,,,
3/29/2022 7:45,3/29/2022,VW,PICO,PICO3,deploy,PICO3-I,inside,NA,100,0,hobo,,,,,
3/29/2022 7:46,3/29/2022,VW,PICO,PICO3,deploy,PICO3-O,outside,NA,100,0,hobo,,,,,
3/29/2022 7:53,3/29/2022,VW,PICO,PICO4,deploy,PICO4-I,inside,NA,100,0,hobo,,,,,
3/29/2022 7:57,3/29/2022,VW,PICO,PICO4,deploy,PICO4-O,outside,NA,100,0,hobo,,,,,
3/29/2022 7:59,3/29/2022,VW,PICO,PICO4,deploy,PICO4-Humidity,outside,NA,100,0,hobo,,,,,
3/29/2022 8:37,3/29/2022,VW,PICR,PICR2,deploy,PICR2-Humidity,outside,NA,100,0,hobo,,,,,
3/29/2022 9:19,3/29/2022,KG CP KL VW YW,PIC,PICG1,deploy,PICG1-humidity,outside,NA,100,0,hobo,,,,,
3/29/2022 9:44,3/29/2022,KL,RRR,RRRR6,deploy,RRRR6-I,outside,NA,100,P,hobo,,,,,
3/29/2022 10:14,3/29/2022,KG KL,RRR,RRRG6,deploy,RRRG6-humidity,inside,NA,100,0,hobo,,,,,
3/29/2022 10:16,3/29/2022,KG KL,RRR,RRRG8,deploy,RRRG8-I,inside,NA,100,0,hobo,,,,,
3/29/2022 10:17,3/29/2022,KG KL,RRR,RRRG8,deploy,RRRG8-O,outside,NA,100,0,hobo,,,,,
3/29/2022 11:32,3/29/2022,KG CP,MBN,MBNG1,deploy,MBNG1-humidity,outside,NA,100,0,hobo,,,,,
4/5/2022 7:59,4/5/2022,KL ,MBN,MBNG21,deploy,MBNG21-I,inside,NA,100,0,hobo,,,,,
4/5/2022 8:02,4/5/2022,KL ,MBN,MBNG21,deploy,MBNG21-O,outside,NA,100,0,hobo,,,,,
4/5/2022 8:06,4/5/2022,"SM, VW, KL ",MBN,MBNG11,deploy,MBNG11-O,inside,NA,100,0,hobo,,,,,
4/5/2022 8:06,4/5/2022,"SM, VW, KL ",MBN,MBNG11,deploy,MBNG11-I,inside,NA,100,0,hobo,,,,,
4/5/2022 8:07,4/5/2022,"SM, VW, KL ",MBN,MNBG11,deploy,MBNG11-O,outside,NA,100,0,hobo,,,,,
4/5/2022 9:17,4/5/2022,KL ,MBN ,MBNR7,deploy,MBNR7-humidity,outside,NA,100,0,hobo,,,,,
4/5/2022 11:23,4/5/2022,KL ,RRR,RRRG8,collect,RRRG8-I,inside,NA,100,0,hobo,,,,,
4/5/2022 11:24,4/5/2022,KL ,RRR,RRRG8,collect,RRRG8-O,outside,NA,100,P,hobo,,,,,
4/5/2022 18:48,4/5/2022,KG CP,FBF,FBFG06,deploy,FBFG06-humidity,inside,NA,100,0,hobo,,,,,
4/5/2022 18:49,4/5/2022,KG CP,FBF,FBFR01,deploy,FBFR01-humidity,outside,NA,100,0,hobo,,,,,
4/5/2022 18:50,4/5/2022,KG CP,FBF,FBFO01,deploy,FBFO01-I,inside,NA,100,0,hobo,,,,,
4/5/2022 18:50,4/5/2022,KG CP,FBF,FBFO01,deploy,FBFO01-O,outside,completed,100,0,hobo,,,,,
4/5/2022 18:51,4/5/2022,KG CP,FBF,FBFO02,deploy,FBFO02-humidity,outside,NA,100,0,hobo,,,,,
4/5/2022 18:52,4/5/2022,KG CP,FBF,FBFC01,deploy,FBFC01-humidity,outside,NA,100,0,hobo,,,,,
4/7/2022 10:02,4/7/2022,KG KL VW YW,PIC,PCC7,deploy,PCC7-I,inside,NA,100,0,hobo,,,,,
4/7/2022 10:02,4/7/2022,VW,PIC,PCC7,deploy,PCC7-O,outside,NA,100,0,hobo,,,,,
4/7/2022 10:44,4/7/2022,KG，KL，VW,MBN,MBNC15,deploy,MBNC15-I,inside,NA,100,0,hobo,,,,,
4/7/2022 10:47,4/7/2022,VW，KG，KL,MBN,MBNC15,deploy,MBNC15-O,outside,NA,100,0,hobo,,,,,
4/12/2022 7:43,4/12/2022,KG,MBN,MBNR1,deploy,MBNR-I,inside,NA,100,0,hobo,,,,,
4/12/2022 7:43,4/12/2022,KG,MBN,MBNR1,deploy,MBNR-9,outside,NA,100,0,hobo,,,,,
4/12/2022 7:58,4/12/2022,KG,MBN,MBNR4,deploy,MBNR4-I,outside,NA,100,0,hobo,,,,,
4/12/2022 8:04,4/12/2022,"SM, YW, KL, CP",MBN,MBNR4,deploy,MBNR4-O,outside,NA,100,0,hobo,,,,,
4/12/2022 8:34,4/12/2022,"YW, KG ",MBN ,MBNG9,deploy,MBNG9-I,inside,NA,100,0,hobo,,,,,
4/12/2022 8:36,4/12/2022,"YW, KG",MBN ,MBNG9,deploy,MBNG9-O,outside,NA,100,0,hobo,,,,,
4/12/2022 8:41,4/12/2022,"YW, KG",MBN ,MBNG12,deploy,MBNG12-I,inside,NA,100,0,hobo,,,,,
4/12/2022 8:42,4/12/2022,"YW, KG",MBN ,MBNG12 ,deploy,MBNG12-O,outside,NA,100,0,hobo,,,,,
4/12/2022 8:56,4/12/2022,"SM, YW, KG, CP",MBN,MBNG27,deploy,MBNG27-I,inside,NA,100,0,hobo,,,,,
4/12/2022 8:58,4/12/2022,KG,MBN,MBNG27,deploy,MBNG27-O,outside,NA,100,0,hobo,,,,,
4/12/2022 10:00,4/12/2022,"CP, KG,",RRR ,RRRR2,deploy,RRRR2-I,inside,NA,100,0,hobo,,,,,
4/12/2022 10:01,4/12/2022,KG,RRR,RRRR2,deploy,RRRR2-O,outside,NA,100,0,hobo,,,,,
4/12/2022 10:22,4/12/2022,"YW, KG",RRR,RRRG 7,deploy,RRRG 7-I,inside,NA,100,0,hobo,,,,,
4/12/2022 10:23,4/12/2022,"YW, KG",RRR ,RRRG 7,deploy,RRRG 7-O,outside,NA,100,0,hobo,,,,,
4/12/2022 10:38,4/12/2022,"KG, CP, YW",RRR,RRRG 28,deploy,RRRG 28-O,outside,NA,100,0,hobo,,,,,
4/12/2022 10:40,4/12/2022,KG,RRR,RRRG28,deploy,RRRG28-I,inside,NA,100,0,hobo,,,,,
4/12/2022 11:49,4/12/2022,KL VW,PIC,PICO8,deploy,PICO8-O,outside,NA,66,0,hobo,,,,,
4/12/2022 11:50,4/12/2022,VW KL,PIC,PICO8,deploy,PICO8-I,inside,NA,100,0,hobo,,,,,
4/14/2022 7:44,4/14/2022,"KL, VW",MBN,MBNC16,deploy,MBNC16-I,inside,NA,100,0,hobo,,,,,
4/14/2022 7:54,4/14/2022,"KL, VW",MBN,MBNC16,deploy,MBNC16-O,outside,NA,100,P,hobo,,,,,
4/14/2022 7:55,4/14/2022,"KL, VW ",MBN ,MBNC13,deploy,MBNC13-I,inside,NA,100,0,hobo,,,,,
4/14/2022 7:55,4/14/2022,"KL, VW ",MBN,MBNC13,deploy,MBNC13-humidity,outside,NA,100,0,hobo,,,,,
4/14/2022 7:57,4/14/2022,"KL, VW ",MBN,MBNC13,deploy,MBNC13-O,outside,NA,100,0,hobo,,,,,
4/14/2022 9:45,4/14/2022,KL VW,MCN,MCO2,deploy,MCO2-I,inside,NA,100,0,hobo,,,,,
4/14/2022 9:46,4/14/2022,KL VW,MCN,MCO2,deploy,MCO2-O,outside,NA,100,0,hobo,,,,,
4/14/2022 9:47,4/14/2022,KL VW,MCN,MCO2,deploy,MCO2-humidity,outside,NA,100,0,hobo,,,,,
4/14/2022 10:08,4/14/2022,KL VW,PIC,PCC1,deploy,PCC1-humidity,outside,NA,100,0,hobo,,,,,
4/16/2022 11:07,4/16/2022,"KG, YW, KL",RRR,RRRG,deploy,RRRG1-I,inside,NA,100,0,hobo,,,,,
4/16/2022 11:07,4/16/2022,KG KL YW,RRR,RRRG1,deploy,RRRG1-O,outside,NA,100,0,hobo,,,,,
4/16/2022 11:41,4/16/2022,KG YW KL,BRO,BRO1,deploy,BRO1-O,outside,NA,100,0,hobo,,,,,
4/16/2022 11:42,4/16/2022,"KG, YW, KL",DCC,BROq,deploy,BRO1-I,inside,NA,100,0,hobo,,,,,
4/16/2022 11:47,4/16/2022,"KL, KG, YW",DCC,BRO3,deploy,BRO3-humidity,outside,NA,100,0,hobo,,,,,
4/19/2022 7:48,4/19/2022,KG VW,RRR,RRRG4,deploy,RRRG4-I,inside,NA,100,0,hobo,,,,,
4/19/2022 7:49,4/19/2022,VW KG,RRR,RRRG4,deploy,RRRG4-O,outside,NA,100,0,hobo,,,,,
4/19/2022 7:55,4/19/2022,VW KG,RRR,RRRG5,deploy,RRRG5-O,outside,NA,100,0,hobo,,,,,
4/19/2022 7:56,4/19/2022,KG VW,RRR,RRRG5,deploy,RRRG5-I,inside,NA,100,0,hobo,,,,,
4/19/2022 8:19,4/19/2022,"KL, AS",MBN,MBNG14,deploy,MBNG14-I,inside,NA,100,0,hobo,,,,,
4/19/2022 8:20,4/19/2022,"KL, AS",MBN,MBNG14,deploy,MBNG14-O,outside,NA,100,0,hobo,,,,,
4/19/2022 8:43,4/19/2022,KG,RRR,RRRR5,deploy,RRRR5-I,inside,NA,100,0,hobo,,,,,
4/19/2022 8:44,4/19/2022,KG,RRR,RRRR5,deploy,RRRR5-O,outside,NA,100,0,hobo,,,,,
4/19/2022 8:49,4/19/2022,"SM, KG, VW",RRR,RRRR10,deploy,RRRR10-I,inside,NA,100,0,hobo,,,,,
4/19/2022 8:50,4/19/2022,VW KG SM,RRR,RRRR10,deploy,RRRR10-O,outside,NA,100,0,hobo,,,,,
4/19/2022 9:10,4/19/2022,VW KG SM,RRR,RRC9,deploy,RRC9-O,outside,NA,100,0,hobo,,,,,
4/19/2022 9:11,4/19/2022,KG VW SM,RRR,RRC9,deploy,RRC9-I,inside,NA,100,0,hobo,,,,,
4/19/2022 9:24,4/19/2022,VW KG SM,RRR,RRC13,deploy,RRC13-O,outside,NA,100,0,hobo,,,,,
4/19/2022 9:25,4/19/2022,VW KG SM,RRR,RRC13,deploy,RRC13-I,inside,NA,100,0,hobo,,,,,
4/19/2022 9:56,4/19/2022,KL,MBN,MBNC12,deploy,MBNC12-I,inside,NA,100,0,hobo,,,,,
4/19/2022 9:58,4/19/2022,KL,MBN,MBNC12,deploy,MBNC12-O,outside,NA,100,0,hobo,,,,,
4/19/2022 10:02,4/19/2022,KL,MBN,MBNC11,deploy,MBNC11-I,inside,NA,100,0,hobo,,,,,
4/19/2022 10:02,4/19/2022,KL,MBN,MBNC11,deploy,MBNC11-O,outside,NA,66,0,hobo,,,,,
4/19/2022 10:07,4/19/2022,VW KG SM,DCC,BRO2,deploy,BRO2-O,outside,NA,100,0,hobo,,,,,
4/19/2022 10:08,4/19/2022,VW KG SM,DCC,BRO,deploy,BRO2-I,inside,NA,100,0,hobo,,,,,
4/19/2022 10:25,4/19/2022,KL,MBN,MBNC6,deploy,MBNC6-I,inside,NA,100,0,hobo,,,,,
4/19/2022 10:25,4/19/2022,KL,MBN,MBNR6,deploy,MBNR6-O,outside,NA,100,0,hobo,,,,,
4/19/2022 10:25,4/19/2022,KL,MBN,MBNR6,deploy,MBNR6-I,outside,NA,100,0,hobo,,,,,
4/19/2022 10:50,4/19/2022,VW SM KG,MCE,MCN,deploy,MCE3-I,inside,NA,100,0,hobo,,,,,
4/19/2022 10:51,4/19/2022,VW KG SM,MCN,MCE3,deploy,MCE3-O,outside,NA,100,0,hobo,,,,,
4/19/2022 11:13,4/19/2022,CP,PIC,PICG2,deploy,PICG2-I,inside,NA,100,0,hobo,,,,,
4/19/2022 11:14,4/19/2022,CP,PIC,PICG2,deploy,PICG2-O,outside,NA,100,0,hobo,,,,,
4/19/2022 11:57,4/19/2022,VW KG,PIC,PICR4,deploy,PICR4-O,outside,NA,100,0,hobo,,,,,
4/19/2022 11:57,4/19/2022,VW KG,PIC,PICR4,deploy,PICR4-I,inside,NA,100,0,hobo,,,,,
4/19/2022 11:58,4/19/2022,"KL, CP, AS",PIC,PCC1,deploy,PCC1-I,inside,NA,100,0,hobo,,,,,
4/19/2022 11:58,4/19/2022,"KL, CP, AS",PIC,PCC1,deploy,PCC1-O,outside,NA,100,P,hobo,,,,,
4/19/2022 12:11,4/19/2022,KL,PCC,PCC10,deploy,PCC10-I,inside,NA,100,0,hobo,,,,,
4/19/2022 12:12,4/19/2022,KL,PCC,PCC10,deploy,PCC10-O,outside,NA,100,0,hobo,,,,,
4/19/2022 12:22,4/19/2022,KL,PCC,PCC6,deploy,PCC6-I,inside,NA,100,0,hobo,,,,,
4/19/2022 12:23,4/19/2022,KL,PCC,PCC6,deploy,PCC6-O,outside,NA,100,0,hobo,,,,,
4/22/2022 11:53,4/22/2022,KL ,PIC,PICO3,collect,PICO3-I,inside,completed,100,0,hobo,,,,,
4/22/2022 11:55,4/22/2022,KL ,PIC,PICO3,collect,PICO3-O,outside,completed,100,6,hobo,,,,,
4/22/2022 12:19,4/22/2022,KL ,PIC ,PICO5,deploy,PICO5-I,inside,NA,100,0,hobo,,,,,
4/22/2022 12:20,4/22/2022,KL ,PIC,PICO5,deploy,PICO5-O,outside,NA,100,0,hobo,,,,,
4/22/2022 12:33,4/22/2022,Austin,PIC,PICO9,deploy,PICO9-I,inside,NA,100%,0%,hobo,,,,,
4/22/2022 12:35,4/22/2022,Austin,PIC,PICO9,deploy,PICO9-O,outside,NA,100,0,hobo,,,,,
4/28/2022 11:27,4/28/2022,KG,PIC,PICR10,deploy,PICR10-I,inside,NA,100,0,hobo,,,,,
4/28/2022 11:28,4/28/2022,KG,PIC,PICR10,deploy,PICR10-O,outside,NA,100,0,hobo,,,,,
5/1/2022 12:33,5/1/2022,KG YW,PIC,PICR9,deploy,PICR9-O,outside,NA,100,0,hobo,,,,,
5/1/2022 12:34,5/1/2022,"YW, KG",PIC ,PICG 9,deploy,PICG 9-I,inside,NA,100,0,hobo,,,,,
5/1/2022 12:40,5/1/2022,"YW, KG ",PIC ,PICG 5,deploy,PICG5-I,inside,NA,100,0,hobo,,,,,
5/1/2022 12:41,5/1/2022,"YW, KG",PIC,PICG 5,deploy,PICG 5-O,outside,NA,100,0,hobo,,,,,
5/3/2022 10:39,5/3/2022,KG VW CP PGG,MBN,MBNR7,deploy,MBNR7- O,outside,NA,100,0,hobo,,,,,
5/3/2022 10:40,5/3/2022,VW PGG CP KG,MBN,MBNR7,deploy,MBNR7-I,inside,NA,100,0,hobo,,,,,
5/3/2022 11:20,5/3/2022,KG,RRR,RRRR1,deploy,RRRR1-O,outside,NA,100,0,hobo,,,,,
5/3/2022 11:32,5/3/2022,KG,RRR,RRRR3,deploy,RRRR43humidity,outside,NA,100,0,hobo,,,,,
5/3/2022 11:49,5/3/2022,KG PGG VW CP,RRR,RRRR6,deploy,RRRR6-humidity,outside,NA,100,0 (i’m not sure what day it was put up! ),hobo,,,,,
5/3/2022 12:16,5/3/2022,VW KG PGG CP,RRR,RRE10,deploy,RRC10-Humidity,outside,NA,100,0,hobo,,,,,
5/5/2022 9:28,5/5/2022,"KL, SM, PGG",PIC,PICO4,collect,PICO4-I,inside,completed,100,11,hobo,,,,,
5/5/2022 9:29,5/5/2022,"KL, SM, PGG",PIC,PICO4,collect,PICO4-O,outside,NA,100,6,hobo,,,,,
5/5/2022 9:36,5/5/2022,"KL, SM, PGG",PIC,PICO3,deploy,PICO3-O,outside,completed,100,9,hobo,,,,,
5/5/2022 10:09,5/5/2022,KG VW MZ,RRR,RRRG2,deploy,RRRG2-I,inside,NA,100,0,hobo,,,,,
5/5/2022 10:10,5/5/2022,"MZ, VW, KG",RRR,RRRG2,deploy,RRRG2-O,outside,NA,100,0,hobo,,,,,
5/5/2022 10:10,5/5/0100,KG VW MZ,RRR,RRRG4,collect,RRRG4-I,inside,NA,100,0,hobo,,,,,
5/5/2022 10:11,5/5/2022,VW KG MZ,RRR,RRRG4,collect,RRRG4-O,outside,NA,100,0,hobo,,,,,
5/5/2022 11:27,5/5/2022,KG MZ,PIC,PICR3,deploy,PICRC-I,inside,NA,100,0,hobo,,,,,
5/5/2022 11:27,5/5/2022,MZ KG,PIC,PICR3,deploy,PICR-O,outside,NA,100,0,hobo,,,,,
5/6/2022 9:14,5/6/2022,KL,PIC,PCC1,collect,PCC1-I,inside,completed,100,7,hobo,,,,,
5/6/2022 9:16,5/6/2022,KL,PIC,PCC1,collect,PCC1-O,outside,completed,100,7,hobo,,,,,
5/9/2022 10:28,5/9/2022,KL,RRR,RRRR5,collect,RRRR5-I,inside,completed,100,7,hobo,,,,,
5/9/2022 10:29,5/9/2022,KL,RRR,RRRR5,collect,RRRR5-O,outside,completed,100,7,hobo,,,,,
5/10/2022 7:59,5/10/2022,KL,MBN,MBNG11,collect,MBNG11-I,inside,completed,100,9,hobo,,,,,
5/10/2022 8:00,5/10/2022,VW CP KL,MBN,MBNG11,collect,MBNG11-O,outside,completed,100,9,hobo,,,,,
5/10/2022 8:13,5/10/2022,KL,MBN,MBNG14,collect,MBNG14-O,outside,completed,100,5,hobo,,,,,
5/10/2022 9:43,5/10/2022,KG PGG YW,RRR,RRRG2,collect,RRRG2-O,outside,NA,100,1,hobo,,,,,
5/10/2022 9:43,5/10/2022,KG PGG YW,RRR,RRRG4,deploy,RRRG4-O,outside,NA,100,0,hobo,,,,,
5/10/2022 9:44,5/10/2022,"YW, KG, PGG ",RRR,RRRG 2,collect,RRRG 2-I,inside,NA,100,0,hobo,,,,,
5/10/2022 9:45,5/10/2022,"YW, KG, PGG ",RRR,RRRG 4,deploy,RRRG 4-I,inside,NA,100,0,hobo,,,,,
5/10/2022 10:11,5/10/2022,"YW, KG, PGG",RRR ,RRRR 2,collect,RRRR2-I,inside,NA,100,0,hobo,,,,,
5/10/2022 10:11,5/10/2022,"YW, KG, PGG ",RRR ,RRRR 2,collect,RRRR 2-O,outside,NA,100,0,hobo,,,,,
5/10/2022 10:20,5/10/2022,"YE, KG, PGG ",RRR,RRRR 6,deploy,RRRR 6-I,inside,NA,100,0,hobo,,,,,
5/10/2022 10:21,5/10/2022,"YW, KG, PGG",RRR,RRRR 6,deploy,RRRR6-O,outside,NA,100,0,hobo,,,,,
5/12/2022 9:18,5/12/2022,VW SM,PIC,PICO1,collect,PICO1-O,outside,NA,100,11,hobo,,,,,
5/12/2022 9:19,5/12/2022,VW YW SM,PIC,PICO1,collect,PICO1-I,inside,NA,100,11,hobo,,,,,
5/12/2022 9:37,5/12/2022,"YW, KL, VW, SM",PICO,PICO 6,deploy,PICO 6-I,inside,NA,100,0,hobo,,,,,
5/12/2022 9:38,5/12/2023,"YW, KL, VW, SM",PICO ,PICO 6,deploy,PICO 6-O,outside,NA,100,0,hobo,,,,,
5/12/2022 11:45,5/12/2022,VW KL,PIC,PICG1,deploy,PICG1-O,outside,NA,100,0,hobo,,,,,
5/12/2022 11:46,5/12/2022,VW KL,PIC,PICG1,deploy,PICG1-I,inside,NA,100,0,hobo,,,,,
5/13/2022 7:58,5/13/2022,"KL, CP, KG",RRR,RRRG1,collect,RRRG1-I,inside,completed,100,7,hobo,,,,,
5/13/2022 8:00,5/13/2022,KL,RRR,RRRG1,collect,RRRG1-O,outside,completed,100,7,hobo,,,,,
5/13/2022 10:01,5/13/2022,CP,PIC,PICG6,deploy,PICG6-I,inside,NA,100,0,hobo,,,,,
5/13/2022 10:02,5/13/2022,CP,PIC,PICG6,deploy,PICG6-O,outside,NA,100,7,hobo,,,,,
5/13/2022 10:04,5/13/2022,CP,PIC,PICG7,deploy,PICG7-I,inside,NA,100,0,hobo,,,,,
5/13/2022 10:06,5/13/2022,CP,PIC,PICG7-O,deploy,PICG7-O,outside,NA,100,7,hobo,,,,,
5/17/2022 7:39,5/17/2022,SM CP,MBN,MBNC15,collect,MBNC15-I,inside,NA,100,10,hobo,,,,,
5/17/2022 7:40,5/17/2022,SM CP,MBN,MBNC15,collect,MBNC15-O,outside,NA,100,10,hobo,,,,,
5/17/2022 8:02,5/17/2022,SM CP,MBN,MBNC8,deploy,MBNC8-I,inside,NA,100,0,hobo,,,,,
5/17/2022 8:03,5/17/2022,SM CP,MBN,MBNC8,deploy,MBNC8-O,outside,NA,100,0,hobo,,,,,
5/17/2022 8:21,5/17/2022,SM CP,MBN,MBNC4,deploy,MBNC4-O,outside,NA,100,0,hobo,,,,,
5/17/2022 8:22,5/17/2022,SM CP,MBN,MBNC4,deploy,MBNC4-I,inside,NA,100,0,hobo,,,,,
5/17/2022 9:03,5/17/2022,SM CP,MBN,MBNG27,collect,MBNG27-I,inside,completed,100,9,hobo,,,,,
5/17/2022 9:04,5/17/2022,"SM, CP",MBN,MBNG27,collect,MBNG27-O,outside,completed,100,9,hobo,,,,,
5/17/2022 9:39,5/17/2022,SM,MBN,MBNG21,collect,MBNG21-I,inside,completed,100,11,hobo,,,,,
5/17/2022 9:39,5/17/2022,SM,MBN,MBNG21,collect,MBNG21-O,outside,completed,100,11,hobo,,,,,
5/17/2022 9:51,5/17/2022,VW,MBN,MBNG12,collect,MBNG12-O,outside,completed,100,9,hobo,,,,,
5/17/2022 9:52,5/17/2022,VW,MBN,MBNG12,collect,MBNG12-I,inside,completed,100,9,hobo,,,,,
5/17/2022 9:52,5/17/2022,"KL, VW, CP, SM",MBN,MBNG10,deploy,MBNG10-O,outside,NA,100,0,hobo,,,,,
5/17/2022 9:53,5/17/2022,VW,MBN,MBNG10,deploy,MBNG10-I,inside,NA,100,0,hobo,,,,,
5/17/2022 10:02,5/17/2022,"KL, VW, CP, SM",MBN,MBNG7,deploy,MBNG7-I,inside,NA,100,0,hobo,,,,,
5/17/2022 10:02,5/17/2022,CP,MBN,MBNG7,collect,MBNG7-O,outside,NA,100,0,hobo,,,,,
5/17/2022 10:07,5/17/2022,KL,MBN,MBNG6,deploy,MBNG6-O,outside,NA,100,0,hobo,,,,,
5/17/2022 10:07,5/17/2022,SM CP KL VW,MBN,MBNG6,deploy,MBNG6-I,inside,completed,100,0,hobo,,,,,
5/17/2022 10:28,5/17/2022,KL,MBN,MBNR1,collect,MBNR1-O,outside,completed,100,9,hobo,,,,,
5/17/2022 10:29,5/17/2022,SM CP KL VW,MBN,MBNG1,collect,MBNG1-I,inside,completed,9,100,hobo,,,,,
5/17/2022 10:32,5/17/2022,KL,MBN,MBNR2,deploy,MBNR2-O,outside,NA,100,0,hobo,,,,,
5/17/2022 10:32,5/17/2022,SM CP KL VW,MBNG,MBNG2,deploy,MBNG2-I,inside,completed,100,0,hobo,,,,,
5/18/2022 8:29,5/18/2022,KG,PIC,PICO8,collect,PICO8-I,inside,completed,100,66,hobo,,,,,
5/18/2022 8:30,5/18/2022,KG,PIC,PICO8,collect,PICO8-O,outside,completed,100,80,hobo,,,,,
5/18/2022 8:35,5/18/2022,KG,PIC,PICO9,collect,PICO9-I,inside,completed,100,6,hobo,,,,,
5/18/2022 8:36,5/18/2022,KG,PIC,PICO9,collect,PICO9-O,outside,completed,100,6,hobo,,,,,
5/18/2022 9:01,5/18/2022,KG KL CP,PIC,PICO4,deploy,PICO4-I,inside,NA,80,0,hobo,,,,,
5/18/2022 9:02,5/18/2022,KG KL CP,PIC,PICO4,deploy,PICO4-O,outside,NA,80,0,hobo,,,,,
5/18/2022 9:03,5/18/2022,"KL, KG, CP",PIC,PICO3,deploy,cam10,,,,,camera,card16,NA,full,empty,
5/18/2022 9:50,5/18/2022,"KL, KG, CP",PIC,PICR7,deploy,PICR7-I,inside,NA,100,0,hobo,,,,,
5/18/2022 9:51,5/18/2022,"KL, KG, CP",PIC,PICR7,deploy,PICR7-O,outside,NA,100,0,hobo,,,,,
5/19/2022 7:53,5/18/2022,KG PGG,BRO,BRO1,collect,BRO1-I,inside,NA,100,8,hobo,,,,,
5/19/2022 7:54,5/18/2022,KG PGG,BRO,BRO1-O,collect,BRO1-O,outside,completed,100,8,hobo,,,,,
5/19/2022 9:09,5/18/2022,KG PGG,MCN,MC02,collect,MC02-I,inside,completed,100,9,hobo,,,,,
5/19/2022 9:10,5/19/2022,KG PGG,MCN,MCN02,collect,MCO2-O,outside,completed,100,0,hobo,,,,,
5/19/2022 10:13,5/19/2022,VW KL,PIC,PCC10,collect,PCC10-O,outside,completed,100,8,hobo,,,,,
5/19/2022 10:14,5/19/2022,VW KL,PIC,PCC10,collect,PCC10-I,inside,completed,100,8,hobo,,,,,
5/19/2022 10:54,5/19/2022,"KL, VW",PIC,PCC7,deploy,PCC7-I,inside,NA,100,0,hobo,,,,,
5/19/2022 10:54,5/19/2022,VW KL,PIC,PCC7,deploy,PCC7-O,outside,NA,100,0,hobo,,,,,
5/19/2022 11:47,5/19/2022,KG PGG,RRC,RRC13,collect,RRC13-I,inside,completed,100,9,hobo,,,,,
5/19/2022 11:47,5/19/2022,KG PGG,RRC,RRC13,collect,RRC13-O,outside,completed,100,8,hobo,,,,,
5/19/2022 12:53,5/19/2022,KG PGG,RRR,RRRR8,deploy,RRRR8-I,inside,NA,100,0,hobo,,,,,
5/19/2022 12:54,5/19/2022,KG PGG,RRR,RRRR8,deploy,RRRR8-O,outside,completed,100,0,hobo,,,,,
5/21/2022 9:58,5/21/2022,KL,PIC,PICG6,deploy,cam1,,,,,camera,card8,NA,full,empty,
5/21/2022 10:03,5/21/2022,KL,PIC,PICG7,collect,PICG7-I,inside,completed,100,0,hobo,,,,,
5/21/2022 10:06,5/21/2022,KL,PIC,PICG7,collect,PICGI-O,outside,completed,100,2,hobo,,,,,
5/21/2022 10:53,5/21/2022,KG KL,RRR,RRRG4,collect,RRRG4-I,inside,NA,100,3,hobo,,,,,
5/21/2022 10:53,5/21/2022,KG KL,RRR,RRRG4,collect,RRRG4-O,outside,NA,100,3,hobo,,,,,
5/24/2022 8:36,5/24/2022,"KG, PGG, YW ",RRR ,RRRR 10,collect,RRRR 10-I,inside,NA,100,0,hobo,,,,,
5/24/2022 8:37,5/24/2022,"KG, PGG, YW ",RRR ,RRRR 10,collect,RRRR 10-O,outside,NA,100,0,hobo,,,,,
5/24/2022 9:15,5/24/2022,KG PGG YW,BRO,BRO7,deploy,BRO7-I,inside,NA,100,0,hobo,,,,,
5/24/2022 9:16,5/24/2022,"YW, KG, PGG ",BRO ,BRO 7,deploy,BRO 7-O,outside,NA,100,0,hobo,,,,,
5/24/2022 10:34,5/24/2022,"YW, KG, PGG ",RRR ,RRRG 40,deploy,RRRG 10-I,inside,NA,100,0,hobo,,,,,
5/24/2022 10:35,5/24/2022,"YW, KG, PGG ",RRR,RRRG 40,deploy,RRRG 40-O,outside,NA,100,0,hobo,,,,,
5/24/2022 11:28,5/24/2022,"YW, KG, PGG ",PIC ,PICG 2,collect,PICG 2-I,inside,completed,100,0,hobo,,,,,
5/24/2022 11:32,5/24/2022,"YW, KG, PGG ",PIC ,PICG 2,collect,PICG 2-O,outside,completed,100,0,hobo,,,,,
5/26/2022 7:47,5/26/2022,SM KL YW,MBN,MBNC13,collect,MBNC13-I,inside,completed,100,11,hobo,,,,,
5/26/2022 7:47,5/26/2022,"SM, KL, YW",MBN,MBNC13,collect,MBNC13-O,outside,completed,100,0,hobo,,,,,
5/26/2022 7:51,5/26/2022,"KL, SM, YW ",MBN,MBNC11,collect,MBNC11-O,outside,completed,100,0,hobo,,,,,
5/26/2022 7:52,5/26/2022,SM KL YW,MBN,MBNC11,collect,MBNC11-I,inside,completed,100,9,hobo,,,,,
5/26/2022 8:31,5/26/2022,SM KL YW,MBN,MBNC12,collect,MBNC12-I,inside,completed,100,9,hobo,,,,,
5/26/2022 8:31,5/26/2022,"KL, SM, YW ",MBN ,MBNC12,collect,MBCN12-O,outside,completed,100,9,hobo,,,,,
5/26/2022 10:12,5/26/2022,"KL, SM, YW",MBN,MBNR6,collect,MBNR6-O,outside,completed,100,9,hobo,,,,,
5/26/2022 10:14,5/26/2022,"KL, SM, YW ",MBN,MBNR6,collect,MBNR6-I,inside,completed,100,9,hobo,,,,,
5/26/2022 10:21,5/26/2022,SM KL YW,MBN,MBNR4,collect,MBNR4-I,inside,completed,100,11,hobo,,,,,
5/26/2022 10:22,5/26/2022,"YW, KL, SM",MBN,MBNR4,collect,MBNR4-O,outside,completed,100,11,hobo,,,,,
5/26/2022 12:09,5/26/2022,SM,MBN,MBNG9,collect,MBNG9-I,inside,NA,100,11,hobo,,,,,
5/26/2022 12:10,5/26/2022,SM,MBN,MBNG9,collect,MBNG9-O,outside,NA,100,11,hobo,,,,,
5/26/2022 12:11,5/26/2022,KL,MBN,MBNR5,deploy,MBNR5-I,inside,NA,100,0,hobo,,,,,
5/26/2022 12:11,5/26/2022,KL,MBN,MBNR5,deploy,MBNR5-O,outside,NA,100,0,hobo,,,,,
5/26/2022 12:35,5/26/2022,pgg,mbn,mbng7,deploy,cam2,,,,,camera,card9,,full,empty,
5/26/2022 13:18,5/26/2022,KL,MBN,MBNR2,deploy,cam12,,,,,camera,card2,NA,full,empty,
5/31/2022 9:58,5/31/2022,VW,PIC,PICO5,collect,PICO5-O,outside,completed,100,9,hobo,,,,,
5/31/2022 9:59,5/31/2022,VW,PIC,PICO5,collect,PICO5-I,inside,completed,100,10,hobo,,,,,
5/31/2022 10:26,5/31/2022,KG PGG VW,PIC,PICR4,collect,PICR4-I,inside,completed,100,10,hobo,,,,,
5/31/2022 10:28,5/31/2022,VW PGG KG,PICR,PICR4,collect,PICR4-I,inside,completed,100,11,hobo,,,,,
5/31/2022 11:44,5/31/2022,KG PGG VW,PCC,PCC6,collect,PCC6-I,inside,completed,100,11,hobo,,,,,
5/31/2022 11:44,5/31/2022,VW KG PGG,PIC,PCC6,collect,PCC6-O,outside,completed,100,11,hobo,,,,,
5/31/2022 12:11,5/31/2022,VW PGG KG,PIC,PCC7,deploy,CAM4,,,,,camera,card11,-,full,empty,
6/2/2022 7:52,6/2/2022,SM KL CP,MBN,MBNR2,collect,MBNR2-I,inside,completed,100,4,hobo,,,,,
6/2/2022 7:52,6/2/2022,KG PGG VW,BRO,BRO8,collect,BRO8-O,outside,completed,100,7,hobo,,,,,
6/2/2022 7:52,6/2/2022,KL,MBN,MBNR2,collect,MBNR2-O,outside,completed,100,4,hobo,,,,,
6/2/2022 7:53,6/2/2022,VW,BRO,BRO8,collect,BRO8-I,inside,completed,100,7,hobo,,,,,
6/2/2022 7:54,6/2/2022,SM CP KL ,MBN,MBNR2,collect,cam12,,,,,camera,NA,card2,low,full,
6/2/2022 8:00,6/2/2022,KG PGG VW,BRO,BRO2,collect,BRO2-I,inside,completed,100,11,hobo,,,,,
6/2/2022 8:00,6/2/2022,VW KG PGG,BRO,BRO,collect,BRO2-O,outside,completed,100,11,hobo,,,,,
6/2/2022 8:30,6/2/2022,SM CP KL ,MBN,MBNR5,deploy,cam7,,,,,camera,card7,NA,full,empty,
6/2/2022 8:38,6/2/2022,"PGG, VW, KG",BRO,BRO7,deploy,CAM8,,,,,camera,5,,full,empty,
6/2/2022 8:42,6/2/2022,SM CP KL,MBN,MBNR6,deploy,MBNR6-I,inside,NA,100,0,hobo,,,,,
6/2/2022 8:43,6/2/2022,SM CP KL,MBN,MBNR6,deploy,MBNR6-O,outside,NA,66,0,hobo,,,,,
6/2/2022 8:57,6/2/2022,KG PGG VW,MCN,MCE3,collect,MCE3,outside,completed,100,11,hobo,,,,,
6/2/2022 8:58,6/2/2022,VW KG PGG,MCN,MCE3,collect,MCE3-I,inside,completed,100,11,hobo,,,,,
6/2/2022 9:23,6/2/2022,VW KG PGG,RRR,RRRR2,deploy,RRRR1-O,outside,NA,100,0,hobo,,,,,
6/2/2022 9:24,6/2/2022,VW KG PGG,RRR,RRRR2,deploy,RRRR2-I,inside,NA,100,0,hobo,,,,,
6/2/2022 11:26,6/2/2022,KL,PIC,PICO4,deploy,cam12,,,,,camera,card22,NA,full,empty,
6/7/2022 7:46,6/7/2022,KL,PIC,PICO3,collect,cam10,,,,,camera,NA,card16,low,full,
6/7/2022 7:48,6/7/2022,KL,PIC,PICO3,collect,PICO3-I,inside,completed,100,8,hobo,,,,,
6/7/2022 7:49,6/7/2022,KL,PIC,PICO3,collect,PICO3-O,outside,completed,100,8,hobo,,,,,
6/7/2022 7:56,6/7/2022,KL,PIC,PICO10,deploy,PICO10-I,inside,NA,100,0,hobo,,,,,
6/7/2022 7:57,6/7/2022,KL,PIC,PICO10,deploy,PICO10-O,outside,NA,100,0,hobo,,,,,
6/7/2022 8:17,6/7/2022,KL,PIC,PICR10,collect,PICR10-I,inside,completed,100,10,hobo,,,,,
6/7/2022 8:18,6/7/2022,KL,PIC,PICR10,collect,PICR10-O,outside,completed,100,10,hobo,,,,,
6/7/2022 8:25,6/7/2022,KL,PIC,PICR3,collect,PICR3-I,inside,completed,100,8,hobo,,,,,
6/7/2022 8:26,6/7/2022,KL,PIC,PICR3,collect,PICR3-O,outside,completed,100,8,hobo,,,,,
6/7/2022 8:51,6/7/2022,KL,PIC,PICG8,collect,PICG8-I,inside,completed,100,10,hobo,,,,,
6/7/2022 8:51,6/7/2022,KL,PIC,PICG8,collect,PICG8-O,outside,completed,100,10,hobo,,,,,
6/7/2022 9:12,6/7/2022,KL,PIC,PICG10,deploy,PICG10-I,inside,NA,100,11,hobo,,,,,
6/7/2022 9:12,6/7/2022,KL,PIC,PICG10,deploy,PICG10-O,outside,NA,100,⁰,hobo,,,,,
6/7/2022 10:17,6/7/2022,VW KG PGG,RRR,RRRR1,collect,RRRR1-O,outside,completed,66,9,hobo,,,,,
6/7/2022 10:17,6/7/2022,VW KG PGG,RRR,RRRR1,collect,RRR1-I,inside,completed,66,9,hobo,,,,,
6/7/2022 11:03,6/7/2022,KG PGG VW,RRC,RRC13,deploy,RRC13-O,outside,NA,100,0,hobo,,,,,
6/7/2022 11:04,6/7/2022,VW KG PGG,RRR,RRC13,deploy,RRC13-I,inside,NA,100,0,hobo,,,,,
6/7/2022 11:25,6/7/2022,KG PGG VW,RRC,RRC3,collect,RRC3,outside,completed,66,9,hobo,,,,,
6/7/2022 11:25,6/7/2022,KG PGG VW,RRC,RRC3,collect,RRC3,inside,completed,66,9,hobo,,,,,
6/9/2022 7:52,6/9/2022,"KL, SM, YW ",MBG,MBNG8,deploy,MBNG8-I,inside,NA,100,0,hobo,,,,,
6/9/2022 7:55,6/9/2022,"KL, SM, YW",MBN,MBNG8,deploy,MBNG8-O,outside,NA,100,0,hobo,,,,,
6/9/2022 7:59,6/9/2022,"KL, SM, YW",MBN,MBNG9,deploy,MBNG9-I,inside,NA,100,0,hobo,,,,,
6/9/2022 8:00,6/9/2022,"KL, SM, YW",MBN ,MBNG9,deploy,MBNG9-O,outside,NA,100,0,hobo,,,,,
6/9/2022 8:03,6/9/2022,"KL, SM, YW",MBN,MBNG13,deploy,MBNG13-O,outside,NA,100,0,hobo,,,,,
6/9/2022 8:04,6/9/2022,"KL, SM, YW ",MBN ,MBNG13,deploy,MBNG13-I,inside,NA,100,0,hobo,,,,,
6/9/2022 8:27,6/9/2022,SM YW KL,MBN,MBNR5,collect,MBNR5-I,inside,completed,100,4,hobo,,,,,
6/9/2022 8:28,6/9/2022,SM KL YW,MBN,MBNR5,collect,MBNR5-O,outside,completed,100,4,hobo,,,,,
6/9/2022 8:28,6/9/2022,KG PGG,RRR,RRRG7,collect,RRRG7-I,outside,completed,100,15,hobo,,,,,
6/9/2022 8:28,6/9/2022,KG PGG,RRR,RRRG7,collect,RRRG7-I,inside,completed,100,15,hobo,,,,,
6/9/2022 8:30,6/9/2022,SM KL YW,MBN,MBNR5,collect,cam7,,,,,camera,NA,card7,low,full,
6/9/2022 8:45,6/9/2022,KL,MBN,MBNR7,collect,MBNR7-I,inside,completed,100,9,hobo,,,,,
6/9/2022 8:46,6/9/2022,KL,MBN,MBNR7,collect,MBNR7-O,outside,completed,100,9,hobo,,,,,
6/9/2022 8:49,6/9/2022,KL,MBN,MBNR8,collect,MBNR8-I,inside,completed,100,9,hobo,,,,,
6/9/2022 8:50,6/9/2022,KL,MBN,MBNR8,collect,MBNR8-O,outside,completed,100,9,hobo,,,,,
6/9/2022 8:57,6/9/2022,"KL, SM, YW ",MBN,MBNR4,deploy,MBNR4-I,inside,NA,100,0,hobo,,,,,
6/9/2022 8:58,6/9/2022,"KL, YW, SM",MBN ,MBNR4,deploy,MBNR4-O,outside,NA,100,0,hobo,,,,,
6/9/2022 9:13,6/9/2022,SM KL YW,MBN,MBNC13,deploy,MBNC13-I,inside,NA,100,0,hobo,,,,,
6/9/2022 9:14,6/9/2022,KL SM YW,MBN,MBNC13,deploy,MBNC13-O,outside,NA,100,0,hobo,,,,,
6/9/2022 10:06,6/9/2022,"KL, SM, YW ",MBN,MBNC4,collect,MBNC4-I,inside,completed,100,6,hobo,,,,,
6/9/2022 10:07,6/9/2022,"SM, YW, KL",MBN,MBNC4,collect,MBNC4-O,outside,completed,100,6,hobo,,,,,
6/9/2022 10:09,6/9/2022,"KL, SM, YW ",MBN,MBNC4,collect,cam5,,,,,camera,NA,card15,low,full,
6/14/2022 8:25,6/14/2022,KL,PIC,PICO7,deploy,PICO7-I,inside,NA,100,0,hobo,,,,,
6/14/2022 8:26,6/14/2022,KL,PIC,PICO7,deploy,PICO7-O,outside,NA,100,0,hobo,,,,,
6/14/2022 8:48,6/14/2022,VW,PICR,PICR10,deploy,PICR10-I,inside,NA,100,0,hobo,,,,,
6/14/2022 8:49,6/14/2022,VW,PIC,PICR10,deploy,PICR10-O,outside,NA,100,0,hobo,,,,,
6/14/2022 8:54,6/14/2022,VW,PIC,PICR7,collect,PICR7-I,inside,completed,66,7,hobo,,,,,
6/14/2022 8:55,6/14/2022,VW,PIC,PICR7,collect,PICR7-O,outside,completed,66,7,hobo,,,,,
6/14/2022 9:06,6/14/2022,VW,PIC,PICR4,deploy,PICR4-I,inside,NA,100,0,hobo,,,,,
6/14/2022 9:08,6/14/2022,VW,PIC,PICR4,deploy,PICR4-O,outside,NA,100,0,hobo,,,,,
6/14/2022 9:26,6/14/2022,VW,PIC,PICG1,collect,PICG1-I,inside,completed,100,8,hobo,,,,,
6/14/2022 9:27,6/14/2022,VW,PIC,PICG1,collect,PICG1-O,outside,completed,100,8,hobo,,,,,
6/14/2022 9:49,6/14/2022,CP,RRR,RRRG41,deploy,RRRG41-I,inside,NA,100,0,hobo,,,,,
6/14/2022 9:50,6/14/2022,CP,RRR,RRRG41,deploy,RRRG41-O,outside,NA,100,0,hobo,,,,,
6/14/2022 9:57,6/14/2022,VW,PIC,PICG5,collect,PICG5-I,inside,completed,100,11,hobo,,,,,
6/14/2022 9:58,6/14/2022,VW,PIC,PICG5,collect,PICG5-O,outside,completed,100,11,hobo,,,,,
6/14/2022 10:12,6/14/2022,VW,PIC,PICG6,collect,PICG6-O,outside,completed,100,8,hobo,,,,,
6/14/2022 10:13,6/14/2022,VW,PIC,PICG6,collect,PICG6-I,inside,completed,100,8,hobo,,,,,
6/14/2022 10:19,6/14/2022,VW,PICG,PICG6,collect,cam1,,,,,camera,NA,card8,low,full,
6/14/2022 10:37,6/14/2022,CP,RRR,RRRR6,collect,RRRR6-I,inside,completed,100,9,hobo,,,,,
6/14/2022 10:38,6/14/2022,CP,RRR,RRRR6,collect,RRRR6-O,outside,completed,100,9,hobo,,,,,
6/15/2022 8:21,6/14/2022,CP,DCC,BRO1,deploy,BRO1-I,inside,NA,100,0,hobo,,,,,
6/15/2022 8:22,6/15/2022,CP,DCC,BRO1,deploy,BRO1-O,outside,NA,100,0,hobo,,,,,
6/15/2022 8:38,6/15/2022,KL,PCC,PCC1,deploy,PCC1-I,inside,NA,100,0,hobo,,,,,
6/15/2022 8:40,6/15/2022,CP,PCC,PCC1,deploy,PCC1-O,outside,NA,100,0,hobo,,,,,
6/16/2022 8:26,6/16/2022,VW KL,MBN,MBNG5,deploy,MBNG5-O,outside,NA,100,0,hobo,,,,,
6/16/2022 8:26,6/16/2022,VW KL,MBN,MBNG5,deploy,MBNG5-I,inside,NA,100,0,hobo,,,,,
6/16/2022 8:29,6/16/2022,VW KL,MBN,MBNG6,collect,MBNG6-I,inside,completed,100,8,hobo,,,,,
6/16/2022 8:30,6/16/2022,VW KL,MBN,MBNG6,collect,MBNG6-O,outside,completed,100,8,hobo,,,,,
6/16/2022 9:35,6/16/2022,VW,MBN,MBNG10,collect,MBNG10-I,inside,completed,100,8,hobo,,,,,
6/16/2022 9:36,6/16/2022,VW,MBNG,MBNG10,collect,MBNG10-O,outside,completed,100,8,hobo,,,,,
6/16/2022 10:13,6/16/2022,SM VW KL,MBN,MBNC12,deploy,MBNC12-I,inside,NA,100,8,hobo,,,,,
6/16/2022 10:14,6/16/2022,SM VW KL ,MBN,MBNC12,deploy,MBNC12-O,outside,NA,100,0,hobo,,,,,
6/16/2022 10:23,6/16/2022,SM KL VW,MBN,MBNC11,deploy,MBNC11-O,outside,NA,100,0,hobo,,,,,
6/16/2022 10:26,6/16/2022,VW SM,MBN,MBNC11,deploy,MBNC11-I,inside,NA,100,11,hobo,,,,,
6/16/2022 11:02,6/16/2022,VW KL SM,MBN,MBNC13,deploy,cam7,,,,,camera,card15,-,full,empty,
6/17/2022 10:00,6/17/2022,KL,FBF,FBFR09,deploy,FBFR09-I,inside,NA,100,0,hobo,,,,,
6/17/2022 10:01,6/17/2022,KL,FBF,FBFR09,deploy,FBFR09-O,outside,NA,100,0,hobo,,,,,
6/21/2022 7:51,6/21/2022,VW YW,PIC,PICO6,collect,PICO6-I,inside,completed,100,10,hobo,,,,,
6/21/2022 7:52,6/21/2022,VW YW,PIC,PICO6,collect,PICO6-O,outside,completed,100,10,hobo,,,,,
6/21/2022 8:08,6/21/2022,"YW, VW",PIC ,PICO2,deploy,PICO2-I,inside,NA,100,0,hobo,,,,,
6/21/2022 8:13,6/21/2022,"YW, VW ",PIC ,PICO2 ,deploy,PICO2-O,outside,NA,100,0,hobo,,,,,
6/21/2022 8:47,6/21/2022,KG ,BRO,BRO1,deploy,cam11,,,,,camera,card3,,full,empty,
6/21/2022 8:59,6/21/2022,VW YW,PIC,PICR5,deploy,PICR5-I,inside,NA,100,0,hobo,,,,,
6/21/2022 9:01,6/21/2022,VW YW,PIC,PICR5,deploy,PICR5-O,outside,NA,100,0,hobo,,,,,
6/21/2022 9:08,6/21/2022,KG ,MCN,MCE2,deploy,MCE2-I,inside,NA,100,0,hobo,,,,,
6/21/2022 9:08,6/21/2022,KG,MCN,MCE2,deploy,MCE2-O,outside,NA,100,0,hobo,,,,,
6/21/2022 9:13,6/21/2022,VW KL WY YW,PIC,PICO10,deploy,CAM 15,,,,,camera,Card10,-,full,empty,
6/21/2022 9:52,6/21/2022,KG CP MZ,RRR,RRRR8,collect,RRRR8-I,inside,completed,100,10,hobo,,,,,
6/21/2022 9:52,6/21/2022,KG CP MZ,RRR,RRRR8,collect,RRRR8-O,outside,completed,100,10,hobo,,,,,
6/21/2022 10:01,6/21/2022,CP,RRR,RRRR3,collect,RRRR3-I,inside,completed,100,12,hobo,,,,,
6/21/2022 10:01,6/21/2022,KG CP MZ,RRR,RRRR3,collect,RRRR3-O,outside,completed,100,12,hobo,,,,,
6/21/2022 10:36,6/21/2022,VW KL WY YW,PIC,PICG8,deploy,cam17,,,,,camera,Card24,na,full,empty,
6/21/2022 10:47,6/21/2022,VW YW,PIC,PICG1,deploy,PICG1-I,inside,NA,100,0,hobo,,,,,
6/21/2022 10:51,6/21/2022,VW YW,PIC,PICG1,deploy,PICG1-O,outside,NA,100,0,hobo,,,,,
6/22/2022 7:46,6/22/2022,SM KG VW,RRRG,RRRG4,collect,RRRG4-I,inside,completed,100,7,hobo,,,,,
6/22/2022 7:46,6/22/2022,SM KG VW,RRRG,RRRG40,collect,RRRG40-O,outside,completed,100,7,hobo,,,,,
6/22/2022 7:47,6/22/2022,VW KG SM,RRR,RRRG40,collect,Cam9,,,,,camera,Na,card6,low,full,
6/22/2022 8:50,6/22/2022,SM KG VW,RRR,RRRG41,deploy,cam13,,,,,camera,card4,NA,full,empty,
6/22/2022 8:50,6/22/2022,"KL, YW",MBN,MBNR6,deploy,cam10,,,,,camera,card16,NA,full,empty,
6/22/2022 9:35,6/22/2022,SM KG VW,RRR,RRRG9,deploy,RRRG9-I,inside,NA,100,0,hobo,,,,,
6/22/2022 9:37,6/22/2022,SM KG VW,RRR,RRRG9,deploy,RRRG9-O,outside,NA,100,0,hobo,,,,,
6/23/2022 10:52,6/23/2022,KG VW,FBF,FBFG10,deploy,FBFG10-O,outside,NA,100,0,hobo,,,,,
6/23/2022 10:52,6/23/2022,KG VW,FBF,FBFG10,deploy,FBFG10-I,inside,NA,100,0,hobo,,,,,
6/28/2022 8:28,6/28/2022,KG VW PGG,PIC,PICG2,deploy,PICG2-I,inside,NA,100,0,hobo,,,,,
6/28/2022 8:29,6/28/2022,KG PGG VW,PIC,PICG2,deploy,PICG2-O,outside,NA,100,0,hobo,,,,,
6/28/2022 9:48,6/28/2022,KG PGG VW,RRR,RRRG41,collect,RRRG41 cam,,,,,camera,-,card4,full,empty,
6/28/2022 10:01,6/22/2022,"CP, KL, YW",MBN,MBNG13,deploy,cam16,,,,,camera,card21,NA,full,empty,
6/28/2022 11:24,6/28/2022,KG VW PGG,RRR,RRRG36,deploy,cam25,,,,,camera,card 21,-,full,empty,
6/29/2022 10:01,6/29/2022,VW KG KL,MBN,MBNC12,deploy,cam23,,,,,camera,card27,,full,empty,
6/29/2022 10:23,6/29/2022,"KL, KG, VW",MBN,MBNC11,deploy,cam20,,,,,camera,card2,NA,full,empty,
6/30/2022 8:14,6/30/2022,PGG SM,RRR,RRRR2,collect,RRRR2-I,inside,completed,100,7,hobo,,,,,
6/30/2022 8:18,6/30/2022,SM PGG,RRR,RRRR3,collect,RRRR2-O,outside,completed,100,7,hobo,,,,,
6/30/2022 8:21,6/30/2022,PGG SM,RRR,RRRR3,deploy,RRRR3-I,inside,NA,100,0,hobo,,,,,
6/30/2022 8:22,6/30/2022,PGG SM,RRR,RRRR3,deploy,RRRR3-O,outside,NA,100,0,hobo,,,,,
6/30/2022 9:30,6/30/2022,VW,PIC,PICR4,deploy,cam19,,,,,camera,card20,-,full,empty,
6/30/2022 9:35,6/30/2022,SM PGG,RRR,RRRR10,deploy,cam2,,,,,camera,card34,NA,full,empty,
6/30/2022 11:43,6/30/2022,KL,PIC,PICO7,deploy,cam15,,,,,camera,card36,Na,full,empty,
6/30/2022 11:43,6/30/2022,KL,PIC,PICO10,collect,cam15,,,,,camera,NA,card10,low,full,
6/30/2022 11:44,6/30/2022,KL,PIC,PICO4,collect,cam12,,,,,camera,NA,card22,low,full,
6/30/2022 11:52,6/30/2022,KL,PIC,PICO4,collect,PICO4-I,inside,completed,100,11,hobo,,,,,
6/30/2022 11:52,6/30/2022,KL,PIC,PICO4,collect,PICO4-O,outside,completed,100,11,hobo,,,,,
6/30/2022 12:01,6/30/2022,KL,PIC,PICO2,collect,PICO2-I,inside,completed,100,2,hobo,,,,,
6/30/2022 12:02,6/30/2022,KL,PIC,PICO2,collect,PICO2-O,outside,completed,100,2,hobo,,,,,
7/3/2022 8:26,7/3/2022,KG AT,MBN,MBNG9,collect,cam 1,,,,,camera,-,card 8- camera was fallen off box,low,full,
7/5/2022 10:07,7/5/2022,VW,MBN,MBNG5,deploy,cam12,,,,,camera,card23,na,full,empty,
7/5/2022 10:16,7/5/2022,VW KL,MBN,MBNG10,deploy,MBNG10-I,inside,NA,100,0,hobo,,,,,
7/5/2022 10:16,7/5/2022,KL,MBN,MBNG10,deploy,MBNG10-O,outside,NA,100,0,hobo,,,,,
7/5/2022 10:20,7/5/2022,KL VW,MBN,MBNG28,deploy,MBNG28-I,inside,NA,100,0,hobo,,,,,
7/5/2022 10:21,7/5/2022,KL VW,MBN,MNNG28,deploy,MBNG28-I,outside,NA,100,0,hobo,,,,,
7/5/2022 11:09,7/5/2022,KL,MBN,MBNG4,collect,MBNR4-I,inside,completed,100,7,hobo,,,,,
7/5/2022 11:09,7/5/2022,KL,MBN,MBNR4,collect,MBNR4-O,outside,completed,100,7,hobo,,,,,
7/5/2022 11:32,7/5/2022,KG PGG,MCN,MCE2,collect,Cam 9,,,,,camera,card 33,-,full,empty,
7/6/2022 7:51,7/6/2022,CP,RRR,RRRG28,collect,RRRG28-O,outside,completed,66,21,hobo,,,,,
7/6/2022 10:09,7/6/2022,KG ,PIC,PICG10,collect,PICG10-I,inside,completed,100,7,hobo,,,,,
7/6/2022 10:09,7/6/2022,KG,PIC,PICG10,collect,PICG10-O,outside,completed,100,7,hobo,,,,,
7/6/2022 10:19,7/6/2022,KG,PIC,PICG10,collect,cam3,,,,,camera,none,card14,full,full,
7/6/2022 18:12,7/3/2022,KG AT,FBF,FBFO01,collect,FBFO01-I,inside,completed,100,12,hobo,,,,,
7/6/2022 18:12,7/3/2022,KG AT,FBF,FBFO01,collect,FBFO01-O,outside,completed,100,12,hobo,,,,,
7/7/2022 10:01,7/7/2022,VW KL,MBN,MBNC11,collect,cam20,,,,,camera,NA,card2,low,full,
7/7/2022 10:02,7/7/2022,VW KL,MBN,MBNC11,collect,MBNC11-I,inside,completed,100,5,hobo,,,,,
7/7/2022 10:04,7/7/2022,VW KL,MBN,MBNC11,collect,MBNC11-O,outside,completed,100,5,hobo,,,,,
7/7/2022 10:18,7/7/2022,VW KL,MBN,MBNC8,collect,MBNC8-O,outside,completed,100,13,hobo,,,,,
7/7/2022 10:19,7/7/2022,VW KL,MBN,MBNC8,collect,MBNC8-I,inside,completed,100,13,hobo,,,,,
7/8/2022 8:03,7/8/2022,KL,MBN,MBNC12,collect,cam23,,,,,camera,NA,card27,low,full,
7/8/2022 8:04,7/8/2022,KL,MBN,MBNC12,collect,MBNC12-I,inside,completed,100,6,hobo,,,,,
7/8/2022 8:05,7/8/2022,KL,MBN,MBNC12,collect,MBNC12-O,outside,completed,100,6,hobo,,,,,
7/12/2022 8:36,7/12/2022,"KG, YW",MCN,MCE2,collect,cam9,,,,,camera,none ,card33,full,empty,
7/12/2022 8:37,7/12/2022,"YW, KG",MCN ,MCE2,deploy,cam14,,,,,camera,card1,none,full,empty,
7/12/2022 9:01,7/12/2022,"KG, YW",BRO,BRO1,collect,cam11,,,,,camera,none,card3,low,empty,
7/12/2022 9:01,7/12/2022,KG YW,BRO,BRO1,collect,BRO1-O,outside,completed,100,9,hobo,,,,,
7/12/2022 9:02,7/12/2022,"KG, YW",BRO,BRO1,collect,BRO1-I,inside,completed,100,9,hobo,,,,,
7/12/2022 9:07,7/12/2022,VW,PIC,PICO10,collect,PICO10-O,outside,completed,100,6,hobo,,,,,
7/12/2022 9:08,7/12/2022,VW,PIC,PICO10,collect,PICO10-I,inside,completed,100,9,hobo,,,,,
7/12/2022 10:25,7/12/2022,KL,PIC,PICG2,deploy,cam20,,,,,camera,card6,NA,full,empty,
7/12/2022 10:46,7/12/2022,"YW, KG ",RRR,RRRR3,deploy,cam11,,,,,camera,card35,none,full,empty,
7/12/2022 10:51,7/12/2022,"YW, KG",RRC ,RRC13,collect,RRC13-O,outside,NA,100,9,hobo,,,,,
7/12/2022 10:53,7/12/2022,"YW, KG",RRC,RRC13,collect,RRC13-I,inside,completed,100,9,hobo,,,,,
7/13/2022 8:49,7/13/2022,KL,PIC ,PICG8,deploy,cam17,,,,,camera,NA,card24,low,full,
7/13/2022 8:55,7/13/2022,KL,PIC ,PICG8,collect,PICG8-I,inside,completed,100,9,hobo,,,,,
7/13/2022 8:55,7/13/2022,KL,PIC,PICG8,collect,PICG8-O,outside,completed,100,9,hobo,,,,,
7/13/2022 8:56,7/13/2022,VW KG,RRR,RRRG41,collect,RRRG41-I,inside,completed,100,7,hobo,,,,,
7/13/2022 8:57,7/13/2022,VW KG,RRR,RRRG41,collect,RRRG41-O,outside,completed,100,7,hobo,,,,,
7/13/2022 9:52,7/13/2022,KL,MBN,MBNR2,deploy,MBNR2-I,inside,NA,100,0,hobo,,,,,
7/13/2022 9:53,7/13/2022,KL,MBN,MBNR2,deploy,MBNR2-O,outside,NA,100,0,hobo,,,,,
7/13/2022 9:54,7/13/2022,KL,MBN,MBNR4,deploy,MBNR4-I,inside,NA,100,0,hobo,,,,,
7/13/2022 9:56,7/13/2022,KL,MBN,MBNR4,deploy,MBNR4-O,outside,NA,100,0,hobo,,,,,
7/13/2022 10:10,7/13/2022,KL,MBN,MBNC13,collect,cam7,,,,,camera,,card15,full,full,
7/13/2022 10:11,7/13/2022,KL,MBN,MBNC13,collect,MBNC13-I,inside,completed,100,9,hobo,,,,,
7/13/2022 10:12,7/13/2022,KL,MBN,MBNC13,collect,MBNC13-O,outside,completed,100,9,hobo,,,,,
7/14/2022 8:37,7/14/2022,VW KL,MBN,MBNG10,deploy,cam7,,,,,camera,card30,NA,full,empty,
7/14/2022 9:00,7/14/2022,KG YW,FBF,FBFG9,collect,cam22,,,,,camera,-,card 26,low,full,
7/14/2022 9:11,7/14/2022,KG YW,FBF,FBFG9,collect,FBFG9-I,inside,completed,100,9,hobo,,,,,
7/14/2022 9:11,7/14/2022,KG YW,FBF,FBFR9,collect,FBFR9-O,outside,completed,100,9,hobo,,,,,
7/19/2022 8:09,7/19/2022,KL,MBN,MBNG9,collect,MBNG9-I,inside,completed,100,10,hobo,,,,,
7/19/2022 8:09,7/19/2022,KL,MBN,MBNG9,collect,MBNG9-O,outside,completed,100,10,hobo,,,,,
7/19/2022 8:11,7/19/2022,KL,MBN,MBNG8,collect,cam5,,,,,camera,NA,card7,low,full,
7/19/2022 8:12,7/19/2022,KL,MBN,MBNG8,collect,MBNG8-I,inside,completed,100,10,hobo,,,,,
7/19/2022 8:12,7/19/2022,KL,MBN,MBNG8,collect,MBNG8-O,outside,completed,100,10,hobo,,,,,
7/19/2022 8:43,7/19/2022,KL,MBN,MBNG13,collect,MBNG13-I,inside,completed,100,10,hobo,,,,,
7/19/2022 10:04,7/19/2022,KG YW,RRR,RRRR10,collect,cam 2,,,,,camera,card 34,"unreadable bc sun washed off number , must check notes ",low,full,checked equip tracking for card number 
7/19/2022 10:04,7/19/2022,KG YW,RRR,RRRR10,collect,RRRR10-O,outside,completed,33,11,hobo,,,,,
7/19/2022 10:05,7/19/2022,KG YW,RRR,RRRR10,collect,RRRR10-I,inside,completed,100,11,hobo,,,,,
7/19/2022 11:39,7/19/2022,KL,MBN,MBNG13,collect,MBNG13-I,inside,completed,100,10,hobo,,,,,
7/19/2022 11:39,7/19/2022,KL,MBN,MBNG13,collect,MBNG13-O,outside,completed,100,10,hobo,,,,,
7/19/2022 11:40,7/19/2022,KL,MBN,MBNG13,collect,cam16,,,,,camera,NA,card21,low,full,
7/19/2022 11:40,7/19/2022,KL,MBN,MBNG28,deploy,cam16,,,,,camera,card8,NA,full,empty,
7/20/2022 11:51,7/19/2022,KG YW,RRR,RRRG5,collect,RRRG5-I,inside,completed,23,11,hobo,,,,,
7/20/2022 11:52,7/19/2022,KG YW,RRR,RRRG5,collect,RRRG5-O,outside,completed,100,11,hobo,,,,,
7/21/2022 11:17,7/21/2022,KG,PIC,PICR10,collect,PICR10-O,outside,completed,100,11,hobo,,,,,
7/21/2022 11:17,7/21/2022,KG,PIC,PICR10,collect,PICR10-I,inside,completed,100,9,hobo,,,,,
7/21/2022 11:18,7/21/2022,KG,PIC,PCC1,collect,PCC1-I,inside,completed,100,11,hobo,,,,,
7/21/2022 11:19,7/21/2022,KG,PIC,PCC1,collect,PCC1-O,outside,completed,100,11,hobo,,,,,
7/21/2022 11:19,7/21/2022,KG,PCC,PCC7,collect,PCC1-O (incorrectly named!) ,outside,NA,100,0- nothing to read out,hobo,,,,,
7/21/2022 11:20,7/21/2022,KG,PCC,PCC7,collect,PCC7-I (i think but it did not turn on),inside,NA,0,0,hobo,,,,,
7/21/2022 11:21,7/21/2022,KG,PIC,PICO7,collect,Cam15,,,,,camera,-,card 36,full,full,
7/21/2022 11:21,7/21/2022,KG,PIC,PICO7,collect,PICO7-I,inside,completed,100,9,hobo,,,,,
7/21/2022 11:22,7/21/2022,KG,PIC,PICO7,collect,PICO7-O,outside,completed,100,9,hobo,,,,,
7/27/2022 7:44,7/27/2022,KL,MBN,MBNR6,collect,MBNR6-I,inside,completed,66,14,hobo,,,,,
7/27/2022 7:45,7/27/2022,SM KL CP,MBN,MBNR6,collect,MBN6-O,outside,completed,66,14,hobo,,,,,
7/27/2022 7:45,7/27/2022,KL,MBN,MBNR6,collect,cam10,,,,,camera,card16,card16,full,full,
7/27/2022 8:40,7/27/2022,SM,MBN,MBNG5,collect,MBNG5-I,inside,completed,100,10,hobo,,,,,
7/27/2022 8:41,7/27/2022,SM,MBN,MBNG5,collect,MBNG5-O,outside,completed,100,10,hobo,,,,,
7/27/2022 8:42,7/27/2022,SM,MBN,MBNG5,collect,cam12,,,,,camera,NA,card23,low,full,
7/27/2022 9:33,7/27/2022,KL,PIC,PICR4,collect,PICR4-I,inside,completed,100,11,hobo,,,,,
7/27/2022 9:33,7/27/2022,KL,PIC,PICR4,collect,PICR4-O,outside,completed,100,11,hobo,,,,,
7/27/2022 9:34,7/27/2022,KL,PIC,PICR4,collect,cam19,,,,,camera,NA,card20,low,full,
7/27/2022 9:41,7/27/2022,KL,PIC,PICR5,collect,PICR5-I,inside,completed,100,9,hobo,,,,,
7/27/2022 9:41,7/27/2022,KL,PIC,PICR5,collect,PICR5-O,outside,completed,100,9,hobo,,,,,
7/30/2022 18:09,7/27/2022,KG,RRR,RRRG36,collect,RRRG36-I,inside,completed,100,11,hobo,,,,,
7/30/2022 18:10,7/27/2022,KG,RRR,RRRG36,collect,RRRG36-O,outside,completed,100,11,hobo,,,,,
7/30/2022 18:10,7/27/2022,KG,RRR,RRRG36,collect,cam 21,,,,,camera,-,card 25,full,full,
7/30/2022 18:11,7/27/2022,KG ,RRR,RRRG9,collect,RRRG9-I,inside,completed,100,9,hobo,,,,,
7/30/2022 18:11,7/27/2022,KG,RRR,RRRG9,collect,RRRG9-O,outside,completed,100,9,hobo,,,,,
7/30/2022 18:17,7/27/2022,KG ,PIC,PICG1,collect,PICG1,inside,completed,100,9,hobo,,,,,
7/30/2022 18:17,7/27/2022,KG,PIC,PICG1,collect,PICG1,outside,completed,100,9,hobo,,,,,
8/2/2022 9:36,8/2/2022,KL,MBN,MBNR4,collect,MBNR4-I,inside,completed,100,5,hobo,,,,,
8/2/2022 9:36,8/2/2022,KL,MBN,MBNR4,collect,MBNR4-O,outside,completed,100,5,hobo,,,,,
8/2/2022 9:37,8/2/2022,KL,MBN,MBNR2,collect,MBNR2-I,inside,completed,100,5,hobo,,,,,
8/2/2022 9:52,8/2/2022,KL,MBN,MBNR7,collect,MBNR7-humidity,outside,completed,100,100,hobo,,,,,
8/2/2022 9:57,8/2/2022,KG,BRO,BRO3,collect,BRO3-humidity,outside,completed,100,100,hobo,,,,,
8/2/2022 10:02,8/2/2022,KG VW,BRO,BRO7,collect,cam 8,,,,,camera,-,card5,full,full,
8/2/2022 10:02,8/2/2022,KG VW,BRO,BRO7,collect,BRO7-I,inside,completed,100,14,hobo,,,,,
8/2/2022 10:03,8/2/2022,KG VW,BRO,BRO7,collect,BRO7-O,outside,completed,100,14,hobo,,,,,
8/2/2022 10:27,8/2/2022,KL,MBN,MBNC13,collect,MBNC13-humidity,outside,completed,100,100,hobo,,,,,
8/2/2022 10:56,8/2/2022,KG,MCN,MC02,collect,MCO2-humidity,outside,completed,100,100,hobo,,,,,
8/2/2022 10:57,8/2/2022,KG,MCN,MCE2,collect,camera 14,,,,,camera,-,card1,full,full,
8/2/2022 11:46,8/2/2022,KL,PIC,PICO4,collect,PICO4-humidity,outside,NA,100,0,hobo,,,,,
8/2/2022 11:46,8/2/2022,KL,PIC,PICR2,collect,PICR2-humidity,outside,completed,100,100,hobo,,,,,
8/12/2022 8:22,8/12/2022,KL,MBN,MBNG10,collect,cam7,,,,,camera,NA,card3,low,full,
8/12/2022 8:22,8/12/2022,VW KG,MBN,MBNG28,collect,MBNG28-I,inside,completed,100,11,hobo,,,,,
8/12/2022 8:23,8/12/2022,KL,MBN,MBNG10,collect,MBNG10-I,inside,completed,100,20,hobo,,,,,
8/12/2022 8:23,8/12/2022,KG VW,MBN,MBNG28,collect,cam16,,,,,camera,-,card8,full,full,
8/12/2022 8:23,8/12/2022,KL,MBN,MBNG10,collect,MBNG10-O,outside,completed,100,20,hobo,,,,,
8/12/2022 8:23,8/12/2022,VW KG,MBN,MBNG28,collect,MBNG28-O,outside,completed,100,11,hobo,,,,,
8/12/2022 8:37,8/12/2022,KG VW,MBN,MBNG1,collect,MBNG1-humidity ,inside,completed,100,100,hobo,,,,,
4/4/2023 11:19,4/4/2023,KL,MBNG,MBNG12,deploy,MBNG12-humidity,outside,NA,75,0,hobo,,,,,
4/4/2023 11:55,4/4/2023,KL,MBNR,MBNR5,deploy,MBNR5-humidity,outside,NA,100,0,hobo,,,,,
4/11/2023 9:15,4/11/2023,"KL,YZ,RK",PICO,PICO5,deploy,PICO5-humidity,outside,NA,100,0,hobo,,,,,
4/11/2023 9:16,4/11/2023,YZ,PICO,PICO5,deploy,PICO5-O,outside,NA,100%,0,hobo,,,,,
4/11/2023 9:16,4/11/2023,"RK, KL, YZ",PICO,PICO5,deploy,PICO5-I,inside,NA,100%,0%,hobo,,,,,
4/11/2023 9:37,4/11/2023,"KL,YZ,RK",PICR,PICR2,deploy,PICR2-humidity,outside,NA,100,0,hobo,,,,,
4/11/2023 10:11,4/11/2023,"RK, YZ",PICG,PICG1,deploy,PICG1-humidity,outside,NA,110%,0,hobo,,,,,
4/11/2023 10:38,4/11/2023,"RK, YZ",RRRG,RRRG58,deploy,RRRG58-humidity,outside,NA,100%,0%,hobo,,,,,
4/11/2023 11:05,4/11/2023,"RK, YZ",RRRR,RRRR6,deploy,RRRR6-humidity,outside,NA,100%,0,hobo,,,,,
4/18/2023 8:23,4/18/2023,"RK, YZ",PICO,PICO1,deploy,PICO1-O,outside,NA,100%,0%,hobo,,,,,
4/18/2023 8:24,4/18/2023,"RK, YZ",PICO,PICO1,deploy,PICO1-I,inside,NA,100%,0%,hobo,,,,,
4/18/2023 8:27,4/18/2023,KL,PICO,PICO7,deploy,PICO7-I,inside,NA,50,0,hobo,,,,,
4/18/2023 8:28,4/18/2023,KL,PICO,PICO7,deploy,PICO7-O,outside,NA,50,0,hobo,,,,,
4/18/2023 10:25,4/18/2023,YZ,MBNG,MBNG1,deploy,MBNG1-I,inside,NA,100%,0,hobo,,,,,
4/18/2023 10:26,4/18/2023,YZ,MBNG,MBNG1,deploy,MBNG1-O,outside,NA,100%,0,hobo,,,,,
4/25/2023 7:57,4/25/2023,"YZ, RK",PICO,PICO6,deploy,PICO6-O,outside,NA,100%,0,hobo,,,,,
4/25/2023 8:02,4/25/2023,"RK, YZ",PICO,PICO6,deploy,PICO6-I,inside,NA,100%,0%,hobo,,,,,
4/25/2023 8:16,4/25/2023,"RK, YZ",PICR,PICR10,deploy,PICR10-O,outside,NA,100%,0%,hobo,,,,,
4/25/2023 8:16,4/25/2023,"RK, YZ",PICR,PICR10,deploy,PICR10-I,inside,NA,100%,0,hobo,,,,,
4/27/2023 8:39,4/27/2023,KL,MBNG,MBNG9,deploy,MBNG9-I,inside,NA,100,0,hobo,,,,,
4/27/2023 8:40,4/27/2023,KL,MBN,MBNG9,deploy,MBNG9-O,outside,NA,100,P,hobo,,,,,
4/27/2023 8:47,4/27/2023,KL,MBNG,MBNG11,deploy,MBNG11-I,inside,NA,100,0,hobo,,,,,
4/27/2023 8:48,4/27/2023,KL,MBNG,MBNG11,deploy,MBNG11-O,outside,NA,100,0,hobo,,,,,
4/27/2023 9:14,4/27/2023,RK,MBNG,MBNG25,deploy,MBNG25-I,inside,NA,100%,0%,hobo,,,,,
4/27/2023 9:28,4/27/2023,"RK, KL",MBNG,MBNG25,deploy,MBNG25-O,outside,NA,100%,0%,hobo,,,,,
4/27/2023 9:51,4/27/2023,KL,MBN,MBNR2,deploy,MBNR2-I,inside,NA,100,0,hobo,,,,,
4/27/2023 9:51,4/27/2023,KL,MBN,MBNR2,deploy,MBNR2-O,outside,NA,100,P,hobo,,,,,
5/2/2023 9:26,5/2/2023,RK,PICO,PICO3,deploy,PICO3-I,inside,NA,100%,0%,hobo,,,,,
5/2/2023 9:27,5/2/2023,RK,PICO,PICO3,deploy,PICO3-O,outside,NA,100%,0%,hobo,,,,,
5/2/2023 9:39,5/2/2023,"RK, YZ",PICR,PICR1,deploy,PICR1-O,outside,NA,100%,0,hobo,,,,,
5/2/2023 9:40,5/2/2023,YZ,PICR,PICR1,deploy,PICR1-I,inside,NA,100%,0,hobo,,,,,
5/2/2023 10:05,5/2/2023,"RK, YZ",PICG,PICG2,deploy,PICG2-I,inside,NA,100%,0,hobo,,,,,
5/2/2023 10:06,5/2/2023,"RK, YZ",PICG,PICG2,deploy,PICG2-O,outside,NA,100%,0,hobo,,,,,
5/2/2023 10:13,5/2/2023,"RK, YZ",PICG,PICG4,deploy,PICG4-I,inside,NA,100%,0,hobo,,,,,
5/2/2023 10:13,5/2/2023,"RK, YZ",PICG,PICG4,deploy,PICG4-O,outside,NA,100%,0,hobo,,,,,
5/2/2023 10:17,5/2/2023,KL,PICG,PICG6,deploy,PICG6-I,inside,NA,100,0,hobo,,,,,
5/2/2023 10:17,5/2/2023,KL,PICG,PICG6,deploy,PICG6-O,outside,NA,100,0,hobo,,,,,
5/2/2023 10:32,5/2/2023,KL,PICG,PICG9,deploy,PICG9-I,inside,NA,100,0,hobo,,,,,
5/2/2023 10:32,5/2/2023,KL,PICG,PICG9,deploy,PICG9-O,outside,NA,100,0,hobo,,,,,
5/2/2023 11:04,5/2/2023,KL,RRRR,RRRR3,deploy,RRRR3-I,inside,NA,100,0,hobo,,,,,
5/2/2023 11:05,5/2/2023,KL,RRR,RRRR3,deploy,RRRR3-O,outside,NA,100,0,hobo,,,,,
5/4/2023 8:59,5/4/2023,YZ,MBNG,MBNG6,deploy,MBNG6-I,inside,NA,100%,0,hobo,,,,,
5/4/2023 9:01,5/4/2023,YZ,MBNG,MBNG6,deploy,MBNG6-O,outside,NA,100%,0,hobo,,,,,
5/4/2023 9:55,5/4/2023,KL,SFP,SFP15,deploy,SFP15-I,inside,NA,100,0,hobo,,,,,
5/4/2023 9:55,5/4/2023,KL,SFP,SFP15,deploy,SFP15-O,outside,NA,100,0,hobo,,,,,
5/4/2023 10:02,5/4/2023,"RK, YZ",MBNG,MBNG1,deploy,cam11,,,,,camera,card30,NA,full,empty,
5/4/2023 10:03,5/4/2023,"RK, YZ, KL",SFP,SFP11,deploy,SFP11-I,inside,NA,100%,0%,hobo,,,,,
5/4/2023 10:03,5/4/2023,"KL, RK, YZ",SFP,SFP11,deploy,SFP11-O,outside,NA,100%,0,hobo,,,,,
5/4/2023 10:06,5/4/2023,"KL, RK, YZ",SFP,SFP11,deploy,SFP11-humidity,outside,NA,100%,0,hobo,,,,,
5/4/2023 10:31,5/4/2023,"RK, YZ",MBNR,MBNR5,deploy,MBNR5-I,inside,NA,100%,0,hobo,,,,,
5/4/2023 10:32,5/4/2023,"RK, YZ",MBNR,MBNR5,deploy,MBNR5-O,outside,NA,100%,0,hobo,,,,,
5/4/2023 10:36,5/4/2023,"RK, YZ, KL",MBNR,MBNR4,deploy,MBNR4-O,outside,NA,100%,0%,hobo,,,,,
5/4/2023 10:36,5/4/2023,"KL, RK, YZ",MBNR,MBNR4,deploy,MBNR4-I,inside,NA,100%,0,hobo,,,,,
5/4/2023 10:38,5/4/2023,"RK, YZ, KL",MBNR3,MBNR3,deploy,MBNR3-I,inside,NA,100%,0%,hobo,,,,,
5/4/2023 10:39,5/4/2023,"RK, YZ, KL",MBNR,MBNR3,deploy,MBNR3-O,outside,NA,100%,0%,hobo,,,,,
5/4/2023 11:17,5/4/2023,"RK, YZ, KL",PCC,PCC8,deploy,PCC8-I,inside,NA,100%,0%,hobo,,,,,
5/4/2023 11:18,5/4/2023,"KL, RK, YZ",PCC,PCC8,deploy,PCC8-O,outside,NA,100%,0,hobo,,,,,
5/4/2023 11:19,5/4/2023,"RK, YZ, KL",PCC,PCC8,deploy,PCC8_humidity,outside,NA,100%,0%,hobo,,,,,
5/5/2023 13:03,5/5/2023,KL,RRR,RRC6,deploy,RRC6-I,inside,NA,100,0,hobo,,,,,
5/5/2023 13:04,5/5/2023,KL,RRR,RRC6,deploy,RRC6-O,outside,NA,100,0,hobo,,,,,
5/5/2023 13:04,5/5/2023,KL,RRR,RRC3,deploy,RRC3-I,inside,NA,100,0,hobo,,,,,
5/5/2023 13:05,5/5/2023,KL,RRR,RRC3,deploy,RRC3-O,outside,NA,100,0,hobo,,,,,
5/5/2023 13:05,5/5/2023,KL,DCC,BRO1,deploy,BRO1-I,inside,NA,100,0,hobo,,,,,
5/5/2023 13:06,5/5/2023,KL,DCC,BRO1,deploy,BRO1-O,outside,NA,100,0,hobo,,,,,
5/9/2023 7:36,5/9/2023,RK,PICO,PICO7,collect,PICO7-I,inside,NA,50%,50%,hobo,,,,,
5/9/2023 7:48,5/9/2023,"KL,YZ",PIC,PICO4,deploy,PICO4-I,inside,NA,100,0,hobo,,,,,
5/9/2023 7:48,5/9/2023,RK,PICO,PICO7,collect,PICO7-O,outside,NA,50%,50%,hobo,,,,,
5/9/2023 7:49,5/9/2023,"KL,YZ",PIC,PICO4,deploy,PICO4-O,outside,NA,100,0,hobo,,,,,
5/9/2023 8:04,5/9/2023,YZ,PICR,PICR4,deploy,PICR4-I,inside,NA,100%,0,hobo,,,,,
5/9/2023 8:05,5/9/2023,YZ,PICR,PICR4,deploy,PICR4-O,outside,NA,100%,0,hobo,,,,,
5/9/2023 8:10,5/9/2023,RK,PICR,PICR7,deploy,PICR7-I,inside,NA,100%,0%,hobo,,,,,
5/9/2023 8:10,5/9/2023,RK,PICR,PICR7,deploy,PICR7-O,outside,NA,100%,0%,hobo,,,,,
5/9/2023 10:12,5/9/2023,"RK, KL",MBNR,MBNR2,deploy,CAM2,,,,,camera,card3,NA,full,empty,
5/9/2023 12:10,5/9/2023,"RK, YZ",MBNG,MBNG11,deploy,CAM10,,,,,camera,card6,NA,full,empty,
5/11/2023 7:36,5/11/2023,KL,DCC,BRO9,deploy,BRO9-humidity,outside,NA,100,0,hobo,,,,,
5/11/2023 8:05,5/11/2023,"RK, YZ",RRRR,RRRR,deploy,RRRR8-I,inside,NA,100%,0%,hobo,,,,,
5/11/2023 8:05,5/11/2023,"RK, YZ",RRRR,RRRR8,deploy,RRRR8-O,outside,NA,100%,0,hobo,,,,,
5/11/2023 8:09,5/11/2023,KL,RRR,RRRR6,deploy,RRRR6-I,inside,NA,100,0,hobo,,,,,
5/11/2023 8:09,5/11/2023,KL,RRR,RRRR6,deploy,RRRR6-O,outside,NA,100,0,hobo,,,,,
5/11/2023 8:57,5/11/2023,"RK, YZ, KL",RRRG,RRRG56,deploy,RRRG56-I,inside,NA,100%,0%,hobo,,,,,
5/11/2023 8:58,5/11/2023,"RK, YZ",RRRG,RRRG56,deploy,RRRG56-O,outside,NA,100%,0,hobo,,,,,
5/11/2023 9:16,5/11/2023,KL,PIC,PICG6,collect,PICG6-I,inside,NA,100,0,hobo,,,,,
5/11/2023 9:16,5/11/2023,"RK, YZ",PICG,PICG4,collect,PICG4-I,inside,NA,100%,0,hobo,,,,,
5/11/2023 9:17,5/11/2023,KL,PIC,PICG6,collect,PICG6-O,outside,NA,100,0,hobo,,,,,
5/11/2023 9:17,5/11/2023,"RK, YZ",PICG,PICG4,collect,PICG4-I,inside,NA,100%,0,hobo,,,,,
5/11/2023 10:26,5/11/2023,KL ,PIC,PCC7,deploy,PCC7-I,inside,NA,100,0,hobo,,,,,
5/11/2023 10:27,5/11/2023,KL,PIC,PCC7,deploy,PCC7-O,outside,NA,100,0,hobo,,,,,
5/11/2023 11:25,5/11/2023,"RK, YZ, KL",PCC,PCC12,deploy,PCC12-I,inside,NA,100%,0%,hobo,,,,,
5/11/2023 11:26,5/11/2023,"RK, YZ, KL",PCC,PCC12,deploy,PCC12-O,outside,NA,100%,0%,hobo,,,,,
5/16/2023 9:37,5/16/2023,RK,PICR,PICR1,deploy,cam7,,,,,camera,card8,NA,full,empty,
5/16/2023 9:38,5/16/2023,RK,PICR,PICR10,deploy,cam5,,,,,camera,card15,NA,full,empty,
5/16/2023 9:55,5/16/2023,YZ,MGNR,MBNR4,collect,MBNR4-O,outside,NA,100%,0,hobo,,,,,
5/16/2023 9:56,5/16/2023,YZ,MBNR,MBNR4,collect,MBNR4-I,inside,NA,100%,0,hobo,,,,,
5/18/2023 8:02,5/18/2023,RK,PICG,PICG2,deploy,cam3,,,,,camera,card35,NA,full,empty,
5/18/2023 8:48,5/18/2023,RK,PICO,PICO3,deploy,cam1,,,,,camera,card5,NA,full,empty,
5/18/2023 9:31,5/18/2023,"RK, KL",PCC,PCC8,collect,cam9,,,,,camera,NA,card33,low,full,
5/19/2023 7:31,5/19/2023,KL,MBN,MBNR3,collect,MBNR3-I,inside,completed,100,0,hobo,,,,,
5/19/2023 7:31,5/19/2023,KL,MBN,MBNR2,collect,MBNR2-O,outside,completed,100,0,hobo,,,,,
5/19/2023 8:13,5/19/2023,KL,MBN,MBNR5,collect,MBNR5-I,inside,NA,100,0,hobo,,,,,
5/19/2023 8:14,5/19/2023,KL,MBN,MBNR5,collect,MBNR5-O,outside,NA,100,0,hobo,,,,,
5/19/2023 8:20,5/19/2023,KL,MBN,MBNR6,deploy,MBNR6-I,inside,NA,100,0,hobo,,,,,
5/19/2023 8:20,5/19/2023,KL,MBN,MBNR6,deploy,MBNR6-O,outside,NA,100,0,hobo,,,,,
5/19/2023 8:26,5/19/2023,KL,MBN,MBNR7,deploy,MBNR7-I,inside,NA,100,0,hobo,,,,,
5/19/2023 8:27,5/19/2023,KL,MBN,MBNR7,collect,MBNR7-O,outside,NA,100,0,hobo,,,,,
5/19/2023 10:45,5/19/2023,KL,PIC,PICG7,deploy,cam22,,,,,camera,card25,NA,full,empty,
5/20/2023 9:38,5/20/2023,KL,SFP,SFP11,deploy,cam25,,,,,camera,card20,-,full,empty,
5/20/2023 10:34,5/20/2023,KL,SFP,SFP14,deploy,SFP14,inside,NA,100,0,hobo,,,,,
5/20/2023 10:34,5/20/2023,KL,SFP,SFP14,deploy,SFP14-O,outside,NA,100,0,hobo,,,,,
5/20/2023 13:21,5/20/2023,KL,DCC,BRO6,deploy,BRO6-I,inside,NA,100,0,hobo,,,,,
5/20/2023 13:22,5/20/2023,KL,DCC,BRO6,deploy,BRO6-O,outside,NA,100,0,hobo,,,,,
5/23/2023 8:30,5/23/2023,"YZ, RK, KL",PCC,PCC7,deploy,cam20,,,,,camera,card21,NA,full,empty,
5/23/2023 8:43,5/23/2023,"RK, YZ, KL",PCC,PCC8,collect,PCC8-O,outside,completed,50%,50%,hobo,,,,,
5/23/2023 8:43,5/23/2023,"KR, RK, YZ",PCC,PCC8,data download,PCC8-I,inside,completed,100%,0,hobo,,,,,
5/23/2023 10:34,5/23/2023,"RK, YZ, KL",PICO,PICO4,deploy,cam23,,,,,camera,card37,NA,full,empty,
5/25/2023 7:38,5/25/2023,"KL, RK, YZ",RRRG,RRRG56,collect,RRRG56-O,outside,NA,100%,0,hobo,,,,,
5/25/2023 7:39,5/25/2023,KL,RRRG,RRRG56,collect,RRRG56-I,inside,NA,50%,50%,hobo,,,,,
5/25/2023 9:05,5/25/2023,"RK, KL, YZ",RRRR,RRRR8,deploy,cam15,,,,,camera,card27,,full,empty,
5/25/2023 9:25,5/25/2023,"RK, YZ",RRRR,RRRR8,deploy,cam15,,,,,camera,card27,NA,full,empty,
5/25/2023 9:52,5/25/2023,YZ,BRO,BRO4,deploy,BRO4-I,inside,NA,100%,0,hobo,,,,,
5/25/2023 9:53,5/25/2023,YZ,BRO,BRO4,deploy,BRO4-O,outside,NA,100%,0,hobo,,,,,
5/25/2023 10:18,5/25/2023,"KL, RK, YZ",BRO,BRO1,collect,BRO1-O,outside,NA,100%,0,hobo,,,,,
5/25/2023 10:18,5/25/2023,"RK, YZ, KL",BRO,BRO1,collect,BRO1-I,inside,NA,50%,50%,hobo,,,,,
5/27/2023 13:38,5/27/2023,KL,SFP,SFP14,collect,SFP14-I,inside,NA,100,0,hobo,,,,,
5/27/2023 13:38,5/27/2023,KL,SFP,SFP14,collect,SFP14-O,outside,NA,100,P,hobo,,,,,
5/27/2023 13:49,5/27/2023,KL,RRR,RRC9,deploy,RRC9-I,inside,NA,100,0,hobo,,,,,
5/27/2023 13:50,5/27/2023,KL,RRR,RRC9,deploy,RRC9-O,outside,NA,100,0,hobo,,,,,
5/27/2023 13:59,5/27/2023,KL,RRR,RRC10,deploy,RRC10-I,inside,NA,100,0,hobo,,,,,
5/27/2023 14:00,5/27/2023,KL,RRR,RRC10,deploy,RRC10-O,outside,NA,100,0,hobo,,,,,
5/27/2023 14:57,5/27/2023,KL,RRR,RRC3,collect,RRC3-I,inside,NA,100,0,hobo,,,,,
5/27/2023 14:58,5/27/2023,KL,RRR,RRC3,collect,RRC-O,outside,NA,100,0,hobo,,,,,
6/1/2023 8:25,6/1/2023,YZ,BRO,BRO4,deploy,cam13,,,,,camera,card26,,full,empty,
6/1/2023 8:43,6/1/2023,YZ,BRO,BRO6,deploy,cam21,,,,,camera,card36,,full,empty,
6/1/2023 9:30,6/1/2023,YZ,RRRR,RRRR8,collect,cam15,,,,,camera,,card27,full,full,
6/1/2023 9:31,6/1/2023,"RK, YZ",RRRR,RRRR8,collect,RRRR8-O,outside,completed,50%,50%,hobo,,,,,
6/1/2023 9:31,6/1/2023,YZ,RRRR,RRRR8,collect,RRRR8-I,inside,completed,100%,0,hobo,,,,,
6/1/2023 10:08,6/1/2023,"Kl, RK, YZ",RRC,RRC10,collect,RRC10-O,outside,completed,100%,0,hobo,,,,,
6/1/2023 10:09,6/1/2023,YZ,RRC,RRC10,collect,RRC10-I,inside,completed,100%,0,hobo,,,,,
6/1/2023 10:10,6/1/2023,"KL, RK, YZ",RRC,RRC9,deploy,cam15,,,,,camera,card16,,full,empty,
6/1/2023 11:06,6/1/2023,"KL, YZ",PCC,PCC9,deploy,PCC9-I,inside,NA,100%,0,hobo,,,,,
6/1/2023 11:06,6/1/2023,"KL, YZ",PCC,PCC9,deploy,PCC9-O,outside,NA,100%,0,hobo,,,,,
6/1/2023 11:38,6/1/2023,YZ,PICR,PICR3,deploy,PICR3-I,inside,NA,100%,0,hobo,,,,,
6/1/2023 11:38,6/1/2023,YZ,PICR,PICR3,deploy,PICR3-O,outside,NA,100%,0,hobo,,,,,
6/1/2023 11:54,6/1/2023,"KL, YZ",PICO,PICO1,deploy,PICO1-I,inside,NA,100%,0,hobo,,,,,
6/1/2023 11:55,6/1/2023,"KL, YZ",PICO,PICO1-O,deploy,PICO1-O,outside,NA,100%,0,hobo,,,,,
6/1/2023 16:08,6/1/2023,KL,MBNG,MBNG5,deploy,MBNG5-I,inside,NA,100,0,hobo,,,,,
6/1/2023 16:09,6/1/2023,KL,MBNG,MBNG5,deploy,MBNG5-O,outside,NA,100,0,hobo,,,,,
6/1/2023 16:19,6/1/2023,KL,MBNG,MBNG12,deploy,MBNG12-I,inside,NA,100,0,hobo,,,,,
6/1/2023 16:19,6/1/2023,KL,MBNG,MBNG12,deploy,MBNG12-O,outside,NA,100,0,hobo,,,,,
6/1/2023 16:24,6/1/2023,KL,MBNG,MBNG14,deploy,MBNG14-I,inside,NA,100,0,hobo,,,,,
6/1/2023 16:25,6/1/2023,KL,MBNG,MBNG14,deploy,MBNG14-O,outside,NA,100,0,hobo,,,,,
6/2/2023 11:28,6/2/2023,KL,MBNR,MBNR7,deploy,cam14,,,,,camera,card7,NA,full,empty,
6/2/2023 11:58,6/2/2023,KL,MBNR,MBNR6,deploy,cam16,,,,,camera,card34,,full,empty,
6/6/2023 8:34,6/6/2023,"KL, RK, YZ",PCC,PCC9,deploy,cam19,,,,,camera,Card4,,full,empty,
6/6/2023 9:01,6/6/2023,"RK, YZ",PICO,PICO6,collect,PICO6-I,inside,completed,100%,0,hobo,,,,,
6/6/2023 9:02,6/6/2023,"RK, YZ",PICO,PICO6-O,collect,PICO6-O,outside,completed,100%,0,hobo,,,,,
6/6/2023 9:07,6/6/2023,"KL, RK, YZ",PICO,PICO1,deploy,cam18,,,,,camera,card1,,full,empty,
6/6/2023 9:41,6/6/2023,"RK, YZ",PICR,PICR10,collect,PICO10-I,inside,completed,100%,0,hobo,,,,,
6/6/2023 9:42,6/6/2023,"RK, YZ",PICR ,PICR10,collect,PICR10-O,outside,completed,100%,0,hobo,,,,,
6/6/2023 9:43,6/6/2023,"RK, YZ",PICR,PICR10,collect,cam5,,,,,camera,,card15,full,full,
6/6/2023 12:05,6/6/2023,"RK, YZ",RRRG,RRRG55,deploy,RRRG55/I,inside,completed,100%,0,hobo,,,,,
6/6/2023 12:06,6/6/2023,"RK, YZ",RRRG,RRRG55,deploy,RRRG55-O,outside,NA,100%,0,hobo,,,,,
6/6/2023 12:08,6/6/2023,KL,RRRG,RRRG61,deploy,RRRG61-I,inside,NA,100,0,hobo,,,,,
6/6/2023 12:08,6/6/2023,KL,RRRG,RRRG61,deploy,RRRG61-O,outside,NA,100,0,hobo,,,,,
6/8/2023 7:41,6/8/2023,YZ,MBNG,MBNG5,deploy,cam11,,,,,camera,card10,,full,empty,
6/8/2023 7:42,6/8/2023,RK,MBNG,MBNG11,collect,cam10,,,,,camera,NA,card6,low,full,
6/8/2023 7:43,6/8/2023,RK,MBNG,MBNG1,collect,MBNG1-I,inside,completed,50%,50%,hobo,,,,,
6/8/2023 7:44,6/8/2023,RK,MBNG,MBNG11,collect,MBNG11-O,outside,completed,50%,50%,hobo,,,,,
6/8/2023 7:46,6/8/2023,RK,MBNG,MBNG1,collect,MBNG1-O,outside,completed,50%,50%,hobo,,,,,
6/8/2023 7:47,6/8/2023,RK,MBNG,MBNG11,collect,MBNG11-I,inside,completed,50%,50%,hobo,,,,,
6/8/2023 7:49,6/8/2023,RK,MBNG,MBNG1,collect,cam11,,,,,camera,NA,card30,low,full,
6/8/2023 8:34,6/8/2023,"RK, YZ",MBNG,MBNG12,deploy,cam10,,,,,camera,card22,,full,empty,
6/8/2023 8:58,6/8/2023,KL ,SFP,SFP9,deploy,SFP9-I,inside,NA,100,0,hobo,,,,,
6/8/2023 8:58,6/8/2023,KL,SFP,SFP9,deploy,SFP9-O,outside,NA,100,0,hobo,,,,,
6/8/2023 9:34,6/8/2023,KL,MBNR,MBNR6,collect,cam16,,,,,camera,NA,card34,low,full,
6/8/2023 9:35,6/8/2023,KL,MBNR,MBNR6,collect,MBNR6-I,inside,NA,100,0,hobo,,,,,
6/8/2023 9:36,6/8/2023,KL,MBNR,MBNR6,collect,MBNR6-O,outside,NA,100,0,hobo,,,,,
6/8/2023 9:44,6/8/2023,KL,MBNR,MBNR2,collect,cam2,,,,,camera,,card3,low,full,
6/8/2023 10:50,6/8/2023,KL,RRR,RRC9,collect,cam15,,,,,camera,,card16,low,full,
6/8/2023 10:50,6/8/2023,"KL, RK, YZ",RRC,RRC9,collect,RRC9-I,inside,completed,100%,0,hobo,,,,,
6/8/2023 10:50,6/8/2023,"RK, YZ, KL",RRR,RRC9,collect,RRC9-O,outside,completed,50%,50%,hobo,,,,,
6/8/2023 11:05,6/8/2023,KL,RRRR,RRRR7,deploy,RRRR7-I,inside,NA,100,0,hobo,,,,,
6/8/2023 11:05,6/8/2023,KL,RRRR,RRRR7,deploy,RRRR7-O,outside,NA,100,0,hobo,,,,,
6/13/2023 10:12,6/13/2023,"RK, YZ",RRRR,RRRR3,collect,RRRR3-O,outside,completed,50%,50%,hobo,,,,,
6/13/2023 10:13,6/13/2023,"RK, YZ",RRRR,RRRR3,collect,RRRR3-I,inside,completed,50%,50%,hobo,,,,,
6/13/2023 10:15,6/13/2023,"RK, YZ",RRRR,RRRR6,collect,RRRR6-O,outside,completed,50%,50%,hobo,,,,,
6/13/2023 10:16,6/13/2023,"RK, YZ",RRRR,RRRR6,collect,cam12,,,,,camera,,card23,full,full,
6/13/2023 10:16,6/13/2023,"RK, YZ",RRRR,RRRR6,collect,RRRR6-I,inside,completed,50=,50%,hobo,,,,,
6/13/2023 10:45,6/13/2023,KL,RRR,RRC10,deploy,RRC10-I,inside,NA,100,0,hobo,,,,,
6/13/2023 10:45,6/13/2023,KL,RRR,RRC10,deploy,RRC10-O,outside,NA,100,0,hobo,,,,,
6/13/2023 11:04,6/13/2023,"RK, YZ",RRRG,RRRG55,collect,RRRG55-I,inside,completed,100%,0,hobo,,,,,
6/13/2023 11:05,6/13/2023,"RK, YZ",RRRG,RRRG55,collect,RRRG55-O,outside,completed,100%,0,hobo,,,,,
6/13/2023 11:23,6/13/2023,"RK, YZ",PICG,PICG2,collect,PICG2-O,outside,completed,50%,50%,hobo,,,,,
6/13/2023 11:24,6/13/2023,"RK, YZ",PICG,PICG2,collect,PICG2-I,inside,completed,50%,50%,hobo,,,,,
6/13/2023 11:25,6/13/2023,"RK, YZ",PICG,PICG2,collect,cam3,,,,,camera,NA,card35,low,full,
6/13/2023 11:26,6/13/2023,"RK, YZ",PICG,PICG4,deploy,PICG4-O,outside,NA,100%,0%,hobo,,,,,
6/13/2023 11:26,6/13/2023,"RK, YZ",PICG,PICG4,deploy,PICG4-I,inside,NA,100%,0%,hobo,,,,,
6/13/2023 11:29,6/13/2023,KL,PIC,PICG7 ,collect,cam22,,,,,camera,NA,card25,low,full,
6/15/2023 8:42,6/15/2023,"RK, KL, YZ",MBNG,MBNG14,deploy,cam3,,,,,camera,card60,,full,empty,
6/15/2023 9:05,6/15/2023,KL,MBNG,MBNG12,collect,MBNG12-I,inside,NA,100,0,hobo,,,,,
6/15/2023 9:06,6/15/2023,KL,MBNG,MBNG12,collect,cam10,,,,,camera,NA,card22,low,empty,
6/15/2023 9:06,6/15/2023,"RK, KL, YZ",MBNG,MBNG12,collect,MBNG12-O,outside,completed,50%,50%,hobo,,,,,
6/15/2023 9:11,6/15/2023,"KL, RK, YZ",MBNG,MBNG6,deploy,MBNG6-O,outside,NA,100%,0%,hobo,,,,,
6/15/2023 9:12,6/15/2023,"KL, RK, YZ",MBNG,MBNG6,deploy,MBNG6-I,inside,NA,100%,0%,hobo,,,,,
6/15/2023 11:11,6/15/2023,"RK, YZ, KL",PCC,PCC5,deploy,PCC5-I,inside,NA,100%,0%,hobo,,,,,
6/15/2023 11:11,6/15/2023,"RK, YZ, KL",PCC,PCC5,deploy,PCC5-O,outside,NA,100%,0%,hobo,,,,,
6/15/2023 11:29,6/15/2023,"RK, YZ",PCC,PCC12,collect,PCC12-O,outside,completed,50%,50%,hobo,,,,,
6/15/2023 11:30,6/15/2023,"RK, KL, YZ",PCC,PCC12,collect,PCC12-I,inside,completed,50%,50%,hobo,,,,,
6/15/2023 11:31,6/15/2023,"RK, YZ, KL",PCC,PCC12,collect,cam8,,,,,camera,NA,card32,low,full,
6/16/2023 7:55,6/16/2023,YZ,PICO,PICO3,collect,cam1,,,,,camera,,card5,low,full,
6/16/2023 7:59,6/16/2023,YZ,PICO,PICO4,collect,cam23,,,,,camera,,card37,low,full,
6/16/2023 8:00,6/16/2023,YZ,PICO,PICO3,collect,PICO3-I,inside,completed,100%,0,hobo,,,,,
6/16/2023 8:00,6/16/2023,YZ,PICO,PICO3,collect,PICO3-O,outside,completed,100%,0,hobo,,,,,
6/16/2023 8:01,6/16/2023,YZ,PICO,PICO4,collect,PICO4-I,inside,completed,100%,0,hobo,,,,,
6/16/2023 8:08,6/16/2023,YZ,PICO,PICO4,collect,PICO4-O,outside,completed,100%,0,hobo,,,,,
6/16/2023 8:10,6/16/2023,KL,PICO,PICO6,deploy,PICO6-I,inside,NA,100,0,hobo,,,,,
6/16/2023 8:10,6/16/2023,KL,PICO,PICO6,deploy,PICO6-O,outside,NA,100,0,hobo,,,,,
6/16/2023 8:14,6/16/2023,YZ,PICO,PICO6,deploy,PICO6-I,inside,NA,100%,0,hobo,,,,,
6/16/2023 8:26,6/16/2023,"YZ, KL",PICR,PICR1,collect,PICR1-I,inside,NA,100%,0,hobo,,,,,
6/16/2023 8:26,6/16/2023,"KL, YZ",PICR,PICR1,collect,PICR1-O,outside,completed,100%,0,hobo,,,,,
6/16/2023 8:29,6/16/2023,"KL, YZ",PICR,PICR1,deploy,PICR1-I,inside,NA,100%,0,hobo,,,,,
6/16/2023 8:29,6/16/2023,"KL, YZ",PICR,PICR1,deploy,PICR1-O,outside,NA,100%,0,hobo,,,,,
6/16/2023 8:36,6/16/2023,YZ,PICR,PICR7,collect,PICR7-I,inside,completed,100%,0,hobo,,,,,
6/16/2023 8:38,6/16/2023,YZ,PICR,PICR7,collect,PICR7-O,outside,completed,100%,0,hobo,,,,,
6/16/2023 8:47,6/16/2023,"KL, YZ",PICO,PICO11,deploy,PICO11-I,inside,NA,100%,0,hobo,,,,,
6/16/2023 8:48,6/16/2023,"KL, YZ",PICO,PICO11,deploy,PICO11-O,outside,NA,100%,0,hobo,,,,,
6/16/2023 12:54,6/16/2023,KL,BRO,BRO8,deploy,BRO8-I,inside,NA,100,0,hobo,,,,,
6/16/2023 12:54,6/16/2023,KL,BRO,BRO8,deploy,BRO8-O ,outside,NA,100,0,hobo,,,,,
6/20/2023 8:09,6/20/2023,YZ,PICO,PICO6,collect,PICO6-I,inside,completed,100,0,hobo,,,,,
6/20/2023 8:09,6/20/2023,YZ,PICO,PICO6,collect,PICO6-O,outside,completed,100,0,hobo,,,,,
6/20/2023 8:10,6/20/2023,YZ,PICO,PICO5,collect,PICO5-I,inside,completed,100,0,hobo,,,,,
6/20/2023 8:11,6/20/2023,YZ,PICO,PICO5,collect,PICO5-O,outside,completed,100,0,hobo,,,,,
6/20/2023 8:46,6/20/2023,YZ,PICO,PICO11,deploy,cam7,,,,,camera,card29,,full,empty,
6/20/2023 9:40,6/20/2023,"RK, YZ",PCC,PCC8,deploy,PCC8-I,inside,NA,100%,0%,hobo,,,,,
6/20/2023 9:42,6/20/2023,"RK, YZ",PCC,PCC8,deploy,PCC8-O,outside,completed,100%,0%,hobo,,,,,
6/20/2023 10:00,6/20/2023,"RK, YZ",PCC,PCC12,deploy,PCC12-I,inside,NA,100,0,hobo,,,,,
6/20/2023 10:01,6/20/2023,YZ,PCC,PCC12,deploy,PCC12-O,outside,NA,100,0,hobo,,,,,
6/22/2023 8:04,6/22/2023,"KL, RK, YZ",BRO,BRO1,deploy,BRO1-I,inside,NA,100,0,hobo,,,,,
6/22/2023 8:05,6/22/2023,YZ,BRO,BRO1,deploy,BRO-O,outside,NA,100,0,hobo,,,,,
6/22/2023 8:51,6/22/2023,"RK, YZ",RRRR,RRRR3,deploy,RRRR3-I,inside,NA,100,0,hobo,,,,,
6/22/2023 8:52,6/22/2023,"RK, YZ",RRRR,RRRR3,deploy,RRRR3-O,outside,NA,100%,50%,hobo,,,,,
6/22/2023 8:59,6/22/2023,"RK, YZ",RRRR,RRRR8,deploy,RRRR8-O,outside,NA,100%,0%,hobo,,,,,
6/22/2023 8:59,6/22/2023,"RK, YZ",RRRR,RRRR8,deploy,RRRR8-I,inside,NA,100,0,hobo,,,,,
6/22/2023 9:18,6/22/2023,RK,RRRR,RRRR7,deploy,cam23,,,,,camera,card28,NA,full,empty,
6/22/2023 10:43,6/22/2023,KL,RRR,RRC13,deploy,RRC13-I,inside,NA,100,0,hobo,,,,,
6/22/2023 10:43,6/22/2023,KL,RRR,RRC13,deploy,RRC13-O,outside,NA,100,0,hobo,,,,,
6/22/2023 10:58,6/22/2023,RK YZ,RRRG,RRRG,deploy,RRRG50-O,outside,NA,100%,0%,hobo,,,,,
6/22/2023 10:59,6/22/2023,"RK, YZ",RRRG,RRRG50,deploy,RRRG50-I,inside,NA,100,0,hobo,,,,,
6/22/2023 11:05,6/22/2023,KL,RRRG,RRRG61 ,collect,RRRG61-I,inside,NA,100,0,hobo,,,,,
6/22/2023 11:06,6/22/2023,"KL, RK, YZ",RRRG,RRRG61,collect,RRRG61-I,inside,completed,100,0,hobo,,,,,
6/22/2023 11:40,6/22/2023,YZ,RRR,RRC,deploy,cam12,,,,,camera,card2,NA,full,empty,
6/24/2023 9:34,6/24/2023,KL,PICG,PICG4,deploy,cam2,,,,,camera,card31,NA ,full,empty,
6/24/2023 9:47,6/24/2023,KL,PICG,PICG2,deploy,PICG2-I,inside,NA,100,0,hobo,,,,,
6/24/2023 9:47,6/24/2023,KL,PICG,PICG2,deploy,PICG2-O,outside,NA,100,0,hobo,,,,,
6/24/2023 10:19,6/24/2023,KL,MBNR,MBNR7,collect,cam14,,,,,camera,NA,card7,missing,full,
6/24/2023 10:20,6/24/2023,KL,MBNR,MBNR7,collect,MBNR7-I,inside,completed,100,0,hobo,,,,,
6/24/2023 10:20,6/24/2023,KL,MBNR,MBNR7,collect,MBNR7-O,outside,NA,100,0,hobo,,,,,
6/24/2023 10:32,6/24/2023,KL,MBNR,MBNR5,deploy,MBNR5-I,inside,NA,100,0,hobo,,,,,
6/24/2023 10:33,6/24/2023,KL,MBNR,MBNR5,deploy,MBNR5-O,outside,NA,100,0,hobo,,,,,
6/27/2023 7:51,6/27/2023,"KL, RK, YZ",BRO,BRO8,collect,BRO8-I,inside,completed,100,0,hobo,,,,,
6/27/2023 7:51,6/27/2023,"KL, RK, YZ,",BRO,BRO8,collect,BRO8-O,outside,completed,50%,50%,hobo,,,,,
6/27/2023 7:55,6/27/2023,"KL, RK, YZ",BRO,BRO6,collect,BRO6-O,outside,completed,50%,50%,hobo,,,,,
6/27/2023 7:56,6/27/2023,"KL, RK, YZ",BRO,BRO6,collect,BRO6-I,inside,completed,50%,50%,hobo,,,,,
6/27/2023 7:56,6/27/2023,"KL, RK, YZ",BRO,BRO6,collect,cam21,,,,,camera,,card36,full,full,
6/27/2023 8:05,6/27/2023,"KL, RK, YZ",BRO,BRO2,deploy,BRO2-I,inside,NA,100,0,hobo,,,,,
6/27/2023 8:05,6/27/2023,"KL, RK, YZ",BRO,BRO2,deploy,BRO2-O,outside,NA,100%,0%,hobo,,,,,
6/27/2023 8:11,6/27/2023,"KL, RK, YZ",BRO,BRO4,collect,BRO4-O,outside,completed,50%,50%,hobo,,,,,
6/27/2023 8:12,6/27/2023,"KL, RK, YZ",BRO,BRO4,collect,BRO4-I,inside,completed,50%,50%,hobo,,,,,
6/27/2023 8:12,6/27/2023,"KL, RK, YZ",BRO,BRO4,collect,cam13,,,,,camera,,card26,full,full,
6/28/2023 10:20,6/28/2023,KL,SFP,SFP9,collect,SFP9-I,inside,completed,100,0,hobo,,,,,
6/28/2023 10:21,6/28/2023,KL,SFP,SFP9,collect,SFP9-O,outside,completed,100,0,hobo,,,,,
6/28/2023 10:31,6/28/2023,KL,SFP,SFP11,collect,cam25,,,,,camera,NA,card20,low,full,
6/28/2023 10:31,6/28/2023,"RK, KL",SFP,SFP11,collect,SFP11-O,outside,completed,50%,50%,hobo,,,,,
6/28/2023 10:32,6/28/2023,"KL, RK",SFP,SFP11,collect,SFP11-I,inside,completed,50%,50%,hobo,,,,,
6/28/2023 10:35,6/28/2023,RK,MBNG,MBNG9,deploy,MBNG9-O,outside,completed,50%,0%,hobo,,,,,
6/28/2023 10:35,6/28/2023,RK,MBNG,MBNG9,deploy,MBNG9-I,inside,NA,100%,0%,hobo,,,,,
6/28/2023 10:36,6/28/2023,RK,MBNG,MBNG11,deploy,MBNG11-O,outside,NA,100%,0%,hobo,,,,,
6/28/2023 10:36,6/28/2023,RK,MBNG,MBNG11,deploy,MBNG11-I,inside,NA,100%,0%,hobo,,,,,
6/28/2023 10:50,6/28/2023,"KL, RK",SFP,SFP15,collect,SFP15-O,outside,completed,50%,50%,hobo,,,,,
6/28/2023 10:51,6/28/2023,"KL, RK",SFP,SFP15,collect,SFP15-I,inside,completed,50%,50%,hobo,,,,,
6/28/2023 10:52,6/28/2023,"KL, RK",SFP,SFP15,collect,cam17,,,,,camera,NA,card14,low,full,
6/29/2023 7:10,6/29/2023,"KL, RK, YZ",PCC,PCC5,deploy,cam17,,,,,camera,card8,NA,full,empty,
6/29/2023 7:27,6/29/2023,"KL, RK, YZ",PCC,PCC,collect,PCC7-I,inside,completed,100,0,hobo,,,,,
6/29/2023 7:28,6/29/2023,"KL, RK, YZ",PCC,PCC7,collect,PCC7-O,outside,completed,100,0,hobo,,,,,
6/29/2023 8:00,6/29/2023,KL,PIC,PCC8,deploy,cam25,,,,,camera,card36,NA,full,empty,
6/29/2023 8:47,6/29/2023,"RK, YZ",PICR,PICR3,collect,PICR3-I,inside,completed,100,0,hobo,,,,,
6/29/2023 8:48,6/29/2023,"RK, YZ",PICR,PICR3,collect,PICR3-O,outside,completed,100,0,hobo,,,,,
6/29/2023 9:02,6/29/2023,KL,PIC,PICR1,deploy,cam13,,,,,camera,card9,NA,full,empty,
6/29/2023 9:49,6/29/2023,KL,PIC,PICO13,deploy,PICO13-I,inside,NA,100,0,hobo,,,,,
6/29/2023 9:50,6/29/2023,KL,PIC,PICO13,deploy,PICO13-O,outside,NA,100,0,hobo,,,,,
6/29/2023 9:56,6/29/2023,KL,PIC,PICO1,collect,cam18,,,,,camera,card1,NA,low,full,
6/29/2023 9:56,6/29/2023,KL,PIC,PICO1,collect,PICO1-I,inside,completed,100,0,hobo,,,,,
6/29/2023 9:57,6/29/2023,KL,PIC,PICO1,collect,PICO1-O,outside,completed,100,0,hobo,,,,,
6/29/2023 10:15,6/29/2023,YZ,PICO,PICO2,deploy,PICO2-I,inside,NA,100,0,hobo,,,,,
6/29/2023 10:16,6/29/2023,YZ,PICO,PICO2,deploy,PICO2-O,outside,NA,100,0,hobo,,,,,
7/4/2023 7:53,7/4/2023,"KL,RK,YZ",PIC,PCC12,deploy,cam8,,,,,camera,card37,NA,full,empty,
7/4/2023 8:20,7/4/2023,KL,PIC,PCC8,collect,cam25,,,,,camera,NA,card36,low,full,
7/4/2023 8:22,7/4/2023,"KL, RK",PCC,PCC8,collect,PCC8-O,outside,completed,50%,50%,hobo,,,,,
7/4/2023 8:23,7/4/2023,"KL, RK, YZ",PCC,PCC8,collect,PCC8-I,inside,completed,100,0,hobo,,,,,
7/5/2023 10:02,7/5/2023,KL,BRO,BRO1,deploy,cam14,,,,,camera,card26,NA,full,empty,
7/5/2023 10:03,7/5/2023,KL,BRO,BRO2,deploy,cam22,,,,,camera,card7,NA,full,empty,
7/5/2023 10:05,7/5/2023,KL,BRO,BRO7,deploy,BRO7-I,inside,NA,100,0,hobo,,,,,
7/5/2023 10:06,7/5/2023,"RK, YZ",BRO,BRO7,deploy,BRO7-O,outside,NA,100%,0%,hobo,,,,,
7/5/2023 11:31,7/5/2023,KL,RRR,RRRR3,deploy,cam18,,,,,camera,card32,,full,empty,
7/6/2023 8:49,7/6/2023,"KL, RK",RRRR,RRRR8,deploy,cam25,,,,,camera,card5,NA,full,empty,
7/6/2023 9:05,7/6/2023,"KL, RK",RRC,RRC13,deploy,cam15,,,,,camera,card36,NA,full,empty,
7/6/2023 9:05,7/6/2023,"KL, RK",RRC,RRC10,collect,cam12,,,,,camera,NA,card2,low,full,
7/6/2023 9:06,7/6/2023,"KL, RK",RRC,RRC10,collect,RRC10-O,outside,completed,50%,50%,hobo,,,,,
7/6/2023 9:07,7/6/2023,"KL, RK",RRC,RRC10,collect,RRC10-I,inside,completed,50%,50%,hobo,,,,,
7/6/2023 9:17,7/6/2023,KL,RRRG,RRRG50,deploy,cam12,,,,,camera,card30,NA,full,empty,
7/6/2023 11:42,7/6/2023,KL,MBNG,MBNG6,deploy,cam10,,,,,camera,card14,,full,empty,
7/6/2023 11:43,7/6/2023,KL,MBNG ,MBNG9,deploy,cam9,,,,,camera,card35,,full,empty,
7/6/2023 11:57,7/6/2023,KL,SFP,SFP4,deploy,SFP4-I,inside,NA,100,0,hobo,,,,,
7/6/2023 11:57,7/6/2023,KL,SFP,SFP4,deploy,SFP4-O,outside,NA,100,0,hobo,,,,,
7/6/2023 12:08,7/6/2023,"KL, RK",SFP,SFP1,deploy,SFP1-I,inside,NA,100%,0%,hobo,,,,,
7/6/2023 12:09,7/6/2023,"KL, RK",SFP,SFP1,deploy,SFP1-O,outside,NA,100%,0%,hobo,,,,,
7/6/2023 12:22,7/6/2023,KL,SFP,SFP14,deploy,SFP14-I,inside,NA,100,0,hobo,,,,,
7/6/2023 12:23,7/6/2023,KL,SFP,SFP14,deploy,SFP14-O,outside,NA,100,0,hobo,,,,,
7/11/2023 8:37,7/11/2023,"KL, RK, YZ",BRO,BRO7,deploy,cam1,,,,,camera,card27,,full,empty,
7/11/2023 10:32,7/11/2023,"KL, RK, YZ",RRC,RRC13,collect,RRC13-I,inside,completed,100,0,hobo,,,,,
7/11/2023 10:33,7/11/2023,"KL, RK, YZ",RRC,RRC13,collect,RRC13-O,outside,completed,100,0,hobo,,,,,
7/11/2023 10:34,7/11/2023,"KL, RK, YZ",RRC,RRC13,collect,cam15,,,,,camera,NA,card36,low,full,
7/12/2023 7:51,7/12/2023,"KL, RK",MBNG,MBNG11,collect,MBNG11-O,outside,completed,50%,50%,hobo,,,,,
7/12/2023 7:52,7/12/2023,"KL, RK",MBNG,MBNG11,collect,MBNG11-I,inside,completed,50%,50%,hobo,,,,,
7/12/2023 7:55,7/12/2023,"KL, RK",MBNG ,MBNG14,collect,cam3,,,,,camera,NA,card60,low,full,
7/12/2023 7:56,7/12/2023,"KL, RK",MBNG,MBNG14,collect,MBNG14-I,inside,completed,50%,50%,hobo,,,,,
7/12/2023 7:56,7/12/2023,KL,MBNG,MBNG14,collect,MBNG14-O,outside,completed,100,0,hobo,,,,,
7/12/2023 8:07,7/12/2023,KL,MBNG,MBNG9,collect,cam9,,,,,camera,NA,card35,low,full,
7/12/2023 8:08,7/12/2023,"KL, RK",MBNG,MBNG9,collect,MBNG9-O,outside,completed,50%,50%,hobo,,,,,
7/12/2023 8:08,7/12/2023,"KL, RK",MBNG,MBNG9,collect,MBNG9-I,inside,completed,50%,50%,hobo,,,,,
7/12/2023 8:36,7/12/2023,"KL, RK",MBNG,MBNG5,collect,cam11,,,,,camera,NA,card10,low,full,
7/12/2023 8:37,7/12/2023,"KL, RK",MBNG,MBNG5,collect,MBNG5-O,outside,completed,50%,50%,hobo,,,,,
7/12/2023 8:37,7/12/2023,"KL, RK",MBNG,MBNG5,collect,MBNG5-I,inside,completed,50%,50%,hobo,,,,,
7/12/2023 9:41,7/12/2023,KL,SFP,SFP1,deploy,cam21,,,,,camera,card20,NA,full,empty,
7/12/2023 10:02,7/12/2023,KL,SFP,SFP4,collect,SFP4-I,inside,completed,100,0,hobo,,,,,
7/12/2023 10:02,7/12/2023,"KL, RK",SFP,SFP4,collect,SFP4-O,outside,completed,50%,50%,hobo,,,,,
7/12/2023 10:15,7/12/2023,"KL, RK",SFP,SFP14,collect,SFP14-O,outside,completed,50%,50%,hobo,,,,,
7/12/2023 10:15,7/12/2023,"KL, RK",SFP,SFP14,collect,SFP14-I,inside,completed,50%,50%,hobo,,,,,
7/12/2023 10:36,7/12/2023,"KL, RK",MBNR,MBNR5,collect,MBNR5-O,outside,completed,50%,50%,hobo,,,,,
7/12/2023 10:36,7/12/2023,"KL, RK",MBNR,MBNR5,collect,MBNR5-I,inside,completed,50%,50%,hobo,,,,,
7/13/2023 7:06,7/13/2023,KL,PICO,PICO2,collect,PICO2-I,inside,completed,100,0,hobo,,,,,
7/13/2023 7:07,7/13/2023,KL,PICO,PICO2,collect,PICO2-O,outside,completed,100,0,hobo,,,,,
7/13/2023 7:10,7/13/2023,KL,PICO,PICO13,deploy,cam15,,,,,camera,card34,NA,full,empty,
7/13/2023 7:30,7/13/2023,"KL, RK, YZ",PICR,PICR4,collect,PICR4-I,inside,completed,100,0,hobo,,,,,
7/13/2023 7:31,7/13/2023,"KL, RK, YZ",PICR,PICR4,collect,PICR4-O,outside,completed,100,0,hobo,,,,,
7/13/2023 8:38,7/13/2023,KL,PIC,PCC9,collect,cam19,,,,,camera,card4,,low,full,
7/13/2023 8:38,7/13/2023,"KL, RK, YZ",PCC,PCC9,collect,PCC9-I,inside,completed,100,0,hobo,,,,,
7/13/2023 8:38,7/13/2023,"KL, RK, YZ",PCC,PCC9,collect,PCC9-I,inside,completed,50%,50%,hobo,,,,,
7/18/2023 9:39,7/18/2023,"KL, YZ",RRRR,RRRR7,collect,cam23,,,,,camera,,card28,full,full,
7/18/2023 9:40,7/18/2023,KL,RRRR,RRRR7,collect,RRRR7-I,inside,NA,100,0,hobo,,,,,
7/18/2023 9:40,7/18/2023,"KL, YZ",RRRR,RRRR7,collect,RRRR7-O,outside,completed,100,0,hobo,,,,,
7/18/2023 10:25,7/18/2023,"KL, YZ",PICO,PICO11,collect,cam7,,,,,camera,,card29,low,full,
7/18/2023 10:27,7/18/2023,"KL, YZ",PICO,PICO11,collect,PICO11-I,inside,completed,100,0,hobo,,,,,
7/18/2023 10:27,7/18/2023,"KL, YZ",PICO,PICO11,collect,PICO11-O,outside,completed,100,0,hobo,,,,,
7/18/2023 10:38,7/18/2023,KL,PICG,PICG4,collect,cam2,,,,,camera,,card31,low,full,
7/18/2023 10:46,7/18/2023,"KL, YZ",PICG,PICG4,collect,PICG4-I,inside,completed,100,0,hobo,,,,,
7/18/2023 10:47,7/18/2023,"KL, YZ",PICG,PICG4,collect,PICG4-O,outside,completed,100,0,hobo,,,,,
7/22/2023 10:46,7/22/2023,KL,SFP,SFP1,collect,cam21,,,,,camera,NA,card20,low,full,
7/26/2023 12:11,7/26/2023,KL,PICO,PICO13,collect,PICO13-I,inside,completed,100,0,hobo,,,,,
7/26/2023 12:12,7/26/2023,KL,PICO,PICO13,collect,PICO13-O,outside,completed,100,0,hobo,,,,,
7/26/2023 12:12,7/26/2023,KL,PICO,PICO13,collect,cam15,,,,,camera,NA,card34,low,full,
8/2/2023 7:54,8/2/2023,YZ,MBNG,MBNG12,collect,MBNG12-humidity ,outside,NA,100,0,hobo,,,,,
8/2/2023 8:03,8/2/2023,"RK, YZ",SFP,SFP11,collect,SFP11-humidity,outside,NA,50%,50%,hobo,,,,,
8/2/2023 8:28,8/2/2023,"RK, YZ",SFP,SFP1,collect,SFP1-O,outside,completed,50%,50%,hobo,,,,,
8/2/2023 8:28,8/2/2023,"RK, YZ",SFP,SFP1,collect,SFP1-I,inside,completed,100,0,hobo,,,,,
8/2/2023 8:42,8/2/2023,RK,MBNG,MBNG6,collect,MBNG6-O,outside,completed,50%,50%,hobo,,,,,
8/2/2023 8:43,8/2/2023,"RK, YZ",MBNG,MBNG6,collect,MBNG6-I,inside,completed,50%,50%,hobo,,,,,
8/2/2023 8:43,8/2/2023,"RK, YZ",MBNG,MBNG6,collect,cam10,,,,,camera,,card14,low,full,
8/2/2023 8:48,8/2/2023,RK,MBNG,MBNG25,collect,MBNG25-O,outside,completed,50%,50%,hobo,,,,,
8/2/2023 8:48,8/2/2023,"RK, YZ",MBNG,MBNG25,collect,MBNG25-I,inside,completed,100,0,hobo,,,,,
8/2/2023 9:24,8/2/2023,RK,MBNR,MBNR2,collect,cam16,,,,,camera,NA,card24,low,full,
8/2/2023 9:25,8/2/2023,RK,MBNR,MBNR2,collect,MBNR2-O,outside,completed,50%,50%,hobo,,,,,
8/2/2023 9:25,8/2/2023,"KL, RK, YZ",MBNR,MBNR2,collect,MBNR2-I,inside,completed,100,0,hobo,,,,,
8/2/2023 9:43,8/2/2023,RK,MBNR,MBNR5,collect,MBNR5-humidity,outside,completed,50%,50%,hobo,,,,,
8/2/2023 10:24,8/2/2023,"KL, RK, YZ",PCC,PCC5,collect,cam17,,,,,camera,,card8,low,full,
8/2/2023 10:25,8/2/2023,RK,PCC,PCC5,collect,PCC5-I,inside,completed,50%,50%,hobo,,,,,
8/2/2023 10:25,8/2/2023,RK,PCC,PCC5,collect,PCC5-O,outside,completed,50%,50%,hobo,,,,,
8/2/2023 10:35,8/2/2023,"KL, RK, YZ",PCC,PCC8,collect,PCC8-humidity,outside,completed,100,0,hobo,,,,,
8/2/2023 10:45,8/2/2023,"KL, RK, YZ",PCC,PCC12,collect,PCC12-I,inside,completed,100,0,hobo,,,,,
8/2/2023 10:46,8/2/2023,RK,PCC,PCC12,collect,cam8,,,,,camera,NA,card37,low,full,
8/2/2023 10:46,8/2/2023,KL,PCC,PCC12,collect,PCC8-O,outside,completed,100,0,hobo,,,,,
8/2/2023 11:01,8/2/2023,KL,PICR,PICR2,collect,PICR2-humidity,outside,completed,100,0,hobo,,,,,
8/2/2023 11:03,8/2/2023,KL,PICR,PICR1,collect,PICR1-I,inside,completed,100,0,hobo,,,,,
8/2/2023 11:03,8/2/2023,KL,PICR,PICR1,collect,PICR1-O,outside,completed,100,0,hobo,,,,,
8/2/2023 11:04,8/2/2023,YZ,PICR,PICR1,collect,cam13,,,,,camera,,card9,low,full,
8/2/2023 11:37,8/2/2023,"KL, RK, YZ",PICO,PICO5,collect,PICO5-humidity ,outside,completed,100,0,hobo,,,,,
8/2/2023 12:00,8/2/2023,RK,PICG,PICG2,collect,PICG2-O,outside,completed,50%,50%,hobo,,,,,
8/2/2023 12:00,8/2/2023,RK,PICG,PICG2,collect,PICG2-I,inside,completed,50%,50%,hobo,,,,,
8/2/2023 12:01,8/2/2023,"KL, RK, YZ",PICG,PICG1,collect,cam5,,,,,camera,,card3,low,full,
8/2/2023 12:05,8/2/2023,"RK, YZ",PICG,PICG1,collect,PICG1-humidity ,outside,completed,100,0,hobo,,,,,
8/3/2023 7:36,8/3/2023,"RK, YZ",RRRG,RRRG50,collect,RRRG50-O,outside,completed,50%,50%,hobo,,,,,
8/3/2023 7:36,8/3/2023,"RK, YZ",RRRG,RRRG50,collect,RRRG50-I,inside,completed,50%,50%,hobo,,,,,
8/3/2023 7:37,8/3/2023,"RK, YZ",RRRG,RRRG60,collect,cam12,,,,,camera,,card30,low,full,
8/3/2023 7:42,8/3/2023,"RK, YZ ",RRRG,RRRG58,collect,RRRG58-humidity ,outside,completed,100,0,hobo,,,,,
8/3/2023 7:55,8/3/2023,"RK, YZ",RRRR,RRRR3,collect,cam18,,,,,camera,,card32,low,full,
8/3/2023 7:55,8/3/2023,"RK, YZ",RRRR,RRRR3,collect,RRRR3-O,outside,completed,50%,50%,hobo,,,,,
8/3/2023 7:56,8/3/2023,"RK, YZ",RRRR,RRRR3,collect,RRRR3-I,inside,completed,50%,50%,hobo,,,,,
8/3/2023 8:02,8/3/2023,"RK, YZ",RRRR,RRRR6,collect,RRRR6-humidity ,outside,completed,100,0,hobo,,,,,
8/3/2023 8:05,8/3/2023,KL,RRRR,RRRR8,collect,RRRR8-O,outside,completed,50%,50%,hobo,,,,,
8/3/2023 8:05,8/3/2023,"KL, RK, YZ",RRRR,RRRR8,collect,cam25,,,,,camera,,card5,low,full,
8/3/2023 8:06,8/3/2023,KL,RRRR,RRRR8,collect,RRRR8-I,inside,completed,50%,50%,hobo,,,,,
8/3/2023 9:07,8/3/2023,RK,BRO,BRO1,collect,BRO1-O,outside,completed,50%,50%,hobo,,,,,
8/3/2023 9:07,8/3/2023,RK,BRO,BRO1,collect,BRO1-I,inside,completed,50%,50%,hobo,,,,,
8/3/2023 9:08,8/3/2023,RK,BRO ,BRO1,collect,cam14,,,,,camera,NA,card26,low,full,
8/3/2023 9:13,8/3/2023,RK,BRO,BRO7,collect,BRO7-O,outside,completed,50%,50%,hobo,,,,,
8/3/2023 9:14,8/3/2023,RK,BRO,BRO7,collect,BRO7-I,inside,completed,50%,50%,hobo,,,,,
8/3/2023 9:14,8/3/2023,RK,BRO,BRO7,collect,cam1,,,,,camera,NA,card27,low,full,
8/3/2023 9:18,8/3/2023,RK,BRO,BRO2,collect,BRO2-O,outside,completed,50%,50%,hobo,,,,,
8/3/2023 9:18,8/3/2023,RK,BRO,BRO2,collect,BRO2-I,inside,completed,50%,50%,hobo,,,,,
8/3/2023 9:19,8/3/2023,RK,BRO,BRO2,collect,cam22,,,,,camera,NA,card7,low,full,
8/3/2023 9:25,8/3/2023,"RK, YZ",BRO,BRO9,collect,BRO9-humidity,outside,completed,100,0,hobo,,,,,
,5/1/2022,"KG, YW",PIC,PICG5,deploy,PICG5-I,,,,,hobo,,,100,0,
,5/1/2022,"KG, YW",PIC,PICG5,deploy,PICG5-O,,,,,hobo,,,100,0,
,5/1/2022,"KG, YW",PIC,PICG9,deploy,PICG9-I,,,,,hobo,,,100,0,
,5/1/2022,"KG, YW",PIC,PICG9,deploy,PICG9-O,,,,,hobo,,,100,0,
,6/18/2021,KL KG,PIC,PICR9,collect,PICR9-I,Inside,completed,100,9,hobo,,,,,
