Comments,Date,Start Time,End Time,Observer(s),Site,Nestbox,Species,Adult(s),Nest,Eggs,Nestlings,Notes
,2022-06-14T00:00:00Z,0:10,0:30,"PG, CP",BRO,BRO1,WEBL,1 WEBL calling near,"-	",-,-,Didn't hear nestlings
,2022-03-21T00:00:00Z,3:13,5:00,"KL, CL, EL, IS",FBFC,FBFC01,-,-,"-	",-,-,"one leaf in the box, spidery"
,2022-03-31T00:00:00Z,1:10,1:30,KG YW,FBFC,FBFC01,-,-,"-	",-,-,-
,2022-04-05T00:00:00Z,2:00,2:30,KG CP,FBFC,FBFC01,-,-,"-	",-,-,
,2022-04-14T00:00:00Z,0:15,0:45,KG WY,FBFC,FBFC01,-,-,"-	",-,-,Empty
,2022-04-21T00:00:00Z,4:10,4:40,"KL, KG",FBFC,FBFC01,-,-,"-	",-,-,
,2022-06-17T00:00:00Z,,,KL MM,FBFC,FBFC01,ATFL,-,"4	",4W,-,-
,2022-06-23T00:00:00Z,,,KG VW WY MZ,FBFC,FBFC01,ATFL,-,"4	",-,5,-
,2022-07-03T00:00:00Z,,,KG AT,FBFC,FBFC01,ATFL!,2 near,"4/fur	",-,4,big babies! skip next week
,2022-07-07T00:00:00Z,,,KG PGG MZ WY,FBFC,FBFC01,ATFL!,-,"-	",-,-,skipped this week
,2022-07-14T00:00:00Z,,,KG YW,FBFC,FBFC01,ATFL!,2 near,"-	",-,-,skipped this week
,2022-03-21T00:00:00Z,3:13,5:00,"KL, CL, EL, IS",FBFC,FBFC02,WEBL,-,"1	",-,-,1 stick
,2022-03-31T00:00:00Z,1:10,1:30,KG YW,FBFC,FBFC02,-,-,"-	",-,-,-
,2022-04-05T00:00:00Z,2:00,2:30,KG CP,FBFC,FBFC02,-,-,"-	",-,-,
,2022-04-14T00:00:00Z,0:15,0:45,KG WY,FBFC,FBFC02,-,-,"-	",-,-,Empty
,2022-04-21T00:00:00Z,4:10,4:40,"KL, KG",FBFC,FBFC02,-,-,"-	",-,-,
,2022-06-17T00:00:00Z,,,KL MM,FBFC,FBFC02,-,-,"-	",-,-,-
,2022-06-23T00:00:00Z,,,KG VW WY MZ,FBFC,FBFC02,-,-,"-	",-,-,-
,2022-07-03T00:00:00Z,,,KG AT,FBFC,FBFC02,-,-,"-	",-,-,skipped this week
,2022-07-07T00:00:00Z,,,KG PGG MZ WY,FBFC,FBFC02,-,-,"-	",-,-,-
,2022-07-14T00:00:00Z,,,KG YW,FBFC,FBFC02,-,-,"-	",-,-,-
,2022-03-21T00:00:00Z,3:13,5:00,"KL, CL, EL, IS",FBFC,FBFC03,-,-,"-	",-,-,
,2022-03-31T00:00:00Z,1:10,1:30,KG YW,FBFC,FBFC03,-,-,"-	",-,-,-
,2022-04-05T00:00:00Z,2:00,2:30,KG CP,FBFC,FBFC03,-,-,"-	",-,-,
,2022-04-14T00:00:00Z,0:15,0:45,KG WY,FBFC,FBFC03,-,-,"-	",-,-,Empty
,2022-04-21T00:00:00Z,4:10,4:40,"KL, KG",FBFC,FBFC03,-,-,"-	",-,-,
,2022-06-17T00:00:00Z,,,KL MM,FBFC,FBFC03,HOWR,-,"4	",-,3,"WC: 9,9,10,7"
,2022-06-23T00:00:00Z,,,KG VW WY MZ,FBFC,FBFC03,HOWR,1 near,"4	",-,3,eager to JUMP out! skip
,2022-07-03T00:00:00Z,,,KG AT,FBFC,FBFC03,-,-,"-	",-,-,skipped this week
,2022-07-07T00:00:00Z,,,KG PGG MZ WY,FBFC,FBFC03,HOWR,-,"4	",-,-,fledged
,2022-07-14T00:00:00Z,,,KG YW,FBFC,FBFC03,HOWR,-,"4	",-,-,-
,2022-03-21T00:00:00Z,3:13,5:00,"KL, CL, EL, IS",FBFC,FBFC04,-,-,"-	",-,-,
,2022-03-31T00:00:00Z,1:10,1:30,KG YW,FBFC,FBFC04,-,-,"-	",-,-,-
,2022-04-05T00:00:00Z,2:00,2:30,KG CP,FBFC,FBFC04,-,-,"-	",-,-,
,2022-04-14T00:00:00Z,0:15,0:45,KG WY,FBFC,FBFC04,-,-,"-	",-,-,Empty
,2022-04-21T00:00:00Z,4:10,4:40,"KL, KG",FBFC,FBFC04,-,-,"-	",-,-,
,2022-06-17T00:00:00Z,,,KL MM,FBFC,FBFC04,-,-,"-	",-,-,-
,2022-06-23T00:00:00Z,,,KG VW WY MZ,FBFC,FBFC04,-,-,"-	",-,-,-
,2022-07-03T00:00:00Z,,,KG AT,FBFC,FBFC04,-,-,"-	",-,-,skipped this week
,2022-07-07T00:00:00Z,,,KG PGG MZ WY,FBFC,FBFC04,-,-,"-	",-,-,-
,2022-07-14T00:00:00Z,,,KG YW,FBFC,FBFC04,-,-,"-	",-,-,-
,2022-03-21T00:00:00Z,3:13,5:00,"KL, CL, EL, IS",FBFC,FBFC05,-,-,"-	",-,-,
,2022-03-31T00:00:00Z,1:10,1:30,KG YW,FBFC,FBFC05,-,-,"-	",-,-,-
,2022-04-05T00:00:00Z,2:00,2:30,KG CP,FBFC,FBFC05,-,-,"-	",-,-,
,2022-04-14T00:00:00Z,0:15,0:45,KG WY,FBFC,FBFC05,-,-,"-	",-,-,Empty
,2022-04-21T00:00:00Z,4:10,4:40,"KL, KG",FBFC,FBFC05,-,-,"-	",-,-,
,2022-06-17T00:00:00Z,,,KL MM,FBFC,FBFC05,ATFL,-,"4	",3C,-,-
,2022-06-23T00:00:00Z,,,KG VW WY MZ,FBFC,FBFC05,ATFL,-,"4	",3A,-,-
,2022-07-03T00:00:00Z,,,KG AT,FBFC,FBFC05,-,-,"-	",-,-,skipped this week
,2022-07-07T00:00:00Z,,,KG PGG MZ WY,FBFC,FBFC05,ATFL,-,"-	",3C,-,abandoned
,2022-07-14T00:00:00Z,,,KG YW,FBFC,FBFC05,ATFL,-,"-	",3C,-,abandoned
,2022-03-21T00:00:00Z,3:13,5:00,"KL, CL, EL, IS",FBFC,FBFC06,-,-,"-	",-,-,
,2022-03-31T00:00:00Z,1:10,1:30,KG YW,FBFC,FBFC06,-,-,"-	",-,-,-
,2022-04-05T00:00:00Z,2:00,2:30,KG CP,FBFC,FBFC06,-,-,"-	",-,-,
,2022-04-14T00:00:00Z,0:15,0:45,KG WY,FBFC,FBFC06,-,-,"-	",-,-,Empty
,2022-04-21T00:00:00Z,4:10,4:40,"KL, KG",FBFC,FBFC06,-,-,"-	",-,-,
,2022-06-17T00:00:00Z,,,KL MM,FBFC,FBFC06,-,-,"-	",-,-,-
,2022-06-23T00:00:00Z,,,KG VW WY MZ,FBFC,FBFC06,-,-,"-	",-,-,-
,2022-07-03T00:00:00Z,,,KG AT,FBFC,FBFC06,-,-,"-	",-,-,skipped this week
,2022-07-07T00:00:00Z,,,KG PGG MZ WY,FBFC,FBFC06,-,-,"-	",-,-,-
,2022-07-14T00:00:00Z,,,KG YW,FBFC,FBFC06,-,-,"-	",-,-,-
,2022-03-21T00:00:00Z,3:13,5:00,"KL, CL, EL, IS",FBFC,FBFC07,HOSP?,-,"2	",-,-,left nest - check next week
,2022-03-31T00:00:00Z,1:10,1:30,KG YW,FBFC,FBFC07,HOWR,-,"3	",-,-,-
,2022-04-05T00:00:00Z,2:00,2:30,KG CP,FBFC,FBFC07,HOWR,-,"3	",-,-,
,2022-04-14T00:00:00Z,0:15,0:45,KG WY,FBFC,FBFC07,HOWR,-,"3	",-,-,
,2022-04-21T00:00:00Z,4:35,4:49,KG KL,FBFC,FBFC07,-,-,"-	",-,-,-
,2022-04-21T00:00:00Z,4:10,4:40,"KL, KG",FBFC,FBFC07,HOWR,-,"3	",-,-,
,2022-06-17T00:00:00Z,,,KL MM,FBFC,FBFC07,HOWR,-,"4	",4C,-,-
,2022-06-23T00:00:00Z,,,KG VW WY MZ,FBFC,FBFC07,HOWR,-,"-	",-,3,small nestlings
,2022-07-03T00:00:00Z,,,KG AT,FBFC,FBFC07,-,-,"-	",-,-,skipped this week
,2022-07-07T00:00:00Z,,,KG PGG MZ WY,FBFC,FBFC07,HOWR,1 in,"4	",-,Some,"potenital panic fledge, closed box ASAP"
,2022-07-14T00:00:00Z,,,KG YW,FBFC,FBFC07,HOWR,-,"-	",-,-,-
,2022-03-21T00:00:00Z,3:13,5:00,"KL, CL, EL, IS",FBFC,FBFC08,-,-,"-	",-,-,
,2022-03-31T00:00:00Z,1:10,1:30,KG YW,FBFC,FBFC08,HOWR,1 in,"3	",-,-,-
,2022-04-05T00:00:00Z,2:00,2:30,KG CP,FBFC,FBFC08,HOWR,1 near,"4	",-,-,
,2022-04-14T00:00:00Z,0:15,0:45,KG WY,FBFC,FBFC08,HOWR,1,"4	",5C,-,
,2022-06-17T00:00:00Z,,,KL MM,FBFC,FBFC08,HOWR,-,"4	",-,-,NEST removed
,2022-06-23T00:00:00Z,,,KG VW WY MZ,FBFC,FBFC08,-,-,"-	",-,-,-
,2022-07-03T00:00:00Z,,,KG AT,FBFC,FBFC08,-,-,"-	",-,-,skipped this week
,2022-07-07T00:00:00Z,,,KG PGG MZ WY,FBFC,FBFC08,-,-,"-	",-,-,-
,2022-07-14T00:00:00Z,,,KG YW,FBFC,FBFC08,-,-,"-	",-,-,skipped this week
,2022-03-21T00:00:00Z,3:13,5:00,"KL, CL, EL, IS",FBFC,FBFC09,-,-,"-	",-,-,
,2022-03-31T00:00:00Z,1:10,1:30,KG YW,FBFC,FBFC09,-,-,"-	",-,-,-
,2022-04-05T00:00:00Z,2:00,2:30,KG CP,FBFC,FBFC09,-,-,"-	",-,-,
,2022-04-14T00:00:00Z,0:15,0:45,KG WY,FBFC,FBFC09,-,-,"-	",-,-,-
,2022-04-21T00:00:00Z,4:10,4:30,KG KL,FBFC,FBFC09,-,-,"-	",-,-,empty
,2022-06-17T00:00:00Z,,,KL MM,FBFC,FBFC09,HOWR,-,"1	",-,-,-
,2022-06-23T00:00:00Z,,,KG VW WY MZ,FBFC,FBFC09,HOWR,-,"1	",-,-,-
,2022-07-03T00:00:00Z,,,KG AT,FBFC,FBFC09,-,-,"-	",-,-,skipped this week
,2022-07-07T00:00:00Z,,,KG PGG MZ WY,FBFC,FBFC09,-,-,"-	",-,-,-
,2022-07-14T00:00:00Z,,,KG YW,FBFC,FBFC09,-,-,"-	",-,-,-
,2022-03-21T00:00:00Z,3:13,5:00,"KL, CL, EL, IS",FBFC,FBFC10,-,-,"-	",-,-,evidence of mammal chew
,2022-03-31T00:00:00Z,1:10,1:30,KG YW,FBFC,FBFC10,-,-,"-	",-,-,-
,2022-04-05T00:00:00Z,2:00,2:30,KG CP,FBFC,FBFC10,-,-,"-	",-,-,1 leaf
,2022-04-14T00:00:00Z,0:15,0:45,KG WY,FBFC,FBFC10,-,-,"-	",-,-,Looks like something is eating the wood
,2022-04-21T00:00:00Z,4:10,4:30,KG KL,FBFC,FBFC10,-,-,"-	",-,-,empty
,2022-06-17T00:00:00Z,,,KL MM,FBFC,FBFC10,?,?,"?	",?,?,Short nest with leaves and dry hay
,2022-06-23T00:00:00Z,,,KG VW WY MZ,FBFC,FBFC10,?,?,"?	",?,?,super weird dry and thick leaves
,2022-07-03T00:00:00Z,,,KG AT,FBFC,FBFC10,-,-,"-	",-,-,skipped this week
,2022-07-07T00:00:00Z,,,KG PGG MZ WY,FBFC,FBFC10,?,-,"-	",-,-,werid leaf nest
,2022-07-14T00:00:00Z,,,KG YW,FBFC,FBFC10,?,-,"-	",-,-,werid leaf nest
,2022-03-21T00:00:00Z,3:13,5:00,"KL, CL, EL, IS",FBFG,FBFG01,-,-,"-	",-,-,bent rebar
,2022-03-31T00:00:00Z,0:15,1:00,RS,FBFG,FBFG01,-,-,"-	",-,-,Red winged blackbird on top!
,2022-04-05T00:00:00Z,0:10,0:30,KG CP,FBFG,FBFG01,-,-,"-	",-,-,wasps nest removed
,2022-04-14T00:00:00Z,1:45,2:20,KG WY,FBFG,FBFG01,-,-,"-	",-,-,
,2022-04-21T00:00:00Z,2:15,2:30,KL,FBFG,FBFG01,-,-,"-	",-,-,
,2022-06-17T00:00:00Z,,,KL MM,FBFG,FBFG01,TRES,-,"4/4	",-,-,probable fledged nest
,2022-03-21T00:00:00Z,3:13,5:00,"KL, CL, EL, IS",FBFG,FBFG02,-,-,"-	",-,-,
,2022-03-31T00:00:00Z,0:15,1:00,RS,FBFG,FBFG02,-,-,"-	",-,-,
,2022-04-05T00:00:00Z,0:10,0:30,KG CP,FBFG,FBFG02,-,-,"-	",-,-,wasps nest removed
,2022-04-14T00:00:00Z,1:45,2:20,KG WY,FBFG,FBFG02,-,-,"-	",-,-,
,2022-04-21T00:00:00Z,2:15,2:30,KL,FBFG,FBFG02,-,-,"-	",-,-,
,2022-06-17T00:00:00Z,,,KL MM,FBFG,FBFG02,ATFL,-,"4	",2C,-,-
,2022-03-21T00:00:00Z,3:13,5:00,"KL, CL, EL, IS",FBFG,FBFG03,-,-,"-	",-,-,
,2022-03-31T00:00:00Z,0:15,1:00,RS,FBFG,FBFG03,-,-,"-	",-,-,
,2022-04-05T00:00:00Z,0:10,0:30,KG CP,FBFG,FBFG03,-,-,"-	",-,-,wasps nest removed
,2022-04-14T00:00:00Z,1:45,2:20,KG WY,FBFG,FBFG03,-,-,"-	",-,-,
,2022-04-21T00:00:00Z,2:15,2:30,KL,FBFG,FBFG03,-,-,"-	",-,-,
,2022-06-17T00:00:00Z,,,KL MM,FBFG,FBFG03,ATFL,-,"1	",-,-,-
,2022-03-21T00:00:00Z,3:13,5:00,"KL, CL, EL, IS",FBFG,FBFG04,-,-,"-	",-,-,
,2022-03-31T00:00:00Z,0:15,1:00,RS,FBFG,FBFG04,-,-,"-	",-,-,
,2022-04-05T00:00:00Z,0:10,0:30,KG CP,FBFG,FBFG04,-,-,"-	",-,-,rebar needs to be re-hammered
,2022-04-14T00:00:00Z,1:45,2:20,KG WY,FBFG,FBFG04,-,-,"-	",-,-,on the ground totally broken
,2022-06-17T00:00:00Z,,,KL MM,FBFG,FBFG04,gone broken,-,"-	",-,-,broken box i believe
,2022-03-21T00:00:00Z,3:13,5:00,"KL, CL, EL, IS",FBFG,FBFG05,-,-,"-	",-,-,
,2022-03-31T00:00:00Z,0:15,1:00,RS,FBFG,FBFG05,-,-,"-	",-,-,
,2022-04-05T00:00:00Z,0:10,0:30,KG CP,FBFG,FBFG05,-,-,"-	",-,-,
,2022-04-14T00:00:00Z,1:45,2:20,KG WY,FBFG,FBFG05,-,-,"-	",-,-,
,2022-04-21T00:00:00Z,2:15,2:30,KL,FBFG,FBFG05,-,-,"-	",-,-,
,2022-06-17T00:00:00Z,,,KL MM,FBFG,FBFG05,ATFL,-,"1	",-,-,-
,2022-03-21T00:00:00Z,3:13,5:00,"KL, CL, EL, IS",FBFG,FBFG06,-,-,"-	",-,-,
,2022-03-31T00:00:00Z,0:15,1:00,RS,FBFG,FBFG06,-,-,"-	",-,-,
,2022-04-05T00:00:00Z,0:10,0:30,KG CP,FBFG,FBFG06,-,-,"-	",-,-,Humidity logger added
,2022-04-14T00:00:00Z,1:45,2:20,KG WY,FBFG,FBFG06,-,-,"-	",-,-,stuck could not open
,2022-04-21T00:00:00Z,2:15,2:30,KL,FBFG,FBFG06,-,-,"-	",-,-,
,2022-06-17T00:00:00Z,,,KL MM,FBFG,FBFG06,-,-,"-	",-,-,
,2022-03-21T00:00:00Z,3:13,5:00,"KL, CL, EL, IS",FBFG,FBFG07,-,-,"-	",-,-,
,2022-03-31T00:00:00Z,0:15,1:00,RS,FBFG,FBFG07,-,-,"-	",-,-,
,2022-04-05T00:00:00Z,0:10,0:30,KG CP,FBFG,FBFG07,-,-,"-	",-,-,
,2022-04-14T00:00:00Z,1:45,2:20,KG WY,FBFG,FBFG07,-,-,"-	",-,-,
,2022-04-21T00:00:00Z,2:10,2:30,KG KL,FBFG,FBFG07,-,-,"-	",-,-,-
,2022-06-17T00:00:00Z,,,KL MM,FBFG,FBFG07,-,-,"-	",-,-,
,2022-03-21T00:00:00Z,3:13,5:00,"KL, CL, EL, IS",FBFG,FBFG08,-,-,"-	",-,-,bent rebar
,2022-03-31T00:00:00Z,0:15,1:00,RS,FBFG,FBFG08,-,-,"-	",-,-,
,2022-04-05T00:00:00Z,0:10,0:30,KG CP,FBFG,FBFG08,-,-,"-	",-,-,
,2022-04-14T00:00:00Z,1:45,2:20,KG WY,FBFG,FBFG08,-,-,"-	",-,-,
,2022-04-21T00:00:00Z,2:10,2:30,KG KL,FBFG,FBFG08,-,-,"-	",-,-,-
,2022-06-17T00:00:00Z,,,KL MM,FBFG,FBFG08,-,-,"-	",-,-,-
,2022-03-21T00:00:00Z,3:13,5:00,"KL, CL, EL, IS",FBFG,FBFG09,TRES,-,"1/1	",-,-,feather and grass
,2022-03-31T00:00:00Z,0:15,1:00,RS,FBFG,FBFG09,-,-,"-	",-,-,
,2022-04-05T00:00:00Z,0:10,0:30,KG CP,FBFG,FBFG09,-,-,"-	",-,-,
,2022-04-14T00:00:00Z,1:45,2:20,KG WY,FBFG,FBFG09,-,-,"-	",-,-,
,2022-04-21T00:00:00Z,2:10,2:30,KG KL,FBFG,FBFG09,-,-,"-	",-,-,-
,2022-06-17T00:00:00Z,,,KL MM,FBFG,FBFG09,-,-,"-	",-,-,-
,2022-06-23T00:00:00Z,,,KG VW WY MZ,FBFG,FBFG1,-,-,"-	",-,-,-
,2022-07-03T00:00:00Z,,,KG AT,FBFG,FBFG1,-,-,"-	",-,-,skipped this week
,2022-07-07T00:00:00Z,,,KG PGG MZ WY,FBFG,FBFG1,-,-,"-	",-,-,-
,2022-07-14T00:00:00Z,,,KG YW,FBFG,FBFG1,-,-,"-	",-,-,empty
,2022-03-21T00:00:00Z,3:13,5:00,"KL, CL, EL, IS",FBFG,FBFG10,-,-,"-	",-,-,
,2022-03-31T00:00:00Z,0:15,1:00,RS,FBFG,FBFG10,-,-,"-	",-,-,
,2022-04-05T00:00:00Z,0:10,0:30,KG CP,FBFG,FBFG10,-,-,"-	",-,-,
,2022-04-14T00:00:00Z,1:45,2:20,KG WY,FBFG,FBFG10,-,-,"-	",-,-,
,2022-04-21T00:00:00Z,2:01,2:30,KG KL,FBFG,FBFG10,TRES,1 in 1 on fence,"4/0	",-,-,-
,2022-06-17T00:00:00Z,,,KL MM,FBFG,FBFG10,TRES,1 near 1 female in,"4/5	",1C,-,-
,2022-06-23T00:00:00Z,,,KG VW WY MZ,FBFG,FBFG10,TRES,1 in,"4/15	",3A,-,loggers added
,2022-07-03T00:00:00Z,,,KG AT,FBFG,FBFG10,TRES,-,"4/5	",3C,-,-
,2022-07-07T00:00:00Z,,,KG PGG MZ WY,FBFG,FBFG10,TRES,-,"4/5	",3C,-,-
,2022-07-14T00:00:00Z,,,"YW, KG",FBFG,FBFG10,TRES,-,"4	",3 C,-,"eggs dead, clean the box"
,2022-06-23T00:00:00Z,,,KG VW WY MZ,FBFG,FBFG2,ATFL,1 near,"4	",3W,-,-
,2022-07-03T00:00:00Z,,,KG AT,FBFG,FBFG2,-,-,"-	",-,-,skipped this week
,2022-07-07T00:00:00Z,,,KG PGG MZ WY,FBFG,FBFG2,ATFL,2 near,"4/ fur	",-,3,WC: 10-12
,2022-07-14T00:00:00Z,,,KG YW,FBFG,FBFG2,ATFL,2 near,"4/ fur	",-,3,-
,2022-06-23T00:00:00Z,,,KG VW WY MZ,FBFG,FBFG3,ATFL?,-,"1	",-,-,-
,2022-07-03T00:00:00Z,,,KG AT,FBFG,FBFG3,-,-,"-	",-,-,skipped this week
,2022-07-07T00:00:00Z,,,KG PGG MZ WY,FBFG,FBFG3,-,-,"-	",-,-,-
,2022-07-14T00:00:00Z,,,"YW, KG",FBFG,FBFG3,-,-,"-	",-,-,-
,2022-06-23T00:00:00Z,,,KG VW WY MZ,FBFG,FBFG4,gone,broken,"-	",-,-,-
,2022-07-03T00:00:00Z,,,KG AT,FBFG,FBFG4,-,-,"-	",-,-,skipped this week
,2022-07-07T00:00:00Z,,,KG PGG MZ WY,FBFG,FBFG4,-,-,"-	",-,-,missing still duh
,2022-07-14T00:00:00Z,,,KG YW,FBFG,FBFG4,-,-,"-	",-,-,empty
,2022-06-23T00:00:00Z,,,KG VW WY MZ,FBFG,FBFG5,ATFL?,-,"1	",-,-,-
,2022-07-03T00:00:00Z,,,KG AT,FBFG,FBFG5,-,-,"-	",-,-,skipped this week
,2022-07-07T00:00:00Z,,,KG PGG MZ WY,FBFG,FBFG5,-,-,"-	",-,-,-
,2022-07-14T00:00:00Z,,,"YW, KG",FBFG,FBFG5,-,-,"-	",-,-,-
,2022-07-14T00:00:00Z,,,KG YW,FBFG,FBFG5,-,-,"-	",-,-,empty
,2022-06-23T00:00:00Z,,,KG VW WY MZ,FBFG,FBFG6,-,-,"-	",-,-,-
,2022-07-03T00:00:00Z,,,KG AT,FBFG,FBFG6,-,-,"-	",-,-,skipped this week
,2022-07-07T00:00:00Z,,,KG PGG MZ WY,FBFG,FBFG6,-,-,"-	",-,-,-
,2022-07-14T00:00:00Z,,,"KG, YW",FBFG,FBFG6,-,-,"-	",-,-,-
,2022-07-14T00:00:00Z,,,KG YW,FBFG,FBFG6,HOSP?,-,"-	",-,-,empty
,2022-06-23T00:00:00Z,,,KG VW WY MZ,FBFG,FBFG7,-,-,"-	",-,-,-
,2022-07-03T00:00:00Z,,,KG AT,FBFG,FBFG7,-,-,"-	",-,-,skipped this week
,2022-07-07T00:00:00Z,,,KG PGG MZ WY,FBFG,FBFG7,-,-,"-	",-,-,-
,2022-07-14T00:00:00Z,,,"KG, YW",FBFG,FBFG7,-,-,"-	",-,-,-
,2022-07-14T00:00:00Z,,,KG YW,FBFG,FBFG7,skipped because broken,-,"-	",-,-,potentially WEBL nest?
,2022-06-23T00:00:00Z,,,KG VW WY MZ,FBFG,FBFG8,-,-,"-	",-,-,-
,2022-07-03T00:00:00Z,,,KG AT,FBFG,FBFG8,-,-,"-	",-,-,skipped this week
,2022-07-07T00:00:00Z,,,KG PGG MZ WY,FBFG,FBFG8,-,-,"-	",-,-,-
,2022-07-14T00:00:00Z,,,KG YW,FBFG,FBFG8,HOSP,1 near,"4/ so weird and tall	",-,-,did not stick hand in
,2022-07-14T00:00:00Z,,,KG YW,FBFG,FBFG8,-,-,"-	",-,-,empty
,2022-06-23T00:00:00Z,,,KG VW WY MZ,FBFG,FBFG9,-,-,"-	",-,-,-
,2022-07-03T00:00:00Z,,,KG AT,FBFG,FBFG9,-,-,"-	",-,-,skipped this week
,2022-07-07T00:00:00Z,,,KG PGG MZ WY,FBFG,FBFG9,-,-,"-	",-,-,-
,2022-07-14T00:00:00Z,,,KG YW,FBFG,FBFG9,-,-,"-	",-,-,empty
,2022-03-21T00:00:00Z,3:13,5:00,"KL, CL, EL, IS",FBFO,FBFO01,WEBL,-,"3	",-,-,
,2022-03-31T00:00:00Z,0:38,1:00,KL VW,FBFO,FBFO01,TRES?,-,"3/2	",-,-,
,2022-04-05T00:00:00Z,1:15,1:50,KG CP,FBFO,FBFO01,WEBL,-,"4	",4W,-,Hobo loggers added!
,2022-04-14T00:00:00Z,1:05,1:45,KG WY,FBFO,FBFO01,WEBL,1 female in,"4	",5W,-,female inside!
,2022-04-21T00:00:00Z,3:19,3:50,KG KL,FBFO,FBFO01,WEBL,1 female in 1 male near,"4	",1,4,"WC: 8,7,9,9–> mother bled twice!"
,2022-06-17T00:00:00Z,,,KL MM,FBFO,FBFO01,WEBL,1 female near,"4	",-,5,"WC: 45, 35, 37, 43, 41"
,2022-06-23T00:00:00Z,,,KG VW WY MZ,FBFO,FBFO01,-,-,"-	",-,-,-
,2022-07-03T00:00:00Z,,,KG AT,FBFO,FBFO01,WEBL,-,"4	",-,-,-
,2022-07-07T00:00:00Z,,,KG PGG MZ WY,FBFO,FBFO01,WEBL,-,"4	",-,-,old nest
,2022-07-14T00:00:00Z,,,KG YW,FBFO,FBFO01,WEBL,-,"4	",-,-,skipped this week
,2022-03-21T00:00:00Z,3:13,5:00,"KL, CL, EL, IS",FBFO,FBFO02,-,-,"-	",-,-,
,2022-03-31T00:00:00Z,0:38,1:00,KL VW,FBFO,FBFO02,-,-,"-	",-,-,
,2022-04-05T00:00:00Z,1:15,1:50,KG CP,FBFO,FBFO02,-,-,"-	",-,-,Humidity logger
,2022-04-14T00:00:00Z,1:05,1:45,KG WY,FBFO,FBFO02,-,-,"-	",-,-,
,2022-04-21T00:00:00Z,3:19,3:50,KG KL,FBFO,FBFO02,-,-,"-	",-,-,-
,2022-06-17T00:00:00Z,,,KL MM,FBFO,FBFO02,HOSP,-,"4	",-,-,nest removed
,2022-06-23T00:00:00Z,,,KG VW WY MZ,FBFO,FBFO02,-,-,"-	",-,-,-
,2022-07-03T00:00:00Z,,,KG AT,FBFO,FBFO02,-,-,"-	",-,-,skipped this week
,2022-07-07T00:00:00Z,,,KG PGG MZ WY,FBFO,FBFO02,-,-,"-	",-,-,-
,2022-07-14T00:00:00Z,,,KG YW,FBFO,FBFO02,-,-,"-	",-,-,skipped this week
,2022-03-21T00:00:00Z,3:13,5:00,"KL, CL, EL, IS",FBFO,FBFO03,-,-,"-	",-,-,
,2022-03-31T00:00:00Z,0:38,1:00,KL VW,FBFO,FBFO03,-,-,"-	",-,-,
,2022-04-05T00:00:00Z,1:15,1:50,KG CP,FBFO,FBFO03,-,-,"-	",-,-,
,2022-04-14T00:00:00Z,1:05,1:45,KG WY,FBFO,FBFO03,-,-,"-	",-,-,
,2022-04-21T00:00:00Z,3:19,3:50,KG KL,FBFO,FBFO03,-,-,"-	",-,-,-
,2022-06-17T00:00:00Z,,,KL MM,FBFO,FBFO03,ATFL,1 female near,"4	",-,4,"WC: 24, 21, 22, 20"
,2022-06-23T00:00:00Z,,,KG VW WY MZ,FBFO,FBFO03,ATFL,2 near,"4	",-,4?,"tried to catch with flap trap for fecal, did not suceed - skip next week"
,2022-07-03T00:00:00Z,,,KG AT,FBFO,FBFO03,-,-,"-	",-,-,skipped this week
,2022-07-07T00:00:00Z,,,KG PGG MZ WY,FBFO,FBFO03,-,-,"-	",-,-,old nest
,2022-07-14T00:00:00Z,,,KG YW,FBFO,FBFO03,-,-,"-	",-,-,skipped this week
,2022-03-21T00:00:00Z,3:13,5:00,"KL, CL, EL, IS",FBFO,FBFO04,-,-,"-	",-,-,
,2022-03-31T00:00:00Z,0:38,1:00,KL VW,FBFO,FBFO04,TRES?,-,"2/0	",-,-,
,2022-04-05T00:00:00Z,1:15,1:50,KG CP,FBFO,FBFO04,WEBL?,-,"1	",-,-,
,2022-04-14T00:00:00Z,1:05,1:45,KG WY,FBFO,FBFO04,?,-,"1	",-,-,
,2022-04-21T00:00:00Z,3:19,3:50,KG KL,FBFO,FBFO04,?,-,"1	",-,-,-
,2022-06-17T00:00:00Z,,,KL MM,FBFO,FBFO04,HOSP,-,"4	",-,-,nest removed
,2022-06-23T00:00:00Z,,,KG VW WY MZ,FBFO,FBFO04,-,-,"-	",-,-,-
,2022-07-03T00:00:00Z,,,KG AT,FBFO,FBFO04,-,-,"-	",-,-,skipped this week
,2022-07-07T00:00:00Z,,,KG PGG MZ WY,FBFO,FBFO04,-,-,"-	",-,-,old nest attempt
,2022-07-14T00:00:00Z,,,KG YW,FBFO,FBFO04,-,-,"-	",-,-,skipped this week
,2022-03-21T00:00:00Z,3:13,5:00,"KL, CL, EL, IS",FBFO,FBFO05,-,-,"-	",-,-,
,2022-03-31T00:00:00Z,0:38,1:00,KL VW,FBFO,FBFO05,-,-,"-	",-,-,
,2022-04-05T00:00:00Z,1:15,1:50,KG CP,FBFO,FBFO05,-,-,"-	",-,-,
,2022-04-14T00:00:00Z,1:05,1:45,KG WY,FBFO,FBFO05,-,-,"-	",-,-,
,2022-04-21T00:00:00Z,3:19,3:50,KG KL,FBFO,FBFO05,HOWR,-,"3	",-,-,-
,2022-06-17T00:00:00Z,,,KL MM,FBFO,FBFO05,HOWR,-,"4	",2C,-,-
,2022-06-23T00:00:00Z,,,KG VW WY MZ,FBFO,FBFO05,HOWR,-,"4	",1A,-,crazy nest
,2022-07-03T00:00:00Z,,,KG AT,FBFO,FBFO05,-,-,"-	",-,-,skipped this week
,2022-07-07T00:00:00Z,,,KG PGG MZ WY,FBFO,FBFO05,-,-,"-	",-,-,old nest
,2022-07-14T00:00:00Z,,,KG YW,FBFO,FBFO05,-,-,"-	",-,-,skipped this week
,2022-03-21T00:00:00Z,3:13,5:00,"KL, CL, EL, IS",FBFO,FBFO06,-,-,"-	",-,-,
,2022-03-31T00:00:00Z,0:38,1:00,KL VW,FBFO,FBFO06,-,-,"-	",-,-,
,2022-04-05T00:00:00Z,1:15,1:50,KG CP,FBFO,FBFO06,-,-,"-	",-,-,
,2022-04-14T00:00:00Z,1:05,1:45,KG WY,FBFO,FBFO06,-,-,"-	",-,-,
,2022-04-21T00:00:00Z,3:19,3:50,KG KL,FBFO,FBFO06,-,-,"-	",-,-,-
,2022-06-17T00:00:00Z,,,KL MM,FBFO,FBFO06,HOWR,-,"3	",-,-,-
,2022-06-23T00:00:00Z,,,KG VW WY MZ,FBFO,FBFO06,-,-,"-	",-,-,empty
,2022-07-03T00:00:00Z,,,KG AT,FBFO,FBFO06,-,-,"-	",-,-,skipped this week
,2022-07-07T00:00:00Z,,,KG PGG MZ WY,FBFO,FBFO06,-,-,"-	",-,-,-
,2022-07-14T00:00:00Z,,,KG YW,FBFO,FBFO06,-,-,"-	",-,-,skipped this week
,2022-03-21T00:00:00Z,3:13,5:00,"KL, CL, EL, IS",FBFO,FBFO07,-,-,"-	",-,-,
,2022-03-31T00:00:00Z,0:38,1:00,KL VW,FBFO,FBFO07,-,-,"-	",-,-,
,2022-04-05T00:00:00Z,1:15,1:50,KG CP,FBFO,FBFO07,-,-,"-	",-,-,
,2022-04-14T00:00:00Z,1:05,1:45,KG WY,FBFO,FBFO07,-,-,"-	",-,-,
,2022-04-21T00:00:00Z,3:19,3:50,KG KL,FBFO,FBFO07,-,-,"-	",-,-,-
,2022-06-17T00:00:00Z,,,KL MM,FBFO,FBFO07,HOWR,-,"3	",-,-,-
,2022-06-23T00:00:00Z,,,KG VW WY MZ,FBFO,FBFO07,HOWR,-,"1.5	",-,-,-
,2022-07-03T00:00:00Z,,,KG AT,FBFO,FBFO07,-,-,"-	",-,-,skipped this week
,2022-07-07T00:00:00Z,,,KG PGG MZ WY,FBFO,FBFO07,-,-,"-	",-,-,-
,2022-07-14T00:00:00Z,,,KG YW,FBFO,FBFO07,-,-,"-	",-,-,skipped this week
,2022-03-21T00:00:00Z,3:13,5:00,"KL, CL, EL, IS",FBFO,FBFO08,-,-,"-	",-,-,
,2022-03-31T00:00:00Z,0:38,1:00,KL VW,FBFO,FBFO08,-,-,"-	",-,-,
,2022-04-05T00:00:00Z,1:15,1:50,KG CP,FBFO,FBFO08,-,-,"-	",-,-,
,2022-04-14T00:00:00Z,1:05,1:45,KG WY,FBFO,FBFO08,?,-,"1	",-,-,Twigs in circle
,2022-04-21T00:00:00Z,3:19,3:50,KG KL,FBFO,FBFO08,HOWR,1 on branch,"4	",-,-,-
,2022-06-17T00:00:00Z,,,KL MM,FBFO,FBFO08,HOWR,-,"3	",-,-,Box found out of tree
,2022-06-23T00:00:00Z,,,KG VW WY MZ,FBFO,FBFO08,-,-,"-	",-,-,-
,2022-07-03T00:00:00Z,,,KG AT,FBFO,FBFO08,-,-,"-	",-,-,skipped this week
,2022-07-07T00:00:00Z,,,KG PGG MZ WY,FBFO,FBFO08,-,-,"-	",-,-,-
,2022-07-14T00:00:00Z,,,KG YW,FBFO,FBFO08,-,-,"-	",-,-,skipped this week
,2022-03-21T00:00:00Z,3:13,5:00,"KL, CL, EL, IS",FBFO,FBFO09,-,-,"-	",-,-,
,2022-03-31T00:00:00Z,0:38,1:00,KL VW,FBFO,FBFO09,-,-,"-	",-,-,
,2022-04-05T00:00:00Z,1:15,1:50,KG CP,FBFO,FBFO09,-,-,"-	",-,-,
,2022-04-14T00:00:00Z,1:05,1:45,KG WY,FBFO,FBFO09,HOWR,-,"4	",-,-,
,2022-04-21T00:00:00Z,3:19,3:50,KG KL,FBFO,FBFO09,HOWR,-,"4	",-,-,-
,2022-06-17T00:00:00Z,,,KL MM,FBFO,FBFO09,HOWR,-,"3	",-,-,Two dead nestlings sad
,2022-06-23T00:00:00Z,,,KG VW WY MZ,FBFO,FBFO09,-,-,"-	",-,-,-
,2022-07-03T00:00:00Z,,,KG AT,FBFO,FBFO09,-,-,"-	",-,-,skipped this week
,2022-07-07T00:00:00Z,,,KG PGG MZ WY,FBFO,FBFO09,-,-,"-	",-,-,-
,2022-07-14T00:00:00Z,,,KG YW,FBFO,FBFO09,-,-,"-	",-,-,skipped this week
,2022-03-21T00:00:00Z,3:13,5:00,"KL, CL, EL, IS",FBFO,FBFO10,-,-,"-	",-,-,
,2022-03-31T00:00:00Z,0:38,1:00,KL VW,FBFO,FBFO10,-,-,"-	",-,-,
,2022-04-05T00:00:00Z,1:15,1:50,KG CP,FBFO,FBFO10,-,-,"-	",-,-,
,2022-04-14T00:00:00Z,1:05,1:45,KG WY,FBFO,FBFO10,-,-,"-	",-,-,2 twigs
,2022-04-21T00:00:00Z,3:19,3:50,KG KL,FBFO,FBFO10,-,-,"-	",-,-,-
,2022-06-17T00:00:00Z,,,KL MM,FBFO,FBFO10,HOWR,-,"1	",-,-,-
,2022-06-23T00:00:00Z,,,KG VW WY MZ,FBFO,FBFO10,HOWR,-,"0.5	",-,-,-
,2022-07-03T00:00:00Z,,,KG AT,FBFO,FBFO10,-,-,"-	",-,-,skipped this week
,2022-07-07T00:00:00Z,,,KG PGG MZ WY,FBFO,FBFO10,-,-,"-	",-,-,-
,2022-07-14T00:00:00Z,,,KG YW,FBFO,FBFO10,-,-,"-	",-,-,skipped this week
,2022-03-21T00:00:00Z,3:13,5:00,"KL, CL, EL, IS",FBFR,FBFR01,-,-,"-	",-,-,
,2022-03-31T00:00:00Z,0:30,1:15,KG YW,FBFR,FBFR01,-,-,"-	",-,-,
,2022-04-05T00:00:00Z,0:45,1:15,KG CP,FBFR,FBFR01,-,-,"-	",-,-,humidity logger added
,2022-04-14T00:00:00Z,0:50,1:05,KG WY,FBFR,FBFR01,-,-,"-	",-,-,empty
,2022-04-21T00:00:00Z,4:10,4:40,"KL, KG",FBFR,FBFR01,-,-,"-	",-,-,
,2022-06-17T00:00:00Z,,,KL MM,FBFR,FBFR01,HOWR,-,"3	",-,-,-
,2022-03-21T00:00:00Z,3:13,5:00,"KL, CL, EL, IS",FBFR,FBFR02,-,-,"-	",-,-,
,2022-03-31T00:00:00Z,0:30,1:15,KG YW,FBFR,FBFR02,-,-,"-	",-,-,
,2022-04-05T00:00:00Z,0:45,1:15,KG CP,FBFR,FBFR02,-,-,"-	",-,-,
,2022-04-14T00:00:00Z,0:50,1:05,KG WY,FBFR,FBFR02,-,-,"-	",-,-,empty
,2022-04-21T00:00:00Z,4:10,4:40,"KL, KG",FBFR,FBFR02,-,-,"-	",-,-,
,2022-06-17T00:00:00Z,,,KL MM,FBFR,FBFR02,-,-,"-	",-,-,-
,2022-03-21T00:00:00Z,3:13,5:00,"KL, CL, EL, IS",FBFR,FBFR03,-,-,"-	",-,-,
,2022-03-31T00:00:00Z,0:30,1:15,KG YW,FBFR,FBFR03,-,-,"-	",-,-,
,2022-04-05T00:00:00Z,0:45,1:15,KG CP,FBFR,FBFR03,-,-,"-	",-,-,
,2022-04-14T00:00:00Z,0:50,1:05,KG WY,FBFR,FBFR03,-,-,"-	",-,-,pin stuck
,2022-04-21T00:00:00Z,4:10,4:40,"KL, KG",FBFR,FBFR03,-,-,"-	",-,-,
,2022-06-17T00:00:00Z,,,KL MM,FBFR,FBFR03,-,-,"-	",-,-,-
,2022-03-21T00:00:00Z,3:13,5:00,"KL, CL, EL, IS",FBFR,FBFR04,-,-,"-	",-,-,
,2022-03-31T00:00:00Z,0:30,1:15,KG YW,FBFR,FBFR04,-,-,"-	",-,-,
,2022-04-05T00:00:00Z,0:45,1:15,KG CP,FBFR,FBFR04,unknown,-,"1	",-,-,3 pieces of grass
,2022-04-14T00:00:00Z,0:50,1:05,KG WY,FBFR,FBFR04,-,-,"-	",-,-,1 twig inside
,2022-04-21T00:00:00Z,4:10,4:40,"KL, KG",FBFR,FBFR04,-,-,"-	",-,-,
,2022-06-17T00:00:00Z,,,KL MM,FBFR,FBFR04,-,-,"-	",-,-,-
,2022-03-21T00:00:00Z,3:13,5:00,"KL, CL, EL, IS",FBFR,FBFR05,-,-,"-	",-,-,
,2022-03-31T00:00:00Z,0:30,1:15,KG YW,FBFR,FBFR05,-,-,"-	",-,-,
,2022-04-05T00:00:00Z,0:45,1:15,KG CP,FBFR,FBFR05,-,-,"-	",-,-,
,2022-04-14T00:00:00Z,0:50,1:05,KG WY,FBFR,FBFR05,-,-,"-	",-,-,empty
,2022-06-17T00:00:00Z,,,KL MM,FBFR,FBFR05,-,-,"-	",-,-,-
,2022-03-21T00:00:00Z,3:13,5:00,"KL, CL, EL, IS",FBFR,FBFR06,-,-,"-	",-,-,
,2022-03-31T00:00:00Z,0:30,1:15,KG YW,FBFR,FBFR06,-,-,"-	",-,-,one feather
,2022-04-05T00:00:00Z,0:45,1:15,KG CP,FBFR,FBFR06,TRES?,-,"1	",-,-,
,2022-04-14T00:00:00Z,0:50,1:05,KG WY,FBFR,FBFR06,-,-,"-	",-,-,1 twig
,2022-04-21T00:00:00Z,16:35,16:49,KG KL,FBFR,FBFR06,-,-,"-	",-,-,empty
,2022-06-17T00:00:00Z,,,KL MM,FBFR,FBFR06,TRES,-,"1	",-,-,-
,2022-03-21T00:00:00Z,3:13,5:00,"KL, CL, EL, IS",FBFR,FBFR07,-,-,"-	",-,-,
,2022-03-31T00:00:00Z,0:30,1:15,KG YW,FBFR,FBFR07,-,-,"-	",-,-,
,2022-04-05T00:00:00Z,0:45,1:15,KG CP,FBFR,FBFR07,-,-,"-	",-,-,
,2022-04-14T00:00:00Z,0:50,1:05,KG WY,FBFR,FBFR07,-,-,"-	",-,-,empty
,2022-06-17T00:00:00Z,,,KL MM,FBFR,FBFR07,TRES,-,"2/0	",-,-,-
,2022-03-21T00:00:00Z,3:13,5:00,"KL, CL, EL, IS",FBFR,FBFR08,-,-,"-	",-,-,
,2022-03-31T00:00:00Z,0:30,1:15,KG YW,FBFR,FBFR08,-,-,"-	",-,-,
,2022-04-05T00:00:00Z,0:45,1:15,KG CP,FBFR,FBFR08,TRES?,-,"2/1	",-,-,
,2022-04-14T00:00:00Z,0:50,1:05,KG WY,FBFR,FBFR08,TRES,-,"4/3	",-,-,
,2022-04-21T00:00:00Z,4:10,4:30,KG KL,FBFR,FBFR08,HOWR,1 in,"4	",6W,-,-
,2022-04-21T00:00:00Z,4:36,4:49,KG KL,FBFR,FBFR08,TRES,-,"4/4	",-,-,-
,2022-06-17T00:00:00Z,,,KL MM,FBFR,FBFR08,TRES,-,"4/10	",1C,-,-
,2022-03-21T00:00:00Z,3:13,5:00,"KL, CL, EL, IS",FBFR,FBFR09,-,-,"-	",-,-,
,2022-03-31T00:00:00Z,0:30,1:15,KG YW,FBFR,FBFR09,-,-,"-	",-,-,
,2022-04-05T00:00:00Z,0:45,1:15,KG CP,FBFR,FBFR09,-,-,"-	",-,-,
,2022-04-14T00:00:00Z,0:50,1:05,KG WY,FBFR,FBFR09,-,-,"-	",-,-,empty
,2022-04-21T00:00:00Z,16:35,16:49,KG KL,FBFR,FBFR09,-,-,"-	",-,-,-
,2022-06-17T00:00:00Z,,,KL MM,FBFR,FBFR09,TRES,-,"2/0	",-,-,-
,2022-06-23T00:00:00Z,,,KG VW WY MZ,FBFR,FBFR1,-,-,"-	",-,-,-
,2022-07-03T00:00:00Z,,,KG AT,FBFR,FBFR1,-,-,"-	",-,-,skipped this week
,2022-07-07T00:00:00Z,,,KG PGG MZ WY,FBFR,FBFR1,-,-,"-	",-,-,-
,2022-03-21T00:00:00Z,3:13,5:00,"KL, CL, EL, IS",FBFR,FBFR10,-,-,"-	",-,-,
,2022-03-31T00:00:00Z,0:30,1:15,KG YW,FBFR,FBFR10,-,-,"-	",-,-,
,2022-04-05T00:00:00Z,0:45,1:15,KG CP,FBFR,FBFR10,TRES,1 in 1 on,"2/2	",-,-,:)
,2022-04-14T00:00:00Z,0:50,1:05,KG WY,FBFR,FBFR10,TRES,1 in,"3/3	",-,-,-
,2022-04-21T00:00:00Z,16:35,16:49,KG KL,FBFR,FBFR10,TRES,1 in 1 flying,"4/3	",3C,-,-
,2022-06-17T00:00:00Z,,,KL MM,FBFR,FBFR10,TRES,1 female on box,"4/15	",3W,-,missing equipment tracking
,2022-06-23T00:00:00Z,,,KG VW WY MZ,FBFR,FBFR10,TRES,1 in,"4/4	",5W,-,"Loggers, plastic in nest"
,2022-07-03T00:00:00Z,,,KG AT,FBFR,FBFR10,TRES,2 near,"4/10	",1W,5,measure 1
,2022-07-07T00:00:00Z,,,KG PGG MZ WY,FBFR,FBFR10,TRES,1 female near,"4/4	",1W,4,mother hanging dead from box so sad - did not bleed babies bc of this
,2022-07-14T00:00:00Z,,,KG YW,FBFR,FBFR10,TRES,1 near,"4/5	",-,3,cutest babies ever
,2022-06-23T00:00:00Z,,,KG VW WY MZ,FBFR,FBFR2,-,-,"-	",-,-,-
,2022-07-03T00:00:00Z,,,KG AT,FBFR,FBFR2,-,-,"-	",-,-,skipped this week
,2022-07-07T00:00:00Z,,,KG PGG MZ WY,FBFR,FBFR2,-,-,"-	",-,-,-
,2022-07-14T00:00:00Z,,,KG YW,FBFR,FBFR2 and FBFR1,-,-,"-	",-,-,empty
,2022-06-23T00:00:00Z,,,KG VW WY MZ,FBFR,FBFR3,-,-,"-	",-,-,-
,2022-07-03T00:00:00Z,,,KG AT,FBFR,FBFR3,-,-,"-	",-,-,skipped this week
,2022-07-07T00:00:00Z,,,KG PGG MZ WY,FBFR,FBFR3,-,-,"-	",-,-,-
,2022-07-14T00:00:00Z,,,KG YW,FBFR,FBFR3,-,-,"-	",-,-,empty
,2022-06-23T00:00:00Z,,,KG VW WY MZ,FBFR,FBFR4,-,-,"-	",-,-,-
,2022-07-03T00:00:00Z,,,KG AT,FBFR,FBFR4,-,-,"-	",-,-,skipped this week
,2022-07-07T00:00:00Z,,,KG PGG MZ WY,FBFR,FBFR4,-,-,"-	",-,-,-
,2022-06-23T00:00:00Z,,,KG VW WY MZ,FBFR,FBFR5,-,-,"-	",-,-,-
,2022-07-03T00:00:00Z,,,KG AT,FBFR,FBFR5,-,-,"-	",-,-,skipped this week
,2022-07-07T00:00:00Z,,,KG PGG MZ WY,FBFR,FBFR5,?,-,"1	",-,-,weird nest of dried leaves
,2022-06-23T00:00:00Z,,,KG VW WY MZ,FBFR,FBFR6,-,-,"-	",-,-,-
,2022-07-03T00:00:00Z,,,KG AT,FBFR,FBFR6,-,-,"-	",-,-,skipped this week
,2022-07-07T00:00:00Z,,,KG PGG MZ WY,FBFR,FBFR6,?,-,"-	",-,-,Weird wirey almost plastic like nest
,2022-06-23T00:00:00Z,,,KG VW WY MZ,FBFR,FBFR7,WEBL,-,"2	",-,-,-
,2022-07-03T00:00:00Z,,,KG AT,FBFR,FBFR7,-,-,"-	",-,-,skipped this week
,2022-07-07T00:00:00Z,,,KG PGG MZ WY,FBFR,FBFR7,WEBL,2 near,"-	",-,-,stuck cannot lower
,2022-06-23T00:00:00Z,,,KG VW WY MZ,FBFR,FBFR8,,-,"1	",-,-,-
,2022-07-03T00:00:00Z,,,KG AT,FBFR,FBFR8,HOSP?,-,"4	",-,-,confusing nest
,2022-07-07T00:00:00Z,,,KG PGG MZ WY,FBFR,FBFR8,HOSP?,-,"4	",4W,-,confusing nest
,2022-06-23T00:00:00Z,,,KG VW WY MZ,FBFR,FBFR9,TRES,2 near,"4/12	",-,5,loggers
,2022-07-03T00:00:00Z,,,KG AT,FBFR,FBFR9,TRES,2 near,"4/10	",-,5,banded!
,2022-07-07T00:00:00Z,,,KG PGG MZ WY,FBFR,FBFR9,TRES,-,"4/10	",-,-,removed gear
,2021-04-16T00:00:00Z,2:50,3:30,KG,Mace Blvd,MBNG1,WEBL,-,"3	",-,-,-
,2021-04-23T00:00:00Z,1:35,2:30,KL KG,Mace Blvd,MBNG1,WEBL,1 in,"4	",5W,-,3 TRES near
,2021-04-30T00:00:00Z,2:00,2:30,"KL, KG",Mace Blvd,MBNG1,WEBL,-,"4	",5A,-,-
,2021-05-07T00:00:00Z,8:40,10:30,KL KG,Mace Blvd,MBNG1,WEBL,-,"4	",3W,2,"WC:7,7"
,2021-05-12T00:00:00Z,23:30,1:50,KL KG,Mace Blvd,MBNG1,WEBL,1 male in,"4	",1W,3,"WC: 9,12,12"
,2021-05-19T00:00:00Z,23:30,0:00,"KL, KG",Mace Blvd,MBNG1,WEBL,-,"4	",-,3,
,2021-05-22T00:00:00Z,1:30,2:30,"KL, RE",Mace Blvd,MBNG1,WEBL,1 near,"4	",-,3,banded
,2021-05-26T00:00:00Z,23:45,0:15,"KL, KG",Mace Blvd,MBNG1,WEBL,1 near,"Skipped	",Skipped,Skipped,Skip 1
,2021-06-02T00:00:00Z,23:30,1:00,KL KG,Mace Blvd,MBNG1,skipped,skipped,"skipped	",skipped,skipped,1 TRES adult somewhat near
,2021-06-09T00:00:00Z,0:15,2:00,"KL, KG",Mace Blvd,MBNG1,WEBL,-,"3	",-,-,Empty
,2021-06-16T00:00:00Z,23:30,0:30,"KL, KG",Mace Blvd,MBNG1,WEBL?,-,"4	",-,-,
,2021-06-23T00:00:00Z,0:00,1:30,KL KG,Mace Blvd,MBNG1,WEBL?,-,"4	",-,-,-
,2021-06-30T00:00:00Z,23:47,1:00,"KL, KG",Mace Blvd,MBNG1,WEBL,-,"4	",-,-,
,2022-03-15T00:00:00Z,9:10,9:45,"KL, CP, SM",Mace Blvd,MBNG1,-,-,"-	",-,-,
,2022-03-23T00:00:00Z,23:53,0:30,"KL, IS",Mace Blvd,MBNG1,-,-,"-	",-,-,
,2022-04-05T00:00:00Z,23:30,0:00,"SM, VW, KL",Mace Blvd,MBNG1,WEBL,1 in,"2	",-,-,
,2022-04-12T00:00:00Z,0:40,1:00,YW,Mace Blvd,MBNG1,WEBL,1Female near,"3	",-,-,
,2022-04-19T00:00:00Z,23:45,0:15,KL,Mace Blvd,MBNG1,WEBL,-,"4	",-,-,
,2022-04-26T00:00:00Z,0:00,16:00,KL,Mace Blvd,MBNG1,WEBL,0,"4	",4A,0,
,2022-05-17T00:00:00Z,,,KL,Mace Blvd,MBNG1,WEBL,-,"4	",-,4,
,2022-05-26T00:00:00Z,,,KG PGG,Mace Blvd,MBNG1,WEBL,-,"4	",-,4,big babies
,2022-06-09T00:00:00Z,,,KL,Mace Blvd,MBNG1,WEBL,-,"4	",-,-,
,2022-06-16T00:00:00Z,,,VW KL,Mace Blvd,MBNG1,WEBL,-,"4	",3C,-,
,2022-06-28T00:00:00Z,,,CP,Mace Blvd,MBNG1,WEBL,0,"4	",5W,0,
,2022-07-19T00:00:00Z,,,KL,Mace Blvd,MBNG1,WEBL,-,"4	",Skipped,Skipped,"One large baby seen, could be more"
,2022-07-27T00:00:00Z,0:05,2:00,SM,Mace Blvd,MBNG1,WEBL,-,"3	",1 old,-,Nest removed
,2023-04-01T00:00:00Z,5:50,6:30,KL,Mace Blvd,MBNG1,TRES,-,"2/5	",-,-,
,2023-04-04T00:00:00Z,2:47,3:15,"KL, YZ, RK",Mace Blvd,MBNG1,TRES,-,"4/20	",-,-,
,2023-04-13T00:00:00Z,0:19,0:50,"RK, YZ, KL",Mace Blvd,MBNG1,TRES,0,"4/20	",0,0,2 adult WEBL nearby
,2023-04-18T00:00:00Z,2:21,2:40,YZ,Mace Blvd,MBNG1,WEBL,1 nearby,"4	",4,0,
,2023-04-27T00:00:00Z,,,KL,Mace Blvd,MBNG1,WEBL,1 in,"4	",5W,-,
,2023-05-04T00:00:00Z,,,KL,Mace Blvd,MBNG1,WEBL,1 in,"4	",-,5,
,2023-05-09T00:00:00Z,2:50,3:10,"KL, YZ",Mace Blvd,MBNG1,WEBL,1 nearby,"4	",0,5,
,2023-05-16T00:00:00Z,3:15,3:45,"RK, YZ",Mace Blvd,MBNG1,WEBL,1 nearby,"4	",0,4,
,2023-06-08T00:00:00Z,23:25,23:30,RK,Mace Blvd,MBNG1,-,0,"4	",0,0,
,2021-04-16T00:00:00Z,2:50,3:00,"KL, KG",Mace Blvd,MBNG10,TRES,-,"4/10	",1a,-,-
,2021-04-23T00:00:00Z,1:35,2:30,KL KG,Mace Blvd,MBNG10,TRES,"1 in, 1 near","3/8	",5W,-,"3 adults near, HOBOS added"
,2021-04-30T00:00:00Z,2:00,2:30,"KL, KG",Mace Blvd,MBNG10,TRES,1 in,"4/8	",5W,-,-
,2021-05-07T00:00:00Z,8:40,10:30,KL KG,Mace Blvd,MBNG10,TRES,2 near,"4/12	",1W,5,"WC: 11,9,11,12,12"
,2021-05-12T00:00:00Z,23:30,1:50,KL KG,Mace Blvd,MBNG10,TRES,1 on,"4/8	",-,5,"WC: 32,31,25,28,30"
,2021-05-15T00:00:00Z,0:15,0:45,KL,Mace Blvd,MBNG10,TRES,-,"4/15	",-,5,banded
,2021-05-19T00:00:00Z,23:30,0:00,"KL, KG",Mace Blvd,MBNG10,TRES,"1 on, 1 in","Skipped	",Skipped,Skipped,Can hear nestlings inside box
,2021-05-26T00:00:00Z,23:45,0:15,"KL, KG",Mace Blvd,MBNG10,TRES,1 on,"Skipped	",Skipped,Skipped,Skip 2
,2021-06-02T00:00:00Z,23:30,0:30,"KL, KG",Mace Blvd,MBNG10,TRES,-,"3/5	",-,-,"Empty nest, no nestlings on ground, removed loggers"
,2021-06-16T00:00:00Z,23:30,0:30,"KL, KG",Mace Blvd,MBNG10,TRES,1 near,"4/7	",4W,-,
,2021-06-23T00:00:00Z,0:00,1:30,KL KG,Mace Blvd,MBNG10,TRES,2 near,"4/11	",4W,-,loggers added! canopy picture already taken for this nest ;)
,2021-06-30T00:00:00Z,23:47,0:30,"KL, KG, TP",Mace Blvd,MBNG10,TRES,1 in 1 near,"4/10	",4W,-,
,2021-07-07T00:00:00Z,23:30,1:00,KL KG,Mace Blvd,MBNG10,TRES,1 in,"4/12	",4W,-,-
,2021-07-15T00:00:00Z,23:30,0:30,KG,Mace Blvd,MBNG10,TRES,-,"4/20	",4C,-,loggers removed
,2022-03-15T00:00:00Z,9:10,9:45,"KL, CP, SM",Mace Blvd,MBNG10,-,-,"-	",-,-,
,2022-03-23T00:00:00Z,23:53,0:30,"KL, IS",Mace Blvd,MBNG10,-,-,"-	",-,-,
,2022-03-29T00:00:00Z,2:50,3:19,CP,Mace Blvd,MBNG10,TRES?,3 TRES flying near,"1, 1 feather	",-,-,
,2022-04-05T00:00:00Z,23:30,0:00,"SM, VW, KL",Mace Blvd,MBNG10,TRES,1 on,"0/1	",-,-,
,2022-04-12T00:00:00Z,0:40,1:00,YW,Mace Blvd,MBNG10,/,-,"-	",-,-,
,2022-04-19T00:00:00Z,23:45,0:15,KL,Mace Blvd,MBNG10,TRES,1 near,"1/0	",-,-,
,2022-04-26T00:00:00Z,0:00,1:00,SM,Mace Blvd,MBNG10,TRES,3 TRES flying near,"4/4	",-,-,
,2022-05-17T00:00:00Z,,,VW,Mace Blvd,MBNG10,TRES,1IN,"4/7	",5W,-,
,2022-05-17T00:00:00Z,,,KL,Mace Blvd,MBNG10,TRES,1 near,"4 /10	",5W,-,
,2022-05-26T00:00:00Z,,,KL,Mace Blvd,MBNG10,TRES,2 near,"4/10	",-,5,
,2022-05-31T00:00:00Z,,,KL,Mace Blvd,MBNG10,TRES,1 TRES female in,"4	",0,5,1 nestling too small to band
,2022-06-09T00:00:00Z,,,KL,Mace Blvd,MBNG10,TRES,2 near,"Skipped	",Skipped,Skipped,
,2022-06-16T00:00:00Z,,,VW,Mace Blvd,MBNG10,WEBL,-,"3	",-,-,
,2022-06-22T00:00:00Z,,,"YW, KL",Mace Blvd,MBNG10,TRES,-,"4	",2W,-,-
,2022-06-28T00:00:00Z,,,KL,Mace Blvd,MBNG10,TRES,2 near,"4/10	",3W,-,
,2022-07-05T00:00:00Z,,,KL,Mace Blvd,MBNG10,TRES,2 near,"4/10	",3W,-,
,2022-07-13T00:00:00Z,,,KG VW,Mace Blvd,MBNG10,TRES,1 near,"4/6	",-,3,"mom not caught , cam not added but can be"
,2022-07-14T00:00:00Z,,,VW,Mace Blvd,MBNG10,TRES,1IN,"4/6	",-,-,
,2022-07-19T00:00:00Z,,,PGG,Mace Blvd,MBNG10,TRES,2 near,"4/10	",-,3,
,2022-07-27T00:00:00Z,,,SM,Mace Blvd,MBNG10,Skipped,-,"Skipped	",Skipped,Skipped,
,2022-08-12T00:00:00Z,,,KL,Mace Blvd,MBNG10,TRES,-,"4	",-,-,
,2023-04-01T00:00:00Z,5:50,6:30,KL,Mace Blvd,MBNG10,TRES,2 near,"4/0	",-,-,
,2023-04-04T00:00:00Z,3:03,3:15,"YZ, RK",Mace Blvd,MBNG10,TRES,3 nearby,"4	",-,-,
,2023-04-13T00:00:00Z,,,"KL,YZ,RK",Mace Blvd,MBNG10,TRES,2 near,"4/0	",-,-,
,2023-04-18T00:00:00Z,,,KL,Mace Blvd,MBNG10,TRES,2 near,"4/0	",-,-,
,2023-04-27T00:00:00Z,,,KL,Mace Blvd,MBNG10,TRES,2 near,"4/1	",2C,-,
,2023-05-04T00:00:00Z,0:47,0:50,YZ,Mace Blvd,MBNG10,TRES,1 nearby,"4/8	",5W,0,
,2023-05-09T00:00:00Z,3:32,16:00,RK,Mace Blvd,MBNG10,TRES,0,"4/25	",5W,0,
,2021-04-16T00:00:00Z,2:50,3:30,KL KG,Mace Blvd,MBNG11,TRES,2 on box,"4/ 9	",5,-,one adult handed: left leg red/ pink band
,2021-04-23T00:00:00Z,1:35,2:30,KL KG,Mace Blvd,MBNG11,TRES,1 in,"4/13	",5W,-,One egg bigger than others?
,2021-04-30T00:00:00Z,2:00,2:30,"KL, KG",Mace Blvd,MBNG11,TRES,2 near,"4/25	",3W,3,-
,2021-05-07T00:00:00Z,8:40,10:30,KL KG,Mace Blvd,MBNG11,TRES,1 in,"4/20	",2W,4,"WC: 29,29,24"
,2021-05-11T00:00:00Z,4:00,4:30,KL,Mace Blvd,MBNG11,TRES,1 in,"4/20	",-,4,"Banded. Dead banded adult in front of box, brain eaten. Get band next week"
,2021-05-12T00:00:00Z,23:30,1:50,KL KG,Mace Blvd,MBNG11,TRES,2 near,"4/10	",-,4,"WC: 49,48,43,52"
,2021-05-19T00:00:00Z,23:30,0:00,"KL, KG",Mace Blvd,MBNG11,TRES,1 on 1 in,"Skipped	",Skipped,Skipped,
,2021-05-26T00:00:00Z,23:45,0:15,"KL, KG",Mace Blvd,MBNG11,TRES,-,"3/10	",-,-,Headless adult from a few weeks ago band 2721-01206
,2021-06-02T00:00:00Z,23:30,1:00,KL KG,Mace Blvd,MBNG11,TRES,1 on,"4/18	",-,-,new nest!
,2021-06-09T00:00:00Z,0:15,2:00,"KL, KG",Mace Blvd,MBNG11,TRES,1 on,"4/25	",5A,-,1 banded TRES on top
,2021-06-16T00:00:00Z,23:30,0:30,"KL, KG",Mace Blvd,MBNG11,TRES,1 near,"4/13	",5W,-,
,2021-06-23T00:00:00Z,0:00,1:30,KL KG,Mace Blvd,MBNG11,TRES,1 in,"4/8	",-,5,"WC: 6,11,13,12"
,2021-06-30T00:00:00Z,23:47,0:30,"KL, KG, TP",Mace Blvd,MBNG11,TRES,2 near,"4/15	",-,4,
,2022-03-15T00:00:00Z,9:10,9:45,"KL, CP, SM",Mace Blvd,MBNG11,TRES,"1 in red on L,  3 near","4/10	",-,-,
,2022-03-23T00:00:00Z,23:53,0:30,"KL, IS",Mace Blvd,MBNG11,TRES,1 on,"4/10	",-,-,
,2022-03-29T00:00:00Z,2:50,3:19,CP,Mace Blvd,MBNG11,TRES,3 TRES flying near,"4, 13 feathers	","5, warm",0,
,2022-04-05T00:00:00Z,23:30,0:00,"SM, VW, KL",Mace Blvd,MBNG11,TRES,2 mobbing me,"4/8	",5W,-,loggers added
,2022-04-12T00:00:00Z,0:15,1:00,KG YW,Mace Blvd,MBNG11,TRES,1 in,"4	",4,1!,TINY BABY nestling!!!!! just hatched
,2022-04-19T00:00:00Z,23:30,1:00,"KL, AS, CP",Mace Blvd,MBNG11,TRES,1 near,"4/10	",-,5,"WC: 17, 20, 15, 18, 19"
,2022-04-26T00:00:00Z,23:55,4:00,SM KL CP,Mace Blvd,MBNG11,TRES,2 on,"4	",-,5,Banded
,2022-05-10T00:00:00Z,,,"KL, CP, VW",Mace Blvd,MBNG11,TRES,2 on,"4/10	",-,-,
,2022-05-17T00:00:00Z,,,VW,Mace Blvd,MBNG11,TRES,-,"4/8	",3C,-,-
,2022-05-26T00:00:00Z,,,SM,Mace Blvd,MBNG11,TRES,1 in,"4/?	",skipped,skipped,Skipped due to wasp stinging me but pretty sure it was just an empty nest
,2022-06-09T00:00:00Z,,,KL,Mace Blvd,MBNG11,TRES,2 near,"4/10	",2W,2,Wasp nest in so didn't measure nestlings- skip next week
,2022-06-16T00:00:00Z,,,VW,Mace Blvd,MBNG11,TRES,-,"4/7	",-,2,big babies
,2022-06-22T00:00:00Z,,,"YW, KL",Mace Blvd,MBNG11,TRES,-,"-	",-,-,clean out the nest
,2022-06-28T00:00:00Z,,,KL,Mace Blvd,MBNG11,-,-,"-	",-,-,
,2022-07-05T00:00:00Z,,,VW,Mace Blvd,MBNG11,-,-,"-	",-,-,empty
,2022-07-13T00:00:00Z,,,VW,Mace Blvd,MBNG11,-,-,"-	",-,-,empty
,2022-07-19T00:00:00Z,,,PGG,Mace Blvd,MBNG11,-,-,"-	",-,-,
,2022-07-27T00:00:00Z,,,SM,Mace Blvd,MBNG11,-,-,"-	",-,-,
,2023-04-01T00:00:00Z,5:50,6:30,KL,Mace Blvd,MBNG11,-,-,"-	",-,-,
,2023-04-04T00:00:00Z,3:03,3:15,"RK, YZ",Mace Blvd,MBNG11,-,0,"0	",0,0,
,2023-04-13T00:00:00Z,,,"KL, YZ,RK",Mace Blvd,MBNG11,TRES,2 near,"4/2	",-,-,
,2023-04-18T00:00:00Z,,,KL,Mace Blvd,MBNG11,TRES,-,"4/3	",-,-,
,2023-04-27T00:00:00Z,,,KL,Mace Blvd,MBNG11,TRES,2 near,"4/10	",6W,-,
,2023-05-04T00:00:00Z,0:48,0:50,YZ,Mace Blvd,MBNG11,TRES,2 nearby,"4/10	",6W,0,
,2023-05-09T00:00:00Z,,,"KL,YZ,RK,DG",Mace Blvd,MBNG11,TRES,1 in 1 near,"4/15	",-,6,
,2023-05-22T00:00:00Z,,,KL,Mace Blvd,MBNG11,TRES,2 near,"4/2	",-,6,Soooo many mites and maybe some injuries
,2023-06-08T00:00:00Z,23:30,23:40,RK,Mace Blvd,MBNG11,-,0,"4	",0,0,"camera's velcro had fallen off, unplugging battery and potentially cam card"
,2023-06-28T00:00:00Z,1:45,2:00,RK,Mace Blvd,MBNG11,TRES,0,"4/15	",5W,0,
,2023-07-06T00:00:00Z,3:15,3:45,"KL, RK",Mace Blvd,MBNG11,TRES,0,"4/15	",3W,0,
,2023-07-12T00:00:00Z,,,KL,Mace Blvd,MBNG11,TRES,-,"4/10	",4C,-,"Abandoned - really bad nest, almost no grass at all"
,2021-04-16T00:00:00Z,2:50,3:30,"KL, KG",Mace Blvd,MBNG12,TRES,-,"4/8	",-,-,-
,2021-04-23T00:00:00Z,1:35,2:30,KL KG,Mace Blvd,MBNG12,TRES,1 in female,"4/5	",6W,-,Hobos added
,2021-04-30T00:00:00Z,2:00,2:30,"KL, KG",Mace Blvd,MBNG12,TRES,1 in,"4/12	",6W,-,-
,2021-05-07T00:00:00Z,8:40,10:30,KL KG,Mace Blvd,MBNG12,TRES,1 in 1 near,"4/15	",-,6,"WC: 6,6,8,8,8,7"
,2021-05-12T00:00:00Z,23:30,1:50,KL KG,Mace Blvd,MBNG12,TRES,female in,"4/8	",-,6,"WC: 20,16,19,20,15,13"
,2021-05-17T00:00:00Z,23:30,0:30,"KL, AG",Mace Blvd,MBNG12,TRES,-,"4/10	",-,5,banded
,2021-05-19T00:00:00Z,23:30,0:00,"KL, KG",Mace Blvd,MBNG12,TRES,"1 on, 1 in","Skipped	",Skipped,Skipped,Can hear loud nestlings in box
,2021-05-26T00:00:00Z,23:45,0:15,"KL, KG",Mace Blvd,MBNG12,TRES,"1 on, 1 near","Skipped	",Skipped,Skipped,"Nestlings audible inside, one sticking head out, parents feeding"
,2021-06-02T00:00:00Z,23:30,0:30,"KL, KG",Mace Blvd,MBNG12,TRES,"1 in, 1 on","3/0	",-,-,"Empty nest, some new material on top. Removed loggers"
,2021-06-09T00:00:00Z,0:15,2:00,"KL, KG",Mace Blvd,MBNG12,TRES,2 near,"4/2	",4A,-,
,2021-06-16T00:00:00Z,23:30,0:30,"KL, KG",Mace Blvd,MBNG12,TRES,4 near,"4/5	",4W,-,1 dead nestling pink nail polish
,2021-06-23T00:00:00Z,0:00,1:00,"KL, KG",Mace Blvd,MBNG12,TRES,1 in,"4/10	",2W,2,"WC: 6,6 -just hatched"
,2021-06-30T00:00:00Z,23:47,0:30,"KL, KG, TP",Mace Blvd,MBNG12,TRES,-,"4/10	",-,4,
,2022-03-15T00:00:00Z,9:10,9:45,"KL, CP, SM",Mace Blvd,MBNG12,TRES,-,"3/0	",-,-,
,2022-03-23T00:00:00Z,23:53,0:30,"KL, IS",Mace Blvd,MBNG12,TRES,1 on,"4/2	",-,-,
,2022-03-29T00:00:00Z,2:50,3:19,YW,Mace Blvd,MBNG12,TRES,1 in,"4, 3 feathers	",-,-,
,2022-04-05T00:00:00Z,23:30,0:00,"SM, VW, KL",Mace Blvd,MBNG12,TRES,1 on,"4/6	",1,-,
,2022-04-12T00:00:00Z,0:40,1:00,"YW, KG",Mace Blvd,MBNG12,TRES,1on,"-	",5 W,-,loggers added
,2022-04-19T00:00:00Z,23:45,0:15,KL,Mace Blvd,MBNG12,TRES,1 near,"4/5	",5W,-,
,2022-04-26T00:00:00Z,23:55,4:00,SM KL CP,Mace Blvd,MBNG12,TRES,2 in,"4	",-,5,"WC: 6 6 7, measure 1, captured mom"
,2022-05-03T00:00:00Z,23:45,1:00,KG PGG CP VW,Mace Blvd,MBNG12,TRES,2 near,"4	",-,5,-
,2022-05-07T00:00:00Z,,,"KL, KG",Mace Blvd,MBNG12,TRES,2 near,"4/10	",-,5,Pink nestling died during banding- accidental thoracic compression D:
,2022-05-17T00:00:00Z,,,VW,Mace Blvd,MBNG12,TRES,-,"4/4	",-,-,fledged
,2022-05-26T00:00:00Z,,,SM,Mace Blvd,MBNG12,TRES,-,"4/5	",-,-,
,2022-06-09T00:00:00Z,,,KL,Mace Blvd,MBNG12,TRES,-,"4/10	",5W,-,
,2022-06-16T00:00:00Z,,,VW,Mace Blvd,MBNG12,TRES,1 IN,"4/6	",-,1,-
,2022-06-22T00:00:00Z,,,"YW, KL",Mace Blvd,MBNG12,TRES,-,"4	",-,-,-
,2022-06-28T00:00:00Z,,,KL,Mace Blvd,MBNG12,TRES,-,"4/5	",-,-,
,2022-07-05T00:00:00Z,,,VW,Mace Blvd,MBNG12,TRES,-,"4/7	",-,-,
,2022-07-13T00:00:00Z,,,KG VW,Mace Blvd,MBNG12,TRES,-,"4/12	",-,-,one tiny dead baby
,2022-07-19T00:00:00Z,,,KL,Mace Blvd,MBNG12,-,-,"-	",-,-,
,2022-07-27T00:00:00Z,,,SM,Mace Blvd,MBNG12,TRES,-,"4/6	",-,-,
,2023-04-01T00:00:00Z,5:50,6:30,KL,Mace Blvd,MBNG12,-,-,"-	",-,-,
,2023-04-04T00:00:00Z,3:04,3:15,"YZ, RK",Mace Blvd,MBNG12,TRES,2 nearby,"0	",-,-,
,2023-04-13T00:00:00Z,0:28,0:50,YZ,Mace Blvd,MBNG12,TRES,1 nearby,"0	",0,0,
,2023-04-18T00:00:00Z,,,KL,Mace Blvd,MBNG12,-,-,"-	",-,-,
,2023-04-27T00:00:00Z,,,KL,Mace Blvd,MBNG12,-,-,"-	",-,-,
,2023-05-04T00:00:00Z,0:50,0:50,YZ,Mace Blvd,MBNG12,TRES,0,"0	",0,0,1 dead adult TRES inside
,2023-05-09T00:00:00Z,3:35,3:50,YZ,Mace Blvd,MBNG12,TRES,2 nearby,"4/1	",0,0,
,2023-06-01T00:00:00Z,,,KL,Mace Blvd,MBNG12,TRES,3 near,"4/30	",5W,-,
,2023-06-08T00:00:00Z,0:00,0:30,"RK, YZ, KL",Mace Blvd,MBNG12,TRES,2 near,"4/30	",0,4,dead adult TRES near box
,2023-06-15T00:00:00Z,1:00,1:04,"KL, RK, YZ",Mace Blvd,MBNG12,TRES,0,"4/15	",0,0,All nestlings predated. Found bones in bottom of nest
,2021-04-16T00:00:00Z,2:50,3:30,KL KG,Mace Blvd,MBNG13,TRES,-,"4/ 7	",5,-,one wasp but no nest
,2021-04-23T00:00:00Z,1:35,2:30,KL KG,Mace Blvd,MBNG13,TRES,1 in,"4/10	",5W,-,-
,2021-04-30T00:00:00Z,2:00,2:30,"KL, KG",Mace Blvd,MBNG13,TRES,1 in,"4/11	",3W,2,-
,2021-05-07T00:00:00Z,8:40,10:30,KL KG,Mace Blvd,MBNG13,TRES,1 in 1 near,"4/10	",-,5,"WC: 21,26,24"
,2021-05-12T00:00:00Z,23:30,1:50,KL KG,Mace Blvd,MBNG13,TRES,2 near,"4/9	",-,5,"WC: 47,48,53,47,55"
,2021-05-19T00:00:00Z,23:30,0:00,"KL, KG",Mace Blvd,MBNG13,TRES,-,"Skipped	",Skipped,Skipped,
,2021-05-26T00:00:00Z,23:45,0:15,"KL, KG",Mace Blvd,MBNG13,WEBL,-,"Skipped	",Skipped,Skipped,No nestlings audible
,2021-06-02T00:00:00Z,23:30,1:00,KL KG,Mace Blvd,MBNG13,TRES,1 on 1 in,"4/18	",1W,-,-
,2021-06-09T00:00:00Z,0:15,2:00,"KL, KG",Mace Blvd,MBNG13,TRES,1 in,"4/25	",4A,-,
,2021-06-16T00:00:00Z,23:30,0:30,"KL, KG",Mace Blvd,MBNG13,TRES,-,"4/15	",4W,-,
,2021-06-23T00:00:00Z,0:00,1:00,"KL, KG",Mace Blvd,MBNG13,TRES,1 in,"4/10	",2W,2,"WC: 18,7 CRAZy"
,2021-06-30T00:00:00Z,23:47,0:30,"KL, KG, TP",Mace Blvd,MBNG13,Skipped,-,"Skipped	",Skipped,Skipped,Nothing audible from outside
,2022-03-15T00:00:00Z,9:10,9:45,"KL, CP, SM",Mace Blvd,MBNG13,-,-,"-	",-,-,
,2022-03-23T00:00:00Z,23:53,0:30,"KL, IS",Mace Blvd,MBNG13,-,-,"-	",-,-,
,2022-03-29T00:00:00Z,2:50,3:19,YW,Mace Blvd,MBNG13,-,-,"-	",-,-,
,2022-04-05T00:00:00Z,23:30,0:00,VW,Mace Blvd,MBNG13,-,-,"-	",-,-,
,2022-04-12T00:00:00Z,0:15,1:00,KG YW,Mace Blvd,MBNG13,TRES?,2 on,"-	",-,-,-
,2022-04-19T00:00:00Z,23:45,0:15,KL,Mace Blvd,MBNG13,TRES,1 near,"3/0	",-,-,
,2022-04-26T00:00:00Z,0:00,1:00,SM,Mace Blvd,MBNG13,TRES,2 TRES on box,"4/5	",-,-,
,2022-05-17T00:00:00Z,,,VW,Mace Blvd,MBNG13,TRES,6 MOBBING,"4/7	",3W,1,
,2022-05-22T00:00:00Z,,,SM,Mace Blvd,MBNG13,TRES,-,"4/10	",-,-,Cleaned out nest with a bunch of dead nestlings in it. Pretty decayed.
,2022-06-09T00:00:00Z,,,KL,Mace Blvd,MBNG13,WEBL,1 in,"4	",5W,-,
,2022-06-16T00:00:00Z,,,SM KL VW,Mace Blvd,MBNG13,WEBL,1 nearby,"4	",5 W,-,
,2022-06-22T00:00:00Z,,,"YW, KL",Mace Blvd,MBNG13,TRES,-,"4	",-,5,-
,2022-06-28T00:00:00Z,,,KL,Mace Blvd,MBNG13,WEBL,2 in,"4	",-,4,
,2022-07-05T00:00:00Z,,,VW,Mace Blvd,MBNG13,WEBL,-,"4	",-,4,
,2022-07-14T00:00:00Z,,,VW,Mace Blvd,MBNG13,WEBL,-,"-	",-,-,
,2022-07-19T00:00:00Z,,,KL,Mace Blvd,MBNG13,WEBL,-,"4	",-,-,
,2022-07-27T00:00:00Z,,,SM,Mace Blvd,MBNG13,TRES?,-,"3/1	",-,-,Removed nest
,2023-04-13T00:00:00Z,,0:50,RK,Mace Blvd,MBNG13,TRES,1 nearby,"0/0	",-,-,
,2023-04-18T00:00:00Z,,,KL,Mace Blvd,MBNG13,-,-,"-	",-,-,
,2023-04-27T00:00:00Z,,,KL,Mace Blvd,MBNG13,TRES,1 on banded,"1/0	",-,-,
,2023-05-04T00:00:00Z,0:50,1:15,RK,Mace Blvd,MBNG13,TRES,3 nearby,"4/3	",0,0,
,2023-05-09T00:00:00Z,3:37,3:50,YZ,Mace Blvd,MBNG13,TRES,2 nearby,"4/4	",2C,0,
,2021-04-16T00:00:00Z,2:50,3:30,"KL, KG",Mace Blvd,MBNG14,-,-,"-	",-,-,-
,2021-04-23T00:00:00Z,1:35,2:30,KL KG,Mace Blvd,MBNG14,TRES,2 near,"1.25	",-,-,Bottom of nest barely covered
,2021-04-30T00:00:00Z,2:00,2:30,"KL, KG",Mace Blvd,MBNG14,WEBL,1 in,"3	",-,-,-
,2021-05-07T00:00:00Z,8:40,10:30,KL KG,Mace Blvd,MBNG14,WEBL,-,"4	",5W,-,-
,2021-05-12T00:00:00Z,23:30,1:50,KL KG,Mace Blvd,MBNG14,WEBL,female near,"4	",5W,-,-
,2021-05-19T00:00:00Z,23:30,0:00,"KL, KG",Mace Blvd,MBNG14,TRES,1 on,"Skipped	",Skipped,Skipped,"Accidentally opened wrong box- very feathered babies in here, at least three"
,2021-05-26T00:00:00Z,23:45,0:15,"KL, KG",Mace Blvd,MBNG14,TRES,1 on,"Skipped	",Skipped,Skipped,No nestlings audible
,2021-06-02T00:00:00Z,23:30,1:00,KL KG,Mace Blvd,MBNG14,TRES,-,"skipped	",skipped,2?,peeked in quickly because this is week 3 after skips- there are still babies in there that seem very very large ? unsure why they are still in there
,2021-06-09T00:00:00Z,0:15,2:00,"KL, KG",Mace Blvd,MBNG14,WEBL,-,"Skipped	",Skipped,Skipped,1 nestling visible at box hole
,2021-06-16T00:00:00Z,23:30,0:30,"KL, KG",Mace Blvd,MBNG14,WEBL,-,"3	",-,-,
,2021-06-23T00:00:00Z,0:00,1:00,"KL, KG",Mace Blvd,MBNG14,WEBL,-,"4	",-,-,
,2021-06-30T00:00:00Z,23:47,0:30,"KL, KG, TP",Mace Blvd,MBNG14,WEBL,-,"4	",-,-,
,2022-03-15T00:00:00Z,9:10,9:45,"KL, CP, SM",Mace Blvd,MBNG14,WEBL,-,"1	",-,-,
,2022-03-23T00:00:00Z,23:53,0:30,"KL, IS",Mace Blvd,MBNG14,WEBL,2 near,"3	",-,-,
,2022-03-29T00:00:00Z,2:50,3:19,CP,Mace Blvd,MBNG14,TRES,6 TRES flying near,"4, 0 feathers	",0,0,
,2022-04-05T00:00:00Z,23:30,0:00,"SM, VW, KL",Mace Blvd,MBNG14,WEBL,2 on,"4	",2 C,-,
,2022-04-12T00:00:00Z,0:40,1:00,YW KG,Mace Blvd,MBNG14,WEBL,-,"4	",6W,-,
,2022-04-19T00:00:00Z,23:45,0:15,KL,Mace Blvd,MBNG14,WEBL,-,"4	",6W,-,
,2022-04-26T00:00:00Z,23:55,2:30,KL SM CP,Mace Blvd,MBNG14,WEBL,-,"4	",1,5,"WC: 6,7,8"
,2022-05-10T00:00:00Z,,,VW KL CP,Mace Blvd,MBNG14,ATFL,2 NEAR,"4	",2C,-,lots of things going on. Should be WEBL babies already. Babies are gone and replaced by ATFL nest with 2 eggs. Wow weird!
,2022-05-17T00:00:00Z,,,VW,Mace Blvd,MBNG14,ATFL,1 IN,"4	",5W,-,
,2022-05-26T00:00:00Z,,,KG PGG SM KL,Mace Blvd,MBNG14,ATFL!,1 in,"4/ lots of fur	",4W,1,so awesome
,2022-06-09T00:00:00Z,,,KL,Mace Blvd,MBNG14,ATFL,1 near,"Skipped	",Skipped,Skipped,
,2022-06-16T00:00:00Z,,,SM KL VW,Mace Blvd,MBNG14,ATFL,-,"4	",2:00 AM,-,
,2022-06-22T00:00:00Z,,,"YW, KL",Mace Blvd,MBNG14,ATFL,-,"4	",2W,-,-
,2022-06-28T00:00:00Z,,,KL,Mace Blvd,MBNG14,ATFL,-,"4	",2A,-,
,2022-07-05T00:00:00Z,,,VW,Mace Blvd,MBNG14,ATFL,-,"4	",2C,-,
,2022-07-14T00:00:00Z,,,VW,Mace Blvd,MBNG14,ATFL,-,"4	",2C,-,abandoned
,2022-07-19T00:00:00Z,,,KL,Mace Blvd,MBNG14,ATFL,-,"4	",2C,-,
,2022-07-27T00:00:00Z,,,SM,Mace Blvd,MBNG14,-,-,"-	",-,-,
,2023-04-01T00:00:00Z,5:50,6:30,KL,Mace Blvd,MBNG14,-,-,"-	",-,-,
,2023-04-04T00:00:00Z,3:10,3:15,"RK, YZ",Mace Blvd,MBNG14,TRES,2  nearby,"0	",0,0,
,2023-04-13T00:00:00Z,0:30,0:50,YZ,Mace Blvd,MBNG14,TRES,2 nearby,"0	",0,0,
,2023-04-18T00:00:00Z,,,KL,Mace Blvd,MBNG14,TRES,-,"2/0	",-,-,
,2023-04-27T00:00:00Z,,,KL,Mace Blvd,MBNG14,TRES,-,"3/3	",-,-,
,2023-05-04T00:00:00Z,0:49,1:15,RK,Mace Blvd,MBNG14,TRES,1 on top,"4/0	",0,0,
,2023-05-09T00:00:00Z,3:35,4:00,RK,Mace Blvd,MBNG14,-,0,"2	",0,0,
,2023-06-01T00:00:00Z,,,KL,Mace Blvd,MBNG14,WEBL,1 in,"4	",5W,-,
,2023-06-08T00:00:00Z,0:19,,KL,Mace Blvd,MBNG14,WEBL,0,"4	",5W,0,
,2023-06-15T00:00:00Z,0:10,0:54,"KL, RK, YZ",Mace Blvd,MBNG14,WEBL,2 nearby,"4	",0,5,
,2023-07-12T00:00:00Z,,,KL,Mace Blvd,MBNG14,WEBL,-,"3	",-,-,
,2021-04-16T00:00:00Z,2:50,3:30,KL KG,Mace Blvd,MBNG15,TRES,-,"4/ 4	",-,-,-
,2021-04-23T00:00:00Z,1:35,2:30,KL KG,Mace Blvd,MBNG15,TRES,1 in 1 on,"4/3	",-,-,2 near and aggresive!
,2021-04-30T00:00:00Z,2:00,2:30,"KL, KG",Mace Blvd,MBNG15,TRES,-,"4/3	",-,-,-
,2021-05-07T00:00:00Z,8:40,10:30,KL KG,Mace Blvd,MBNG15,TRES,1 in,"4/5	",5W,-,-
,2021-05-12T00:00:00Z,23:30,1:50,KL KG,Mace Blvd,MBNG15,TRES,1 in,"4/7	",5W,-,-
,2021-05-19T00:00:00Z,23:30,0:00,KL KG,Mace Blvd,MBNG15,TRES,1 in,"4/10	",2,3,"WC: 7, 7, 7"
,2021-05-26T00:00:00Z,23:45,0:15,"KL, KG",Mace Blvd,MBNG15,TRES,1 in,"4/5	",-,5,Fairly small- maybe need wing chord
,2021-06-02T00:00:00Z,23:30,1:00,KL KG,Mace Blvd,MBNG15,TRES,1 in,"skipped	",skipped,skipped,skipped
,2021-06-09T00:00:00Z,0:15,2:00,"KL, KG",Mace Blvd,MBNG15,TRES,1 on,"Skipped	",Skipped,Skipped,"Nestlings audible inside, adult feeding"
,2021-06-16T00:00:00Z,23:30,0:30,"KL, KG",Mace Blvd,MBNG15,TRES,-,"3/0	",-,-,
,2021-06-23T00:00:00Z,0:00,1:00,"KL, KG",Mace Blvd,MBNG15,TRES,-,"2/1	",-,-,
,2021-06-30T00:00:00Z,23:47,0:30,"KL, KG, TP",Mace Blvd,MBNG15,TRES,-,"2/0	",-,-,
,2022-03-15T00:00:00Z,9:10,9:45,"KL, CP, SM",Mace Blvd,MBNG15,TRES,1,"-	",-,-,
,2022-03-23T00:00:00Z,23:53,0:30,"KL, IS",Mace Blvd,MBNG15,TRES,1 near,"1/0	",-,-,
,2022-04-05T00:00:00Z,23:30,0:00,VW,Mace Blvd,MBNG15,-,-,"-	",-,-,
,2022-04-12T00:00:00Z,0:15,1:00,KG YW SM CP,Mace Blvd,MBNG15,TRES?,1 in,"0/1	",-,-,-
,2022-04-19T00:00:00Z,23:45,0:15,KL,Mace Blvd,MBNG15,TRES,2 near,"3/0	",-,-,
,2022-04-26T00:00:00Z,0:00,1:00,SM,Mace Blvd,MBNG15,TRES,1 TRES inside,"4/1	",2A,-,
,2022-05-17T00:00:00Z,,,VW,Mace Blvd,MBNG15,TRES,1 IN,"4/6	",5W,2,
,2022-05-26T00:00:00Z,,,SM,Mace Blvd,MBNG15,TRES,2 nearby,"4/10	",2,4,
,2022-06-09T00:00:00Z,,,KL,Mace Blvd,MBNG15,TRES,-,"4/2	",-,-,Cleaned nest
,2022-06-16T00:00:00Z,,,SM KL VW,Mace Blvd,MBNG15,-,-,"-	",-,-,
,2022-06-22T00:00:00Z,,,"YW, KL",Mace Blvd,MBNG15,-,-,"-	",-,-,-
,2022-07-05T00:00:00Z,,,VW,Mace Blvd,MBNG15,-,-,"-	",-,-,empty
,2022-07-14T00:00:00Z,,,VW,Mace Blvd,MBNG15,-,-,"-	",-,-,empty
,2022-07-19T00:00:00Z,,,KL,Mace Blvd,MBNG15,-,-,"-	",-,-,
,2022-07-27T00:00:00Z,,,KL,Mace Blvd,MBNG15,-,-,"-	",-,-,
,2023-04-01T00:00:00Z,17:50,18:30,KL,Mace Blvd,MBNG15,-,-,"-	",-,-,
,2023-04-04T00:00:00Z,2:45,3:15,KL,Mace Blvd,MBNG15,-,-,"-	",-,-,
,2023-04-13T00:00:00Z,,,"KL, YZ,RK",Mace Blvd,MBNG15,-,-,"-	",-,-,
,2023-04-18T00:00:00Z,,,KL,Mace Blvd,MBNG15,TRES,-,"1/0	",-,-,
,2023-04-27T00:00:00Z,,,KL,Mace Blvd,MBNG15,TRES,-,"1/0	",-,-,
,2023-05-04T00:00:00Z,0:46,1:15,RK,Mace Blvd,MBNG15,WEBL,"1 WEBL on top, 3 TRES nearby","3	",0,0,
,2023-05-09T00:00:00Z,3:38,16:00,RK,Mace Blvd,MBNG15,-,0,"4	",0,0,
,2021-04-23T00:00:00Z,1:35,2:30,KL KG,Mace Blvd,MBNG16,-,-,"-	",-,-,Front missing
,2021-05-07T00:00:00Z,8:40,10:30,KL KG,Mace Blvd,MBNG16,-,-,"-	",-,-,Front off
,2021-05-12T00:00:00Z,23:30,1:50,KL KG,Mace Blvd,MBNG16,-,-,"-	",-,-,broken
,2022-03-29T00:00:00Z,2:50,3:19,KG,Mace Blvd,MBNG16,-,-,"-	",-,-,-
,2021-04-16T00:00:00Z,2:50,3:30,"KL,KG",Mace Blvd,MBNG17,TRES?,-,"0.5	",-,-,-
,2021-04-23T00:00:00Z,1:35,2:30,KL KG,Mace Blvd,MBNG17,WEBL,-,"1.5	",-,-,-
,2021-04-30T00:00:00Z,2:00,2:30,"KL, KG",Mace Blvd,MBNG17,TRES?,-,"1.5/ 1	",-,-,small nest
,2021-05-07T00:00:00Z,8:40,10:30,KL KG,Mace Blvd,MBNG17,WEBL,-,"4	",-,-,-
,2021-05-12T00:00:00Z,23:30,1:50,KL KG,Mace Blvd,MBNG17,WEBL,-,"4	",-,-,-
,2021-05-19T00:00:00Z,23:30,0:45,KL KG,Mace Blvd,MBNG17,WEBL,1 near,"4	",2C,-,-
,2021-05-26T00:00:00Z,23:40,1:00,KL KG,Mace Blvd,MBNG17,WEBL,1 female in,"4	",5W,-,loggers added!
,2021-06-02T00:00:00Z,23:30,1:00,KL KG,Mace Blvd,MBNG17,WEBL,1 in 1 near,"4	",5W,-,logger box
,2021-06-09T00:00:00Z,0:15,2:00,"KL, KG",Mace Blvd,MBNG17,WEBL,1 in,"4	",4W,-,Loggers
,2021-06-16T00:00:00Z,23:30,0:30,"KL, KG",Mace Blvd,MBNG17,WEBL,1 near,"4	",4W,-,
,2021-06-23T00:00:00Z,0:00,1:00,"KL, KG",Mace Blvd,MBNG17,WEBL,-,"4	",3C,-,"Probably abandoned, loggers removed"
,2021-06-30T00:00:00Z,23:45,1:00,KL KG TP,Mace Blvd,MBNG17,WEBL,-,"4	",1C,-,-
,2022-03-15T00:00:00Z,21:10,9:45,"KL, CP, SM",Mace Blvd,MBNG17,WEBL,2,"-	",-,-,
,2022-03-23T00:00:00Z,23:53,0:30,"KL, IS",Mace Blvd,MBNG17,WEBL,-,"3	",-,-,
,2022-03-29T00:00:00Z,2:50,3:19,KG,Mace Blvd,MBNG17,WEBL,-,"4	",-,-,1 feather in nest
,2022-04-19T00:00:00Z,23:45,0:15,CP,Mace Blvd,MBNG17,WEBL,1 WEBL female incubating,"4	",5W,-,
,2022-04-26T00:00:00Z,0:00,1:00,SM,Mace Blvd,MBNG17,WEBL,1 female near,"4	",-,5,"WC: 13, 12, 12"
,2022-05-17T00:00:00Z,,,SM,Mace Blvd,MBNG17,TRES,"1 TRES in box, 1 TRES on box","4/5	",0,0,
,2022-05-26T00:00:00Z,,,SM,Mace Blvd,MBNG17,TRES,2 nearby,"3/3	",-,1 dead,Removed dead unbanded nestling
,2022-06-09T00:00:00Z,,,KL,Mace Blvd,MBNG17,WEBL,-,"4	",4W,-,
,2022-06-16T00:00:00Z,,,SM KL VW,Mace Blvd,MBNG17,WEBL,1 in,"4	",5 W,-,
,2022-06-22T00:00:00Z,,,"YW, KL",Mace Blvd,MBNG17,WEBL,-,"4	",5A,-,-
,2022-06-28T00:00:00Z,,,CP,Mace Blvd,MBNG17,WEBL?,0,"4	",5(W?),0,"Eggs really old looking (blue with dark marks), 6 feathers in cup"
,2022-07-05T00:00:00Z,,,MZ WY,Mace Blvd,MBNG17,TRES,-,"4	",5C,-,
,2022-07-19T00:00:00Z,,,KL,Mace Blvd,MBNG17,-,-,"-	",-,-,
,2022-07-27T00:00:00Z,,,KL,Mace Blvd,MBNG17,-,-,"-	",-,-,
,2023-04-01T00:00:00Z,5:50,6:30,KL,Mace Blvd,MBNG17,-,-,"-	",-,-,
,2023-04-13T00:00:00Z,0:32,0:50,"RK, KL, YZ",Mace Blvd,MBNG17,WEBL,"1 on top, 1 nearby","1	",-,-,
,2023-04-18T00:00:00Z,,,KL,Mace Blvd,MBNG17,TRES,-,"3/0	",-,-,
,2023-04-27T00:00:00Z,,,KL,Mace Blvd,MBNG17,TRES,-,"4/0	",-,-,
,2021-04-23T00:00:00Z,1:35,2:30,KL KG,Mace Blvd,MBNG18,-,-,"-	",-,-,"Missing front, no nest"
,2021-04-30T00:00:00Z,2:00,2:30,"KL, KG",Mace Blvd,MBNG18,TRES?,2 on top,"-	",-,-,front of box missing
,2021-05-07T00:00:00Z,8:40,10:30,KL KG,Mace Blvd,MBNG18,-,-,"-	",-,-,front off
,2021-06-02T00:00:00Z,23:30,1:00,KL KG,Mace Blvd,MBNG18,skipped,skipped,"skipped	",skipped,skipped,skipped- no action near nest
,2022-03-15T00:00:00Z,9:10,9:40,KG RS,Mace Blvd,MBNG18,-,-,"-	",-,-,"MBNG20- on the ground, MBNG18 without face, MBNG19 also on ground ? missing ?"
,2023-04-04T00:00:00Z,2:45,3:15,KL,Mace Blvd,MBNG18,-,-,"-	",-,-,
,2021-04-23T00:00:00Z,1:35,2:30,KL KG,Mace Blvd,MBNG19,-,-,"-	",-,-,Box on the floor
,2021-04-30T00:00:00Z,2:00,2:30,"KL, KG",Mace Blvd,MBNG19,-,-,"-	",-,-,nest box on floor
,2021-05-07T00:00:00Z,8:40,10:30,KL KG,Mace Blvd,MBNG19,-,-,"-	",-,-,box on floor
,2022-03-15T00:00:00Z,9:10,9:40,KG RS,Mace Blvd,MBNG19,-,-,"-	",-,-,"MBNG20- on the ground, MBNG18 without face, MBNG19 also on ground ? missing ?"
,2021-04-23T00:00:00Z,1:35,2:30,KL KG,Mace Blvd,MBNG2,-,-,"-	",-,-,face of box missing
,2021-05-07T00:00:00Z,8:40,10:30,KL KG,Mace Blvd,MBNG2,-,-,"-	",-,-,Empty
,2021-05-12T00:00:00Z,23:30,1:50,KL KG,Mace Blvd,MBNG2,-,-,"-	",-,-,front off
,2021-06-02T00:00:00Z,23:30,1:00,KL KG,Mace Blvd,MBNG2,-,-,"-	",-,-,face of box off
,2021-04-16T00:00:00Z,2:50,3:30,KL KG,Mace Blvd,MBNG20,WEBL?,2 - female in box male out of box,"0.1	",-,-,-
,2021-04-23T00:00:00Z,1:35,2:30,KL KG,Mace Blvd,MBNG20,WEBL,2 on,"1	",-,-,2 TRES on top
,2021-04-30T00:00:00Z,2:00,2:30,"KL, KG",Mace Blvd,MBNG20,WEBL,1 male near,"4	",-,-,cup of nest was warm
,2021-05-07T00:00:00Z,8:40,10:30,KL KG,Mace Blvd,MBNG20,WEBL,-,"4	",2A,-,-
,2021-05-12T00:00:00Z,23:30,1:50,KL KG,Mace Blvd,MBNG20,WEBL,2 on,"-	",-,-,2 eggs and nest on ground
,2021-05-19T00:00:00Z,23:30,0:45,KL KG,Mace Blvd,MBNG20,WEBL,-,"4	",2C,-,this nest was on the floor last week! made and laid in one week!
,2021-05-26T00:00:00Z,23:40,1:00,KL KG,Mace Blvd,MBNG20,WEBL,1 female in,"4	",5W,-,very slanted nest! falling over box ahh
,2021-06-02T00:00:00Z,23:30,0:30,"KL, KG",Mace Blvd,MBNG20,WEBL,1 in,"4	",5W,-,Placed loggers
,2021-06-09T00:00:00Z,0:15,2:00,"KL, KG",Mace Blvd,MBNG20,WEBL,1 in,"4	",5W,-,
,2021-06-16T00:00:00Z,23:30,0:30,"KL, KG, TP",Mace Blvd,MBNG20,WEBL,-,"4	",1C,-,Empty :((((((
,2021-06-23T00:00:00Z,0:00,1:00,"KL, KG",Mace Blvd,MBNG20,WEBL,-,"4	",4W,-,They laid again... Poor lady. Guess these are staying up too
,2021-06-30T00:00:00Z,23:45,1:00,KL KG TP,Mace Blvd,MBNG20,WEBL,-,"4	",4W,-,-
,2021-07-07T00:00:00Z,23:30,0:30,"KL, KG",Mace Blvd,MBNG20,WEBL,-,"4	",3W,1,Likely three dead eggs. M1; added camera
,2021-07-15T00:00:00Z,23:30,0:30,KG,Mace Blvd,MBNG20,WEBL,1 in,"4	",1,1,danny! M2- WC 45
,2021-07-18T00:00:00Z,2:30,3:00,KG,Mace Blvd,MBNG20,WEBL,1 female near,"4	",1,1,Danny! measured and skips begin this week!
,2021-08-05T00:00:00Z,0:50,1:30,KG,Mace Blvd,MBNG20,WEBL,-,"-	",-,-,loggers removed
,2022-03-15T00:00:00Z,9:10,9:40,KG RS,Mace Blvd,MBNG20,-,-,"-	",-,-,"MBNG20- on the ground, MBNG18 without face, MBNG19 also on ground ? missing ?"
,2022-07-05T00:00:00Z,,,KL,Mace Blvd,MBNG20,ATFL,-,"4	",-,-,Fledged. Left nest
,2022-07-19T00:00:00Z,,,KL,Mace Blvd,MBNG20,ATFL,-,"4	",-,-,Cleaned nest
,2022-07-19T00:00:00Z,,,KL,Mace Blvd,MBNG20,ATFL,-,"4	",-,-,
,2022-07-27T00:00:00Z,,,KL,Mace Blvd,MBNG20,-,-,"-	",-,-,
,2023-04-01T00:00:00Z,5:50,6:30,KL,Mace Blvd,MBNG20,-,-,"-	",-,-,Dead male WEBL inside band 2941-94505
,2023-04-04T00:00:00Z,2:45,3:15,KL,Mace Blvd,MBNG20,-,-,"-	",-,-,
,2023-04-13T00:00:00Z,0:35,0:50,YZ,Mace Blvd,MBNG20,WEBL,1 on top,"3	",0,0,
,2023-04-18T00:00:00Z,,,KL,Mace Blvd,MBNG20,WEBL,-,"4	",-,-,Dead female in cup band 2941-94405
,2023-04-27T00:00:00Z,,,KL,Mace Blvd,MBNG20,WEBL,-,"4	",-,-,
,2021-04-16T00:00:00Z,2:50,3:30,KL KG,Mace Blvd,MBNG21,TRES,1 inside box,"3	",-,-,-
,2021-04-23T00:00:00Z,1:35,2:30,KL KG,Mace Blvd,MBNG21,TRES,4 near,"2/1	",-,-,4 adults near
,2021-04-30T00:00:00Z,2:00,2:30,"KL, KG",Mace Blvd,MBNG21,TRES,2 near,"4/4	",3C,-,extremely small nest
,2021-05-07T00:00:00Z,8:40,10:30,KL KG,Mace Blvd,MBNG21,TRES,2 near,"4/6	",6W,-,-
,2021-05-12T00:00:00Z,23:30,1:50,KL KG,Mace Blvd,MBNG21,TRES,1 on,"4/10	",6W,-,-
,2021-05-19T00:00:00Z,23:30,0:45,KL KG,Mace Blvd,MBNG21,TRES,1 in,"4/4	",-,6,súper súper small nest!!!
,2021-05-26T00:00:00Z,23:40,1:00,KL KG,Mace Blvd,MBNG21,TRES,3 near,"4/8	",-,5,"WC: 26,27,29"
,2021-06-02T00:00:00Z,23:30,1:00,KL KG,Mace Blvd,MBNG21,skipped,skipped,"skipped	",skipped,skipped,skipped- no action near nest
,2021-06-09T00:00:00Z,0:15,2:00,KL KG DV,Mace Blvd,MBNG21,TRES,1 near,"skipped	",skipped,skipped,nestlings sticking their heads out of box and loud
,2021-06-16T00:00:00Z,23:30,0:30,"KL, KG",Mace Blvd,MBNG21,TRES,-,"3/0	",-,-,1 unbanded dead fledgling
,2021-06-23T00:00:00Z,0:00,1:00,"KL, KG",Mace Blvd,MBNG21,ATFL?,-,"2/1	",-,-,Some furry bits- what kind of looks like an owl pellet??
,2021-06-30T00:00:00Z,23:45,1:00,KL KG TP,Mace Blvd,MBNG21,TRES,-,"4/3	",-,-,-
,2022-03-15T00:00:00Z,9:10,9:40,KG RS,Mace Blvd,MBNG21,-,-,"-	",-,-,One dead TRES in box
,2022-03-23T00:00:00Z,23:53,0:30,"KL, IS",Mace Blvd,MBNG21,TRES,1 in,"3	",-,-,
,2022-03-29T00:00:00Z,2:50,3:19,KG,Mace Blvd,MBNG21,WEBL,1 female in,"4	",-,-,-
,2022-04-05T00:00:00Z,23:30,0:00,KL,Mace Blvd,MBNG21,WEBL,1 in,"4	",5W,-,loggers added
,2022-04-12T00:00:00Z,0:15,0:45,"SM, YW, KG, CP",Mace Blvd,MBNG21,WEBL,1 in,"4	",5 W,-,
,2022-04-19T00:00:00Z,23:45,0:15,CP,Mace Blvd,MBNG21,WEBL,1 female WEBL inside,"4	",-,5,"WC: 9,8,9,10"
,2022-04-26T00:00:00Z,23:45,0:15,KL,Mace Blvd,MBNG21,WEBL,1 in,"4	",-,4,"female captured, m2, b1,"
,2022-05-02T00:00:00Z,0:00,0:19,KG PGG WY VW,Mace Blvd,MBNG21,WEBL,2 near,"4	",1,4,"WC: 56,58,60,61- banded and second bled"
,2022-05-17T00:00:00Z,,,SM CP,Mace Blvd,MBNG21,ATFL?,-,"4	",-,-,Fur in box
,2022-05-26T00:00:00Z,,,SM,Mace Blvd,MBNG21,ATFL,-,"4	",1:00 AM,-,
,2022-06-09T00:00:00Z,,,KL,Mace Blvd,MBNG21,ATFL,1 in,"4	",4W,-,
,2022-06-16T00:00:00Z,,,SM KL VW,Mace Blvd,MBNG21,ATFL,1 nearby,"4	",-,4,
,2022-06-22T00:00:00Z,,,KL,Mace Blvd,MBNG21,ATFL,2 near,"4	",-,4,
,2022-06-28T00:00:00Z,,,CP,Mace Blvd,MBNG21,ATFL,-,"-	",-,-,Heard nestlings inside
,2022-07-14T00:00:00Z,,,VW,Mace Blvd,MBNG21,ATFL,-,"-	",-,-,old
,2021-04-16T00:00:00Z,2:50,3:30,KL KG,Mace Blvd,MBNG22,TRES,two nearby,"-	",-,-,SKIPPED bc it was screwed shut
,2021-04-23T00:00:00Z,1:35,2:30,KL KG,Mace Blvd,MBNG22,TRES,1 on,"4/1	",-,-,Screwed shut- Katie fixed it!
,2021-04-30T00:00:00Z,2:00,2:30,"KL, KG",Mace Blvd,MBNG22,TRES,1 near,"4/2	",-,-,"great nest, huge cup"
,2021-05-07T00:00:00Z,8:40,10:30,KL KG,Mace Blvd,MBNG22,WEBL,-,"4	",4A,-,-
,2021-05-12T00:00:00Z,23:30,1:50,KL KG,Mace Blvd,MBNG22,WEBL,-,"4	",5W,-,1 TRES on
,2021-05-19T00:00:00Z,23:30,0:45,KL KG,Mace Blvd,MBNG22,WEBL,1 female in,"4	",5W,-,-
,2021-05-26T00:00:00Z,23:40,1:00,KL KG,Mace Blvd,MBNG22,WEBL,1 male near,"4	",-,4,"WC: 16,17,19"
,2021-06-02T00:00:00Z,23:30,1:00,KL KG,Mace Blvd,MBNG22,WEBL,1 in,"4	",-,4?,did not take out and measure nestlings - they looked large about banding age if not older- 4 or 5 nestlings
,2021-06-09T00:00:00Z,0:15,2:00,KL KG DV,Mace Blvd,MBNG22,skipped,skipped,"skipped	",skipped,skipped,skipped
,2021-06-23T00:00:00Z,0:00,1:00,"KL, KG",Mace Blvd,MBNG22,TRES,-,"-	",-,-,
,2021-06-30T00:00:00Z,23:45,1:00,KL KG,Mace Blvd,MBNG22,TRES,-,"4/1	",-,-,-
,2022-03-23T00:00:00Z,23:53,0:30,"KL, IS",Mace Blvd,MBNG22,WEBL,-,"2/0	",-,-,
,2022-03-29T00:00:00Z,2:50,3:30,KG,Mace Blvd,MBNG22,WEBL,-,"4	",-,-,"maybe a TRES nest, 4 TRES nearby but no feathers in nest"
,2022-04-05T00:00:00Z,23:30,0:30,KL,Mace Blvd,MBNG22,TRES,-,"4	",3C,-,
,2022-04-12T00:00:00Z,0:15,0:45,SM,Mace Blvd,MBNG22,TRES,"1 TRES on top,   1 female WEBL nearby","4	",5w,0,
,2022-04-19T00:00:00Z,23:45,0:15,CP,Mace Blvd,MBNG22,TRES,"1 WEBL male on top, 1 WEBL female inside, 2 TRES flying above","4	",2,3,"WC: 7,7,7"
,2022-04-26T00:00:00Z,,,KL,Mace Blvd,MBNG22,TRES,,"4	",?,4,"Non-logger nest, accidentally measured & bled. WC: 17, 18, 17,15"
,2022-05-17T00:00:00Z,,,SM,Mace Blvd,MBNG22,WEBL?,0,"4	",0,0,
,2022-05-26T00:00:00Z,,,SM,Mace Blvd,MBNG22,TRES?,2 nearby,"4/1	",-,-,
,2022-06-09T00:00:00Z,,,KL,Mace Blvd,MBNG22,WEBL,-,"3	",-,-,
,2022-06-16T00:00:00Z,,,SM KL VW,Mace Blvd,MBNG22,TRES,-,"4/8	",3:00 AM,-,
,2022-06-22T00:00:00Z,,,KL,Mace Blvd,MBNG22,TRES,1 in,"4/10	",3W,-,
,2022-06-28T00:00:00Z,,,CP,Mace Blvd,MBNG22,TRES,1 TRES in,"4/20	",1W,2,
,2022-07-05T00:00:00Z,,,KL,Mace Blvd,MBNG22,TRES,2 near,"4/5	",1W,2,
,2022-07-14T00:00:00Z,,,VW,Mace Blvd,MBNG22,TRES,3 mob,"4/6	",-,3+,Big big almost fledged and I panic fledged one! It fall to ground and I caught it.
,2022-07-19T00:00:00Z,,,PGG,Mace Blvd,MBNG22,TRES,-,"-	",-,-,
,2022-07-27T00:00:00Z,,,KL,Mace Blvd,MBNG22,TRES,-,"4/5	",1C,-,Old nest cleaned out
,2023-04-01T00:00:00Z,5:50,6:30,KL,Mace Blvd,MBNG22,-,-,"-	",-,-,
,2023-04-04T00:00:00Z,2:45,3:15,KL,Mace Blvd,MBNG22,TRES,2 on,"1/0	",-,-,
,2023-04-13T00:00:00Z,,,"KL, YZ,RK",Mace Blvd,MBNG22,-,-,"-	",-,-,
,2023-04-18T00:00:00Z,2:34,3:00,RK,Mace Blvd,MBNG22,-,-,"0	",-,-,
,2023-04-27T00:00:00Z,0:34,0:50,RK,Mace Blvd,MBNG22,-,-,"2	",-,-,
,2023-05-04T00:00:00Z,0:41,1:15,RK,Mace Blvd,MBNG22,WEBL,"1 WEBL on top, 3 TRES nearby","4	",0,0,
,2023-05-09T00:00:00Z,3:42,4:00,RK,Mace Blvd,MBNG22,TRES,0,"4/5	",0,0,
,2021-04-16T00:00:00Z,2:50,3:30,"KL,KG",Mace Blvd,MBNG23,WEBL?,-,"3.5	",-,-,-
,2021-04-23T00:00:00Z,1:35,2:30,KL KG,Mace Blvd,MBNG23,TRES,2 on,"4/5	",-,-,Large nest
,2021-04-30T00:00:00Z,2:00,2:30,"KL, KG",Mace Blvd,MBNG23,TRES,1 in,"4/4	",-,-,2 near
,2021-05-07T00:00:00Z,8:40,10:30,KL KG,Mace Blvd,MBNG23,TRES,1 on top,"4/8	",5A,-,-
,2021-05-12T00:00:00Z,23:30,1:50,KL KG,Mace Blvd,MBNG23,TRES,1 near,"4/16	",5W,-,-
,2021-05-19T00:00:00Z,23:30,0:45,KL KG,Mace Blvd,MBNG23,TRES,1 on 1 in,"4/3	",5W,-,-
,2021-06-02T00:00:00Z,23:30,1:00,KL KG,Mace Blvd,MBNG23,TRES,1 in 1 on,"4/9	",-,5,"WC: 40,45,45"
,2021-06-09T00:00:00Z,0:15,2:00,KL KG DV,Mace Blvd,MBNG23,TRES,1 in,"4/ skipped	",skipped,skipped,"was not a skip in the blue book- checked very briefly, more than 3 flying in and out!!!"
,2021-06-16T00:00:00Z,23:30,1:30,KL KG TP,Mace Blvd,MBNG23,-,-,"4/2	",-,-,empty except so much poop
,2021-06-23T00:00:00Z,0:00,1:00,"KL, KG",Mace Blvd,MBNG23,TRES,-,"3/1	",-,-,
,2021-06-30T00:00:00Z,23:45,1:00,KL KG TP,Mace Blvd,MBNG23,TRES,-,"4/5	",-,-,-
,2022-03-15T00:00:00Z,9:10,9:40,KG RS,Mace Blvd,MBNG23,TRES?,2 near,"0	",0,0,-
,2022-03-23T00:00:00Z,23:53,0:30,"KL, IS",Mace Blvd,MBNG23,TRES,1 on 2 near,"2	",-,-,
,2022-03-29T00:00:00Z,2:50,3:30,KG,Mace Blvd,MBNG23,TRES,1 in,"4/0	",-,-,-
,2022-04-05T00:00:00Z,23:30,0:00,KL,Mace Blvd,MBNG23,TRES,1 on 1 in,"4/5	",-,-,
,2022-04-12T00:00:00Z,0:15,0:45,"SM, YW, KL, CP",Mace Blvd,MBNG23,TRES,1 on,"4/4	",5 W,-,
,2022-04-19T00:00:00Z,23:45,0:15,CP,Mace Blvd,MBNG23,TRES,"1 TRES in box, 1 TRES on box, 2 TRES flying nearby","4/4	",0,0,
,2022-04-26T00:00:00Z,23:55,1:00,KL SM CP,Mace Blvd,MBNG23,TRES,1 on,"4/6	",6 W,-,
,2022-05-17T00:00:00Z,,,SM CP,Mace Blvd,MBNG23,TRES,2 nearby,"23	",-,6,
,2022-05-26T00:00:00Z,,,SM,Mace Blvd,MBNG23,TRES,1 on,"?	",?,?,Saw mom feeding two babies through box hole
,2022-06-09T00:00:00Z,,,KL,Mace Blvd,MBNG23,WEBL,-,"4	",-,-,Cleaned out nest because wasp nest fell into cup when destroying
,2022-06-16T00:00:00Z,,,SM KL VW,Mace Blvd,MBNG23,TRES,1 in 4 nearby,"4/2	",4:00 AM,-,
,2022-06-22T00:00:00Z,,,KL,Mace Blvd,MBNG23,TRES,1 in,"4/1	",4W,-,
,2022-06-28T00:00:00Z,,,CP,Mace Blvd,MBNG23,TRES,"1 TRES in, 6 TRES flying near","4/5	",5W,0,
,2022-07-05T00:00:00Z,,,KL,Mace Blvd,MBNG23,TRES,1 in,"4/5	",1W,4,
,2022-07-14T00:00:00Z,,,VW,Mace Blvd,MBNG23,-,-,"4/7	",-,4,soooooooooo cuteeeeeeeeeee
,2022-07-19T00:00:00Z,,,PGG,Mace Blvd,MBNG23,TRES,Skipped,"Skipped	",Skipped,Skipped,
,2022-07-27T00:00:00Z,,,KL,Mace Blvd,MBNG23,Skipped,Skipped,"Skipped	",Skipped,Skipped,
,2023-04-01T00:00:00Z,5:50,6:30,KL,Mace Blvd,MBNG23,-,-,"-	",-,-,
,2023-04-04T00:00:00Z,2:45,3:15,KL,Mace Blvd,MBNG23,TRES,2 on,"1	",-,-,
,2023-04-13T00:00:00Z,0:40,0:50,YZ,Mace Blvd,MBNG23,TRES,"1 inside, 1 nearby","4/1	",0,0,
,2023-04-18T00:00:00Z,2:34,3:00,RK,Mace Blvd,MBNG23,TRES,2 on top of box,"4/12	",-,-,
,2023-04-27T00:00:00Z,0:37,0:50,RK,Mace Blvd,MBNG23,TRES,"1 inside, flew out","4/7	",2C,-,
,2023-05-04T00:00:00Z,0:42,1:15,RK,Mace Blvd,MBNG23,TRES,"1 inside, 4 nearby","4/25	",5W,0,
,2023-05-09T00:00:00Z,3:42,3:50,YZ,Mace Blvd,MBNG23,TRES,1 nearby,"4/20	",5W,0,
,2023-06-28T00:00:00Z,,,KL,Mace Blvd,MBNG23,TRES,-,"4/10	",3C,-,Dead adult band 1741-83866
,2021-04-16T00:00:00Z,2:50,3:30,"KL, KG",Mace Blvd,MBNG24,TRES?,-,".5/0	",-,-,Wasps!
,2021-04-23T00:00:00Z,1:35,2:30,KL KG,Mace Blvd,MBNG24,-,-,"-	",-,-,Wasps and a few twigs
,2021-04-30T00:00:00Z,2:00,2:30,"KL, KG",Mace Blvd,MBNG24,TRES,1 on box,"0.5	",-,-,-
,2021-05-07T00:00:00Z,8:40,10:30,KL KG,Mace Blvd,MBNG24,WEBL?,-,"1	",-,-,Wasps nest
,2021-05-12T00:00:00Z,23:30,1:50,KL KG,Mace Blvd,MBNG24,TRES,2 on,".5/1	",-,-,waspy
,2021-05-19T00:00:00Z,23:30,0:45,KL KG,Mace Blvd,MBNG24,TRES?,2 on,"1	",-,-,wasps
,2021-05-26T00:00:00Z,23:40,1:00,KL KG,Mace Blvd,MBNG24,TRES?,1 near,"0.5	",-,-,wasps!
,2021-06-09T00:00:00Z,0:15,2:00,KL KG DV,Mace Blvd,MBNG24,ATFL,-,"4	",-,-,2 TRES on top
,2021-06-16T00:00:00Z,23:30,1:30,KL KG TP,Mace Blvd,MBNG24,ATFL,-,"4/ fur of all types	",4W,-,-
,2021-06-23T00:00:00Z,0:00,1:00,"KL, KG",Mace Blvd,MBNG24,ATFL,1 in,"4	",4W,-,
,2021-06-30T00:00:00Z,23:45,1:00,KL KG,Mace Blvd,MBNG24,ATFL!,-,"4/ fur	",-,4,a day or two after hatch day? wc estimated at 8/10
,2021-07-07T00:00:00Z,23:30,1:00,"KL, KG",Mace Blvd,MBNG24,ATFL,1 near,"4	",-,4,Banded
,2022-03-15T00:00:00Z,9:10,9:40,KG RS,Mace Blvd,MBNG24,TRES,2 near,"-	",-,-,-
,2022-03-23T00:00:00Z,23:53,0:30,"KL, IS",Mace Blvd,MBNG24,TRES,3 near,"1/0	",-,-,
,2022-03-29T00:00:00Z,2:50,3:30,KG,Mace Blvd,MBNG24,TRES,2 near,"0.5	",-,-,-
,2022-04-05T00:00:00Z,23:30,0:30,KL,Mace Blvd,MBNG24,TRES,-,"2/0	",-,-,
,2022-04-12T00:00:00Z,0:15,0:45,SM,Mace Blvd,MBNG24,TRES,"4 TRES swooping, 1 TRES near","2/3	",0,0,
,2022-04-12T00:00:00Z,0:15,0:45,"SM, YW, KL, CP",Mace Blvd,MBNG24,TRES,2 nearby,"3/5	",-,-,
,2022-04-19T00:00:00Z,23:45,0:15,CP,Mace Blvd,MBNG24,TRES,"1 TRES on box, 1 TRES swooping","4/6	",0,0,
,2022-04-26T00:00:00Z,23:55,1:00,KL SM CP,Mace Blvd,MBNG24,TRES,2 flying,"4/8	",6 W,-,
,2022-05-17T00:00:00Z,,,"SM, CP",Mace Blvd,MBNG24,TRES,"1 TRES on box, 1 TRES inside","4/10	",0,5,
,2022-05-26T00:00:00Z,,,SM,Mace Blvd,MBNG24,TRES,-,"4/?	",?,?,At least 4 large nestlings seen through hole. Skipped because fully feathered
,2022-05-26T00:00:00Z,,,SM,Mace Blvd,MBNG24,TRES,-,"4/3	",-,-,
,2022-06-09T00:00:00Z,,,KL,Mace Blvd,MBNG24,TRES,-,"4/3	",-,-,"3 dead nestlings, very feathered. Killed wasp nest"
,2022-06-16T00:00:00Z,,,SM KL VW,Mace Blvd,MBNG24,TRES,1 on,"-	",-,-,
,2022-06-22T00:00:00Z,,,KL,Mace Blvd,MBNG24,-,-,"-	",-,-,
,2022-06-28T00:00:00Z,0:00,1:30,CP,Mace Blvd,MBNG24,-,0,"0	",0,0,Box split on bottom
,2022-07-05T00:00:00Z,,,KL,Mace Blvd,MBNG24,-,-,"-	",-,-,
,2022-07-14T00:00:00Z,,,VW,Mace Blvd,MBNG24,-,-,"-	",-,-,EMPTY
,2022-07-19T00:00:00Z,,,PGG,Mace Blvd,MBNG24,-,-,"-	",-,-,
,2022-07-27T00:00:00Z,0:00,1:00,CP,Mace Blvd,MBNG24,-,0,"0	",0,0,
,2023-04-01T00:00:00Z,5:50,6:30,KL,Mace Blvd,MBNG24,?,-,"4	",-,-,Mystery small bird nest - send pix to Melanie
,2023-04-04T00:00:00Z,2:45,3:15,KL,Mace Blvd,MBNG24,Mystery,-,"4	",-,-,Mystery nest
,2023-04-13T00:00:00Z,0:38,0:50,"RK, KL, YZ",Mace Blvd,MBNG24,Mystery,3 TRES nearby,"4	",5W,-,Pictures on Yifang's phone
,2023-04-18T00:00:00Z,2:23,3:00,RK,Mace Blvd,MBNG24,Mystery,2 TRES on top,"4	",5W,-,"2 TRES on top. 1 unidentified bird on top, bigger than WEBL, tannish grey with long tail, mockingbird like wing markings"
,2023-04-27T00:00:00Z,0:40,0:50,"RK, KL",Mace Blvd,MBNG24,HOFI,1,"4	",-,5,"Nest is 120mm diameter, 48mm tall, 33mm deep
Made of wild pea, dried grasses, sticky vegetation, cup is shredded bark, small amount of plastic fibers or milkweed fluff
TRES are harassing the nest, 2 nestlings have injuries"
,2023-05-04T00:00:00Z,0:36,1:15,RK,Mace Blvd,MBNG24,HOFI,2 TRES nearby,"4	",0,3,TRES harassing nest; seemingly less nestlings than last week
,2023-05-09T00:00:00Z,3:45,4:00,RK,Mace Blvd,MBNG24,HOFI,0,"NA	",NA,NA,"skipped, nestlings almost ready to fledge"
,2021-04-16T00:00:00Z,2:50,3:30,KL KG,Mace Blvd,MBNG25,TRES,2 nearby,"4/ 7	",-,-,closed with a screw but able to open- we should replace with a nail
,2021-04-23T00:00:00Z,1:35,2:30,KL KG,Mace Blvd,MBNG25,TRES,1 in,"4/3	",-,-,Closed with screw- able to open
,2021-04-30T00:00:00Z,2:00,2:30,"KL, KG",Mace Blvd,MBNG25,TRES,-,"4/4	",6W,-,-
,2021-05-07T00:00:00Z,8:40,10:30,KL KG,Mace Blvd,MBNG25,TRES,1 in 1 near,"4/20	",6W,-,Female in did not leave!
,2021-05-12T00:00:00Z,23:30,1:50,KL KG,Mace Blvd,MBNG25,TRES,1 in,"4/21	",6W,-,-
,2021-05-19T00:00:00Z,23:30,0:45,KL KG,Mace Blvd,MBNG25,TRES,1 near,"4/11	",1W,5,"WC: 12,14,13"
,2021-05-26T00:00:00Z,23:40,1:00,KL KG,Mace Blvd,MBNG25,TRES,4 near,"4/9	",-,3,"1 nestling dead 3 alive- WC: 50,52- only measured two because parents most aggressive ever!!!"
,2021-06-02T00:00:00Z,23:30,0:30,"KL, KG",Mace Blvd,MBNG25,Skipped,-,"Skipped	",Skipped,Skipped,Skip 1
,2021-06-09T00:00:00Z,0:15,2:00,KL KG DV,Mace Blvd,MBNG25,TRES,1 in,"skipped	",skipped,skipped,heard babies
,2021-06-16T00:00:00Z,23:30,1:30,KL KG TP,Mace Blvd,MBNG25,TRES?,-,"4/8	",-,-,empty besides poops
,2021-06-23T00:00:00Z,0:00,1:00,"KL, KG",Mace Blvd,MBNG25,TRES,-,"3/2	",-,-,
,2021-06-30T00:00:00Z,23:45,1:00,KL KG TP,Mace Blvd,MBNG25,TRES,-,"4/3	",-,-,-
,2022-03-15T00:00:00Z,9:10,9:40,KG RS,Mace Blvd,MBNG25,TRES,2 near,"0.3	",-,-,-
,2022-03-23T00:00:00Z,23:53,0:30,"KL, IS",Mace Blvd,MBNG25,TRES,2 near,"2/1	",-,-,
,2022-03-29T00:00:00Z,2:50,3:30,KG,Mace Blvd,MBNG25,TRES,1 UB on box,"3	",-,-,-
,2022-04-05T00:00:00Z,23:30,0:30,KL,Mace Blvd,MBNG25,TRES,"1 on, 1 in","3/0	",-,-,
,2022-04-12T00:00:00Z,0:15,0:45,SM,Mace Blvd,MBNG25,TRES,1 TRES flying near,"4	",4c,0,
,2022-04-19T00:00:00Z,23:45,0:15,CP,Mace Blvd,MBNG25,TRES,"2 TRES flying nearby, 1 TRES incubating","4/5	",4W,0,
,2022-04-26T00:00:00Z,23:55,1:00,KL SM CP,Mace Blvd,MBNG25,TRES,2 flying,"4/5	",5 W,-,
,2022-05-17T00:00:00Z,,,"SM, CP",Mace Blvd,MBNG25,TRES,6 TRES flying near,"4/?	",-,-,"Large feathered chicks inside, skipped"
,2022-06-09T00:00:00Z,,,KL,Mace Blvd,MBNG25,WEBL,-,"4	",5W,-,
,2022-06-16T00:00:00Z,,,SM KL VW,Mace Blvd,MBNG25,WEBL,-,"4	",5 W,-,
,2022-06-22T00:00:00Z,,,KL,Mace Blvd,MBNG25,WEBL,1 near,"4	",-,5,
,2022-06-28T00:00:00Z,,,CP,Mace Blvd,MBNG25,WEBL,1 WEBL female perched on tree near,"4	",0,5,
,2022-07-05T00:00:00Z,,,KL,Mace Blvd,MBNG25,WEBL,1 in,"4	",-,5,
,2022-07-14T00:00:00Z,,,VW,Mace Blvd,MBNG25,WEBL,-,"-	",-,-,
,2022-07-19T00:00:00Z,,,PGG,Mace Blvd,MBNG25,-,-,"-	",-,-,
,2022-07-27T00:00:00Z,,,KL,Mace Blvd,MBNG25,WEBL,-,"3	",-,-,Cleaned old nest
,2023-04-01T00:00:00Z,5:50,6:30,KL,Mace Blvd,MBNG25,WEBL,-,"2	",-,-,
,2023-04-04T00:00:00Z,2:45,3:15,KL,Mace Blvd,MBNG25,WEBL,-,"3	",-,-,
,2023-04-13T00:00:00Z,,,"KL, YZ,RK",Mace Blvd,MBNG25,TRES,1 near,"4/3	",-,-,
,2023-04-18T00:00:00Z,2:31,3:00,RK,Mace Blvd,MBNG25,TRES,2 nearby,"4/3	",3C,-,
,2023-04-27T00:00:00Z,0:30,0:50,RK,Mace Blvd,MBNG25,TRES,1 nearby,"4/15	",5W,-,
,2023-05-04T00:00:00Z,0:40,1:15,RK,Mace Blvd,MBNG25,TRES,2 nearby,"4/5	",5W,0,
,2023-05-09T00:00:00Z,3:59,4:00,"RK, YZ",Mace Blvd,MBNG25,TRES,1 nearby,"4/15	",0,5,
,2021-04-16T00:00:00Z,2:50,3:30,KL KG,Mace Blvd,MBNG26,TRES?,3-4 TRES adults nearby,"-	",-,-,wasps nest in it :(
,2021-04-23T00:00:00Z,1:35,2:30,KL KG,Mace Blvd,MBNG26,WEBL,-,"3.5	",-,-,-
,2021-04-30T00:00:00Z,2:00,2:30,"KL, KG",Mace Blvd,MBNG26,TRES,2 on box,"4/3	",-,-,male and female on box
,2021-05-07T00:00:00Z,8:40,10:30,KL KG,Mace Blvd,MBNG26,TRES,2 near,"4/7	",5?,-,Wasps nest
,2021-05-12T00:00:00Z,23:30,1:50,KL KG,Mace Blvd,MBNG26,TRES,1 in,"4/9	",5W,-,-
,2021-05-19T00:00:00Z,23:30,0:45,KL KG,Mace Blvd,MBNG26,TRES,1 on 1 in,"4/8	",1W,4,"WC: 7,7,6"
,2021-05-26T00:00:00Z,23:40,1:00,KL KG,Mace Blvd,MBNG26,TRES,3 near,"4/18	",-,4,"WC: 28, 19, 26"
,2021-06-02T00:00:00Z,23:30,0:30,"KL, KG",Mace Blvd,MBNG26,TRES,1 on,"Skipped	",Skipped,Skipped,Skip 1
,2021-06-09T00:00:00Z,0:15,2:00,KL KG DV,Mace Blvd,MBNG26,TRES,1 on,"skipped	",skipped,skipped,skipped
,2021-06-16T00:00:00Z,23:30,1:30,KL KG TP,Mace Blvd,MBNG26,-,-,"4/8	",-,-,very poopy and empty
,2021-06-23T00:00:00Z,0:00,1:00,"KL, KG",Mace Blvd,MBNG26,TRES,-,"3/1	",-,-,
,2021-06-30T00:00:00Z,23:45,1:00,KL KG,Mace Blvd,MBNG26,TRES,-,"4/1	",-,-,-
,2022-03-15T00:00:00Z,9:10,9:40,KG RS,Mace Blvd,MBNG26,-,-,"-	",-,-,NEST on floor
,2023-04-13T00:00:00Z,0:42,0:50,"KL, YZ",Mace Blvd,MBNG26,-,0,"0	",0,0,2 adult TRES and 2 adult WEBL flying around and fighting over the box
,2023-04-18T00:00:00Z,2:21,3:00,RK,Mace Blvd,MBNG26,-,-,"0	",-,-,
,2023-04-27T00:00:00Z,0:25,0:50,RK,Mace Blvd,MBNG26,TRES,"5 nearby, 2 on box","2/0	",0,-,
,2023-05-04T00:00:00Z,0:32,1:15,RK,Mace Blvd,MBNG26,WEBL,1 female on nest,"4	",0,0,
,2023-05-09T00:00:00Z,3:44,3:50,YZ,Mace Blvd,MBNG26,WEBL,0,"4	",0,0,
,2021-04-16T00:00:00Z,2:50,3:30,"KL, KG",Mace Blvd,MBNG27,TRES,1 near,"4/20	",-,-,-
,2021-04-23T00:00:00Z,1:35,2:30,KL KG,Mace Blvd,MBNG27,TRES,-,"4/9	",-,-,-
,2021-04-30T00:00:00Z,2:00,2:30,"KL, KG",Mace Blvd,MBNG27,TRES,1 near,"4/9	",-,-,-
,2021-05-07T00:00:00Z,8:40,10:30,KL KG,Mace Blvd,MBNG27,TRES,1 dead,"4/8	",-,-,1 adult dead in nest
,2021-05-12T00:00:00Z,23:30,1:50,KL KG,Mace Blvd,MBNG27,TRES,1 near,"4/13	",-,-,-
,2021-05-19T00:00:00Z,23:30,0:45,KL KG,Mace Blvd,MBNG27,TRES,2 on top,"4/7	",-,-,-
,2021-05-25T00:00:00Z,23:40,1:00,KL KG,Mace Blvd,MBNG27,TRES,1 in 1 near,"4/13	",3A,-,-
,2021-06-02T00:00:00Z,23:30,0:30,"KL, KG",Mace Blvd,MBNG27,TRES,1 near,"4/15	",4W,-,Placed loggers
,2021-06-09T00:00:00Z,0:15,2:00,"KL, KG",Mace Blvd,MBNG27,TRES,1 on 1 in,"4/30	",4W,-,
,2021-06-16T00:00:00Z,23:30,1:30,KL KG TP,Mace Blvd,MBNG27,TRES,1 in,"4/18	",4W,-,-
,2021-06-23T00:00:00Z,0:00,1:00,"KL, KG",Mace Blvd,MBNG27,TRES,1 in,"4/30	",4W,-,"Probably dead, but still being incubated? SAD. Will leave loggers up- we have enough to leave an extra pair here."
,2021-06-30T00:00:00Z,23:45,1:00,KL KG,Mace Blvd,MBNG27,TRES,1 in,"4/20	",4W,-,loggers removed- eggs have been warm and mother has been incubating for 4+ weeks- will not hatch
,2022-03-15T00:00:00Z,21:10,9:40,KG RS,Mace Blvd,MBNG27,TRES,2 near,"2/3	",-,-,-
,2022-03-23T00:00:00Z,23:53,0:30,"KL, IS",Mace Blvd,MBNG27,TRES,2 on 1 in,"4/1	",-,-,
,2022-03-29T00:00:00Z,2:50,3:30,KG,Mace Blvd,MBNG27,TRES,-,"4/4	",-,-,-
,2022-04-05T00:00:00Z,23:30,0:30,KL,Mace Blvd,MBNG27,TRES,1 in,"4/3	",4A,-,
,2022-04-12T00:00:00Z,0:15,0:45,SM,Mace Blvd,MBNG27,TRES,"1 TRES incubating, 1 TRES foraging near","4	",5W,-,loggers added
,2022-04-19T00:00:00Z,23:45,0:15,"AS, CP",Mace Blvd,MBNG27,TRES,"1 on box, 1 incubating","4/7	",5W,-,loggers on this
,2022-04-26T00:00:00Z,23:55,0:30,SM CP KL,Mace Blvd,MBNG27,TRES,-,"4/5	",-,4,"WC: 17, 18, 17, 15"
,2022-05-17T00:00:00Z,,,SM CP,Mace Blvd,MBNG27,TRES,-,"4/4	",-,-,
,2022-05-26T00:00:00Z,,,SM,Mace Blvd,MBNG27,TRES,-,"4/3	",-,-,
,2022-06-09T00:00:00Z,,,KL,Mace Blvd,MBNG27,TRES,-,"4/10	",5W,-,
,2022-06-16T00:00:00Z,,,SM KL VW,Mace Blvd,MBNG27,TRES,1 in,"4/5	",-,5,
,2022-06-22T00:00:00Z,,,KL,Mace Blvd,MBNG27,TRES,-,"4	",-,Large,Big babies- did not count
,2022-06-28T00:00:00Z,,,CP,Mace Blvd,MBNG27,TRES,5 TRES flying near,"-	",-,-,2 big nestlings looking out from entrance
,2022-07-05T00:00:00Z,,,KL,Mace Blvd,MBNG27,WEBL,-,"-	",-,-,
,2022-07-14T00:00:00Z,,,VW,Mace Blvd,MBNG27,-,-,"-	",-,-,
,2022-07-19T00:00:00Z,,,PGG,Mace Blvd,MBNG27,-,-,"-	",-,-,
,2022-07-27T00:00:00Z,,,SM,Mace Blvd,MBNG27,-,0,"0	",0,0,
,2023-04-01T00:00:00Z,5:50,6:30,KL,Mace Blvd,MBNG27,-,-,"-	",-,-,
,2023-04-04T00:00:00Z,2:45,3:15,KL,Mace Blvd,MBNG27,-,-,"-	",-,-,
,2021-04-16T00:00:00Z,2:50,3:30,KL KG,Mace Blvd,MBNG28,WEBL,2 nearby- 1 in box,"3	",-,-,-
,2021-04-23T00:00:00Z,1:35,2:30,KL KG,Mace Blvd,MBNG28,WEBL?,-,"3	",-,-,-
,2021-04-30T00:00:00Z,2:00,2:30,"KL, KG",Mace Blvd,MBNG28,WEBL,-,"3	",-,-,-
,2021-05-07T00:00:00Z,8:40,10:30,KL KG,Mace Blvd,MBNG28,WEBL,-,"4	",-,-,-
,2021-05-12T00:00:00Z,23:30,1:50,KL KG,Mace Blvd,MBNG28,WEBL,-,"4	",1C,-,-
,2021-05-19T00:00:00Z,23:30,0:45,KL KG,Mace Blvd,MBNG28,WEBL,1 near,"4	",5W,-,-
,2021-05-26T00:00:00Z,23:40,1:00,KL KG,Mace Blvd,MBNG28,WEBL,1 in,"4	",5W,-,-
,2021-06-02T00:00:00Z,23:30,1:00,KL KG,Mace Blvd,MBNG28,WEBL,-,"4	",-,4,"WC: 11, 11, 10"
,2021-06-09T00:00:00Z,0:15,2:00,KL KG DV,Mace Blvd,MBNG28,WEBL,1 near,"4	",-,4,"WC: 35,30,40"
,2021-06-16T00:00:00Z,23:30,1:30,KL KG TP,Mace Blvd,MBNG28,skipped,skipped,"skipped	",skipped,skipped,skipped- no babies heard
,2021-06-23T00:00:00Z,0:00,1:00,"KL, KG",Mace Blvd,MBNG28,Skipped,Skipped,"Skipped	",Skipped,Skipped,
,2021-06-30T00:00:00Z,23:45,1:00,KL KG,Mace Blvd,MBNG28,TRES,-,"4/1	",-,-,-
,2022-03-15T00:00:00Z,9:10,9:45,KG RS,Mace Blvd,MBNG28,-,-,"-	",-,-,poop
,2022-03-23T00:00:00Z,23:53,0:30,"KL, IS",Mace Blvd,MBNG28,TRES,2 near,"1/0	",-,-,
,2022-03-29T00:00:00Z,2:50,3:30,KG,Mace Blvd,MBNG28,TRES?,1 near,"1	",-,-,-
,2022-04-05T00:00:00Z,23:30,0:30,KL,Mace Blvd,MBNG28,TRES,-,"2/0	",-,-,
,2022-04-12T00:00:00Z,0:15,0:45,SM,Mace Blvd,MBNG28,TRES,0,"3/1	",-,-,
,2022-04-19T00:00:00Z,23:45,0:15,"AS, CP",Mace Blvd,MBNG28,TRES,0,"4	",-,-,
,2022-04-26T00:00:00Z,0:00,1:00,KL,Mace Blvd,MBNG28,WEBL,ATFL calling near,"4	",-,-,
,2022-05-17T00:00:00Z,0:55,2:00,SM CP,Mace Blvd,MBNG28,WEBL,-,"4	",3W,2,
,2022-05-26T00:00:00Z,3:00,16:30,SM,Mace Blvd,MBNG28,WEBL,-,"4	",-,-,
,2022-06-09T00:00:00Z,,,KL,Mace Blvd,MBNG28,Skipped,Skipped,"Skipped	",Skipped,Skipped,Nothing audible
,2022-06-16T00:00:00Z,0:15,2:00,SM KL VW,Mace Blvd,MBNG28,WEBL?,-,"4	",-,-,
,2022-06-22T00:00:00Z,,,KL,Mace Blvd,MBNG28,WEBL,-,"3	",-,-,
,2022-06-28T00:00:00Z,0:00,1:30,CP,Mace Blvd,MBNG28,WEBL,2 WEBL (male and female) perched near on tree,"4	",0,0,
,2022-07-05T00:00:00Z,,,KL,Mace Blvd,MBNG28,WEBL,1 in,"4	",5W,-,
,2022-07-13T00:00:00Z,,,VW KG,Mace Blvd,MBNG28,WEBL,-,"4	",5A,-,
,2022-07-19T00:00:00Z,,,PGG,Mace Blvd,MBNG28,WEBL,2 in,"4	",2W,3,
,2022-08-11T00:00:00Z,,,KG VW,Mace Blvd,MBNG28,WEBL,-,"-	",-,-,nest cleared
,2023-04-01T00:00:00Z,5:50,6:30,KL,Mace Blvd,MBNG28,-,-,"-	",-,-,
,2023-04-04T00:00:00Z,2:45,3:15,KL,Mace Blvd,MBNG28,-,-,"-	",-,-,
,2023-04-13T00:00:00Z,0:44,0:50,"RK, KL, YZ",Mace Blvd,MBNG28,TRES,-,"2/0	",-,-,
,2023-04-18T00:00:00Z,2:20,3:00,RK,Mace Blvd,MBNG28,TRES,1 nearby,"1/0	",-,-,
,2023-04-27T00:00:00Z,0:22,0:50,RK,Mace Blvd,MBNG28,TRES,"1 on box, 2 nearby","4/0	",0,-,
,2023-05-04T00:00:00Z,0:31,1:15,RK,Mace Blvd,MBNG28,TRES,2 nearby,"4/2	",2A,0,
,2023-05-09T00:00:00Z,3:47,4:00,RK,Mace Blvd,MBNG28,TRES,2 nearby,"4/5	",6W,0,
,2021-04-16T00:00:00Z,2:50,3:30,"KL, KG",Mace Blvd,MBNG3,TRES,-,"4/6	",3A,-,-
,2021-04-23T00:00:00Z,1:35,2:30,KL KG,Mace Blvd,MBNG3,TRES,1 in,"4/9	",4W,-,-
,2021-04-30T00:00:00Z,2:00,2:30,"KL, KG",Mace Blvd,MBNG3,TRES,1 in,"4/10	",4,-,-
,2021-05-07T00:00:00Z,8:40,10:30,KL KG,Mace Blvd,MBNG3,TRES,1 in,"4/5	",1W,3,"WC:19,18,21"
,2021-05-12T00:00:00Z,23:30,1:50,KL KG,Mace Blvd,MBNG3,TRES,1 in,"4/10	",-,3,"WC: 43,40,42"
,2021-05-19T00:00:00Z,23:30,0:00,"KL, KG",Mace Blvd,MBNG3,TRES,1 in,"Skipped	",Skipped,Skipped,can hear babies in nest
,2021-05-26T00:00:00Z,23:45,0:15,"KL, KG",Mace Blvd,MBNG3,TRES,-,"Skipped	",Skipped,Skipped,Skip
,2021-06-02T00:00:00Z,23:30,1:00,KL KG,Mace Blvd,MBNG3,TRES,-,"4/4	",-,-,-
,2021-06-09T00:00:00Z,0:15,2:00,"KL, KG",Mace Blvd,MBNG3,TRES,-,"4/5	",5A,-,
,2021-06-16T00:00:00Z,23:30,0:30,"KL, KG",Mace Blvd,MBNG3,TRES,-,"4/3	",6W,-,
,2021-06-23T00:00:00Z,0:00,1:30,KL KG,Mace Blvd,MBNG3,TRES,1 in,"4/1	",6W,-,added loggers!
,2021-06-30T00:00:00Z,23:47,0:30,"KL, KG",Mace Blvd,MBNG3,TRES,-,"4/5	",6W,-,
,2021-07-07T00:00:00Z,23:30,1:00,KL KG,Mace Blvd,MBNG3,TRES,-,"4/4	",6C,-,loggers read out and removed
,2022-03-15T00:00:00Z,9:10,9:45,"KL, CP, SM",Mace Blvd,MBNG3,TRES,1,"-	",-,-,
,2022-03-23T00:00:00Z,23:53,0:30,"KL, IS",Mace Blvd,MBNG3,TRES,"1 in, 1 on","1/0	",-,-,
,2022-03-29T00:00:00Z,2:50,3:19,YW,Mace Blvd,MBNG3,TRES,"1 UB WEBL on top, 3 TRES flying nearby","2	",-,-,
,2022-04-05T00:00:00Z,23:30,0:00,"SM, VW, KL",Mace Blvd,MBNG3,WEBL,-,"3	",-,-,
,2022-04-12T00:00:00Z,0:15,1:00,KG YW,Mace Blvd,MBNG3,WEBL,2 on box,"4	",-,-,-
,2022-04-19T00:00:00Z,23:45,0:15,KL,Mace Blvd,MBNG3,TRES,2 on,"-	",-,-,
,2022-04-26T00:00:00Z,23:55,1:00,KL SM CP,Mace Blvd,MBNG3,TRES,5 flying,"3/0	",-,-,
,2022-05-17T00:00:00Z,,,KL,Mace Blvd,MBNG3,WEBL,-,"4	",4W,1,Hatch day!
,2022-05-26T00:00:00Z,,,KG PGG,Mace Blvd,MBNG3,WEBL,1 near,"4	",-,4,-
,2022-06-09T00:00:00Z,,,KL,Mace Blvd,MBNG3,WEBL,1 on,"Skipped	",Skipped,Skipped,
,2022-06-16T00:00:00Z,,,VW KG,Mace Blvd,MBNG3,WEBL,-,"4	",-,-,
,2022-06-28T00:00:00Z,,,CP,Mace Blvd,MBNG3,WEBL,1 WEBL female in,"4	",4W,0,
,2022-07-05T00:00:00Z,,,KL,Mace Blvd,MBNG3,WEBL,2 in,"4	",-,4,
,2022-07-13T00:00:00Z,,,VW,Mace Blvd,MBNG3,WEBL,-,"4	",-,4,
,2022-07-19T00:00:00Z,,,PGG,Mace Blvd,MBNG3,Skipped,Skipped,"Skipped	",Skipped,Skipped,
,2022-07-27T00:00:00Z,,,SM,Mace Blvd,MBNG3,Skipped,-,"Skipped	",Skipped,Skipped,
,2023-04-01T00:00:00Z,5:50,6:30,KL,Mace Blvd,MBNG3,-,-,"-	",-,-,
,2023-04-04T00:00:00Z,2:50,3:15,"RK, YZ",Mace Blvd,MBNG3,TRES,2 nearby,"0	",0,0,
,2023-04-13T00:00:00Z,0:19,1:00,"RK, YZ, KL",Mace Blvd,MBNG3,TRES,-,"4	",-,-,
,2023-04-13T00:00:00Z,1:04,1:15,YZ,Mace Blvd,MBNG3,-,0,"0	",0,0,
,2023-04-18T00:00:00Z,,,KL,Mace Blvd,MBNG3,WEBL,-,"4	",-,-,
,2023-04-27T00:00:00Z,,,KL,Mace Blvd,MBNG3,WEBL,-,"4	",-,-,
,2023-05-04T00:00:00Z,0:30,0:50,YZ,Mace Blvd,MBNG3,WEBL,0,"4	",1C,0,
,2023-05-09T00:00:00Z,3:19,3:40,YZ,Mace Blvd,MBNG3,WEBL,0,"4	",5W,0,
,2021-04-16T00:00:00Z,2:50,3:30,KG,Mace Blvd,MBNG4,TRES,1 in box,"4/ 9	",6/ warm,-,-
,2021-04-23T00:00:00Z,1:35,2:30,KL KG,Mace Blvd,MBNG4,TRES,1 in,"4/5	",6W,-,Added HOBOS
,2021-04-30T00:00:00Z,2:00,2:30,"KL, KG",Mace Blvd,MBNG4,TRES,"1 in, 1 on","4/14	",6W,-,-
,2021-05-07T00:00:00Z,8:40,10:30,KL KG,Mace Blvd,MBNG4,TRES,2 near,"4/4	",1W,4,"WC: 22,25.23,24"
,2021-05-12T00:00:00Z,23:30,1:50,KL KG,Mace Blvd,MBNG4,TRES,1 in 1 near,"4/12	",1W,4,"WC: 41,40,40,43"
,2021-05-19T00:00:00Z,23:30,0:00,"KL, KG",Mace Blvd,MBNG4,TRES,1 on,"Skipped	",Skipped,Skipped,
,2021-05-26T00:00:00Z,23:45,0:15,"KL, KG",Mace Blvd,MBNG4,TRES,-,"4/7	",1 old,-,"2 dead nestlings in nest, bands 20611&10, well-feathered but small. 1 dead outside, band 2631-20609, removed loggers"
,2021-06-02T00:00:00Z,23:30,1:00,KL KG,Mace Blvd,MBNG4,TRES,1 on 1 near,"4/7	",-,-,-
,2021-06-09T00:00:00Z,0:15,2:00,"KL, KG",Mace Blvd,MBNG4,TRES,1 in,"4/2	",3W,-,
,2021-06-16T00:00:00Z,23:30,0:30,"KL, KG",Mace Blvd,MBNG4,TRES,1 in,"4/10	",3W,-,
,2021-06-23T00:00:00Z,0:00,1:30,KL KG,Mace Blvd,MBNG4,TRES,1 on,"4/15	",3W,-,-
,2021-06-30T00:00:00Z,23:47,0:30,"KL, KG, TP",Mace Blvd,MBNG4,TRES,-,"4/12	",3C,-,
,2022-03-15T00:00:00Z,9:10,9:45,"CP, KL, SM",Mace Blvd,MBNG4,TRES,2 near,"-	",-,-,
,2022-03-23T00:00:00Z,23:53,0:30,"KL, IS",Mace Blvd,MBNG4,TRES,1 on,"-	",-,-,
,2022-03-29T00:00:00Z,2:50,3:19,YW,Mace Blvd,MBNG4,-,"2 TRES on box, 3 TRES flying near","-	",-,-,
,2022-04-05T00:00:00Z,23:30,0:00,"SM, VW, KL",Mace Blvd,MBNG4,-,-,"-	",-,-,
,2022-04-12T00:00:00Z,0:15,1:00,KG YW,Mace Blvd,MBNG4,TRES?,2 on top,"-	",-,-,-
,2022-04-26T00:00:00Z,23:55,1:00,KL SM CP,Mace Blvd,MBNG4,TRES,1 on,"3/0	",-,-,
,2022-05-17T00:00:00Z,,,VW,Mace Blvd,MBNG4,-,-,"-	",-,-,
,2022-05-17T00:00:00Z,,,KL,Mace Blvd,MBNG4,TRES,-,"4/10	",5W,-,
,2022-05-26T00:00:00Z,,,KG PGG,Mace Blvd,MBNG4,TRES,2 near,"4/4	",-,3,-
,2022-06-09T00:00:00Z,,,KL,Mace Blvd,MBNG4,TRES,-,"4/2	",-,2,Big babies-skip next week
,2022-06-16T00:00:00Z,,,VW KG,Mace Blvd,MBNG4,TRES,-,"4	",-,2,Old babies
,2022-06-22T00:00:00Z,,,"KL, YW",Mace Blvd,MBNG4,TRES,1 on,"Skipped	",Skipped,Skipped,
,2022-06-28T00:00:00Z,,,"CP, KL, YW",Mace Blvd,MBNG4,-,-,"4	",-,-,loggers removed
,2022-07-05T00:00:00Z,,,KL,Mace Blvd,MBNG4,TRES,-,"4/10	",-,-,
,2022-07-13T00:00:00Z,,,VW,Mace Blvd,MBNG4,-,-,"-	",-,-,-
,2022-07-19T00:00:00Z,,,PGG,Mace Blvd,MBNG4,TRES,-,"4/4	",4C,-,
,2022-07-27T00:00:00Z,,,SM,Mace Blvd,MBNG4,TRES,-,"4/4	",1 old,-,Removed nest
,2023-04-01T00:00:00Z,5:50,6:30,KL,Mace Blvd,MBNG4,-,-,"-	",-,-,
,2023-04-04T00:00:00Z,2:55,3:15,"YZ, RK",Mace Blvd,MBNG4,TRES,1,"0	",-,-,1 adult TRES nearby
,2023-04-04T00:00:00Z,3:45,4:00,KL,Mace Blvd,MBNG4,-,-,"-	",-,-,
,2023-04-13T00:00:00Z,0:19,0:50,"RK, KL, YZ",Mace Blvd,MBNG4,TRES,"1 on top, 1 in","1/0	",0,0,
,2023-04-18T00:00:00Z,,,KL,Mace Blvd,MBNG4,TRES,2 near,"4/0	",-,-,
,2023-04-27T00:00:00Z,,,KL,Mace Blvd,MBNG4,TRES,1 in,"4/3	",-,-,
,2023-05-04T00:00:00Z,0:34,0:50,YZ,Mace Blvd,MBNG4,TRES,1 nearby,"4/3	",0,0,
,2023-05-09T00:00:00Z,3:19,3:40,YZ,Mace Blvd,MBNG4,TRES,2 nearby,"4/10	",0,0,
,2021-04-16T00:00:00Z,2:50,3:30,KG,Mace Blvd,MBNG5,TRES,1 near,"3.5/ 2	",-,-,-
,2021-04-23T00:00:00Z,1:35,2:30,KL KG,Mace Blvd,MBNG5,TRES,-,"4/7	",4C,-,-
,2021-04-30T00:00:00Z,2:00,2:30,"KL, KG",Mace Blvd,MBNG5,TRES,2 near,"4/12	",5W,-,-
,2021-05-07T00:00:00Z,8:40,10:30,KL KG,Mace Blvd,MBNG5,TRES,1 in,"4/10	",5W,-,-
,2021-05-12T00:00:00Z,23:30,1:50,KL KG,Mace Blvd,MBNG5,TRES,2 near,"4/12	",-,5,"WC:11,11,11,10"
,2021-05-19T00:00:00Z,23:30,0:00,"KL, KG",Mace Blvd,MBNG5,TRES,2 near,"4/5	",-,5,"WC: 43, 40, 40"
,2021-05-22T00:00:00Z,0:30,2:00,"KL, RE",Mace Blvd,MBNG5,TRES,2 near,"4	",-,5,Banded
,2021-05-26T00:00:00Z,23:45,0:15,"KL, KG",Mace Blvd,MBNG5,TRES,1 on,"Skipped	",Skipped,Skipped,Can hear nestlings inside
,2021-06-02T00:00:00Z,23:30,1:00,KL KG,Mace Blvd,MBNG5,skipped,skipped,"skipped	",skipped,skipped,skipped
,2021-06-09T00:00:00Z,0:15,2:00,"KL, KG",Mace Blvd,MBNG5,TRES,-,"4/7	",1C,-,
,2021-06-16T00:00:00Z,23:30,0:30,"KL, KG",Mace Blvd,MBNG5,TRES,1 near,"4/10	",4W,-,
,2021-06-23T00:00:00Z,0:00,1:30,KL KG,Mace Blvd,MBNG5,TRES,2 near,"4/9	",4W,-,-
,2021-06-30T00:00:00Z,23:47,0:30,"KL, KG, TP",Mace Blvd,MBNG5,TRES,1 near,"4/20	",-,4,"WC: 12,13,14,15"
,2022-03-15T00:00:00Z,9:10,9:45,"KL, CP, SM",Mace Blvd,MBNG5,TRES,-,"1/1	",-,-,
,2022-03-23T00:00:00Z,23:53,0:30,"KL, IS",Mace Blvd,MBNG5,TRES,-,"1/3	",-,-,
,2022-03-29T00:00:00Z,2:50,3:19,YW,Mace Blvd,MBNG5,TRES?,3 TRES flying near,"1, 3 feathers	",0,0,
,2022-04-05T00:00:00Z,23:30,0:00,"SM, VW, KL",Mace Blvd,MBNG5,TRES,-,"1/2	",-,-,
,2022-04-12T00:00:00Z,0:15,1:00,KG YW,Mace Blvd,MBNG5,TRES?,2 near,"1	",-,-,-
,2022-04-19T00:00:00Z,23:45,0:15,KL,Mace Blvd,MBNG5,TRES,1 in,"2/1	",-,-,
,2022-04-26T00:00:00Z,23:55,1:00,KL SM CP,Mace Blvd,MBNG5,TRES,1 flying,"4/5	",-,-,
,2022-05-17T00:00:00Z,,,KL,Mace Blvd,MBNG5,TRES,2 near,"4/20	",-,5,
,2022-05-26T00:00:00Z,,,SM,Mace Blvd,MBNG5,TRES,1 nearby,"4/7	",-,5,Banding age
,2022-06-09T00:00:00Z,,,KL,Mace Blvd,MBNG5,TRES,2 near,"Skipped	",Skipped,Skipped,
,2022-06-16T00:00:00Z,,,VW KL,Mace Blvd,MBNG5,TRES,-,"4/8	",4W,-,Wasp removed
,2022-06-22T00:00:00Z,,,"KL, YW",Mace Blvd,MBNG5,TRES,-,"4/15	",4W,-,-
,2022-06-28T00:00:00Z,,,KL,Mace Blvd,MBNG5,TRES,2 near,"4/10	",4W,-,
,2022-07-05T00:00:00Z,,,VW,Mace Blvd,MBNG5,TRES,1 in 1near,"4/6	",-,4,
,2022-07-13T00:00:00Z,,,VW,Mace Blvd,MBNG5,TRES,1 NEAR 1 IN,"-	",-,HEARD,
,2022-07-19T00:00:00Z,,,KL,Mace Blvd,MBNG5,Skipped,Skipped,"Skipped	",Skipped,Skipped,
,2022-07-27T00:00:00Z,,,SM,Mace Blvd,MBNG5,TRES,-,"3/5	",-,-,Removed nest
,2023-04-01T00:00:00Z,5:50,6:30,KL,Mace Blvd,MBNG5,-,-,"-	",-,-,
,2023-04-04T00:00:00Z,2:55,3:15,"RK, YZ",Mace Blvd,MBNG5,-,0,"0	",0,0,
,2023-04-13T00:00:00Z,0:23,0:50,"YZ, KL",Mace Blvd,MBNG5,-,0,"0	",0,0,
,2023-04-18T00:00:00Z,,,KL,Mace Blvd,MBNG5,-,-,"-	",-,-,
,2023-04-27T00:00:00Z,,,KL,Mace Blvd,MBNG5,-,-,"-	",-,-,
,2023-05-04T00:00:00Z,0:36,0:50,YZ,Mace Blvd,MBNG5,-,0,"0	",0,0,
,2023-05-09T00:00:00Z,3:21,3:40,YZ,Mace Blvd,MBNG5,-,0,"0	",0,0,
,2023-06-01T00:00:00Z,,,KL,Mace Blvd,MBNG5,WEBL,1 near,"4	",5W,-,
,2023-06-08T00:00:00Z,23:30,0:00,"KL, RK, YZ",Mace Blvd,MBNG5,WEBL,1 inside,"4	",0,5,
,2023-06-15T00:00:00Z,,,KL,Mace Blvd,MBNG5,WEBL,-,"4	",-,5,
,2023-06-20T00:00:00Z,3:00,3:30,"KL, RK, YZ",Mace Blvd,MBNG5,WEBL,2 nearby,"4	",0,5,
,2023-07-12T00:00:00Z,,,KL,Mace Blvd,MBNG5,TRES,-,"2	",-,-,
,2021-04-16T00:00:00Z,2:50,3:30,"KL, KG",Mace Blvd,MBNG6,TRES,1 near,"4	",-,-,-
,2021-04-23T00:00:00Z,1:35,2:30,KL KG,Mace Blvd,MBNG6,TRES,1 in,"4/3	",3C,-,eggs at front of nest?
,2021-04-30T00:00:00Z,2:00,2:30,"KL, KG",Mace Blvd,MBNG6,TRES,-,"4/5	",5W,-,-
,2021-05-07T00:00:00Z,8:40,10:30,KL KG,Mace Blvd,MBNG6,TRES,-,"4/6	",5W,-,-
,2021-05-12T00:00:00Z,23:30,1:50,KL KG,Mace Blvd,MBNG6,TRES,1 in,"4/8	",-,5,"WC:9,8,9"
,2021-05-19T00:00:00Z,23:30,0:00,"KL, KG",Mace Blvd,MBNG6,TRES,1 near,"4/2	",-,5,"WC: 30, 31, 27"
,2021-05-22T00:00:00Z,1:15,2:00,"KL, RE",Mace Blvd,MBNG6,TRES,2 near,"4/20	",-,5,banded
,2021-05-26T00:00:00Z,23:45,0:15,"KL, KG",Mace Blvd,MBNG6,TRES,2 on,"Skipped	",Skipped,Skipped,No nestlings heard
,2021-06-02T00:00:00Z,23:30,1:00,KL KG,Mace Blvd,MBNG6,skipped,skipped,"skipped	",skipped,skipped,skipped- no action around nest
,2021-06-09T00:00:00Z,0:15,2:00,"KL, KG",Mace Blvd,MBNG6,TRES,-,"3/5	",-,-,
,2021-06-16T00:00:00Z,23:30,0:30,"KL, KG",Mace Blvd,MBNG6,TRES,-,"4/5	",3C,-,
,2021-06-23T00:00:00Z,0:00,1:30,KL KG,Mace Blvd,MBNG6,TRES,-,"4/3	",2C,-,-
,2021-06-30T00:00:00Z,23:47,0:30,"KL, KG, TP",Mace Blvd,MBNG6,TRES,-,"4/0	",4C,-,Looks like beginning WEBL nest over TRES eggs
,2022-03-15T00:00:00Z,9:10,9:45,"KL, CP, SM",Mace Blvd,MBNG6,-,-,"-	",-,-,
,2022-03-23T00:00:00Z,23:53,0:30,"KL, IS",Mace Blvd,MBNG6,-,-,"-	",-,-,
,2022-04-05T00:00:00Z,23:30,0:00,"SM, VW, KL",Mace Blvd,MBNG6,TRES,2 on,"0/1	",-,-,
,2022-04-12T00:00:00Z,0:40,1:00,YW,Mace Blvd,MBNG6,TRES,2 near,"2	",-,-,
,2022-04-19T00:00:00Z,23:45,0:15,KL,Mace Blvd,MBNG6,TRES,1 on 1 in,"3	",-,-,
,2022-04-26T00:00:00Z,0:00,1:00,SM,Mace Blvd,MBNG6,TRES,2 TRES flying near,"4/10	",-,-,
,2022-05-17T00:00:00Z,,,VW KL CP SM,Mace Blvd,MBNG6,TRES,-,"4/8	",4W,-,WASP nest removed
,2022-05-26T00:00:00Z,,,KL,Mace Blvd,MBNG6,TRES,2 in,"4/10	",0,5,
,2022-05-31T00:00:00Z,,,KL,Mace Blvd,MBNG6,TRES,TRES flying near (didn't get count),"4	",0,4,
,2022-06-09T00:00:00Z,,,KL,Mace Blvd,MBNG6,TRES,-,"Skipped	",Skipped,Skipped,
,2022-06-16T00:00:00Z,,,VW KL,Mace Blvd,MBNG6,TRES,-,"4/6	",-,-,fledged
,2022-06-22T00:00:00Z,,,"YW, KL",Mace Blvd,MBNG6,-,-,"-	",-,-,-
,2022-06-28T00:00:00Z,0:00,1:30,CP,Mace Blvd,MBNG6,-,2 TRES flying above,"0	",0,0,"Nest on ground, box cleaned out?"
,2022-07-05T00:00:00Z,,,KL,Mace Blvd,MBNG6,-,-,"-	",-,-,
,2022-07-13T00:00:00Z,,,VW,Mace Blvd,MBNG6,-,-,"-	",-,-,empty
,2022-07-19T00:00:00Z,,,PGG,Mace Blvd,MBNG6,-,-,"-	",-,-,
,2022-07-27T00:00:00Z,,,SM,Mace Blvd,MBNG6,-,-,"-	",-,-,
,2023-04-01T00:00:00Z,5:50,6:30,KL,Mace Blvd,MBNG6,-,-,"-	",-,-,
,2023-04-04T00:00:00Z,2:57,3:15,"YZ, RK",Mace Blvd,MBNG6,TRES,2,"0	",-,-,2 adults nearby
,2023-04-13T00:00:00Z,,0:50,"RK, KL, YZ",Mace Blvd,MBNG6,TRES,1 on top,"0	",-,-,
,2023-04-18T00:00:00Z,,,KL,Mace Blvd,MBNG6,TRES,1 on,"2/0	",-,-,
,2023-04-18T00:00:00Z,2:34,2:45,YZ,Mace Blvd,MBNG6,TRES,3 nearby,"3	",0,0,
,2023-04-27T00:00:00Z,,,KL,Mace Blvd,MBNG6,TRES,-,"4/5	",-,-,
,2023-05-04T00:00:00Z,0:37,0:50,YZ,Mace Blvd,MBNG6,TRES,1 inside,"4/10	",5W,0,
,2023-05-09T00:00:00Z,3:23,3:40,YZ,Mace Blvd,MBNG6,TRES,"1 on top, 1 nearby","4/10	",5W,0,
,2023-06-15T00:00:00Z,1:10,,"KL, RK, YZ",Mace Blvd,MBNG6,TRES,0,"4/30	",4W,0,
,2023-06-20T00:00:00Z,3:19,3:40,"KL, RK, YZ",Mace Blvd,MBNG6,TRES,2 nearby,"4/20	",4W,0,
,2023-06-28T00:00:00Z,,,KL,Mace Blvd,MBNG6,TRES,1 in,"4/20	",4W,-,
,2023-07-06T00:00:00Z,3:15,3:45,"KL, RK",Mace Blvd,MBNG6,TRES,2 in,"4/20	",0,4,
,2023-07-12T00:00:00Z,,,KL,Mace Blvd,MBNG6,TRES,2 near,"4/10	",-,4,
,2023-08-02T00:00:00Z,0:40,0:45,"RK, YZ",Mace Blvd,MBNG6,TRES,0,"4/20	",0,0,1 dead baby inside
,2021-04-16T00:00:00Z,2:50,3:30,KG,Mace Blvd,MBNG7,TRES,1 on box,"1.5	",-,-,-
,2021-04-23T00:00:00Z,1:35,2:30,KL KG,Mace Blvd,MBNG7,TRES?,1 TRES on,"3	",-,-,-
,2021-04-30T00:00:00Z,2:00,2:30,"KL, KG",Mace Blvd,MBNG7,TRES,"1 in, 1 on","4/4	",-,-,-
,2021-05-07T00:00:00Z,8:40,10:30,KL KG,Mace Blvd,MBNG7,TRES,2 on,"4/5	",5W,-,-
,2021-05-12T00:00:00Z,23:30,1:50,KL KG,Mace Blvd,MBNG7,TRES,female in,"4/10	",5W,-,-
,2021-05-19T00:00:00Z,23:30,0:00,"KL, KG",Mace Blvd,MBNG7,TRES,1 in,"4/15	",3W,2,"WC: 7, 7"
,2021-05-26T00:00:00Z,23:45,0:15,"KL, KG",Mace Blvd,MBNG7,TRES,1 on,"4/7	",-,5,"More than a week old, hope I have WC"
,2021-06-02T00:00:00Z,23:30,1:00,KL KG,Mace Blvd,MBNG7,skipped,skipped,"skipped	",skipped,skipped,skipped- no action near nest
,2021-06-09T00:00:00Z,0:15,2:00,"KL, KG",Mace Blvd,MBNG7,TRES,1 in,"Skipped	",Skipped,Skipped,Very large babies- maybe I was supposed to skip this?
,2021-06-16T00:00:00Z,23:30,0:30,"KL, KG",Mace Blvd,MBNG7,TRES?,-,"2/1	",-,-,
,2021-06-23T00:00:00Z,0:00,1:30,KL KG,Mace Blvd,MBNG7,-,-,"3?	",-,-,old nest now flat so poopy
,2021-06-30T00:00:00Z,23:47,0:30,"KL, KG, TP",Mace Blvd,MBNG7,TRES,-,"2/1	",-,-,
,2022-03-15T00:00:00Z,9:10,9:45,"KL, CP, SM",Mace Blvd,MBNG7,-,-,"-	",-,-,
,2022-03-23T00:00:00Z,23:53,0:30,"KL, IS",Mace Blvd,MBNG7,TRES,1 on 1 near,"-	",-,-,
,2022-04-05T00:00:00Z,23:30,0:00,"SM, VW, KL",Mace Blvd,MBNG7,TRES,"1 on, 3 flying","0/1	",-,-,
,2022-04-12T00:00:00Z,0:15,1:00,KG YW,Mace Blvd,MBNG7,-,-,"-	",-,-,-
,2022-04-19T00:00:00Z,23:45,0:15,KL,Mace Blvd,MBNG7,TRES,1 near,"-	",-,-,
,2022-04-26T00:00:00Z,0:00,1:00,SM,Mace Blvd,MBNG7,TRES,"1 TRES on top, 2 TRES swooping","4/1	",-,-,
,2022-05-17T00:00:00Z,,,VW KL CP SM,Mace Blvd,MBNG7,TRES,1 IN,"4/6	",4W,-,wasp nest removed(cody is so brave!) Mantis egg case
,2022-05-26T00:00:00Z,,,SM,Mace Blvd,MBNG7,TRES,3 nearby,"4/5	",2 W,2,Logger from inside nest found on the ground
,2022-05-31T00:00:00Z,,,KL,Mace Blvd,MBNG7,TRES,1 TRES female in,"4	",2,2,"Camera, replaced battery"
,2022-06-09T00:00:00Z,,,KL,Mace Blvd,MBNG7,TRES,-,"4/10	",-,2,replaced battery
,2022-06-16T00:00:00Z,,,VW KL,Mace Blvd,MBNG7,TRES,-,"-	",-,-,
,2022-06-22T00:00:00Z,,,"KL, YW",Mace Blvd,MBNG7,-,-,"-	",-,-,-
,2022-06-22T00:00:00Z,,,"YW, KL",Mace Blvd,MBNG7,TRES,-,"-	",-,-,-
,2022-07-05T00:00:00Z,,,KL,Mace Blvd,MBNG7,-,-,"-	",-,-,
,2022-07-13T00:00:00Z,,,VW,Mace Blvd,MBNG7,-,-,"-	",-,-,empty
,2022-07-19T00:00:00Z,,,KL,Mace Blvd,MBNG7,-,-,"-	",-,-,
,2022-07-27T00:00:00Z,,,SM,Mace Blvd,MBNG7,-,-,"-	",-,-,
,2023-04-01T00:00:00Z,5:50,6:30,KL,Mace Blvd,MBNG7,-,-,"-	",-,-,
,2023-04-04T00:00:00Z,2:58,3:15,"RK, YZ",Mace Blvd,MBNG7,TRES,1 on top,"0	",0,0,
,2023-04-13T00:00:00Z,0:25,0:50,YZ,Mace Blvd,MBNG7,-,0,"0	",0,0,
,2023-04-18T00:00:00Z,,,KL,Mace Blvd,MBNG7,TRES,2 near,"2/0	",-,-,
,2023-04-27T00:00:00Z,,,KL,Mace Blvd,MBNG7,TRES,-,"3/0	",-,-,
,2023-05-04T00:00:00Z,0:40,0:50,YZ,Mace Blvd,MBNG7,TRES,1 on top,"4/1	",0,0,
,2023-05-09T00:00:00Z,3:25,3:40,YZ,Mace Blvd,MBNG7,TRES,"1 inside, 1 nearby","4/10	",4W,0,
,2021-04-16T00:00:00Z,2:50,3:30,"KL, KG",Mace Blvd,MBNG8,WEBL?,-,"3	",-,-,-
,2021-04-23T00:00:00Z,1:35,2:30,KL KG,Mace Blvd,MBNG8,WEBL,"1 female in, 1 male on","3	",-,-,3 TRES nearby- Mobbing WEBL
,2021-04-30T00:00:00Z,2:00,2:30,"KL, KG",Mace Blvd,MBNG8,TRES,2 near,"3/0	",-,-,-
,2021-05-07T00:00:00Z,8:40,10:30,KL KG,Mace Blvd,MBNG8,WEBL,-,"4	",5W,-,-
,2021-05-12T00:00:00Z,23:30,1:50,KL KG,Mace Blvd,MBNG8,WEBL,1 on,"4	",5W,-,-
,2021-05-19T00:00:00Z,23:30,0:00,"KL, KG",Mace Blvd,MBNG8,WEBL,-,"4	",-,5,"WC: 9,8,7"
,2021-05-26T00:00:00Z,23:45,0:15,"KL, KG",Mace Blvd,MBNG8,WEBL,1 in,"4	",-,4,
,2021-06-02T00:00:00Z,23:30,1:00,KL KG,Mace Blvd,MBNG8,skipped,skipped,"skipped	",skipped,skipped,early skip because there was commotion in box
,2021-06-09T00:00:00Z,0:15,2:00,"KL, KG",Mace Blvd,MBNG8,Skipped,-,"Skipped	",Skipped,Skipped,No nestling audible inside
,2021-06-16T00:00:00Z,23:30,0:30,"KL, KG",Mace Blvd,MBNG8,TRES,-,"Skipped	",Skipped,Skipped,
,2021-06-23T00:00:00Z,0:00,1:30,KL KG,Mace Blvd,MBNG8,WEBL,-,"4	",1A,-,-
,2021-06-30T00:00:00Z,23:47,0:30,"KL, KG, TP",Mace Blvd,MBNG8,WEBL,1 in,"4	",3W,-,Female inside incubating
,2021-07-07T00:00:00Z,23:30,1:00,KL KG,Mace Blvd,MBNG8,WEBL,1 male near,"4	",3W,-,loggers added and pic taken ; found eaten female nearby 1321-35448
,2021-07-15T00:00:00Z,23:30,0:45,KG,Mace Blvd,MBNG8,WEBL,-,"4	",-,3,"WC: 19,18,8 - tiny dried up guy looking super sad and dry"
,2021-07-22T00:00:00Z,1:30,2:00,KG POK,Mace Blvd,MBNG8,WEBL,-,"4	",-,2,"blue nestling gone- WC of purple and pink 50,50 m2! schedule m3"
,2021-08-05T00:00:00Z,0:50,1:30,KG,Mace Blvd,MBNG8,WEBL,-,"4	",-,-,loggers removed and cam
,2022-03-15T00:00:00Z,9:10,9:45,"KL, CP, SM",Mace Blvd,MBNG8,-,-,"-	",-,-,
,2022-03-23T00:00:00Z,23:53,0:30,"KL, IS",Mace Blvd,MBNG8,TRES,2 on 1 WEBL on,"-	",-,-,
,2022-03-29T00:00:00Z,2:50,3:19,YW,Mace Blvd,MBNG8,TRES?,2TRES flying,"1	",-,-,
,2022-04-05T00:00:00Z,23:30,0:00,"SM, VW, KL",Mace Blvd,MBNG8,?,-,"3	",-,-,
,2022-04-12T00:00:00Z,0:15,1:00,KG YW,Mace Blvd,MBNG8,TRES,2 on box,"4/1	",-,-,-
,2022-04-19T00:00:00Z,23:45,0:15,KL,Mace Blvd,MBNG8,WEBL,-,"4	",5W,-,
,2022-04-26T00:00:00Z,0:00,1:00,SM,Mace Blvd,MBNG8,WEBL,1 WEBL female inside,"4	",5W,-,
,2022-05-17T00:00:00Z,,,KL,Mace Blvd,MBNG8,WEBL,-,"4	",Skipped,Skipped,Very large chicks- ready to fledge
,2022-05-26T00:00:00Z,,,SM,Mace Blvd,MBNG8,WEBL?,-,"4	",-,-,
,2022-06-09T00:00:00Z,,,KL,Mace Blvd,MBNG8,WEBL,-,"4	",5W,-,
,2022-06-16T00:00:00Z,,,KL,Mace Blvd,MBNG8,WEBL,2 in,"4	",1W,4,
,2022-06-28T00:00:00Z,,,CP,Mace Blvd,MBNG8,WEBL,1 WEBL female in,"4	",0,4,
,2022-07-05T00:00:00Z,,,KL,Mace Blvd,MBNG8,WEBL,1 near,"Skipped	",Skipped,Skipped,
,2022-07-13T00:00:00Z,,,VW,Mace Blvd,MBNG8,-,-,"-	",-,-,
,2022-07-19T00:00:00Z,,,KL,Mace Blvd,MBNG8,WEBL,-,"4	",-,-,
,2022-07-27T00:00:00Z,,,SM,Mace Blvd,MBNG8,WEBL?,-,"3	",-,-,Nest removed
,2023-04-01T00:00:00Z,5:50,6:30,KL,Mace Blvd,MBNG8,-,-,"-	",-,-,
,2023-04-04T00:00:00Z,2:59,3:15,"YZ, RK",Mace Blvd,MBNG8,TRES,2 nearby,"0	",-,-,
,2023-04-04T00:00:00Z,3:45,4:00,KL,Mace Blvd,MBNG8,-,-,"-	",-,-,
,2023-04-13T00:00:00Z,,,"KL,YZ,RK",Mace Blvd,MBNG8,TRES,2 near,"-	",-,-,
,2023-04-27T00:00:00Z,,,KL,Mace Blvd,MBNG8,TRES,1 near,"4/5	",1A,-,
,2023-05-04T00:00:00Z,0:44,0:50,YZ,Mace Blvd,MBNG8,TRES,2 on top,"4/4	",6A,0,
,2023-05-09T00:00:00Z,3:27,3:40,YZ,Mace Blvd,MBNG8,TRES,2 nearby,"4/5	",6W,0,
,2021-04-16T00:00:00Z,2:50,3:30,KL KG,Mace Blvd,MBNG9,TRES,-,"4/ 6	",-,-,-
,2021-04-23T00:00:00Z,1:35,2:30,KL KG,Mace Blvd,MBNG9,TRES,-,"4/6	",-,-,-
,2021-04-30T00:00:00Z,2:00,2:30,"KL, KG",Mace Blvd,MBNG9,TRES,1 in,"4/8	",5W,-,-
,2021-05-07T00:00:00Z,8:40,10:30,KL KG,Mace Blvd,MBNG9,TRES,1 in 1 on,"4/6	",5W,-,-
,2021-05-12T00:00:00Z,23:30,1:50,KL KG,Mace Blvd,MBNG9,TRES,1 on 1 in,"4/10	",5W,-,-
,2021-05-19T00:00:00Z,23:30,0:00,"KL, KG",Mace Blvd,MBNG9,TRES,1 on 1 in,"4/15	",-,5,"WC: 12, 14, 15"
,2021-05-26T00:00:00Z,23:45,0:15,"KL, KG",Mace Blvd,MBNG9,TRES,-,"4/10	",-,4,skip next week
,2021-06-02T00:00:00Z,23:30,1:00,KL KG,Mace Blvd,MBNG9,TRES,1 in,"skipped	",skipped,skipped,skipped
,2021-06-09T00:00:00Z,0:15,2:00,"KL, KG",Mace Blvd,MBNG9,TRES,1 in,"Skipped	",Skipped,Skipped,Skip 2
,2021-06-16T00:00:00Z,23:30,0:30,"KL, KG",Mace Blvd,MBNG9,TRES,1 in,"4/3	",4A,-,
,2021-06-23T00:00:00Z,0:00,1:30,KL KG,Mace Blvd,MBNG9,TRES,-,"4/12	",4W,-,-
,2021-06-30T00:00:00Z,23:47,0:30,"KL, KG, TP",Mace Blvd,MBNG9,TRES,-,"4/10	",1W,3,"WC: 6,6,7"
,2022-03-15T00:00:00Z,9:10,9:45,"KL, CP, SM",Mace Blvd,MBNG9,TRES,1 in 1 near,"3/0	",-,-,
,2022-03-23T00:00:00Z,23:53,0:30,"KL, IS",Mace Blvd,MBNG9,TRES,1 near,"4/4	",-,-,
,2022-03-29T00:00:00Z,2:50,3:19,YW,Mace Blvd,MBNG9,-,3 TRES swooping,"-	",-,-,
,2022-03-29T00:00:00Z,2:50,3:19,YW,Mace Blvd,MBNG9,-,-,"4, with 5 feathers	",-,-,
,2022-04-05T00:00:00Z,23:30,0:00,SM VW,Mace Blvd,MBNG9,TRES,1 in,"4/5	",3W,-,
,2022-04-12T00:00:00Z,0:40,1:00,"YW, KG",Mace Blvd,MBNG9,TRES,1in 1on,"4	",7,-,loggers added
,2022-04-19T00:00:00Z,23:45,0:15,KL,Mace Blvd,MBNG9,TRES,1 in,"4/3	",7W,-,Loggers
,2022-04-26T00:00:00Z,23:55,4:00,SM KL CP,Mace Blvd,MBNG9,TRES,1 on,"4	",-,6,"Captured mom ; WC: 7,8,8,7,7,6"
,2022-05-03T00:00:00Z,23:45,1:00,KG PGG CP VW,Mace Blvd,MBNG9,TRES,1 in box 1 on,"4/7	",1 accidentally removed but definitely dead,6,-
,2022-05-07T00:00:00Z,,,"KL, KG",Mace Blvd,MBNG9,TRES,2 near,"4/15	",-,6,
,2022-05-17T00:00:00Z,,,"KL, VW",Mace Blvd,MBNG9,TRES,1 near,"-	",-,All fledged,
,2022-05-26T00:00:00Z,,,SM,Mace Blvd,MBNG9,TRES,-,"3/4	",-,-,Cleaned out nest
,2022-06-09T00:00:00Z,,,KL,Mace Blvd,MBNG9,TRES,1 in,"4/10	",5W,-,
,2022-06-16T00:00:00Z,,,VW,Mace Blvd,MBNG9,TRES,1 IN,"4/6	",5W,-,
,2022-06-28T00:00:00Z,,,CP,Mace Blvd,MBNG9,TRES,"1 TRES in, 5 TRES flying near (3 brown - juvs?)","4	",0,5,
,2022-07-03T00:00:00Z,,,KG AT,Mace Blvd,MBNG9,TRES,2 near,"4/16	",-,4,sorry this nest check is late!
,2022-07-05T00:00:00Z,,,KL,Mace Blvd,MBNG9,TRES,1 near,"Skipped	",Skipped,Skipped,
,2022-07-12T00:00:00Z,,,KG VW,Mace Blvd,MBNG9,TRES,-,"4/6	",-,-,old nest
,2022-07-19T00:00:00Z,,,KL,Mace Blvd,MBNG9,TRES,1 near,"2/4	",-,-,
,2022-07-27T00:00:00Z,,,SM,Mace Blvd,MBNG9,TRES,-,"3/3	",-,-,Removed nest
,2023-04-01T00:00:00Z,5:50,6:30,KL,Mace Blvd,MBNG9,WEBL,-,"4	",-,-,
,2023-04-04T00:00:00Z,3:00,3:15,"RK, YZ",Mace Blvd,MBNG9,TRES,5 nearby,"4	",0,0,
,2023-04-13T00:00:00Z,0:27,0:50,RK,Mace Blvd,MBNG9,TRES,2 nearby,"4/5	",-,-,
,2023-04-18T00:00:00Z,,,KL,Mace Blvd,MBNG9,TRES,1 near,"4/0	",-,-,
,2023-04-27T00:00:00Z,,,KL,Mace Blvd,MBNG9,TRES,2 near,"4/10	",5W,-,
,2023-05-04T00:00:00Z,0:46,0:50,YZ,Mace Blvd,MBNG9,TRES,2 nearby,"4/15	",5W,0,
,2023-05-09T00:00:00Z,3:29,3:40,YZ,Mace Blvd,MBNG9,TRES,2 nearby,"4/5	",0,5,
,2023-06-28T00:00:00Z,1:45,2:00,RK,Mace Blvd,MBNG9,TRES,0,"4/20	",3W,0,
,2023-07-06T00:00:00Z,3:15,3:45,"KL, RK",Mace Blvd,MBNG9,TRES,2 in,"4/20	",0,3,
,2023-07-12T00:00:00Z,0:00,0:05,"KL, RK",Mace Blvd,MBNG9,TRES,0,"4/15	",0,0,"2 dead nestlings in nest, 1 was well developed"
,2021-04-16T00:00:00Z,3:50,16:30,KL KG,Mace Blvd,MBNR1,TRES?,-,"1.5	",-,-,-
,2021-04-23T00:00:00Z,1:00,1:15,KL KG,Mace Blvd,MBNR1,TRES?,-,"1	",-,-,-
,2021-04-30T00:00:00Z,2:30,2:45,"KL, KG",Mace Blvd,MBNR1,TRES?,2 near,"3	",-,-,"large front of nest, small cup"
,2021-05-07T00:00:00Z,8:00,8:35,KL KG,Mace Blvd,MBNR1,TRES?,2 near,"3/2	",-,-,-
,2021-05-12T00:00:00Z,3:40,4:10,KL KG,Mace Blvd,MBNR1,TRES,2 near,"4/0	",4A,-,hay nest that is now being used
,2021-05-19T00:00:00Z,0:30,2:30,KL KG,Mace Blvd,MBNR1,TRES,1 on,"4/0	",5W,-,-
,2021-05-26T00:00:00Z,1:45,3:00,KL KG,Mace Blvd,MBNR1,TRES,2 in,"4/20	",5W,-,-
,2021-06-02T00:00:00Z,0:50,2:00,KL KG,Mace Blvd,MBNR1,TRES,1 near,"4/13	",-,5,"WC: 14,24,25"
,2021-06-09T00:00:00Z,1:15,2:00,"KL, KG",Mace Blvd,MBNR1,TRES,-,"Skipped	",Skipped,Skipped,Nestlings audible inside; skip 1
,2021-06-16T00:00:00Z,22:30,23:30,KL KG,Mace Blvd,MBNR1,TRES,1 near,"skipped	",skipped,skipped,heard many nestlings
,2021-06-23T00:00:00Z,1:00,2:00,KL KG,Mace Blvd,MBNR1,skipped,skipped,"skipped	",skipped,skipped,skip- heard nothing but a man doing some water control near nest
,2022-03-15T00:00:00Z,8:46,21:15,KG RS,Mace Blvd,MBNR1,TRES,4,"0	",0,0,-
,2022-03-29T00:00:00Z,2:50,3:10,VW,Mace Blvd,MBNR1,TRES,-,"4/3	",-,-,
,2022-04-05T00:00:00Z,0:30,0:45,KL,Mace Blvd,MBNR1,WEBL,1 in,"4	",3W,-,Maybe laying? Loggers next week
,2022-04-12T00:00:00Z,23:30,0:00,KG,Mace Blvd,MBNR1,WEBL,1 female incubating,"4	",5,0,Temp loggers added
,2022-04-19T00:00:00Z,2:15,2:45,"CP, AS",Mace Blvd,MBNR1,WEBL,1 WEBL female on box,"4	",6W,0,loggers
,2022-04-26T00:00:00Z,4:30,5:00,SM KL CP,Mace Blvd,MBNR1,WEBL,-,"4	",-,4,
,2022-04-28T00:00:00Z,,,KL,Mace Blvd,MBNR1,WEBL,1 in,"4	",,,"m1; WC: 22,22,24,23,22"
,2022-05-03T00:00:00Z,1:20,2:00,KG PGG CP VW,Mace Blvd,MBNR1,WEBL,1 near,"4	",-,3,measured and bled
,2022-05-10T00:00:00Z,2:00,3:45,CP,Mace Blvd,MBNR1,WEBL,0,"4	",-,-,
,2022-05-17T00:00:00Z,,,VW KL SM CP,Mace Blvd,MBNR1,WEBL,-,"4	",-,-,-
,2022-05-26T00:00:00Z,,,SM KL YW,Mace Blvd,MBNR1,?,-,"1	",-,-,
,2022-06-02T00:00:00Z,23:40,,KL,Mace Blvd,MBNR1,TRES,0,"1/4	",0,0,
,2022-06-09T00:00:00Z,,,SM YW KL,Mace Blvd,MBNR1,-,-,"-	",-,-,
,2022-06-16T00:00:00Z,,,VW SM,Mace Blvd,MBNR1,-,-,"1	",-,-,-
,2022-06-22T00:00:00Z,,,"KL, YW",Mace Blvd,MBNR1,-,-,"-	",-,-,-
,2022-06-29T00:00:00Z,,,KL,Mace Blvd,MBNR1,-,-,"-	",-,-,
,2022-07-05T00:00:00Z,,,KL,Mace Blvd,MBNR1,-,-,"-	",-,-,
,2022-07-13T00:00:00Z,,,KL,Mace Blvd,MBNR1,-,-,"-	",-,-,
,2022-07-19T00:00:00Z,,,PGG,Mace Blvd,MBNR1,-,-,"-	",-,-,
,2022-07-27T00:00:00Z,,,Kl,Mace Blvd,MBNR1,-,-,"-	",-,-,
,2023-04-01T00:00:00Z,6:45,7:00,KL,Mace Blvd,MBNR1,-,-,"-	",-,-,
,2023-04-04T00:00:00Z,3:45,4:00,KL,Mace Blvd,MBNR1,-,-,"-	",-,-,
,2023-04-13T00:00:00Z,,,"KL, YZ,RK",Mace Blvd,MBNR1,-,-,"-	",-,-,
,2023-04-18T00:00:00Z,,,KL,Mace Blvd,MBNR1,WEBL,-,"1	",-,-,
,2023-04-27T00:00:00Z,,,KL,Mace Blvd,MBNR1,TRES,-,"1/0	",-,-,
,2023-05-04T00:00:00Z,,,KL,Mace Blvd,MBNR1,TRES,-,"3/4	",-,-,
,2023-05-09T00:00:00Z,2:00,2:02,YZ,Mace Blvd,MBNR1,TRES,0,"3/4	",0,0,
,2023-05-19T00:00:00Z,,,KL,Mace Blvd,MBNR1,ATFL,-,"4	",1C,-,
,2023-06-08T00:00:00Z,2:02,2:04,RK,Mace Blvd,MBNR1,ATFL,0,"4	",2W,3,
,2021-04-16T00:00:00Z,4:00,4:15,KL KG,Mace Blvd,MBNR10,TRES,2 near,"0.5	",-,-,-
,2023-04-01T00:00:00Z,6:45,7:00,KL,Mace Blvd,MBNR10,-,-,"-	",-,-,
,2023-04-04T00:00:00Z,3:45,4:00,KL,Mace Blvd,MBNR10,-,-,"-	",-,-,
,2023-04-13T00:00:00Z,0:55,1:15,YZ,Mace Blvd,MBNR10,-,0,"0	",0,0,
,2023-04-18T00:00:00Z,2:59,3:19,"RK, YZ",Mace Blvd,MBNR10,TRES,-,"1/2	",-,-,
,2023-04-27T00:00:00Z,1:40,2:15,RK,Mace Blvd,MBNR10,TRES,-,"4/0	",0,-,
,2023-05-04T00:00:00Z,2:20,2:40,YZ,Mace Blvd,MBNR10,WEBL,1 on top,"4	",3A,0,
,2023-05-09T00:00:00Z,1:21,1:49,YZ,Mace Blvd,MBNR10,WEBL,1 inside,"4	",6W,0,
,2023-06-24T00:00:00Z,,,KL,Mace Blvd,MBNR10,WEBL,1 dead in,"4	",-,-,Dead male rd/or:or/sv 2941-18470
,2021-04-16T00:00:00Z,3:50,16:30,KL KG,Mace Blvd,MBNR2,TRES?,-,"2	",-,-,-
,2021-04-23T00:00:00Z,1:00,1:15,KL KG,Mace Blvd,MBNR2,TRES?,-,"2	",-,-,-
,2021-04-30T00:00:00Z,2:30,2:45,"KL, KG",Mace Blvd,MBNR2,TRES?,-,"3	",-,-,hay nest? has not changed
,2021-05-07T00:00:00Z,8:00,8:35,KL KG,Mace Blvd,MBNR2,WEBL,1 in,"4	",5W,-,HOBOS Added- same female that has hungout in box before!
,2021-05-12T00:00:00Z,3:40,4:10,KL KG,Mace Blvd,MBNR2,WEBL,-,"4	",5W,-,-
,2021-05-19T00:00:00Z,0:30,2:30,KL KG,Mace Blvd,MBNR2,WEBL,1 female near,"4	",-,5,"WC: 12,12,12,11,10; measure 1"
,2021-05-26T00:00:00Z,1:45,3:00,KL KG,Mace Blvd,MBNR2,WEBL,2 near,"4	",-,5,"WC: 31,35,37,37,34"
,2021-05-31T00:00:00Z,9:30,11:00,"KL, IS",Mace Blvd,MBNR2,WEBL,1 in,"4	",-,5,Banded
,2021-06-02T00:00:00Z,0:50,2:00,KL KG,Mace Blvd,MBNR2,skipped,skipped,"skipped	",skipped,skipped,skipped
,2021-06-09T00:00:00Z,1:15,2:00,"KL, KG",Mace Blvd,MBNR2,Skipped,Skipped,"Skipped	",Skipped,Skipped,Loggers; skip 2
,2021-06-16T00:00:00Z,22:30,23:30,KL KG TP,Mace Blvd,MBNR2,-,-,"4	",-,-,loggers removed
,2021-06-23T00:00:00Z,1:00,2:00,KL KG,Mace Blvd,MBNR2,-,-,"4	",-,-,-
,2021-06-30T00:00:00Z,23:25,1:30,KL KG TP,Mace Blvd,MBNR2,WEBL,-,"4	",-,-,-
,2021-06-30T00:00:00Z,23:25,1:30,KL KG TP,Mace Blvd,MBNR2,WEBL,-,"4	",-,-,-
,2021-07-07T00:00:00Z,1:00,2:00,KL KG,Mace Blvd,MBNR2,WEBL,1 female in,"4	",4W,-,loggers to be added
,2021-07-15T00:00:00Z,1:30,2:00,KG,Mace Blvd,MBNR2,WEBL,1 female in,"4	",4W,-,-
,2021-07-22T00:00:00Z,0:55,1:30,KG,Mace Blvd,MBNR2,WEBL,1 female in,"4	",4W,-,likely dead eggs- remove loggers next week
,2021-07-29T00:00:00Z,22:00,23:00,KG,Mace Blvd,MBNR2,WEBL,1 female incubating,"4	",4A,-,loggers removed- incubating over a month now poor lady
,2022-03-15T00:00:00Z,8:45,9:15,KG RS,Mace Blvd,MBNR2,WEBL,2 near male and female,"0.25	",-,-,-
,2022-03-29T00:00:00Z,2:50,3:10,VW,Mace Blvd,MBNR2,TRES,1 flying near,"2	",-,-,yellow Jacket nest on pole!!
,2022-04-05T00:00:00Z,0:30,0:45,KL,Mace Blvd,MBNR2,TRES,-,"2/2	",-,-,
,2022-04-12T00:00:00Z,23:30,0:00,KG,Mace Blvd,MBNR2,TRES,0,"2, 2 feathers	",-,-,
,2022-04-19T00:00:00Z,2:15,2:45,"CP, AS",Mace Blvd,MBNR2,TRES,0,"2/3	",-,-,
,2022-04-26T00:00:00Z,4:30,5:00,SM CP KL,Mace Blvd,MBNR2,WEBL,-,"2	",-,-,
,2022-05-03T00:00:00Z,1:49,2:30,PGG,Mace Blvd,MBNR2,TRES,1 TRES in,"4/6	",0,0,
,2022-05-10T00:00:00Z,2:00,3:45,CP,Mace Blvd,MBNR2,TRES,1 TRES inside,"4/12	",6W,0,
,2022-05-17T00:00:00Z,,,VW CP KL SM,Mace Blvd,MBNR2,TRES,1 IN,"4/5	",6W,-,
,2022-05-26T00:00:00Z,,,SM YW KL,Mace Blvd,MBNR2,TRES,2 nearby,"4/5	",-,6,Didn’t measure or catch mom because nestlings are very cold
,2022-06-02T00:00:00Z,,,SM KL CP,Mace Blvd,MBNR2,TRES,-,"4/?	",-,-,Nestlings dead. Cleaned out nest
,2022-06-09T00:00:00Z,,,SM KL YW,Mace Blvd,MBNR2,-,-,"-	",-,-,
,2022-06-16T00:00:00Z,,,SM VW KL,Mace Blvd,MBNR2,-,-,"-	",-,-,
,2022-06-22T00:00:00Z,,,"YW, KL",Mace Blvd,MBNR2,-,-,"-	",-,-,-
,2022-06-29T00:00:00Z,,,KL,Mace Blvd,MBNR2,-,-,"-	",-,-,
,2022-07-05T00:00:00Z,,,KL,Mace Blvd,MBNR2,WEBL,-,"4	",-,-,
,2022-07-13T00:00:00Z,,,KL,Mace Blvd,MBNR2,WEBL,1 in,"4	",3W,-,
,2022-07-19T00:00:00Z,,,PGG,Mace Blvd,MBNR2,WEBL,1 in,"4	",4W,-,
,2022-07-27T00:00:00Z,,,KL,Mace Blvd,MBNR2,WEBL,1 in,"4	",3W,-,"1 dead nestling, 2 days old"
,2023-04-01T00:00:00Z,6:45,7:00,KL,Mace Blvd,MBNR2,WEBL,-,"1	",-,-,
,2023-04-04T00:00:00Z,3:45,4:00,KL,Mace Blvd,MBNR2,WEBL,-,"1	",-,-,
,2023-04-13T00:00:00Z,1:02,1:30,RK,Mace Blvd,MBNR2,WEBL,-,"4	",-,-,
,2023-04-18T00:00:00Z,,,KL,Mace Blvd,MBNR2,WEBL,1 female near,"4	",-,-,
,2023-04-27T00:00:00Z,,,KL,Mace Blvd,MBNR2,WEBL,1 female in,"4	",4W,-,
,2023-05-04T00:00:00Z,,,KL,Mace Blvd,MBNR2,WEBL,-,"4	",6W,-,
,2023-05-09T00:00:00Z,1:20,2:00,"KL, YZ",Mace Blvd,MBNR2,WEBL,2 nearby,"4	",0,5,
,2023-05-16T00:00:00Z,2:30,2:47,"KL, RK, YZ",Mace Blvd,MBNR2,WEBL,1 nearby,"4	",1,5,
,2023-05-19T00:00:00Z,,,KL,Mace Blvd,MBNR2,WEBL,1 in 1 near,"4	",-,Did not check,
,2023-05-22T00:00:00Z,,,KL,Mace Blvd,MBNR2,WEBL,2 near,"4	",1W,5,
,2023-06-08T00:00:00Z,,,KL,Mace Blvd,MBNR2,TRES,-,"4/10	",4W,-,"Left loggers, data download, rm camera"
,2023-06-15T00:00:00Z,23:36,23:40,"KL, RK",Mace Blvd,MBNR2,TRES,1 in,"4/30	",5W,0,
,2023-06-24T00:00:00Z,,,KL,Mace Blvd,MBNR2,TRES,1 in,"4/15	",?,4,
,2023-06-28T00:00:00Z,,,KL,Mace Blvd,MBNR2,TRES,-,"4/15	",-,4,Not old enough to be bled
,2023-07-04T00:00:00Z,,,KL,Mace Blvd,MBNR2,TRES,1 near,"4/20	",-,4,
,2023-08-02T00:00:00Z,1:20,1:25,"KL, RK, YZ",Mace Blvd,MBNR2,TRES,0,"4/15	",0,0,1 dead adult inside
,2021-04-16T00:00:00Z,3:50,4:30,KL KG,Mace Blvd,MBNR3,TRES?,--,"3	",-,-,nest only made of hay?
,2021-04-23T00:00:00Z,1:00,1:15,KL KG,Mace Blvd,MBNR3,TRES?,-,"3	",-,-,2 TRES near
,2021-04-30T00:00:00Z,2:30,2:45,"KL, KG",Mace Blvd,MBNR3,WEBL,1 in,"4	",4A,-,WEBL female stayed in nest!!!
,2021-05-07T00:00:00Z,8:00,8:35,KL KG,Mace Blvd,MBNR3,TRES?,2 near,"4	",-,-,Hay nest that has not changed
,2021-05-12T00:00:00Z,3:40,4:10,KL KG,Mace Blvd,MBNR3,TRES,1 in,"4/0	",1C,-,hay nest that is now being used
,2021-05-26T00:00:00Z,1:45,2:30,"KL, KG",Mace Blvd,MBNR3,TRES,"1 in, 2 near","4/11	",4W,-,
,2021-06-02T00:00:00Z,0:50,2:00,KL KG,Mace Blvd,MBNR3,TRES,2 near,"4/11	",-,4,"approx WC: 9,11,10"
,2021-06-09T00:00:00Z,1:15,2:00,"KL, KG",Mace Blvd,MBNR3,TRES,-,"4/10	",-,4,"Very very cold barely alive nestlings, did not measure wing chord. Measure next week if alive 😭"
,2021-06-16T00:00:00Z,22:30,23:30,KL KG TP,Mace Blvd,MBNR3,skipped,skipped,"skipped	",skipped,skipped,no babies heard
,2021-06-23T00:00:00Z,1:00,2:00,KL KG,Mace Blvd,MBNR3,TRES,-,"4/12	",-,-,"at least 4 dead nestlings - removed from the nest, also a wasps nest"
,2021-06-30T00:00:00Z,0:25,1:30,KL KG TP,Mace Blvd,MBNR3,TRES,-,"4/20	",-,-,-
,2021-06-30T00:00:00Z,0:25,1:30,KL KG TP,Mace Blvd,MBNR3,TRES,-,"4/20	",-,-,-
,2021-07-07T00:00:00Z,1:00,2:00,KL KG,Mace Blvd,MBNR3,TRES,-,"4/12	",-,-,-
,2022-03-15T00:00:00Z,20:45,9:15,KG RS,Mace Blvd,MBNR3,WEBL,1 on top,"-	",-,-,-
,2022-03-29T00:00:00Z,2:52,3:19,VW,Mace Blvd,MBNR3,TRES,1 flying near by,"0/2	",-,-,
,2022-04-05T00:00:00Z,0:30,0:45,KL,Mace Blvd,MBNR3,TRES,-,"1/2	",-,-,
,2022-04-12T00:00:00Z,23:30,0:00,KG CP,Mace Blvd,MBNR3,TRES?,-,"1	",-,-,cody murdered wasp!
,2022-04-19T00:00:00Z,2:15,2:45,"CP, AS",Mace Blvd,MBNR3,TRES,1 TRES inside,"2/1	",-,-,
,2022-04-26T00:00:00Z,4:30,5:00,SM KL CP,Mace Blvd,MBNR3,TRES,-,"4/6	",-,-,
,2022-05-03T00:00:00Z,1:49,2:30,KG,Mace Blvd,MBNR3,TRES,0,"4/3	",0,0,
,2022-05-10T00:00:00Z,2:00,3:45,CP,Mace Blvd,MBNR3,TRES,0,"4/4	",0,0,
,2022-05-17T00:00:00Z,,,VW,Mace Blvd,MBNR3,TRES,-,"4/4	",5C,-,-
,2022-05-26T00:00:00Z,,,SM YW KL,Mace Blvd,MBNR3,TRES,1 in,"4/8	",5 W,-,
,2022-06-02T00:00:00Z,,,SM KL CP,Mace Blvd,MBNR3,TRES,-,"4/10	",5 C,-,
,2022-06-09T00:00:00Z,,,SM KL YW,Mace Blvd,MBNR3,TRES,-,"4/5	",5 C,-,
,2022-06-16T00:00:00Z,23:40,1:30,SM VW KL,Mace Blvd,MBNR3,TRES,-,"4/8	",5 C,-,
,2022-06-22T00:00:00Z,,,"KL, YW",Mace Blvd,MBNR3,-,-,"-	",-,-,clean out the nest
,2022-06-29T00:00:00Z,,,KL,Mace Blvd,MBNR3,-,-,"-	",-,-,
,2022-07-05T00:00:00Z,,,KL,Mace Blvd,MBNR3,-,-,"-	",-,-,
,2022-07-13T00:00:00Z,,,CP,Mace Blvd,MBNR3,-,0,"0	",0,0,
,2022-07-19T00:00:00Z,,,PGG,Mace Blvd,MBNR3,-,-,"-	",-,-,
,2022-07-27T00:00:00Z,,,KL,Mace Blvd,MBNR3,-,-,"-	",-,-,
,2023-04-01T00:00:00Z,6:45,7:00,KL,Mace Blvd,MBNR3,-,-,"-	",-,-,
,2023-04-04T00:00:00Z,3:45,4:00,KL,Mace Blvd,MBNR3,-,-,"-	",-,-,
,2023-04-18T00:00:00Z,,,KL,Mace Blvd,MBNR3,TRES,2 near,"3/4	",-,-,
,2023-04-27T00:00:00Z,,,KL,Mace Blvd,MBNR3,TRES,-,"3/1	",-,-,
,2023-05-04T00:00:00Z,,,KL,Mace Blvd,MBNR3,TRES,1 near,"4/5	",6W,-,
,2023-05-09T00:00:00Z,1:30,1:45,RK,Mace Blvd,MBNR3,TRES,"1 male inside, female nearby","4/10	",6W,0,
,2023-05-19T00:00:00Z,,,KL,Mace Blvd,MBNR3,TRES,2 near,"4/10	",-,-,Found empty :(
,2023-06-08T00:00:00Z,2:02,2:02,RK,Mace Blvd,MBNR3,-,0,"4	",0,0,
,2021-04-16T00:00:00Z,3:50,4:30,KL KG,Mace Blvd,MBNR4,TRES,2 nearby,"2	",-,-,-
,2021-04-23T00:00:00Z,1:00,1:15,KL KG,Mace Blvd,MBNR4,TRES?,1 near,"0.5	",-,-,Barely a nest
,2021-04-30T00:00:00Z,2:30,2:45,"KL, KG",Mace Blvd,MBNR4,WEBL,-,"0.5	",-,-,has not changed?
,2021-05-07T00:00:00Z,8:00,8:35,KL KG,Mace Blvd,MBNR4,WEBL,-,"4	",2A,-,-
,2021-05-12T00:00:00Z,3:40,4:10,KL KG,Mace Blvd,MBNR4,WEBL,-,"4	",4W,-,-
,2021-05-19T00:00:00Z,23:30,0:45,KL KG,Mace Blvd,MBNR4,WEBL,-,"4	",4W,-,-
,2021-05-26T00:00:00Z,1:45,2:30,"KL, KG",Mace Blvd,MBNR4,WEBL,1 female,"4	",-,4,"WC: 11, 11, 12"
,2021-06-02T00:00:00Z,0:50,2:00,KL KG,Mace Blvd,MBNR4,WEBL,-,"4	",-,4,"approx WC: 38, 44,46"
,2021-06-09T00:00:00Z,1:15,2:00,"KL, KG",Mace Blvd,MBNR4,Skipped,Skipped,"Skipped	",Skipped,Skipped,Skip 1
,2021-06-16T00:00:00Z,22:30,23:30,KL KG TP,Mace Blvd,MBNR4,skipped,skipped,"skipped	",skipped,skipped,no babies heard
,2021-06-23T00:00:00Z,1:00,2:00,KL KG,Mace Blvd,MBNR4,WEBL,1 near,"4	",-,-,-
,2021-06-23T00:00:00Z,1:00,2:00,KL KG,Mace Blvd,MBNR4,WEBL,1 near,"4	",-,-,-
,2021-06-23T00:00:00Z,1:00,2:00,KL KG,Mace Blvd,MBNR4,WEBL,1 near,"4	",-,-,-
,2021-06-30T00:00:00Z,0:25,1:30,KL KG TP,Mace Blvd,MBNR4,WEBL,1 near,"4	",4W,-,loggers added
,2021-07-07T00:00:00Z,1:00,2:00,KL KG,Mace Blvd,MBNR4,WEBL,1 female in,"4	",4W,-,-
,2021-07-15T00:00:00Z,1:30,2:00,KG,Mace Blvd,MBNR4,WEBL,1 female in,"4	",4W,-,-
,2021-07-22T00:00:00Z,0:55,1:30,KG,Mace Blvd,MBNR4,WEBL,1 female in,"4	",4W,-,probably not going to hatch- remove next week
,2021-07-29T00:00:00Z,22:00,23:00,KG,Mace Blvd,MBNR4,WEBL,-,"4	",4C,-,loggers removed eggs abandonded
,2022-03-15T00:00:00Z,8:45,9:15,KG RS,Mace Blvd,MBNR4,-,-,"-	",-,-,-
,2022-03-29T00:00:00Z,2:52,3:19,VW,Mace Blvd,MBNR4,WEBL,female on box,"3	",-,-,
,2022-04-05T00:00:00Z,0:30,0:45,KL,Mace Blvd,MBNR4,WEBL,1 in,"4	",-,-,
,2022-04-12T00:00:00Z,23:30,0:00,KG,Mace Blvd,MBNR4,TRES,1 TRES near,"4	",5a,0,Loggers added
,2022-04-19T00:00:00Z,2:15,2:45,"CP, AS",Mace Blvd,MBNR4,TRES,0,"4/8	",5W,0,loggers
,2022-04-26T00:00:00Z,16:30,17:00,CP,Mace Blvd,MBNR4,TRES,0,"4/9	",0,5,
,2022-04-28T00:00:00Z,8:00,9:00,KL,Mace Blvd,MBNR4,WEBL,1 WEBL female inside,"4	",0,4,"WC: 12, 12, 12, 11"
,2022-05-03T00:00:00Z,1:30,2:30,KG PGG VW CP,Mace Blvd,MBNR4,WEBL,1 mom,"4	",-,4,"WC: 26,31,26,31"
,2022-05-10T00:00:00Z,,,"KL, CP, VW",Mace Blvd,MBNR4,WEBL,2 on,"4	",-,4,
,2022-05-17T00:00:00Z,,,VW,Mace Blvd,MBNR4,-,-,"-	",-,-,
,2022-05-26T00:00:00Z,,,"YW, KL, SM",Mace Blvd,MBNR4,WEBL,-,"4	",-,-,babies hatched
,2022-06-02T00:00:00Z,,,SM CP KL,Mace Blvd,MBNR4,WEBL,2 nearby,"4	",4:00 AM,-,Nest has feathers
,2022-06-09T00:00:00Z,,,SM KL YW,Mace Blvd,MBNR4,WEBL,-,"4	",5 W,-,
,2022-06-16T00:00:00Z,,,KL,Mace Blvd,MBNR4,WEBL,1 near,"4	",5W,-,
,2022-06-22T00:00:00Z,,,KL,Mace Blvd,MBNR4,WEBL,-,"4	",5W,-,
,2022-06-29T00:00:00Z,,,KL,Mace Blvd,MBNR4,WEBL,1 in,"4	",5W,-,
,2022-07-05T00:00:00Z,,,KL,Mace Blvd,MBNR4,WEBL,-,"4	",5W,-,"Likely abandoned- removed loggers but left nest. If still eggs next week, clean"
,2022-07-13T00:00:00Z,,,KL,Mace Blvd,MBNR4,WEBL,0,"4	",5W,0,
,2022-07-19T00:00:00Z,,,PGG,Mace Blvd,MBNR4,WEBL,1 in,"4	",5W,-,
,2022-07-27T00:00:00Z,,,KL,Mace Blvd,MBNR4,WEBL,-,"4	",5A,-,
,2023-04-01T00:00:00Z,6:45,7:00,KL,Mace Blvd,MBNR4,-,-,"-	",-,-,
,2023-04-13T00:00:00Z,,,"KL, YZ,RK",Mace Blvd,MBNR4,-,-,"-	",-,-,
,2023-04-18T00:00:00Z,3:08,3:19,"RK, YZ",Mace Blvd,MBNR4,TRES,-,"3/10	",-,-,
,2023-04-27T00:00:00Z,,,KL,Mace Blvd,MBNR4,WEBL,-,"4	",4C,-,
,2023-05-04T00:00:00Z,,,KL,Mace Blvd,MBNR4,WEBL,1 near,"4	",5W,-,
,2023-05-09T00:00:00Z,1:31,1:49,YZ,Mace Blvd,MBNR4,WEBL,0,"4	",5W,0,
,2023-05-16T00:00:00Z,1:54,2:00,RK,Mace Blvd,MBNR4,WEBL,0,"4	",0,4,
,2023-06-08T00:00:00Z,2:01,2:02,RK,Mace Blvd,MBNR4,-,0,"4	",0,0,
,2023-08-02T00:00:00Z,1:15,1:16,"KL, RK, YZ",Mace Blvd,MBNR4,WEBL,1 inside,"4	",4W,0,
,2021-04-16T00:00:00Z,3:50,4:30,KL KG,Mace Blvd,MBNR5,-,-,"-	",-,-,nothing
,2021-04-23T00:00:00Z,1:00,1:15,"KL, KG",Mace Blvd,MBNR5,TRES,"1 on, 3 near","4/1	",-,-,-
,2021-04-30T00:00:00Z,2:30,2:45,"KL, KG",Mace Blvd,MBNR5,TRES,1 near,"4/2	",1C,-,-
,2021-05-07T00:00:00Z,8:00,8:30,"KL, KG",Mace Blvd,MBNR5,TRES,"1 in, 1 near","4/20	",5W,-,loggers placed
,2021-05-12T00:00:00Z,3:45,4:00,"KL, KG",Mace Blvd,MBNR5,TRES,1 near,"4/7	",5W,-,
,2021-05-19T00:00:00Z,0:30,2:30,KL KG,Mace Blvd,MBNR5,TRES,1 in 1 near,"4/18	",-,5,"measure 1; WC 8,7,7,8,7"
,2021-05-26T00:00:00Z,1:45,3:00,KL KG,Mace Blvd,MBNR5,TRES,2 near,"4/11	",-,5,"WC:31,38,33,33,29"
,2021-05-31T00:00:00Z,9:30,11:00,"KL, IS",Mace Blvd,MBNR5,TRES,2 near,"4/10	",-,5,Banded
,2021-06-02T00:00:00Z,1:00,1:45,"KL, KG",Mace Blvd,MBNR5,Skipped,-,"Skipped	",Skipped,Skipped,Skip 1
,2021-06-16T00:00:00Z,22:30,23:30,KL KG TP,Mace Blvd,MBNR5,-,-,"4	",-,-,loggers removed
,2021-06-23T00:00:00Z,1:00,1:30,"KL, KG",Mace Blvd,MBNR5,TRES,-,"3/5	",-,-,
,2021-06-30T00:00:00Z,0:30,1:00,KL KG TP,Mace Blvd,MBNR5,TRES,-,"3/12	",-,-,
,2021-07-07T00:00:00Z,1:15,2:00,"KL, KG",Mace Blvd,MBNR5,-,-,"2/3	",-,-,
,2022-03-15T00:00:00Z,8:40,9:15,"KL, SM, KG, RS",Mace Blvd,MBNR5,-,-,"-	",-,-,
,2022-03-23T00:00:00Z,23:21,0:00,"KL, IS",Mace Blvd,MBNR5,TRES,-,"1/0	",-,-,
,2022-03-29T00:00:00Z,23:00,16:00,KL,Mace Blvd,MBNR5,WEBL,-,"1	",-,-,
,2022-04-05T00:00:00Z,0:25,1:00,VW,Mace Blvd,MBNR5,-,-,"1	",-,-,
,2022-04-11T00:00:00Z,4:30,5:00,KL,Mace Blvd,MBNR5,WEBL,-,"4	",-,-,
,2022-04-12T00:00:00Z,23:30,0:15,"SM, YW, KL, CP",Mace Blvd,MBNR5,?,-,"1	",-,-,Wasp removed
,2022-04-19T00:00:00Z,2:20,2:50,CP,Mace Blvd,MBNR5,TRES?,0,"2	",-,-,
,2022-05-03T00:00:00Z,1:49,2:30,KG,Mace Blvd,MBNR5,TRES,-,"4/1	",-,-,-
,2022-05-10T00:00:00Z,,,VW KL CP,Mace Blvd,MBNR5,TRES,-,"4/10	",1C,-,
,2022-05-17T00:00:00Z,,,VW,Mace Blvd,MBNR5,TRES,1 ON,"4/6	",5W,-,
,2022-05-26T00:00:00Z,,,"KL, SM, YW",Mace Blvd,MBNR5,TRES,1 in,"4/5	",5W,-,-
,2022-06-02T00:00:00Z,,,SM CP KL,Mace Blvd,MBNR5,TRES,1 in,"4/5	",-,5,
,2022-06-09T00:00:00Z,,,KL,Mace Blvd,MBNR5,TRES,-,"4/5	",-,-,1 dead nestling - pink
,2022-06-16T00:00:00Z,,,KL,Mace Blvd,MBNR5,WEBL,-,"4	",-,-,
,2022-06-22T00:00:00Z,,,"KL, YW",Mace Blvd,MBNR5,WEBL,-,"4	",-,-,-
,2022-06-29T00:00:00Z,,,KL,Mace Blvd,MBNR5,TRES,-,"4/5	",-,-,
,2022-07-05T00:00:00Z,,,KL,Mace Blvd,MBNR5,TRES,-,"4/10	",-,-,
,2022-07-13T00:00:00Z,,,CP,Mace Blvd,MBNR5,TRES,0,"4/5	",0,0,
,2022-07-19T00:00:00Z,,,PGG,Mace Blvd,MBNR5,WEBL,-,"4	",-,-,
,2022-07-27T00:00:00Z,23:30,0:30,SM,Mace Blvd,MBNR5,TRES,0,"4/5	",0,0,
,2023-04-01T00:00:00Z,6:45,7:00,KL,Mace Blvd,MBNR5,TRES,1 in,"1/2	",-,-,
,2023-04-04T00:00:00Z,3:45,4:00,KL,Mace Blvd,MBNR5,TRES,-,"0/2	",-,-,
,2023-04-13T00:00:00Z,1:00,1:30,RK,Mace Blvd,MBNR5,TRES,2 nearby,"4/6	",-,-,
,2023-04-18T00:00:00Z,3:10,3:19,"RK, YZ",Mace Blvd,MBNR5,TRES,"1 inside, 2 nearby","4/12	",0,0,
,2023-04-27T00:00:00Z,1:51,2:15,RK,Mace Blvd,MBNR5,TRES,"2 in box, flew out","4/8	",5A,-,
,2023-05-04T00:00:00Z,2:24,2:50,RK,Mace Blvd,MBNR5,TRES,1 nearby,"4/15	",6W,0,
,2023-05-09T00:00:00Z,1:17,1:45,RK,Mace Blvd,MBNR5,TRES,3 nearby,"4/5	",6W,0,
,2023-05-19T00:00:00Z,,,KL,Mace Blvd,MBNR5,TRES,1 near,"4/10	",-,6,
,2023-06-28T00:00:00Z,,,KL,Mace Blvd,MBNR5,TRES,1 in,"4/10	",5W,-,
,2023-07-04T00:00:00Z,,,KL,Mace Blvd,MBNR5,TRES,1 in,"4/10	",5W,-,
,2023-07-12T00:00:00Z,2:25,2:40,"KL, RK",Mace Blvd,MBNR5,TRES,1 near,"4/20	",5W,0,
,2021-04-16T00:00:00Z,3:50,4:30,KL KG,Mace Blvd,MBNR6,-,-,"-	",-,-,nothing
,2021-04-23T00:00:00Z,1:00,1:15,"KL, KG",Mace Blvd,MBNR6,TRES?,-,".5/0	",-,-,-
,2021-04-30T00:00:00Z,2:30,2:45,"KL, KG",Mace Blvd,MBNR6,WEBL?,-,"2	",-,-,-
,2021-05-07T00:00:00Z,8:00,8:30,"KL, KG",Mace Blvd,MBNR6,WEBL,-,"4	",2W,-,Nest not covered on bottom
,2021-05-12T00:00:00Z,3:45,4:00,"KL, KG",Mace Blvd,MBNR6,WEBL,1 in,"4	",5W,-,"Male: R BU/WH, L SV/GR, Female UB"
,2021-05-19T00:00:00Z,0:30,2:00,"KL, KG",Mace Blvd,MBNR6,WEBL,-,"4	",5W,-,
,2021-05-26T00:00:00Z,1:45,2:30,"KL, KG",Mace Blvd,MBNR6,WEBL,2 near,"4	",-,5,"Female with food WC: 9, 11, 11"
,2021-06-02T00:00:00Z,1:00,1:45,"KL, KG",Mace Blvd,MBNR6,WEBL,1 near,"4	",-,5,
,2021-06-09T00:00:00Z,1:15,2:00,KL KG DV,Mace Blvd,MBNR6,TRES,2 near,"skipped	",skipped,skipped,skipped
,2021-06-09T00:00:00Z,1:15,2:00,KL KG DV,Mace Blvd,MBNR6,TRES,2 near,"skipped	",skipped,skipped,skipped
,2021-06-16T00:00:00Z,22:30,23:30,KL KG TP,Mace Blvd,MBNR6,skipped,skipped,"skipped	",skipped,skipped,babies not heard
,2021-06-23T00:00:00Z,1:00,1:30,"KL, KG",Mace Blvd,MBNR6,TRES,-,"3/2	",-,-,
,2021-06-30T00:00:00Z,0:30,1:00,"KL, LG, TP",Mace Blvd,MBNR6,TRES,-,"3/3	",-,-,
,2021-07-07T00:00:00Z,1:15,2:00,"KL, KG",Mace Blvd,MBNR6,-,-,"2	",-,-,
,2022-03-15T00:00:00Z,8:40,9:15,"KL, SM, KG, RS",Mace Blvd,MBNR6,WEBL,-,"1	",-,-,
,2022-03-23T00:00:00Z,23:21,0:00,"KL, IS",Mace Blvd,MBNR6,TRES,-,"1/0	",-,-,
,2022-03-29T00:00:00Z,23:00,4:00,KL,Mace Blvd,MBNR6,WEBL,-,"3	",-,-,
,2022-04-05T00:00:00Z,0:25,0:45,"SM, VW, KL",Mace Blvd,MBNR6,WEBL,-,"4	",-,-,
,2022-04-12T00:00:00Z,23:30,0:15,"SM, YW, KL, CP",Mace Blvd,MBNR6,WEBL,1 in,"4	",4 C,-,
,2022-04-19T00:00:00Z,2:15,2:45,KL,Mace Blvd,MBNR6,WEBL,1 in,"4	",5W,-,Added loggers
,2022-04-26T00:00:00Z,4:30,5:00,KL,Mace Blvd,MBNR6,WEBL,-,"4	",3W,2,Newly hatched chicks; will measure next week.
,2022-05-03T00:00:00Z,1:49,2:30,KG,Mace Blvd,MBNR6,WEBL,0,"4	",0,4,"Wing chords: 16, 14, 14, 15"
,2022-05-10T00:00:00Z,2:00,3:45,CP,Mace Blvd,MBNR6,WEBL,1 WEBL male and 1 WEBL female near,"4	",1,4,
,2022-05-17T00:00:00Z,,,,Mace Blvd,MBNR6,WEBL,skipped,"skipped	",skipped,skipped,skipped
,2022-05-26T00:00:00Z,,,SM YW KL,Mace Blvd,MBNR6,WEBL,-,"4	",1:00 AM,-,Egg buried a bit
,2022-06-02T00:00:00Z,,,SM KL CP,Mace Blvd,MBNR6,WEBL,1 nearby,"4	",2 W,-,
,2022-06-09T00:00:00Z,,,KL,Mace Blvd,MBNR6,WEBL,1 in,"4	",6W,-,Loggers
,2022-06-16T00:00:00Z,,,KL,Mace Blvd,MBNR6,WEBL,1 in,"4	",6W,-,
,2022-06-22T00:00:00Z,,,KL,Mace Blvd,MBNR6,WEBL,1 in,"4	",2W,4,
,2022-06-29T00:00:00Z,,,KL,Mace Blvd,MBNR6,WEBL,1 near,"4	",-,3,
,2022-07-05T00:00:00Z,,,VW KL,Mace Blvd,MBNR6,WEBL,-,"4	",1A,3,
,2022-07-13T00:00:00Z,,,CP,Mace Blvd,MBNR6,-,0,"-	",-,-,
,2022-07-19T00:00:00Z,,,PGG,Mace Blvd,MBNR6,Skipped,Skipped,"Skipped	",Skipped,Skipped,
,2023-04-01T00:00:00Z,6:45,7:00,KL,Mace Blvd,MBNR6,-,-,"-	",-,-,
,2023-04-04T00:00:00Z,3:45,4:00,KL,Mace Blvd,MBNR6,-,-,"-	",-,-,
,2023-04-13T00:00:00Z,1:00,1:15,YZ,Mace Blvd,MBNR6,-,0,"0	",0,0,
,2023-04-18T00:00:00Z,3:04,3:19,RK YZ,Mace Blvd,MBNR6,-,-,"0	",-,-,
,2023-04-27T00:00:00Z,1:49,2:15,RK,Mace Blvd,MBNR6,-,-,"1	",-,-,
,2023-05-04T00:00:00Z,2:23,2:50,RK,Mace Blvd,MBNR6,WEBL,0,"4	",0,0,
,2023-05-09T00:00:00Z,1:17,1:49,YZ,Mace Blvd,MBNR6,WEBL,0,"4	",2C,0,
,2023-05-19T00:00:00Z,,,KL,Mace Blvd,MBNR6,WEBL,2 near,"4	",5W,-,
,2023-06-02T00:00:00Z,,,KL,Mace Blvd,MBNR6,WEBL,1 in,"4	",-,5,
,2023-06-08T00:00:00Z,1:10,1:15,"RK, YZ, KL",Mace Blvd,MBNR6,WEBL,0,"4	",0,0,"all nestlings dead; unknown cause of death, head injuries on one"
,2023-06-24T00:00:00Z,,,KL,Mace Blvd,MBNR6,TRES,1 in,"4/20	",5W,-,
,2021-04-23T00:00:00Z,1:00,1:15,"KL, KG",Mace Blvd,MBNR7,WEBL?,-,"1	",-,-,-
,2021-04-30T00:00:00Z,2:30,2:45,"KL, KG",Mace Blvd,MBNR7,WEBL?,-,"1	",-,-,-
,2021-05-07T00:00:00Z,8:00,8:30,"KL, KG",Mace Blvd,MBNR7,WEBL,-,"1	",-,-,
,2021-05-12T00:00:00Z,3:45,4:00,"KL, KG",Mace Blvd,MBNR7,WEBL,-,"4	",-,-,
,2021-05-19T00:00:00Z,0:30,2:00,"KL, KG",Mace Blvd,MBNR7,TRES,1 on 1 in,"4	",1A,-,
,2021-05-26T00:00:00Z,1:45,2:30,"KL, KG",Mace Blvd,MBNR7,TRES,1 in,"4/2	",5W,-,
,2021-06-02T00:00:00Z,1:00,1:45,"KL, KG",Mace Blvd,MBNR7,TRES,1 in,"4/15	",5W,-,
,2021-06-09T00:00:00Z,1:15,2:00,KL KG DV,Mace Blvd,MBNR7,TRES,1 in,"4/8	",-,4,"WC: 11,9,7"
,2021-06-16T00:00:00Z,22:30,23:30,KL KG TP,Mace Blvd,MBNR7,TRES,-,"4/12	",-,4,gross poops- skip next week
,2021-06-23T00:00:00Z,1:00,1:30,"KL, KG",Mace Blvd,MBNR7,TRES,1 near,"Skipped	",Skipped,Skipped,Audible nestlings inside
,2021-06-30T00:00:00Z,0:30,1:00,"KL, KG, TP",Mace Blvd,MBNR7,TRES,-,"2/2	",-,-,
,2021-07-07T00:00:00Z,1:15,2:00,"KL, KG",Mace Blvd,MBNR7,-,-,"3/5	",-,-,
,2022-03-15T00:00:00Z,8:40,9:15,"KL, KG, SM, RS",Mace Blvd,MBNR7,TRES,-,"1/2	",-,-,
,2022-03-23T00:00:00Z,23:21,0:00,"KL, IS",Mace Blvd,MBNR7,TRES,-,"1/0	",-,-,
,2022-03-29T00:00:00Z,23:00,4:00,KL,Mace Blvd,MBNR7,TRES,2 on,"1/2	",-,-,
,2022-04-05T00:00:00Z,0:19,1:00,VW,Mace Blvd,MBNR7,TRES,-,"2/2	",-,-,
,2022-04-12T00:00:00Z,23:30,0:15,"SM, YW, KL, CP",Mace Blvd,MBNR7,TRES,-,"2/2	",-,-,
,2022-04-19T00:00:00Z,2:15,2:45,KL,Mace Blvd,MBNR7,WEBL,-,"3	",-,-,
,2022-04-26T00:00:00Z,4:30,5:00,KL,Mace Blvd,MBNR7,TRES,1 in,"4/2	",2A,-,
,2022-05-03T00:00:00Z,1:00,2:40,KG VW PGG CP,Mace Blvd,MBNR7,TRES,2 near,"4/8	",6W,-,loggers added
,2022-05-10T00:00:00Z,2:00,3:45,CP,Mace Blvd,MBNR7,TRES,"1 TRES flying near, 1 TRES inside","4/14	",6W,0,
,2022-05-17T00:00:00Z,,,VW,Mace Blvd,MBNR7,TRES,1 in 1 near,"4/5	",-,6,-
,2022-05-26T00:00:00Z,1:00,2:00,SM YW KL,Mace Blvd,MBNR7,TRES,1 nearby,"4	",-,6,
,2022-06-02T00:00:00Z,,,KL,Mace Blvd,MBNR7,TRES,1 in 1 on,"Skipped	",Skipped,Skipped,Nestlings audible inside
,2022-06-09T00:00:00Z,,,KL,Mace Blvd,MBNR7,TRES,-,"4/10	",-,-,Cleaned nest
,2022-06-16T00:00:00Z,,,KL,Mace Blvd,MBNR7,TRES,3 on,"-	",-,-,
,2022-06-29T00:00:00Z,,,KL,Mace Blvd,MBNR7,-,-,"-	",-,-,
,2022-07-05T00:00:00Z,,,KL,Mace Blvd,MBNR7,-,-,"-	",-,-,
,2022-07-13T00:00:00Z,,,CP,Mace Blvd,MBNR7,-,0,"0	",0,0,
,2022-07-19T00:00:00Z,,,PGG,Mace Blvd,MBNR7,-,-,"-	",-,-,
,2022-07-27T00:00:00Z,,,SM,Mace Blvd,MBNR7,-,0,"0	",0,0,
,2023-04-01T00:00:00Z,6:45,7:00,KL,Mace Blvd,MBNR7,TRES,-,"2/1	",-,-,
,2023-04-04T00:00:00Z,3:45,4:00,KL,Mace Blvd,MBNR7,TRES,-,"2/2	",-,-,
,2023-04-13T00:00:00Z,,,"KL, YZ,RK",Mace Blvd,MBNR7,TRES,-,"3/3	",-,-,
,2023-04-18T00:00:00Z,3:00,3:19,"RK, YZ",Mace Blvd,MBNR7,TRES,"1 inside, 1 on top","4/20	",0,0,
,2023-04-27T00:00:00Z,1:46,2:15,RK,Mace Blvd,MBNR7,TRES,4 nearby,"4/12	",6A,0,
,2023-05-04T00:00:00Z,2:26,2:40,YZ,Mace Blvd,MBNR7,TRES,0,"4/15	",0,0,
,2023-05-09T00:00:00Z,1:17,1:45,RK,Mace Blvd,MBNR7,TRES,3 nearby,"4/30	",0,0,
,2023-05-19T00:00:00Z,,,KL,Mace Blvd,MBNR7,TRES,1 near 1 on,"4/20	",6W,-,
,2023-06-02T00:00:00Z,,,KL,Mace Blvd,MBNR7,TRES,1 in,"4/25	",1W,5,
,2023-06-24T00:00:00Z,,,KL,Mace Blvd,MBNR7,TRES,-,"4/10	",-,-,Battery missing?
,2021-04-23T00:00:00Z,1:00,1:15,"KL, KG",Mace Blvd,MBNR8,WEBL?,-,"1	",-,-,-
,2021-04-30T00:00:00Z,2:30,2:45,"KL, KG",Mace Blvd,MBNR8,TRES?,1 near,"1	",-,-,-
,2021-05-07T00:00:00Z,8:00,8:30,"KL, KG",Mace Blvd,MBNR8,WEBL,-,"1	",-,-,
,2021-05-12T00:00:00Z,3:45,4:00,"KL, KG",Mace Blvd,MBNR8,WEBL,-,"2	",-,-,
,2021-05-19T00:00:00Z,0:30,2:00,"KL, KG",Mace Blvd,MBNR8,TRES,-,"4/1	",1C,-,
,2021-05-26T00:00:00Z,1:45,2:30,"KL, KG",Mace Blvd,MBNR8,TRES,"1 in, 1 near","4/10	",4A,-,
,2021-06-02T00:00:00Z,1:00,1:45,"KL, KG",Mace Blvd,MBNR8,TRES,-,"4/10	",4W,-,Really difficult to bring box down. Consider changing rebar?
,2021-06-09T00:00:00Z,1:15,2:00,KL KG DV,Mace Blvd,MBNR8,TRES,1 in,"4/26	",2W,2,"WC: 11,10"
,2021-06-16T00:00:00Z,22:30,23:30,KL KG TP,Mace Blvd,MBNR8,TRES,2 near,"4/20	",2,2,bad poops- to be skipped next week
,2021-06-23T00:00:00Z,1:00,1:30,"KL, KG",Mace Blvd,MBNR8,TRES,1 in,"Skipped	",Skipped,Skipped,Nestlings audible from outside
,2021-06-30T00:00:00Z,0:30,1:00,"KL, KG, TP",Mace Blvd,MBNR8,TRES,-,"4/2	",-,-,
,2021-07-07T00:00:00Z,1:15,2:00,"KL, KG",Mace Blvd,MBNR8,-,-,"2/10	",-,-,
,2022-03-15T00:00:00Z,8:40,9:15,"SM, KL, KG, RS",Mace Blvd,MBNR8,-,-,"-	",-,-,
,2022-03-23T00:00:00Z,23:21,0:00,"KL, IS",Mace Blvd,MBNR8,-,-,"-	",-,-,
,2022-03-29T00:00:00Z,23:00,4:00,KL,Mace Blvd,MBNR8,-,-,"-	",-,-,
,2022-04-05T00:00:00Z,0:25,0:45,"SM, VW, KL",Mace Blvd,MBNR8,-,-,"-	",-,-,
,2022-04-12T00:00:00Z,23:30,0:15,"SM, YW, KL, CP",Mace Blvd,MBNR8,-,-,"-	",-,-,
,2022-04-19T00:00:00Z,2:15,2:45,KL,Mace Blvd,MBNR8,WEBL,-,"3	",-,-,
,2022-04-26T00:00:00Z,4:30,5:00,KL,Mace Blvd,MBNR8,TRES,1 in,"4/5	",2A,-,
,2022-05-03T00:00:00Z,1:49,3:00,CP,Mace Blvd,MBNR8,TRES,1 TRES inside,"4/8	",8W,0,
,2022-05-10T00:00:00Z,2:00,3:45,CP,Mace Blvd,MBNR8,TRES,2 TRES flying near,"4/6	",5W,0,
,2022-05-17T00:00:00Z,,,VW,Mace Blvd,MBNR8,TRES,1 IN,"4/7	",-,6,-
,2022-05-26T00:00:00Z,,,"KL, YW, SM",Mace Blvd,MBNR8,TRES,-,"4	",-,6,-
,2022-06-02T00:00:00Z,,,KL,Mace Blvd,MBNR8,TRES,1 in,"Skipped	",Skipped,Skipped,Nothing audible
,2022-06-09T00:00:00Z,,,KL,Mace Blvd,MBNR8,TRES,-,"4/5	",-,-,Cleaned nest
,2022-06-16T00:00:00Z,,,KL,Mace Blvd,MBNR8,TRES,1 near,"0/1	",-,-,
,2022-06-22T00:00:00Z,,,"KL, YW",Mace Blvd,MBNR8,-,-,"-	",-,-,-
,2022-06-29T00:00:00Z,,,KL,Mace Blvd,MBNR8,-,-,"-	",-,-,
,2022-07-05T00:00:00Z,,,KL,Mace Blvd,MBNR8,-,-,"-	",-,-,
,2022-07-13T00:00:00Z,,,CP,Mace Blvd,MBNR8,-,0,"0	",0,0,Wasp comb removed
,2022-07-19T00:00:00Z,,,PGG,Mace Blvd,MBNR8,-,-,"-	",-,-,
,2022-07-27T00:00:00Z,,,SM,Mace Blvd,MBNR8,-,0,"0	",0,0,
,2023-04-01T00:00:00Z,6:45,7:00,KL,Mace Blvd,MBNR8,-,-,"-	",-,-,
,2023-04-13T00:00:00Z,0:57,1:30,RK,Mace Blvd,MBNR8,-,-,"0	",-,-,
,2023-04-18T00:00:00Z,3:00,3:19,"RK, YZ",Mace Blvd,MBNR8,WEBL,2 nearby,"0	",-,-,
,2023-04-27T00:00:00Z,1:44,2:15,RK,Mace Blvd,MBNR8,TRES,1 nearby,"3/0	",-,-,
,2023-05-04T00:00:00Z,2:24,2:40,YZ,Mace Blvd,MBNR8,TRES,2 nearby,"3/1	",0,0,
,2023-05-09T00:00:00Z,1:22,1:45,RK,Mace Blvd,MBNR8,-,0,"3	",0,0,
,2021-04-16T00:00:00Z,4:00,4:15,KL KG,Mace Blvd,MBNR9,TRES,2 near,"2	",-,-,-
,2021-04-23T00:00:00Z,1:00,1:15,"KL, KG",Mace Blvd,MBNR9,WEBL?,-,"2.5	",-,-,-
,2021-04-30T00:00:00Z,2:30,2:45,"KL, KG",Mace Blvd,MBNR9,TRES,1 on,"4/7	",-,-,-
,2021-05-07T00:00:00Z,8:00,8:30,"KL, KG",Mace Blvd,MBNR9,TRES,"1 in, 1 near","4/15	",5W,-,loggers placed
,2021-05-12T00:00:00Z,3:45,4:00,"KL, KG",Mace Blvd,MBNR9,TRES,1 in,"4/5	",i,-,
,2021-05-19T00:00:00Z,0:30,2:00,"KL, KG",Mace Blvd,MBNR9,TRES,1 in,"4/10	",5W,-,
,2021-05-26T00:00:00Z,1:45,2:30,"KL, KG",Mace Blvd,MBNR9,TRES,"1 in, 1 near","4/12	",-,5,"WC: 22, 25, 20, 15, 17"
,2021-06-02T00:00:00Z,1:00,1:45,"KL, KG",Mace Blvd,MBNR9,TRES,1 near,"4/15	",-,5,Banded
,2021-06-09T00:00:00Z,1:15,2:00,KL KG DV,Mace Blvd,MBNR9,TRES,skipped,"skipped	",skipped,skipped,heard babies- one or two peaking their heads out - took picture with box in frame
,2021-06-16T00:00:00Z,22:30,23:30,KL KG TP,Mace Blvd,MBNR9,TRES,1 near,"skipped	",skipped,skipped,skipped week 3 bc saw mamá TRES in
,2021-06-23T00:00:00Z,1:00,1:30,"KL, KG",Mace Blvd,MBNR9,WEBL,1 in,"4	",4W,-,Removed cam; downloaded data from loggers
,2021-06-30T00:00:00Z,0:30,1:00,"KL, KG TP",Mace Blvd,MBNR9,WEBL,-,"4	",4W,-,
,2021-07-07T00:00:00Z,1:00,2:00,KL KG,Mace Blvd,MBNR9,WEBL,1 female in,"4	",1W,3,"WC: 10,11,11 measure 1"
,2021-07-07T00:00:00Z,1:00,2:00,KL KG,Mace Blvd,MBNR9,WEBL,1 female in,"4	",1W,3,"WC: 10,11,11 measure 1"
,2021-07-15T00:00:00Z,1:30,2:30,KG,Mace Blvd,MBNR9,WEBL?,-,"4	",-,-,nestlings gone!!! 5-10 wasps in nest! babies disappeared- loggers and cam collected
,2022-03-15T00:00:00Z,8:40,9:15,"SM, KL, KG, RS",Mace Blvd,MBNR9,-,-,"-	",-,-,
,2022-03-23T00:00:00Z,23:21,0:00,"KL, IS",Mace Blvd,MBNR9,-,-,"-	",-,-,
,2022-03-29T00:00:00Z,23:00,4:00,KL,Mace Blvd,MBNR9,TRES,3 near,"1/0	",-,-,
,2022-04-05T00:00:00Z,0:25,1:00,VW,Mace Blvd,MBNR9,TRES,3 near，chasing me,"0/1	",-,-,
,2022-04-12T00:00:00Z,23:30,0:15,"SM, YW, KL, CP",Mace Blvd,MBNR9,TRES,2 mobbing,"-	",-,-,
,2022-04-19T00:00:00Z,2:15,2:45,KL,Mace Blvd,MBNR9,TRES,2 near,"3/0	",-,-,
,2022-04-26T00:00:00Z,4:30,5:00,KL,Mace Blvd,MBNR9,TRES,2 near,"3/0	",-,-,
,2022-05-03T00:00:00Z,1:49,3:00,PGG,Mace Blvd,MBNR9,TRES,2 TRES near,"4	",0,0,
,2022-05-10T00:00:00Z,2:00,3:45,CP,Mace Blvd,MBNR9,TRES,2 TRES inside,"4/3	",6W,0,
,2022-05-17T00:00:00Z,,,SM CP VW KL,Mace Blvd,MBNR9,TRES,6 nearby,"4/4	",6 W,-,
,2022-05-26T00:00:00Z,,,KL,Mace Blvd,MBNR9,TRES,1 in 2 near,"4/3	",-,6,
,2022-06-02T00:00:00Z,,,KL,Mace Blvd,MBNR9,TRES,4 near,"4/5	",-,4,
,2022-06-09T00:00:00Z,,,KL,Mace Blvd,MBNR9,TRES,Skipped,"Skipped	",Skipped,Skipped,
,2022-06-16T00:00:00Z,,,KL,Mace Blvd,MBNR9,TRES,1 in 2 near,"4/0	",-,3,
,2022-06-22T00:00:00Z,,,"KL, YW",Mace Blvd,MBNR9,WEBL?,-,"4	",-,-,-
,2022-06-29T00:00:00Z,,,KL,Mace Blvd,MBNR9,TRES,-,"3/0	",-,-,Left old nest
,2022-07-05T00:00:00Z,,,KL,Mace Blvd,MBNR9,-,-,"-	",-,-,LOTS of wasps. Destroyed nest but not adults. Come back in morning to kill them
,2022-07-13T00:00:00Z,1:30,,KL,Mace Blvd,MBNR9,-,0,"0	",0,0,
,2022-07-13T00:00:00Z,,,KL,Mace Blvd,MBNR9,-,-,"-	",-,-,
,2022-07-19T00:00:00Z,,,PGG,Mace Blvd,MBNR9,-,-,"-	",-,-,
,2022-07-27T00:00:00Z,,,SM,Mace Blvd,MBNR9,-,0,"0	",0,0,
,2023-04-01T00:00:00Z,6:45,7:00,KL,Mace Blvd,MBNR9,-,-,"-	",-,-,
,2023-04-04T00:00:00Z,3:45,4:00,KL,Mace Blvd,MBNR9,-,-,"-	",-,-,
,2023-04-13T00:00:00Z,0:56,1:30,RK,Mace Blvd,MBNR9,-,-,"0	",-,-,
,2023-04-18T00:00:00Z,2:59,3:19,"RK, YZ",Mace Blvd,MBNR9,TRES,2 adults nearby,"0	",0,0,
,2023-04-27T00:00:00Z,1:42,2:15,RK,Mace Blvd,MBNR9,-,-,"1	",-,-,
,2023-05-04T00:00:00Z,2:23,2:40,YZ,Mace Blvd,MBNR9,TRES,2 nearby,"1/0	",0,0,
,2023-05-09T00:00:00Z,1:25,1:49,YZ,Mace Blvd,MBNR9,WEBL,1 nearby,"3	",0,0,
,2021-04-15T00:00:00Z,7:36,8:00,KL KG,Picnic Grounds,PICG1,TRES?,-,"1.5	",-,-,TRES all around
,2021-04-22T00:00:00Z,7:55,8:55,KL KG,Picnic Grounds,PICG1,WEBL,-,"3	",-,-,1 House Wren on box investigating
,2021-04-29T00:00:00Z,7:15,7:45,KL KG,Picnic Grounds,PICG1,TRES,"2 above, 4 near","4/3	",-,-,-
,2021-05-07T00:00:00Z,3:00,4:45,KL KG,Picnic Grounds,PICG1,WEBL,-,"4	",1C,-,3 feathers
,2021-05-14T00:00:00Z,1:45,2:45,KL KG DK,Picnic Grounds,PICG1,WEBL,-,"4	",4W,-,-
,2021-05-21T00:00:00Z,2:40,4:00,KL KG,Picnic Grounds,PICG1,WEBL,1 in,"4	",4W,-,loggers added (removed from picg6 and added to picg1)
,2021-05-28T00:00:00Z,1:15,2:00,KL KG,Picnic Grounds,PICG1,WEBL,-,"4	",-,3,"WC: 16,15, 15"
,2021-06-04T00:00:00Z,1:15,2:00,KL KG,Picnic Grounds,PICG1,WEBL,2 near,"4	",-,3,"WC: 44,45,44- to be banded monday"
,2021-06-07T00:00:00Z,3:15,3:30,KL,Picnic Grounds,PICG1,WEBL,1 near,"4	",-,3,Banded
,2021-06-11T00:00:00Z,2:50,4:00,KL KG POK,Picnic Grounds,PICG1,WEBL,1 near,"skipped	",skipped,skipped,skipped
,2021-06-18T00:00:00Z,0:30,1:30,"KL, KG",Picnic Grounds,PICG1,Skipped,Skipped,"Skipped	",Skipped,Skipped,Nothing audible from outside box
,2021-06-25T00:00:00Z,0:50,2:00,KL KG,Picnic Grounds,PICG1,WEBL,-,"4	",-,-,loggers removed - cam pic taken canopy cover 0
,2021-07-02T00:00:00Z,0:19,1:30,KL KG,Picnic Grounds,PICG1,WEBL,-,"4	",-,-,-
,2022-03-15T00:00:00Z,2:30,3:00,CP,Picnic Grounds,PICG1,-,"Male and female WEBL UB seen on box, 4 TRES foraging near","-	",-,-,12 poops in box
,2022-03-29T00:00:00Z,1:00,1:30,KG,Picnic Grounds,PICG1,-,"WEBL male and female both UB, 2 TRES flying near","0	",-,-,Lots of poop in box
,2022-04-05T00:00:00Z,1:14,1:40,VW,Picnic Grounds,PICG1,TRES?,-,"1	",-,-,
,2022-04-12T00:00:00Z,3:00,3:19,"SM, YW",Picnic Grounds,PICG1,TRES,2 flying,"3/0	",-,-,
,2022-04-19T00:00:00Z,2:55,3:25,CP,Picnic Grounds,PICG1,TRES,"3 TRES nearby, 1 WEBL male near, 1 WEBL female near","4	",-,-,
,2022-05-01T00:00:00Z,16:00,16:30,"YW, KG",Picnic Grounds,PICG1,WEBL,-,"4	",4C,-,
,2022-05-04T00:00:00Z,,,SM KL PGG,Picnic Grounds,PICG1,WEBL,1 flying,"4	",5W,-,
,2022-05-12T00:00:00Z,,,VW KL,Picnic Grounds,PICG1,WEBL,-,"4	",5W,-,
,2022-05-21T00:00:00Z,,,KG KL,Picnic Grounds,PICG1,WEBL,1 make 1 female,"4	",-,5,-
,2022-05-24T00:00:00Z,,,"YW, KG, PGG",Picnic Grounds,PICG1,WEBL,-,"4	",-,5,
,2022-05-31T00:00:00Z,,,KG PGG VW,Picnic Grounds,PICG1,WEBL,2 near,"4	",-,5,skip next week
,2022-06-07T00:00:00Z,0:35,1:30,CP,Picnic Grounds,PICG1,-,-,"-	",-,-,
,2022-06-14T00:00:00Z,,,VW,Picnic Grounds,PICG1,-,-,"4/1	",-,-,
,2022-06-21T00:00:00Z,,,VW,Picnic Grounds,PICG1,TRES,1 NEAR,"4/4	",5W,-,
,2022-06-28T00:00:00Z,,,VW,Picnic Grounds,PICG1,TRES,-,"4/10	",5W,-,
,2022-07-06T00:00:00Z,,,KG SM CP KL,Picnic Grounds,PICG1,TRES,2 captured,"4/4	",-,5,!
,2022-07-12T00:00:00Z,,,VW KL,Picnic Grounds,PICG1,TRES,-,"4/7	",-,5,
,2022-07-13T00:00:00Z,0:00,1:00,CP,Picnic Grounds,PICG1,TRES,1 TRES flying near,"4/25	",0,5,
,2022-07-21T00:00:00Z,,,PGG,Picnic Grounds,PICG1,TRES,-,"Skipped	",Skipped,Skipped,Camera fell
,2022-07-27T00:00:00Z,,,KG VW,Picnic Grounds,PICG1,-,-,"-	",-,-,loggers removed
,2023-04-01T00:00:00Z,4:45,5:30,KL,Picnic Grounds,PICG1,WEBL,1 near,"-	",-,-,
,2023-04-04T00:00:00Z,1:26,1:40,"YZ, RK",Picnic Grounds,PICG1,WEBL,1,"0	",-,-,"3 TRES, 1 WEBL"
,2023-04-11T00:00:00Z,1:52,2:10,"RK, YZ",Picnic Grounds,PICG1,WEBL,1 on top of box,"0	",-,-,"1 TRES nearby, 1 WEBL on box"
,2023-04-18T00:00:00Z,0:56,1:20,"RK, YZ",Picnic Grounds,PICG1,WEBL,1 nearby,"0	",-,-,"4 TRES nearby, blue feather in box"
,2023-05-02T00:00:00Z,,,KL,Picnic Grounds,PICG1,WEBL,1 in,"3	",-,-,
,2023-05-11T00:00:00Z,1:08,1:45,"RK, YZ",Picnic Grounds,PICG1,WEBL,1 nearby,"4	",4W,0,
,2021-04-15T00:00:00Z,7:30,8:00,KL,Picnic Grounds,PICG10,TRES,-,"2.5/5	",-,-,-
,2021-04-22T00:00:00Z,7:55,8:55,KL KG,Picnic Grounds,PICG10,TRES,2 near,"4/ 10	",-,-,-
,2021-04-29T00:00:00Z,7:15,7:45,"KL, KG",Picnic Grounds,PICG10,TRES,1 near,"4/20	",4A,-,-
,2021-05-07T00:00:00Z,3:00,4:45,KL KG,Picnic Grounds,PICG10,TRES,2 near,"4/15	",6W,-,Loggers added
,2021-05-14T00:00:00Z,1:45,2:45,KL KG DK,Picnic Grounds,PICG10,TRES,1 in,"4/25	",5W,-,-
,2021-05-21T00:00:00Z,2:40,4:00,KL KG,Picnic Grounds,PICG10,TRES,1 near?,"4/12	",-,5,very cold babies- too cold to measure will try again monday- too cold to take out and be certain there are 5
,2021-05-21T00:00:00Z,2:40,4:00,KL KG,Picnic Grounds,PICG10,TRES,1 near?,"4/12	",-,5,very cold babies- too cold to measure will try again monday- too cold to take out and be certain there are 5
,2021-05-21T00:00:00Z,2:40,4:00,KL KG,Picnic Grounds,PICG10,TRES,1 near?,"4/12	",-,5,very cold babies- too cold to measure will try again monday- too cold to take out and be certain there are 5
,2021-05-24T00:00:00Z,23:50,0:19,KL KG AK,Picnic Grounds,PICG10,TRES,3 near,"4/20	",-,5,"WC: 22,19,15,17,19 ; measure 1"
,2021-05-28T00:00:00Z,1:15,2:10,KL KG NB,Picnic Grounds,PICG10,TRES,1 near,"4/17	",-,3,"WC: 36,37,36"
,2021-05-31T00:00:00Z,9:30,11:00,"KL, IS",Picnic Grounds,PICG10,TRES,1 near,"4/20	",-,3,Banded
,2021-06-04T00:00:00Z,1:15,2:00,"KL, KG",Picnic Grounds,PICG10,TRES,-,"Skipped	",Skipped,Skipped,Chicks audible inside nest; skip 1
,2021-06-11T00:00:00Z,2:50,3:30,"KL, KG",Picnic Grounds,PICG10,TRES,-,"Skipped	",Skipped,Skipped,Nothing audible from outside
,2021-06-18T00:00:00Z,0:30,1:30,"KL, KG",Picnic Grounds,PICG10,TRES,-,"4/10	",-,-,"Empty, super poopy"
,2021-06-25T00:00:00Z,1:15,2:00,"KL, KG",Picnic Grounds,PICG10,TRES,-,"4/10	",-,-,
,2021-07-02T00:00:00Z,0:19,1:00,"KL, KG",Picnic Grounds,PICG10,TRES,-,"4/7	",-,-,
,2022-03-15T00:00:00Z,2:30,3:00,"KL, CP, IS",Picnic Grounds,PICG10,-,-,"-	",-,-,
,2022-03-23T00:00:00Z,1:15,1:45,"KL, IS",Picnic Grounds,PICG10,TRES,2 on,"-	",-,-,
,2022-03-29T00:00:00Z,23:00,3:00,"KL,",Picnic Grounds,PICG10,TRES,2 on,"-	",-,-,
,2022-04-05T00:00:00Z,1:10,1:30,KL,Picnic Grounds,PICG10,-,-,"-	",-,-,
,2022-04-12T00:00:00Z,3:00,3:15,KG CP,Picnic Grounds,PICG10,TRES?,-,"1/4	",-,-,-
,2022-04-19T00:00:00Z,2:50,3:15,"KL, AS",Picnic Grounds,PICG10,TRES,1 near,"2/10	",-,-,
,2022-05-01T00:00:00Z,4:00,4:30,KG,Picnic Grounds,PICG10,WEBL??,-,"2/3	",-,-,super weird hay nest
,2022-05-05T00:00:00Z,2:30,2:45,KG MZ VW,Picnic Grounds,PICG10,-,-,"3?	",-,-,weird nest hay
,2022-05-13T00:00:00Z,1:40,2:30,KL,Picnic Grounds,PICG10,WEBL,-,"3	",-,-,
,2022-05-21T00:00:00Z,,,KL,Picnic Grounds,PICG10,WEBL,-,"4	",-,-,
,2022-05-26T00:00:00Z,,,KG PGG,Picnic Grounds,PICG10,TRES,2 near,"4/5	",2C,-,-
,2022-05-31T00:00:00Z,,,VW PGG,Picnic Grounds,PICG10,TRES,1 IN,"4/6	",5W,-,
,2022-06-07T00:00:00Z,,,KL,Picnic Grounds,PICG10,TRES,3 TRES flying near,"4/15	",4W,0,
,2022-06-14T00:00:00Z,,,VW,Picnic Grounds,PICG10,TRES,1IN,"4/8	",-,4,
,2022-06-21T00:00:00Z,,,"KL, WY",Picnic Grounds,PICG10,TRES,2 near,"4/10	",-,4,Replaced battery
,2022-06-28T00:00:00Z,,,KG,Picnic Grounds,PICG10,skipped,skipped,"skipped	",skipped,skipped,-
,2022-07-06T00:00:00Z,,,KG CP,Picnic Grounds,PICG10,TRES,-,"4/4	",-,-,3 dead nestlings- unbanded i believe
,2022-07-13T00:00:00Z,,,KL,Picnic Grounds,PICG10,-,-,"-	",-,-,
,2022-07-21T00:00:00Z,,,Kl,Picnic Grounds,PICG10,0,0,"0	",0,0,Empty box
,2022-07-27T00:00:00Z,,,KG VW,Picnic Grounds,PICG10,-,-,"-	",-,-,empty nest cleared
,2023-04-01T00:00:00Z,16:45,17:30,KL,Picnic Grounds,PICG10,-,-,"-	",-,-,
,2023-04-04T00:00:00Z,1:15,1:45,KL,Picnic Grounds,PICG10,TRES,2 near,"3/0	",-,-,
,2023-04-11T00:00:00Z,,,KL,Picnic Grounds,PICG10,TRES,2 on,"4/10	",-,-,
,2023-04-18T00:00:00Z,,,KL,Picnic Grounds,PICG10,TRES,1 on 1 near,"4/10	",-,-,
,2023-04-25T00:00:00Z,,,KL,Picnic Grounds,PICG10,TRES,2 near,"4/10	",4C,-,
,2023-05-02T00:00:00Z,,,KL,Picnic Grounds,PICG10,TRES,1 in,"4/10	",5W,-,Next week can bleed for validation blood
,2023-05-11T00:00:00Z,1:30,1:51,"KL, RK, YZ",Picnic Grounds,PICG10,TRES,2 nearby,"4/35	",1,4,
,2021-04-15T00:00:00Z,7:44,8:00,KL KG,Picnic Grounds,PICG2,TRES,2 nearby,"4/ 12	",4,-,multiple (4-6) TRES nearby but 2 mainly watching me
,2021-04-22T00:00:00Z,7:55,8:55,KL KG,Picnic Grounds,PICG2,TRES,1 in box,"4/8	",6 W,-,-
,2021-04-29T00:00:00Z,7:15,7:45,KL KG,Picnic Grounds,PICG2,TRES,"1 in, 2 near","4/6	",6W,-,-
,2021-05-07T00:00:00Z,3:00,4:45,KL KG,Picnic Grounds,PICG2,TRES,1 in 1 out,"4/8	",-,6,"WC: 19,18,2,23,23,20"
,2021-05-13T00:00:00Z,23:40,0:10,KL KG,Picnic Grounds,PICG2,TRES,1 in,"4/20	",-,6,weird liquid brown poops; banded
,2021-05-14T00:00:00Z,1:45,2:45,KL KG DK,Picnic Grounds,PICG2,-,-,"Skipped	",Skipped,Skipped,skipped- got banded yesterday
,2021-05-21T00:00:00Z,2:40,16:00,"KL, KG",Picnic Grounds,PICG2,TRES,1 in,"Skipped	",Skipped,Skipped,Heard nestlings inside
,2021-06-04T00:00:00Z,1:15,2:00,KL KG,Picnic Grounds,PICG2,TRES,1 in 1 on,"4/12	",4A,-,loggers on this - new nest- left loggers on
,2021-06-11T00:00:00Z,2:55,4:00,KL KG POK,Picnic Grounds,PICG2,TRES,2 near,"4/17	",4W,-,-
,2021-06-18T00:00:00Z,0:30,1:30,KL KG,Picnic Grounds,PICG2,TRES,2 near,"4/19	",1W,3,"WC: 6,7,7"
,2021-06-28T00:00:00Z,0:05,0:25,KL KG,Picnic Grounds,PICG2,TRES,1 near,"4/20	",-,4,banded and camera battery replaced
,2021-07-02T00:00:00Z,0:19,1:30,KL KG,Picnic Grounds,PICG2,skipped,skipped,"skipped	",skipped,skipped,skipped
,2021-07-09T00:00:00Z,23:30,0:30,KL KG,Picnic Grounds,PICG2,skipped,skipped,"skipped	",skipped,skipped,skipped
,2021-07-09T00:00:00Z,23:30,0:30,KL KG,Picnic Grounds,PICG2,skipped,skipped,"skipped	",skipped,skipped,skipped
,2021-07-16T00:00:00Z,2:20,2:45,KG,Picnic Grounds,PICG2,TRES,-,"4/20	",-,-,1 dead nestling- band number 2631-20722- loggers and cam removed
,2022-03-15T00:00:00Z,2:30,3:00,CP,Picnic Grounds,PICG2,-,2 TRES on box,"-	",-,-,7 poops in box
,2022-03-29T00:00:00Z,1:00,1:30,KG,Picnic Grounds,PICG2,TRES,2 TRES on box,"1, 6 feathers	",0,0,
,2022-04-05T00:00:00Z,1:15,1:45,"SM, VW, KL",Picnic Grounds,PICG2,TRES,-,"4/5	",-,-,
,2022-04-12T00:00:00Z,3:00,3:19,"SM, YW",Picnic Grounds,PICG2,TRES,-,"4/5	",2 C,-,
,2022-04-19T00:00:00Z,2:55,2:25,CP,Picnic Grounds,PICG2,TRES,"1 TRES incubating, 2 TRES flying nearby","4/30	",5W,0,Loggers added
,2022-05-01T00:00:00Z,16:00,16:30,"YW, KG",Picnic Grounds,PICG2,TRES?,-,"4/8	",1C,4,-
,2022-05-05T00:00:00Z,,,"KL, SM, PGG",Picnic Grounds,PICG2,TRES,2 in,"4/20	",1,4,"WC: 15, 14, 16, 17"
,2022-05-12T00:00:00Z,,,VW KL,Picnic Grounds,PICG2,TRES,2 ON,"4/6	",1,4,
,2022-05-12T00:00:00Z,,,KL,Picnic Grounds,PICG2,TRES,2 in,"4/20	",1,4,
,2022-05-21T00:00:00Z,,,KL,Picnic Grounds,PICG2,TRES,2 near,"Skipped	",Skipped,Skipped,
,2022-05-24T00:00:00Z,,,"KG, PGG, YW",Picnic Grounds,PICG2,TRES,-,"4	",-,-,
,2022-05-31T00:00:00Z,,,KG PGG VW,Picnic Grounds,PICG2,TRES,-,"4/4	",-,-,-
,2022-06-07T00:00:00Z,,,CP,Picnic Grounds,PICG2,TRES,0,"4/10	",0,0,Post-fledge
,2022-06-14T00:00:00Z,,,VW,Picnic Grounds,PICG2,TRES,-,"4/2	",-,-,
,2022-06-21T00:00:00Z,,,VW,Picnic Grounds,PICG2,TRES,-,"4/20	",-,-,
,2022-06-28T00:00:00Z,,,KG PGG VW,Picnic Grounds,PICG2,WEBL,4 near! 2 clicking at 2 other adults,"4/5 - old TRES	",3W,-,interestingly 4 prents r around!
,2022-07-06T00:00:00Z,,,KL SM,Picnic Grounds,PICG2,WEBL,-,"4	",3 W,-,
,2022-07-12T00:00:00Z,,,VW,Picnic Grounds,PICG2,WEBL,1 IN,"4	",-,3,
,2022-07-13T00:00:00Z,,,CP,Picnic Grounds,PICG2,WEBL,"1 WEBL male in, 1 WEBL female in","4	",0,3,"Old TRES nest occupied by WEBL, SO MANY ANTS on pole and inside"
,2022-07-21T00:00:00Z,,,PGG,Picnic Grounds,PICG2,WEBL,-,"4	",-,3,
,2022-07-27T00:00:00Z,,,KG VW,Picnic Grounds,PICG2,skipped,-,"-	",-,-,skipped
,2023-04-01T00:00:00Z,4:45,5:30,KL,Picnic Grounds,PICG2,TRES,1 near,"1/5	",-,-,
,2023-04-04T00:00:00Z,1:25,1:40,"RK, YZ",Picnic Grounds,PICG2,TRES,2 on top of the box,"1	",0,0,
,2023-04-11T00:00:00Z,1:49,2:10,"RK, YZ",Picnic Grounds,PICG2,TRES,2 nearby,"3/2	",0,0,
,2023-04-18T00:00:00Z,0:57,1:10,"RK, YZ",Picnic Grounds,PICG2,TRES,1 on top,"4/20	",0,0,
,2023-04-25T00:00:00Z,1:28,1:40,"RK, YZ",Picnic Grounds,PICG2,TRES,2 nearby,"4/15	",1C,0,
,2023-05-02T00:00:00Z,2:02,2:45,"RK, YZ",Picnic Grounds,PICG2,TRES,0,"4/25	",4W,0,
,2023-05-11T00:00:00Z,1:10,1:30,"RK, YZ",Picnic Grounds,PICG2,TRES,1 nearby,"4/35	",4W,0,
,2023-05-18T00:00:00Z,23:30,0:15,"RK, YZ",Picnic Grounds,PICG2,TRES,1 female,"4/35	",0,4,
,2023-05-23T00:00:00Z,3:00,3:30,"KL, RK, YZ",Picnic Grounds,PICG2,TRES,1 nearby,"4/30	",0,4,
,2023-06-13T00:00:00Z,3:00,3:30,"RK, YZ",Picnic Grounds,PICG2,-,0,"4/20	",0,0,
,2023-06-24T00:00:00Z,,,KL,Picnic Grounds,PICG2,TRES,1 in,"4/35	",4W,-,
,2023-06-29T00:00:00Z,3:00,3:15,"KL, RK, YZ",Picnic Grounds,PICG2,TRES,1 in,"4/20	",0,4,
,2023-07-04T00:00:00Z,,,KL,Picnic Grounds,PICG2,TRES,-,"4/15	",-,4,
,2023-07-18T00:00:00Z,,,"KL, YZ",Picnic Grounds,PICG2,TRES,-,"Skipped	",Skipped,Skipped,Dead nestling near box 2881-65934
,2023-08-02T00:00:00Z,3:45,4:00,RK,Picnic Grounds,PICG2,TRES,0,"4/10	",0,0,nest removed
,2021-04-15T00:00:00Z,7:48,8:00,KL KG,Picnic Grounds,PICG3,TRES,2 nearby,"4/ 11	",-,-,multiple TRES swarming me! (5-7)
,2021-04-22T00:00:00Z,7:55,8:55,KL KG,Picnic Grounds,PICG3,TRES,1 in box,"4/12	",5 W,-,1 female in- 2nd year female
,2021-04-29T00:00:00Z,7:15,7:45,KL KG,Picnic Grounds,PICG3,TRES,4 near,"4/14	",5W,-,-
,2021-05-07T00:00:00Z,3:00,4:45,KL KG,Picnic Grounds,PICG3,TRES,1 in 1 out,"4/20	",-,5,"WC: 9,10,8,9,9"
,2021-05-14T00:00:00Z,1:45,2:45,KL KG DK,Picnic Grounds,PICG3,TRES,1 near,"4/13	",-,5,"WC: 40,31,36,39,32"
,2021-05-17T00:00:00Z,1:00,1:07,"KL, AG",Picnic Grounds,PICG3,TRES,1 near,"4/10	",-,5,banded
,2021-05-21T00:00:00Z,2:40,16:00,"KL, KG",Picnic Grounds,PICG3,TRES,1 in 1 near,"Skipped	",Skipped,Skipped,Loud nestlings inside
,2021-05-28T00:00:00Z,1:15,2:00,"KL, KG, NB",Picnic Grounds,PICG3,TRES,-,"Skipped	",Skipped,Skipped,Baby visible at nest hole
,2021-06-11T00:00:00Z,2:50,4:00,KL KG POK,Picnic Grounds,PICG3,TRES,2 near,"4/12	",-,-,-
,2021-06-11T00:00:00Z,2:50,4:00,KL KG POK,Picnic Grounds,PICG3,TRES,2 near,"4/12	",-,-,-
,2021-06-18T00:00:00Z,0:30,1:30,KL KG,Picnic Grounds,PICG3,TRES,1 in,"4/18	",4W,-,-
,2021-06-25T00:00:00Z,0:50,2:00,KL KG,Picnic Grounds,PICG3,TRES,2 near,"4/12	",4W,-,loggers added
,2021-07-02T00:00:00Z,0:19,1:15,"KL, KG",Picnic Grounds,PICG3,TRES,1 in,"4/20	",1,3,"WC: 10, 10, 9"
,2021-07-09T00:00:00Z,23:30,0:30,KL KG,Picnic Grounds,PICG3,TRES,2 near,"4/20	",-,3,"M2- WC: 39,42,40"
,2021-07-12T00:00:00Z,0:30,1:00,KG!,Picnic Grounds,PICG3,TRES,1 near,"4/20	",-,3,measure 3 taken! skips begin now
,2021-07-29T00:00:00Z,22:00,23:00,KG,Picnic Grounds,PICG3,TRES,-,"4/12	",-,-,loggers removed
,2022-03-15T00:00:00Z,2:30,3:00,CP,Picnic Grounds,PICG3,-,"1 TRES on box, 5 foraging near","-	",-,-,8 poops in box
,2022-03-29T00:00:00Z,1:00,1:30,KG,Picnic Grounds,PICG3,TRES,"1 TRES on box, 1 nearby","1, 5 feathers	",0,0,
,2022-04-05T00:00:00Z,1:15,1:40,VW,Picnic Grounds,PICG3,TRES,2 flying,"4	",-,-,
,2022-04-12T00:00:00Z,3:00,3:19,"SM, YW",Picnic Grounds,PICG3,TRES???,-,"4/15	",-,-,
,2022-04-19T00:00:00Z,2:55,3:25,CP,Picnic Grounds,PICG3,TRES,3 TRES flying near,"4/45	",1C,-,
,2022-05-01T00:00:00Z,16:00,16:30,"YE, KG",Picnic Grounds,PICG3,TRES?,-,"4/10	",-,-,
,2022-05-05T00:00:00Z,,,"KL, SM, PGG",Picnic Grounds,PICG3,TRES,-,"4/25	",3C,-,Abandoned; nest cleaned
,2022-05-12T00:00:00Z,,,KL,Picnic Grounds,PICG3,TRES,1 in,"4/30	",3C,-,
,2022-05-21T00:00:00Z,,,KL,Picnic Grounds,PICG3,TRES,2 near,"4/35	",3A,-,
,2022-05-31T00:00:00Z,,,KG PGG VW,Picnic Grounds,PICG3,TRES,-,"4/4	",-,-,-
,2022-06-07T00:00:00Z,,,CP,Picnic Grounds,PICG3,TRES,"3 TRES near, 2 WEBL calling near","4/20	",0,0,Wasps inside
,2022-06-14T00:00:00Z,,,VW,Picnic Grounds,PICG3,TRES,-,"4/10	",-,-,wasp nest
,2022-06-21T00:00:00Z,,,VW,Picnic Grounds,PICG3,TRES,-,"4/20	",3A,-,
,2022-06-28T00:00:00Z,,,VW PGG,Picnic Grounds,PICG3,TRES,-,"4/8	",3C,-,
,2022-07-06T00:00:00Z,,,SM KL,Picnic Grounds,PICG3,TRES,-,"4/10	",3 C,-,SO MANY WASPS
,2022-07-13T00:00:00Z,,,CP,Picnic Grounds,PICG3,TRES,0,"4/15	",3C,0,"So many wasps, comb removed"
,2022-07-21T00:00:00Z,,,PGG,Picnic Grounds,PICG3,TRES,-,"4/10	",4C,-,
,2022-07-27T00:00:00Z,,,KG VW,Picnic Grounds,PICG3,-,-,"-	",-,-,"cleared, wasps"
,2023-04-01T00:00:00Z,4:45,5:30,KL,Picnic Grounds,PICG3,TRES,2 near,"-	",-,-,
,2023-04-04T00:00:00Z,1:29,1:40,"YZ, RK",Picnic Grounds,PICG3,WEBL,2 WEBL,"0	",-,-,"2 WEBL on top of bestbox, 3 TRES nearby"
,2023-04-11T00:00:00Z,1:55,2:10,"RK, YZ",Picnic Grounds,PICG3,TRES,3,"0	",-,-,"3 TRES nearby, 1 WEBL nearby"
,2023-04-18T00:00:00Z,0:59,1:20,"RK, YZ",Picnic Grounds,PICG3,WEBL,1 on box,"2	",-,-,2 TRES nearby
,2023-04-25T00:00:00Z,1:26,2:00,"RK, YZ",Picnic Grounds,PICG3,WEBL,-,"3	",-,-,
,2023-04-25T00:00:00Z,1:30,2:00,RK YZ,Picnic Grounds,PICG3,WEBL,-,"3	",-,-,
,2023-05-02T00:00:00Z,2:08,2:20,"RK, YZ",Picnic Grounds,PICG3,WEBL,0,"4	",0,0,
,2023-05-11T00:00:00Z,1:10,1:45,"RK, YZ",Picnic Grounds,PICG3,WEBL,"1 WEBL, 2 TRES nearby","4	",3W,0,
,2021-04-15T00:00:00Z,7:52,8:00,KL KG,Picnic Grounds,PICG4,TRES,1 nearby,"3/ 7	",-,-,-
,2021-04-22T00:00:00Z,7:55,8:55,KL KG,Picnic Grounds,PICG4,TRES,1 in box,"4/7	",2:00 AM,-,-
,2021-04-29T00:00:00Z,7:15,7:45,KL KG,Picnic Grounds,PICG4,TRES,-,"4/3	",4A,-,Small nest- potentially abandoned?
,2021-05-07T00:00:00Z,3:00,4:45,KL KG,Picnic Grounds,PICG4,TRES,1 in 1 on,"4/10	",-,-,-
,2021-05-14T00:00:00Z,1:45,2:45,KL KG DK,Picnic Grounds,PICG4,TRES,2 near,"4/9	",-,-,-
,2021-05-21T00:00:00Z,2:40,16:00,"KL ,KG",Picnic Grounds,PICG4,TRES,1 in,"4/17	",6C,-,
,2021-05-28T00:00:00Z,1:15,2:00,"KL, KG, NB",Picnic Grounds,PICG4,TRES,1 in,"4/25	",5W,-,
,2021-06-04T00:00:00Z,1:15,2:00,KL KG,Picnic Grounds,PICG4,TRES,1 in,"4/8	",1W,5,"WC: 6,6,7"
,2021-06-11T00:00:00Z,2:50,4:00,KL KG POK,Picnic Grounds,PICG4,TRES,1 near,"4/12	",1W,5,"WC: 23,23,25,25,18"
,2021-06-18T00:00:00Z,0:30,1:30,KL KG,Picnic Grounds,PICG4,TRES,2 near,"skipped	",skipped,skipped,nestlings heard
,2021-06-25T00:00:00Z,1:15,2:30,"KL, KG",Picnic Grounds,PICG4,TRES,1 in,"Skipped	",Skipped,Skipped,Nestlings audible inside; bird at mouth of box
,2021-07-02T00:00:00Z,0:19,1:30,KL KG,Picnic Grounds,PICG4,TRES,-,"4/1	",-,-,-
,2022-03-15T00:00:00Z,2:30,3:00,CP,Picnic Grounds,PICG4,-,"3 TRES foraging near, heard 1 WEBL in trees near","-	",-,-,
,2022-03-29T00:00:00Z,1:00,1:30,KG,Picnic Grounds,PICG4,WEBL,WEBL male and female both UB flew out of box,"1	",0,0,
,2022-04-05T00:00:00Z,1:15,1:45,"SM, VW, KL",Picnic Grounds,PICG4,TRES,2 on,"3/2	",-,-,
,2022-04-12T00:00:00Z,3:00,3:40,"YW, SM",Picnic Grounds,PICG4,TRES,-,"3/4	",-,-,
,2022-04-19T00:00:00Z,2:55,3:25,CP,Picnic Grounds,PICG4,TRES,1 TRES flying near,"4/6	",0,0,
,2022-05-01T00:00:00Z,16:00,16:30,"YW, KG",Picnic Grounds,PICG4,WEBL,-,"4	",4A,-,
,2022-05-05T00:00:00Z,,,"KL, SM, PGG",Picnic Grounds,PICG4,WEBL,1 in,"4	",4A,-,Loggers next week
,2022-05-12T00:00:00Z,,,KL,Picnic Grounds,PICG4,WEBL,-,"4	",1W,3,
,2022-05-21T00:00:00Z,,,KL,Picnic Grounds,PICG4,WEBL,1 near,"4	",-,3,
,2022-05-26T00:00:00Z,,,KG PGG,Picnic Grounds,PICG4,WEBL,-,"4	",-,2,-
,2022-05-31T00:00:00Z,,,VW PGG,Picnic Grounds,PICG4,WEBL,1in?,"4	",-,2?,As soon as we opened the box a bird flew out quickly. 2 more huge babies inside at fledgling age. Don't know the first one was a parent or fledged baby.
,2022-06-07T00:00:00Z,,,CP,Picnic Grounds,PICG4,TRES,0,"4/4	",0,0,Post-fledge
,2022-06-14T00:00:00Z,,,VW,Picnic Grounds,PICG4,WEBL,-,"4	",-,-,-
,2022-06-21T00:00:00Z,,,VW,Picnic Grounds,PICG4,WEBL,-,"4	",-,-,
,2022-06-28T00:00:00Z,,,VW PGG,Picnic Grounds,PICG4,-,-,"4	",-,-,old webl nest
,2022-07-06T00:00:00Z,,,KL SM,Picnic Grounds,PICG4,TRES?,-,"4/2	",-,-,
,2022-07-13T00:00:00Z,,,CP,Picnic Grounds,PICG4,WEBL,0,"4	",0,0,
,2022-07-21T00:00:00Z,,,KL,Picnic Grounds,PICG4,WEBL,-,"4	",-,-,Cleaned old nest
,2022-07-27T00:00:00Z,,,KG VW,Picnic Grounds,PICG4,-,-,"-	",-,-,empty
,2023-04-01T00:00:00Z,4:45,5:30,KL,Picnic Grounds,PICG4,TRES,1 in 1 near,"1/2	",-,-,
,2023-04-04T00:00:00Z,1:30,1:40,"RK, YZ",Picnic Grounds,PICG4,TRES,"1 on top of the box, 1 nearby","1	",0,0,
,2023-04-11T00:00:00Z,1:55,2:10,"RK, YZ",Picnic Grounds,PICG4,TRES,"1 on top, 1 inside","4/1	",0,0,
,2023-04-18T00:00:00Z,1:00,1:10,"RK, YZ",Picnic Grounds,PICG4,TRES,3 nearby,"4/5	",0,0,
,2023-04-25T00:00:00Z,1:32,1:40,"RK, YZ",Picnic Grounds,PICG4,TRES,"1 inside, 1 nearby","4/5	",4C,0,
,2023-05-02T00:00:00Z,2:08,2:45,"RK, YZ",Picnic Grounds,PICG4,TRES,"1 TRES nearby, 1 WEBL nearby","4	",6W,0,
,2023-05-11T00:00:00Z,1:15,1:30,"RK, YZ",Picnic Grounds,PICG4,TRES,0,"4/15	",1,5,
,2023-06-13T00:00:00Z,3:00,3:30,"RK, YZ",Picnic Grounds,PICG4,TRES,1 in,"4/30	",5W,0,
,2023-06-24T00:00:00Z,,,KL,Picnic Grounds,PICG4,TRES,1 in 1 near,"4/25	",-,5,
,2023-06-29T00:00:00Z,3:00,3:15,"KL, RK, YZ",Picnic Grounds,PICG4,TRES,1 near,"4/20	",0,5,
,2023-07-04T00:00:00Z,1:45,2:15,"KL, RK, YZ",Picnic Grounds,PICG4,TRES,1 near,"4/15	",0,5,
,2023-07-18T00:00:00Z,,,KL,Picnic Grounds,PICG4,TRES,-,"3/10	",-,-,"2 dead nestlings : 2881-65923, 2881-65926"
,2021-04-15T00:00:00Z,7:55,8:00,KL KG,Picnic Grounds,PICG5,TRES,-,"4/ 19	",-,-,-
,2021-04-22T00:00:00Z,7:55,8:55,KL KG,Picnic Grounds,PICG5,TRES,-,"4/20	",3:00 AM,-,-
,2021-04-29T00:00:00Z,7:15,7:45,KL KG,Picnic Grounds,PICG5,TRES,1 near,"4/20	",6W,-,Snake potentially nearby????
,2021-05-07T00:00:00Z,3:00,4:45,KL KG,Picnic Grounds,PICG5,TRES,2 near,"4/30	",6W,-,-
,2021-05-14T00:00:00Z,1:45,2:45,KL KG DK,Picnic Grounds,PICG5,TRES,-,"4/18	",1W,5,"WC: 12,17,17,16, 2 very small"
,2021-05-21T00:00:00Z,2:40,16:00,"KL, KG",Picnic Grounds,PICG5,TRES,-,"4/26	",1,4,1 dead nestling fairly well developed; banded
,2021-05-28T00:00:00Z,1:15,2:00,"KL, KG, NB",Picnic Grounds,PICG5,TRES,-,"Skipped	",Skipped,Skipped,Skip 1
,2021-06-04T00:00:00Z,1:15,2:00,KL KG,Picnic Grounds,PICG5,skipped,skipped,"skipped	",skipped,skipped,skipped
,2021-06-11T00:00:00Z,2:50,4:00,KL KG POK,Picnic Grounds,PICG5,TRES,-,"4/18	",-,-,one egg incorporated into the nest stuck in poop?
,2021-06-18T00:00:00Z,0:30,1:30,KL KG,Picnic Grounds,PICG5,TRES,2 on top,"4/18	",-,-,dead egg and dead baby incorporated in new nest…
,2021-06-25T00:00:00Z,1:15,2:30,"KL, KG",Picnic Grounds,PICG5,TRES,-,"4/25	",1W,-,Dead egg on edge of nest
,2021-07-02T00:00:00Z,0:19,1:30,KL KG,Picnic Grounds,PICG5,TRES,-,"4/2	",-,-,-
,2022-03-15T00:00:00Z,2:30,3:00,CP,Picnic Grounds,PICG5,TRES,7 TRES foraging near (2 of these swooped),"1, 1 feather	",-,-,
,2022-03-29T00:00:00Z,1:00,1:30,KG,Picnic Grounds,PICG5,TRES,2 TRES UN on top of box,"1	",0,0,
,2022-04-05T00:00:00Z,1:15,1:45,VW,Picnic Grounds,PICG5,TRES,-,"3	",-,-,
,2022-04-19T00:00:00Z,2:55,3:25,CP,Picnic Grounds,PICG5,TRES,"1 TRES inside, 1 TRES on power line near","4/15	",0,0,
,2022-04-26T00:00:00Z,3:50,4:00,KG VW PGG,Picnic Grounds,PICG5,TRES,2 near,"4/4	",3A,-,also tiny cup/ almost touching box
,2022-05-01T00:00:00Z,16:00,16:30,"YW, KG",Picnic Grounds,PICG5,TRES,-,"4/8	",6W,-,loggers added
,2022-05-05T00:00:00Z,,,"KL, SM, PGG",Picnic Grounds,PICG5,TRES,1 in,"4/15	",6W,-,
,2022-05-12T00:00:00Z,,,KL,Picnic Grounds,PICG5,TRES,2 near,"4/25	",1,4,Hatch day today
,2022-05-12T00:00:00Z,,,VW KL,Picnic Grounds,PICG5,TRES,1 IN,"4/7	",2,3A,shipped measurement because they are too little
,2022-05-21T00:00:00Z,,,KG KL,Picnic Grounds,PICG5,TRES,2 near,"4/8	",-,6,-
,2022-05-31T00:00:00Z,,,KG PGG VW,Picnic Grounds,PICG5,TRES,-,"-	",skipped,skipped,skipped
,2022-06-07T00:00:00Z,,,CP,Picnic Grounds,PICG5,-,-,"-	",-,-,
,2022-06-21T00:00:00Z,,,"YW, VW, KL, WY",Picnic Grounds,PICG5,WEBL ?,-,"4	",-,-,-
,2022-06-28T00:00:00Z,,,VW PGG,Picnic Grounds,PICG5,-,-,"4	",-,-,OLD NEST
,2022-07-06T00:00:00Z,,,KL SM,Picnic Grounds,PICG5,TRES,-,"4/5	",-,-,
,2022-07-13T00:00:00Z,,,CP,Picnic Grounds,PICG5,TRES,0,"4/8	",0,0,
,2022-07-13T00:00:00Z,,,KL,Picnic Grounds,PICG5,TRES,-,"4/15	",-,-,
,2022-07-21T00:00:00Z,,,PGG,Picnic Grounds,PICG5,TRES,-,"4/10	",-,-,
,2022-07-27T00:00:00Z,,,KG VW,Picnic Grounds,PICG5,-,-,"-	",-,-,cleared
,2022-09-14T00:00:00Z,,,VW,Picnic Grounds,PICG5,WEBL,-,"4	",-,-,-
,2023-04-01T00:00:00Z,4:45,5:30,KL,Picnic Grounds,PICG5,TRES,2 near,"-	",-,-,
,2023-04-04T00:00:00Z,1:34,1:40,"YZ, RK",Picnic Grounds,PICG5,TRES,3 nearby,"1	",-,-,"3 TRES nearby, 1 WEBL nearby"
,2023-04-11T00:00:00Z,2:02,2:10,"RK, YZ",Picnic Grounds,PICG5,TRES,2 nearby,"1/0	",-,-,
,2023-04-18T00:00:00Z,1:08,1:20,"RK, YZ",Picnic Grounds,PICG5,WEBL,1 nearby,"2	",-,-,
,2023-04-25T00:00:00Z,1:36,2:00,"RK, YZ",Picnic Grounds,PICG5,WEBL,1 nearby,"3	",_,-,2 TRES nearby
,2023-05-02T00:00:00Z,2:15,2:20,"RK, YZ",Picnic Grounds,PICG5,WEBL,1 inside,"4	",0,0,
,2021-04-15T00:00:00Z,7:30,8:00,KL,Picnic Grounds,PICG6,WEBL,1 in,"4	",5W,-,Female WEBL in box
,2021-04-22T00:00:00Z,7:55,8:55,KL KG,Picnic Grounds,PICG6,WEBL,-,"4	",5W,-,-
,2021-04-29T00:00:00Z,7:15,7:45,"KL, KG",Picnic Grounds,PICG6,WEBL,-,"4	",-,4,Looks several days old - took video
,2021-05-07T00:00:00Z,3:00,4:45,KL KG,Picnic Grounds,PICG6,WEBL,2 near,"4	",-,4,"Very large group: missed our chance to band :( WC: 51,56,48,49"
,2021-05-21T00:00:00Z,2:34,4:00,KL KG,Picnic Grounds,PICG6,-,-,"-	",-,-,"took loggers off- babies are gone, nest still compact"
,2021-05-28T00:00:00Z,1:15,2:00,KL KG NB,Picnic Grounds,PICG6,WEBL,2 near,"4	",-,-,-
,2021-06-04T00:00:00Z,1:15,2:00,"KL, KG",Picnic Grounds,PICG6,WEBL,1 in,"4	",4W,-,Female incubating on nest; placed loggers
,2021-06-11T00:00:00Z,2:50,3:30,"KL, KG",Picnic Grounds,PICG6,WEBL,1 near,"4	",5A,-,Loggers
,2021-06-18T00:00:00Z,0:30,1:30,KL KG,Picnic Grounds,PICG6,WEBL,1 female in,"4	",5W,-,-
,2021-06-25T00:00:00Z,0:50,2:00,KL KG,Picnic Grounds,PICG6,WEBL,-,"4	",2W,1,WC: 13- eggs probably won’t hatch
,2021-07-02T00:00:00Z,0:30,1:15,"KL, KG",Picnic Grounds,PICG6,WEBL,2 near,"4	",2,1,measure 2
,2021-07-05T00:00:00Z,0:15,0:30,KL KG,Picnic Grounds,PICG6,WEBL,2 near,"4	",-,1,banded
,2021-07-05T00:00:00Z,0:15,0:30,KL KG,Picnic Grounds,PICG6,WEBL,2 near,"4	",-,1,banded
,2021-07-09T00:00:00Z,23:30,0:30,KL KG,Picnic Grounds,PICG6,WEBL,skipped,"skipped	",skipped,skipped,skipped
,2021-07-22T00:00:00Z,0:30,0:40,KG,Picnic Grounds,PICG6,-,-,"4	",-,-,loggers removed
,2022-03-15T00:00:00Z,2:30,3:00,"KL, CP, IS",Picnic Grounds,PICG6,-,-,"-	",-,-,
,2022-03-23T00:00:00Z,1:15,1:45,"KL, IS",Picnic Grounds,PICG6,TRES,"2 TRES on: 1 SV SYF? 1 UB M, 1 male WEBL on","-	",-,-,
,2022-03-29T00:00:00Z,0:00,3:00,YW,Picnic Grounds,PICG6,-,-,"-	",-,-,
,2022-04-05T00:00:00Z,1:10,1:30,KL,Picnic Grounds,PICG6,-,-,"-	",-,-,
,2022-04-12T00:00:00Z,3:00,3:15,KG CP,Picnic Grounds,PICG6,-,-,"-	",-,-,-
,2022-04-19T00:00:00Z,2:50,3:15,"KL, AS",Picnic Grounds,PICG6,TRES,2 near,"1/0	",-,-,
,2022-05-05T00:00:00Z,2:34,2:36,MZ VW,Picnic Grounds,PICG6,TRES,NA,"4-10	",6W,NA,
,2022-05-13T00:00:00Z,1:40,2:30,CP,Picnic Grounds,PICG6,TRES,"1 TRES inside, 1 TRES on box","4/25	",6W,0,
,2022-05-19T00:00:00Z,,,KL,Picnic Grounds,PICG6,TRES,1 in 1 near,"4/20	",-,7,
,2022-05-26T00:00:00Z,,,KG PGG,Picnic Grounds,PICG6,TRES,2 near,"4/4	",-,7!,changed cam battery
,2022-05-31T00:00:00Z,,,KG PGG VW,Picnic Grounds,PICG6,TRES,2 near,"4/8	",-,7!,camera battery change
,2022-06-07T00:00:00Z,,,KL,Picnic Grounds,PICG6,Skipped,Skipped,"Skipped	",Skipped,Skipped,
,2022-06-14T00:00:00Z,,,VW,Picnic Grounds,PICG6,TRES,-,"4/8	",-,-,
,2022-06-21T00:00:00Z,,,"YW, VW, KL, WY",Picnic Grounds,PICG6,WEBL?,-,"4	",-,-,-
,2022-07-06T00:00:00Z,,,CP,Picnic Grounds,PICG6,TRES,0,"4/10	",0,0,Post-fledge
,2022-07-13T00:00:00Z,,,KL,Picnic Grounds,PICG6,TRES,-,"4/5	",-,-,
,2022-07-21T00:00:00Z,,,PGG,Picnic Grounds,PICG6,TRES,-,"Old wmpty	",0,O,Cleaned old nest
,2022-07-27T00:00:00Z,,,KG VW,Picnic Grounds,PICG6,-,-,"-	",-,-,empty
,2023-04-01T00:00:00Z,4:45,5:30,KL,Picnic Grounds,PICG6,TRES,2 near,"-	",-,-,
,2023-04-04T00:00:00Z,1:15,1:45,KL,Picnic Grounds,PICG6,-,-,"-	",-,-,
,2023-04-04T00:00:00Z,1:15,1:45,KL,Picnic Grounds,PICG6,TRES,2 near,"1/0	",-,-,
,2023-04-11T00:00:00Z,,,KL,Picnic Grounds,PICG6,TRES,1 on,"2/10	",-,-,
,2023-04-18T00:00:00Z,,,KL,Picnic Grounds,PICG6,TRES,2 near,"3/5	",-,-,
,2023-04-25T00:00:00Z,,,KL,Picnic Grounds,PICG6,TRES,2 near,"4/15	",1C,-,
,2023-05-02T00:00:00Z,,,KL,Picnic Grounds,PICG6,TRES,-,"4/20	",6W,-,
,2023-05-11T00:00:00Z,,,KL,Picnic Grounds,PICG6,TRES,1 in,"4/30	",6W,-,
,2023-06-13T00:00:00Z,,,KL,Picnic Grounds,PICG6,TRES,1 on,"4/15	",3C,-,
,2021-04-15T00:00:00Z,7:30,8:00,KL,Picnic Grounds,PICG7,TRES,-,"4/20	",-,-,-
,2021-04-22T00:00:00Z,7:55,8:55,KL KG,Picnic Grounds,PICG7,TRES,2 nearby,"4/20	",-,-,-
,2021-04-29T00:00:00Z,7:15,7:15,"KL, KG",Picnic Grounds,PICG7,TRES,-,"4/25	",5W,-,-
,2021-05-07T00:00:00Z,3:00,4:45,KL KG,Picnic Grounds,PICG7,TRES,1 in 1 near,"4/30	",5W,-,-
,2021-05-14T00:00:00Z,1:45,2:45,KL KG DK,Picnic Grounds,PICG7,TRES,1 in,"4/25	",-,5,"WC: 11,9,11"
,2021-05-21T00:00:00Z,2:30,16:00,"KL, KG",Picnic Grounds,PICG7,TRES,-,"4/30	",-,-,Likely eaten?- nothing left
,2021-06-04T00:00:00Z,1:15,2:00,"KL, KG",Picnic Grounds,PICG7,Skipped,-,"Skipped	",Skipped,Skipped,Nothing audible
,2021-06-11T00:00:00Z,2:50,3:30,"KL, KG",Picnic Grounds,PICG7,TRES,-,"4/30	",-,-,
,2021-06-18T00:00:00Z,0:30,1:30,KL KG,Picnic Grounds,PICG7,-,-,"4/30	",-,-,-
,2021-06-25T00:00:00Z,0:50,2:00,KL KG,Picnic Grounds,PICG7,TRES,-,"4/12	",-,-,-
,2021-07-02T00:00:00Z,0:19,1:00,"KL, KG",Picnic Grounds,PICG7,TRES,-,"4/40	",-,-,
,2021-07-09T00:00:00Z,23:30,0:30,KL KG,Picnic Grounds,PICG7,TRES,2 near,"4/12	",-,1,banded
,2021-07-09T00:00:00Z,23:30,0:30,KL KG,Picnic Grounds,PICG7,TRES,2 near,"4/12	",-,1,banded
,2022-03-15T00:00:00Z,2:30,3:00,"KL, CP, IS",Picnic Grounds,PICG7,-,-,"-	",-,-,
,2022-03-23T00:00:00Z,1:15,1:45,"KL, IS",Picnic Grounds,PICG7,WEBL,"UB male on top, 1 TRES near","1	",-,-,
,2022-03-29T00:00:00Z,0:00,3:00,YW,Picnic Grounds,PICG7,-,2 TRES near,"-	",-,-,
,2022-04-05T00:00:00Z,1:10,1:30,KL,Picnic Grounds,PICG7,WEBL,"2 near, 1 TRES near","-	",-,-,
,2022-04-12T00:00:00Z,3:00,3:15,KG CP,Picnic Grounds,PICG7,TRES,1 on 1 near,"1	",-,-,-
,2022-04-19T00:00:00Z,2:50,3:15,"KL, AS",Picnic Grounds,PICG7,TRES,2 near,"3/2	",-,-,
,2022-05-05T00:00:00Z,2:37,,MZ VW,Picnic Grounds,PICG7,TRES,NA,"4-6	",3A,-,
,2022-05-13T00:00:00Z,,,CP,Picnic Grounds,PICG7,TRES,"1 TRES in box, 1 TRES flying near","4/20	",3W,0,
,2022-05-21T00:00:00Z,,,KL,Picnic Grounds,PICG7,TRES,-,"4/25	",-,-,
,2022-05-26T00:00:00Z,,,KG PGG,Picnic Grounds,PICG7,TRES,-,"4/7	",-,-,-
,2022-05-31T00:00:00Z,,,PGG VW,Picnic Grounds,PICG7,TRES,-,"4/6	",-,-,
,2022-06-07T00:00:00Z,,,KL,Picnic Grounds,PICG7,TRES,-,"4/20	",-,-,
,2022-06-14T00:00:00Z,,,VW,Picnic Grounds,PICG7,TRES,-,"4/9	",-,-,
,2022-06-21T00:00:00Z,,,"YW, VW, KL, WY",Picnic Grounds,PICG7,TRES,-,"4	",-,-,-
,2022-06-28T00:00:00Z,,,KG VW PGG,Picnic Grounds,PICG7,TRES,-,"4/5	",-,-,wasps nest
,2022-07-06T00:00:00Z,,,CP,Picnic Grounds,PICG7,TRES,0,"4/15	",0,0,
,2022-07-21T00:00:00Z,,,KL,Picnic Grounds,PICG7,TRES,0,"4/20	",0,0,
,2022-07-27T00:00:00Z,,,KG VW,Picnic Grounds,PICG7,-,-,"-	",-,-,cleared
,2023-04-01T00:00:00Z,4:45,5:30,KL,Picnic Grounds,PICG7,TRES,-,"1/0	",-,-,
,2023-04-04T00:00:00Z,1:15,1:45,KL,Picnic Grounds,PICG7,WEBL,1 male near,"2	",-,-,
,2023-04-11T00:00:00Z,,,KL,Picnic Grounds,PICG7,WEBL,1 male on,"3	",-,-,
,2023-04-18T00:00:00Z,,,KL,Picnic Grounds,PICG7,WEBL,2 near,"4	",-,-,
,2023-04-25T00:00:00Z,,,KL,Picnic Grounds,PICG7,WEBL,-,"4	",-,-,
,2023-05-02T00:00:00Z,,,KL,Picnic Grounds,PICG7,WEBL,1 in,"4	",5W,-,
,2023-05-11T00:00:00Z,,,KL,Picnic Grounds,PICG7,WEBL,-,"4	",6W,-,
,2023-05-19T00:00:00Z,,,KL,Picnic Grounds,PICG7,WEBL,1 in 1 on,"4	",-,6,
,2023-05-23T00:00:00Z,3:30,16:00,"KL, RK, YZ",Picnic Grounds,PICG7,WEBL,1 nearby,"4	",0,4,
,2023-05-30T00:00:00Z,,,"KL, RK, YZ",Picnic Grounds,PICG7,WEBL,2 nearby,"4	",0,4,
,2023-06-13T00:00:00Z,,,KL,Picnic Grounds,PICG7,TRES,1 in 1 near,"4/10	",2C,-,Left loggers
,2021-04-15T00:00:00Z,7:30,8:00,KL,Picnic Grounds,PICG8,TRES,2 on,"3.5/15	",-,-,-
,2021-04-22T00:00:00Z,7:55,8:55,KL KG,Picnic Grounds,PICG8,TRES,1 near,"4/17	",4:00 AM,-,-
,2021-04-29T00:00:00Z,7:15,7:45,"KL, KG",Picnic Grounds,PICG8,TRES,1 in,"4/20	",5W,-,-
,2021-05-07T00:00:00Z,3:00,4:45,KL KG,Picnic Grounds,PICG8,TRES,1 in 1 near,"4/20	",2W,3,"WC: 6,7,7"
,2021-05-14T00:00:00Z,1:45,2:45,KL KG DK,Picnic Grounds,PICG8,TRES,1 in,"4/20	",-,5,"WC: 18,25,26"
,2021-05-21T00:00:00Z,2:40,4:00,KL KG,Picnic Grounds,PICG8,TRES,-,"4/20	",-,1,"3 nestlings missing, 1 in nest dead, 1 in nest still breathing barely :(; banded"
,2021-05-28T00:00:00Z,1:15,2:00,KL KG NB,Picnic Grounds,PICG8,skipped,skipped,"skipped	",skipped,skipped,skipped
,2021-06-04T00:00:00Z,1:15,2:00,"KL, KG",Picnic Grounds,PICG8,Skipped,-,"Skipped	",Skipped,Skipped,Nothing audible
,2021-06-11T00:00:00Z,2:50,3:30,"KL, KG",Picnic Grounds,PICG8,TRES,-,"4/25	",-,-,1 dead nestling band # 2631-20648
,2021-06-18T00:00:00Z,0:30,1:30,KL KG,Picnic Grounds,PICG8,-,-,"4/30	",-,-,-
,2021-06-18T00:00:00Z,0:30,1:30,KL KG,Picnic Grounds,PICG8,-,-,"4/30	",-,-,-
,2021-06-25T00:00:00Z,0:50,2:00,KL KG,Picnic Grounds,PICG8,TRES,-,"4/30	",-,-,-
,2021-06-25T00:00:00Z,0:50,2:00,KL KG,Picnic Grounds,PICG8,TRES,-,"4/30	",-,-,-
,2021-07-02T00:00:00Z,0:19,1:00,"KL, KG",Picnic Grounds,PICG8,TRES,-,"4/25	",-,-,
,2022-03-15T00:00:00Z,2:30,3:00,"KL, CP, IS",Picnic Grounds,PICG8,-,-,"-	",-,-,
,2022-03-23T00:00:00Z,1:15,1:45,"KL, IS",Picnic Grounds,PICG8,TRES,1 on,"-	",-,-,
,2022-03-29T00:00:00Z,23:00,3:00,KL,Picnic Grounds,PICG8,-,-,"-	",-,-,
,2022-04-05T00:00:00Z,1:10,1:30,KL,Picnic Grounds,PICG8,-,-,"-	",-,-,
,2022-04-12T00:00:00Z,3:00,3:30,CP,Picnic Grounds,PICG8,-,-,"0	",-,-,2 poops in box
,2022-04-19T00:00:00Z,2:50,3:15,"KL, AS",Picnic Grounds,PICG8,TRES,2 near,"2/0	",-,-,
,2022-05-05T00:00:00Z,2:39,,MZ VW,Picnic Grounds,PICG8,WEBL,-,"3	",-,-,
,2022-05-21T00:00:00Z,,,KL,Picnic Grounds,PICG8,TRES,-,"3/2	",-,-,
,2022-05-26T00:00:00Z,,,KG PGG,Picnic Grounds,PICG8,TRES,2 near,"4/8	",-,-,-
,2022-05-31T00:00:00Z,,,VW PGG,Picnic Grounds,PICG8,TRES,-,"4/4	",4A,-,theres also an old nest on the ground
,2022-06-07T00:00:00Z,,,KL,Picnic Grounds,PICG8,TRES,2 near,"4/20	",3W,-,
,2022-06-14T00:00:00Z,,,KL,Picnic Grounds,PICG8,TRES,1 in 1 near,"4/10	",3W,1,Hatch day!
,2022-06-21T00:00:00Z,,,"KL, WY",Picnic Grounds,PICG8,TRES,1 near,"4/10	",-,4,
,2022-07-06T00:00:00Z,,,CP,Picnic Grounds,PICG8,-,-,"-	",-,-,Nothing heard inside
,2022-07-13T00:00:00Z,,,KL,Picnic Grounds,PICG8,TRES,-,"4/10	",-,-,
,2022-07-21T00:00:00Z,,,KL,Picnic Grounds,PICG8,Tres,0,"Old nest empty	",0,0,Cleaned
,2022-07-27T00:00:00Z,,,KG VW,Picnic Grounds,PICG8,-,-,"-	",-,-,empty
,2023-04-01T00:00:00Z,4:45,5:30,KL,Picnic Grounds,PICG8,TRES,2 near,"-	",-,-,
,2023-04-11T00:00:00Z,,,KL,Picnic Grounds,PICG8,TRES,2 on,"3/5	",-,-,
,2023-04-18T00:00:00Z,,,KL,Picnic Grounds,PICG8,TRES,1 in,"4/10	",-,-,
,2023-04-25T00:00:00Z,,,KL,Picnic Grounds,PICG8,TRES,1 near,"4/25	",1C,-,
,2023-05-02T00:00:00Z,,,KL,Picnic Grounds,PICG8,TRES,-,"4/25	",6A,-,
,2023-05-11T00:00:00Z,,,KL,Picnic Grounds,PICG8,TRES,1 in,"4/20	",6W,-,
,2021-04-15T00:00:00Z,7:30,8:00,KL,Picnic Grounds,PICG9,TRES,1 on,"4/20	",-,-,-
,2021-04-22T00:00:00Z,7:55,8:55,KL KG,Picnic Grounds,PICG9,TRES,2: 1 in 1 on,"4/ 10	",1:00 AM,-,Both TRES unwilling to leave box!
,2021-04-29T00:00:00Z,7:15,7:45,"KL, KG",Picnic Grounds,PICG9,TRES,"1 on, 1 in (SY female, brown)","4/20	",5W,-,-
,2021-05-07T00:00:00Z,3:00,4:45,KL KG,Picnic Grounds,PICG9,TRES,1 in 1 on,"4/22	",5W,-,-
,2021-05-14T00:00:00Z,1:45,2:45,KL KG DK,Picnic Grounds,PICG9,TRES,-,"4/30	",-,5,"WC: 10,11, 11"
,2021-05-21T00:00:00Z,2:40,4:00,KL KG,Picnic Grounds,PICG9,TRES,1 near,"4/11	",-,4,"WC: 33, 34, 30"
,2021-05-24T00:00:00Z,23:50,0:19,KL KG,Picnic Grounds,PICG9,TRES,-,"4/22	",-,-,"4 dead nestling WC: 33,35,31,32"
,2021-05-24T00:00:00Z,23:50,0:19,KL KG,Picnic Grounds,PICG9,TRES,-,"4/22	",-,-,"dead nest WC: 33,35,31,32"
,2021-05-28T00:00:00Z,1:15,2:00,"KL, KG, NB",Picnic Grounds,PICG9,TRES,-,"4/25	",-,-,
,2021-06-04T00:00:00Z,1:15,2:00,"KL, KG",Picnic Grounds,PICG9,TRES,-,"4/20	",-,-,Empty
,2021-06-11T00:00:00Z,2:50,3:30,"KL, KG",Picnic Grounds,PICG9,TRES,-,"4/20	",3A,-,
,2021-06-18T00:00:00Z,0:30,1:30,KL KG,Picnic Grounds,PICG9,TRES,1 in,"4/24	",3W,-,loggers added
,2021-06-18T00:00:00Z,0:30,1:30,KL KG,Picnic Grounds,PICG9,TRES,1 in,"4/24	",3W,-,loggers added
,2021-06-25T00:00:00Z,2:15,3:00,KL KG,Picnic Grounds,PICG9,TRES,-,"4/8	",-,-,-
,2021-06-25T00:00:00Z,1:15,2:00,"KL, KG",Picnic Grounds,PICG9,TRES,-,"4/25	",3W,-,
,2021-07-02T00:00:00Z,0:19,1:15,"KL, KG",Picnic Grounds,PICG9,TRES,2 near,"4/20	",-,1,Measure 1; WC 17
,2021-07-29T00:00:00Z,22:00,23:00,KG,Picnic Grounds,PICG9,TRES,-,"4/20	",-,-,loggers removed
,2022-03-15T00:00:00Z,2:30,3:00,"KL, CP, IS",Picnic Grounds,PICG9,TRES,1 on 1 in,"Skipped	",Skipped,Skipped,
,2022-03-23T00:00:00Z,1:15,1:45,"KL, IS",Picnic Grounds,PICG9,TRES,2 near,"1/3	",-,-,
,2022-03-29T00:00:00Z,23:00,3:00,"KL,",Picnic Grounds,PICG9,TRES,2 on,"1/1	",-,+,
,2022-04-05T00:00:00Z,1:10,1:30,KL,Picnic Grounds,PICG9,TRES,2 on,"2/3	",-,-,
,2022-04-12T00:00:00Z,3:00,3:30,CP,Picnic Grounds,PICG9,TRES,"1 TRES on top, 1 TRES flying near","3/6	",-,-,
,2022-04-19T00:00:00Z,2:50,3:15,"KL, AS",Picnic Grounds,PICG9,TRES,2 on,"4/10	",-,-,
,2022-05-01T00:00:00Z,,,"KG, YW",Picnic Grounds,PICG9,TRES,,"NA	",,,added loggers
,2022-05-05T00:00:00Z,2:30,2:45,KG VW MZ,Picnic Grounds,PICG9,TRES,2 near,"4/1	",6W,-,loggers on this guy
,2022-05-13T00:00:00Z,,,KL,Picnic Grounds,PICG9,TRES,1 in 1 near,"4/10	",3W,3,"Didn't measure because too small, but it's hatch day"
,2022-05-21T00:00:00Z,,,"KL, KG",Picnic Grounds,PICG9,TRES,2 in,"4/15	",-,6,
,2022-05-26T00:00:00Z,,,KG PGG,Picnic Grounds,PICG9,TRES,2 near,"4/6	",-,5,-
,2022-05-31T00:00:00Z,,,KG PGG VW,Picnic Grounds,PICG9,skipped,skipped,"skipped	",skipped,no activity,skipped
,2022-06-07T00:00:00Z,,,KL,Picnic Grounds,PICG9,TRES,-,"4/20	",-,-,Cleaned out nest
,2022-06-14T00:00:00Z,,,VW,Picnic Grounds,PICG9,TRES,1 ON,"1/2	",-,-,
,2022-06-21T00:00:00Z,,,"YW, VW, KL, WY",Picnic Grounds,PICG9,-,-,"-	",-,-,-
,2022-06-28T00:00:00Z,,,VW,Picnic Grounds,PICG9,-,-,"-	",-,-,empty
,2022-07-06T00:00:00Z,2:00,3:00,CP,Picnic Grounds,PICG9,TRES,0,"0	",0,0,"Previously cleaned out, some feathers still inside"
,2022-07-13T00:00:00Z,,,KL,Picnic Grounds,PICG9,-,-,"-	",-,-,
,2022-07-21T00:00:00Z,,,Kl,Picnic Grounds,PICG9,0,0,"0	",0,0,Empty box
,2022-07-27T00:00:00Z,,,KG VW,Picnic Grounds,PICG9,-,-,"-	",-,-,empty
,2023-04-01T00:00:00Z,4:45,5:30,KL,Picnic Grounds,PICG9,TRES,1 on 1 near,"0/2	",-,-,
,2023-04-04T00:00:00Z,1:15,1:45,KL,Picnic Grounds,PICG9,TRES,3 near,"1/1	",-,-,
,2023-04-11T00:00:00Z,,,KL,Picnic Grounds,PICG9,TRES,1 on 1 near,"2/5	",-,-,
,2023-04-18T00:00:00Z,,,KL,Picnic Grounds,PICG9,TRES,1 in,"4/10	",-,-,
,2023-04-25T00:00:00Z,,,KL,Picnic Grounds,PICG9,TRES,1 in,"4/15	",-,-,
,2023-05-02T00:00:00Z,,,KL,Picnic Grounds,PICG9,TRES,1 near,"4/20	",5W,-,
,2023-05-11T00:00:00Z,,,KL,Picnic Grounds,PICG9,TRES,1 in 1 near,"4/35	",5W,-,
,2021-04-15T00:00:00Z,6:15,7:00,"KL, KG",Picnic Grounds,PICO1,-,-,"-	",-,-,-
,2021-04-22T00:00:00Z,1:15,2:00,"KL, KG",Picnic Grounds,PICO1,-,-,"-	",-,-,-
,2021-04-29T00:00:00Z,1:50,2:30,KL KG,Picnic Grounds,PICO1,-,-,"-	",-,-,Empty- HOBOs in it
,2021-05-07T00:00:00Z,5:30,6:00,"KL, KG",Picnic Grounds,PICO1,WEBL,-,"2	",-,-,
,2021-05-14T00:00:00Z,23:30,1:00,"KL, KG",Picnic Grounds,PICO1,TRES,1 in,"4/1	",3A,-,
,2021-05-21T00:00:00Z,0:19,1:20,KL KG,Picnic Grounds,PICO1,TRES,1 in,"4/9	",4W,-,-
,2021-05-21T00:00:00Z,0:19,1:20,KL KG,Picnic Grounds,PICO1,TRES,1 in,"4/9	",4W,-,-
,2021-05-28T00:00:00Z,0:00,0:30,KL KG,Picnic Grounds,PICO1,TRES,1 in,"4/12	",3A,1,very tiny baby
,2021-06-04T00:00:00Z,0:00,1:00,KL KG,Picnic Grounds,PICO1,TRES,1in,"4/4	",-,4,"WC: 14, 11, 21, 18; measure 1"
,2021-06-11T00:00:00Z,0:25,1:30,KL KG POK,Picnic Grounds,PICO1,TRES,1 in 1 near,"4/3	",-,3,1 dead nestling (yellow)- 3 others banded
,2021-06-18T00:00:00Z,22:30,23:30,"KL, KG",Picnic Grounds,PICO1,TRES,2 near,"Skipped	",Skipped,Skipped,Skip 1
,2021-06-25T00:00:00Z,3:00,3:15,"KL, KG",Picnic Grounds,PICO1,Skipped,Skipped,"Skipped	",Skipped,Skipped,"Nothing audible; loggers, skip 2"
,2021-07-02T00:00:00Z,1:45,2:30,"KL, KG",Picnic Grounds,PICO1,TRES,-,"4/5	",-,-,1 well developed dead nestling in box band 2631-20707
,2022-03-15T00:00:00Z,1:08,1:30,"KL, CP, IS",Picnic Grounds,PICO1,WEBL,1 female UB near,"2	",0,0,
,2022-03-29T00:00:00Z,23:20,0:00,KL,Picnic Grounds,PICO1,WEBL,"2 near M, F UB","4	",5W,-,Loggers added
,2022-04-05T00:00:00Z,1:44,2:10,VW,Picnic Grounds,PICO1,WEBL,1 in,"4	",5W,-,
,2022-04-12T00:00:00Z,23:15,2:30,"KL, VW",Picnic Grounds,PICO1,WEBL,1 near 1 in,"4	",0,5,"WC: 11,12,12,11,11"
,2022-04-22T00:00:00Z,3:00,4:30,KL,Picnic Grounds,PICO1,WEBL,2 near,"4	",-,5,"Close to banding age, loggers"
,2022-04-27T00:00:00Z,3:00,4:30,KL,Picnic Grounds,PICO1,WEBL,2 near,"Skipped	",Skipped,Skipped,nestlings audible inside
,2022-05-04T00:00:00Z,,,SM KL PGG,Picnic Grounds,PICO1,WEBL,-,"Skipped	",Skipped,Skipped,
,2022-05-12T00:00:00Z,,,"YW, VW, SM",Picnic Grounds,PICO1,WEBL,-,"4	",-,-,babies hatch
,2022-05-18T00:00:00Z,,,"KL, KG, CP",Picnic Grounds,PICO1,WEBL,2 near,"4	",-,-,
,2022-05-24T00:00:00Z,,,VW,Picnic Grounds,PICO1,WEBL,1 near,"4	",5W,-,second round!
,2022-05-31T00:00:00Z,,,VW PGG KG,Picnic Grounds,PICO1,WEBL,2 near,"4	",5A,-,
,2022-06-07T00:00:00Z,23:30,0:30,CP,Picnic Grounds,PICO1,WEBL,1 WEBL male near,"4	",0,5,Second brood
,2022-06-14T00:00:00Z,,,VW,Picnic Grounds,PICO1,WEBL,1 NEAR,"4	",-,5,
,2022-06-21T00:00:00Z,,,"YW, VW",Picnic Grounds,PICO1,WEBL,-,"4	",-,1,"at least one fledged size baby, closed immediately  so didn’t measure"
,2022-06-30T00:00:00Z,,,VW YW,Picnic Grounds,PICO1,WEBL,-,"4	",-,-,OLD
,2022-07-06T00:00:00Z,23:25,1:00,SM,Picnic Grounds,PICO1,WEBL,1 nearby,"3	",-,-,Old nest
,2022-07-12T00:00:00Z,,,KL,Picnic Grounds,PICO1,WEBL,-,"4	",-,-,
,2022-07-21T00:00:00Z,,,KG,Picnic Grounds,PICO1,-,-,"4	",-,-,old nest
,2022-07-27T00:00:00Z,1:15,2:00,SM,Picnic Grounds,PICO1,WEBL,0,"0	",0,0,
,2023-04-01T00:00:00Z,3:48,4:15,KL,Picnic Grounds,PICO1,WEBL,-,"4	",-,-,
,2023-04-04T00:00:00Z,0:19,0:40,"KL,RK,YZ",Picnic Grounds,PICO1,WEBL,1 near,"4	",1C,-,
,2023-04-11T00:00:00Z,0:30,0:50,YZ,Picnic Grounds,PICO1,WEBL,1 nearby,"4	",5A,0,
,2023-04-18T00:00:00Z,0:14,0:50,"RK, YZ",Picnic Grounds,PICO1,WEBL,2 nearby,"4	",5W,-,
,2023-05-02T00:00:00Z,0:15,1:17,"KL, YZ",Picnic Grounds,PICO1,WEBL,2 nearby,"4	",0,3,
,2023-05-09T00:00:00Z,23:31,23:50,YZ,Picnic Grounds,PICO1,WEBL,1 nearby,"NA	",NA,NA,
,2023-05-16T00:00:00Z,1:15,1:30,YZ,Picnic Grounds,PICO1,WEBL,0,"-	",-,-,
,2023-06-01T00:00:00Z,,,KL,Picnic Grounds,PICO1,WEBL,1 near,"4	",6W,-,Dead baby with red nails and dead male found in box
,2023-06-06T00:00:00Z,1:00,1:30,"KL, RK, YZ",Picnic Grounds,PICO1,WEBL,1 inside,"4	",0,5,
,2023-06-16T00:00:00Z,,,KL,Picnic Grounds,PICO1,WEBL,1 near,"4	",-,4,
,2023-06-29T00:00:00Z,,,KL,Picnic Grounds,PICO1,WEBL,-,"4	",-,-,
,2021-04-15T00:00:00Z,6:44,8:00,KL KG,Picnic Grounds,PICO10,-,-,"-	",-,-,one wasp :0
,2021-04-22T00:00:00Z,1:15,2:00,KL KG,Picnic Grounds,PICO10,-,-,"-	",-,-,empty
,2021-04-29T00:00:00Z,1:50,2:30,KL KG,Picnic Grounds,PICO10,-,-,"-	",-,-,Empty
,2021-05-07T00:00:00Z,5:35,6:15,KL KG,Picnic Grounds,PICO10,-,-,"-	",-,-,Empty
,2021-05-14T00:00:00Z,23:35,0:10,KL KG DK,Picnic Grounds,PICO10,WEBL?,-,"0.25	",-,-,Plastic material in nest
,2021-05-21T00:00:00Z,0:30,1:30,"KL, KG",Picnic Grounds,PICO10,WEBL?,-,"4	",-,-,
,2021-05-28T00:00:00Z,0:00,0:30,KL KG,Picnic Grounds,PICO10,WEBL,1 in,"4	",4W,-,-
,2021-06-04T00:00:00Z,2:15,2:25,KL KG,Picnic Grounds,PICO10,WEBL,1 in,"4	",5W,-,loggers added!
,2021-06-11T00:00:00Z,0:25,2:00,KL KG POK,Picnic Grounds,PICO10,WEBL,-,"4	",-,5,"WC: 9,9,8,9- camera added"
,2021-06-18T00:00:00Z,22:30,23:30,KL KG,Picnic Grounds,PICO10,WEBL,2 near,"4	",-,5,"WC: 30,30,30,31,27"
,2021-06-23T00:00:00Z,2:55,3:25,KL KG,Picnic Grounds,PICO10,WEBL,-,"4	",-,5,banded today! big babies!
,2021-06-25T00:00:00Z,3:00,3:30,KL KG,Picnic Grounds,PICO10,skipped,skipped,"skipped	",skipped,skipped,skipped
,2021-07-09T00:00:00Z,1:00,1:40,KL KG,Picnic Grounds,PICO10,WEBL,-,"4	",-,-,loggers and cam collected- seeds in the nest! no dead babies
,2022-03-15T00:00:00Z,1:08,1:30,"KL, CP, IS",Picnic Grounds,PICO10,-,-,"-	",-,-,
,2022-03-23T00:00:00Z,0:55,1:15,"KL, IS",Picnic Grounds,PICO10,WEBL,-,"1	",-,-,
,2022-03-29T00:00:00Z,23:20,0:00,KG,Picnic Grounds,PICO10,WEBL?,0,"2	",0,0,
,2022-04-05T00:00:00Z,1:40,2:15,VW,Picnic Grounds,PICO10,WEBL,-,"3	",-,-,
,2022-04-12T00:00:00Z,3:02,3:15,VW,Picnic Grounds,PICO10,TRES？,-,"2	",-,-,
,2022-04-22T00:00:00Z,3:00,5:00,Austin,Picnic Grounds,PICO10,WEBL,0,"3	",0,0,
,2022-04-27T00:00:00Z,5:00,7:00,KL,Picnic Grounds,PICO10,WEBL,-,"3	",-,-,
,2022-05-05T00:00:00Z,,,"KL, SM, PGG",Picnic Grounds,PICO10,WEBL,-,"3	",-,-,
,2022-05-12T00:00:00Z,,,"YW, VW, SM, KL",Picnic Grounds,PICO10,WEBL?,-,"3	",-,-,-
,2022-05-18T00:00:00Z,,,KG,Picnic Grounds,PICO10,WEBL,0,"3	",0,0,
,2022-05-24T00:00:00Z,,,VW,Picnic Grounds,PICO10,-,-,"2	",-,-,
,2022-05-31T00:00:00Z,,,KG PGG VW,Picnic Grounds,PICO10,WEBL?,-,"2.5	",-,-,-
,2022-06-07T00:00:00Z,,,KL,Picnic Grounds,PICO10,WEBL,-,"4	",5W,-,
,2022-06-14T00:00:00Z,,,KL,Picnic Grounds,PICO10,WEBL,1 in,"4	",5W,-,
,2022-06-21T00:00:00Z,,,VW KL WY YW,Picnic Grounds,PICO10,WEBL,1 IN,"4	",-,5,
,2022-06-30T00:00:00Z,,,VW YW KL,Picnic Grounds,PICO10,WEBL,-,"4	",-,5,
,2022-06-30T00:00:00Z,,,KL,Picnic Grounds,PICO10,WEBL,-,"4	",-,5,
,2022-07-06T00:00:00Z,,,SM,Picnic Grounds,PICO10,WEBL,skipped,"skipped	",skipped,skipped,Heard nestlings inside. Skipped
,2022-07-12T00:00:00Z,,,VW,Picnic Grounds,PICO10,-,-,"4	",-,-,
,2022-07-21T00:00:00Z,,,KG,Picnic Grounds,PICO10,WEBL,-,"3?	",-,-,-
,2022-07-27T00:00:00Z,,,SM,Picnic Grounds,PICO10,WEBL,0,"4	",0,0,Removed nest
,2023-04-11T00:00:00Z,0:45,0:50,RK,Picnic Grounds,PICO11,-,-,"0	",-,-,New box
,2023-04-18T00:00:00Z,,,KL,Picnic Grounds,PICO11,-,-,"-	",-,-,
,2023-04-25T00:00:00Z,23:47,0:00,RK,Picnic Grounds,PICO11,-,-,"0	",-,-,
,2023-05-02T00:00:00Z,0:28,1:00,RK,Picnic Grounds,PICO11,-,-,"2	",0,0,
,2023-05-09T00:00:00Z,23:36,0:00,RK,Picnic Grounds,PICO11,-,0,"2	",0,0,
,2023-05-16T00:00:00Z,1:08,1:20,YZ,Picnic Grounds,PICO11,-,0,"1	",0,0,
,2023-06-01T00:00:00Z,3:45,3:59,RK,Picnic Grounds,PICO11,WEBL,0,"4	",3C,0,
,2023-06-16T00:00:00Z,0:46,0:50,YZ,Picnic Grounds,PICO11,WEBL,0,"4	",5W,0,
,2023-06-20T00:00:00Z,,,KL,Picnic Grounds,PICO11,WEBL,1 in,"4	",-,5,
,2023-06-29T00:00:00Z,2:45,3:00,"RK, KL, YZ",Picnic Grounds,PICO11,WEBL,1 near,"4	",0,5,
,2023-07-18T00:00:00Z,,,"KL, YZ",Picnic Grounds,PICO11,-,-,"-	",-,-,
,2023-04-11T00:00:00Z,0:30,1:00,"KL, RK",Picnic Grounds,PICO12,-,-,"-	",-,-,"New box location, replacement for pico9"
,2023-04-18T00:00:00Z,,,KL,Picnic Grounds,PICO12,WEBL,-,"3	",-,-,
,2023-04-25T00:00:00Z,23:40,0:00,RK,Picnic Grounds,PICO12,WEBL,1 nearby,"4	",0,-,
,2023-05-02T00:00:00Z,0:30,1:00,RK,Picnic Grounds,PICO12,WEBL,1 nearby,"4	",3C,0,
,2023-05-09T00:00:00Z,23:38,0:00,RK,Picnic Grounds,PICO12,-,0,"4	",0,0,
,2023-05-16T00:00:00Z,1:10,1:20,YZ,Picnic Grounds,PICO12,WEBL,0,"4	",0,0,
,2023-06-01T00:00:00Z,3:51,3:59,RK,Picnic Grounds,PICO12,WEBL,1 near,"4	",0,0,
,2023-04-11T00:00:00Z,0:30,1:00,"KL,RK",Picnic Grounds,PICO13,-,-,"-	",-,-,
,2023-04-18T00:00:00Z,,,KL,Picnic Grounds,PICO13,-,-,"-	",-,-,
,2023-04-25T00:00:00Z,23:40,0:00,RK,Picnic Grounds,PICO13,-,-,"0	",-,-,
,2023-05-02T00:00:00Z,0:32,1:00,Rk,Picnic Grounds,PICO13,WEBL,0,"4	",0,0,
,2023-05-09T00:00:00Z,23:40,0:00,RK,Picnic Grounds,PICO13,-,0,"4	",0,0,
,2023-05-16T00:00:00Z,1:12,1:20,YZ,Picnic Grounds,PICO13,WEBL,1 nearby,"4	",0,0,
,2023-06-01T00:00:00Z,3:49,3:59,RK,Picnic Grounds,PICO13,WEBL,0,"4	",0,0,
,2023-06-29T00:00:00Z,,,KL,Picnic Grounds,PICO13,WEBL,-,"4	",4W,-,
,2023-07-04T00:00:00Z,2:50,2:58,"KL, RK",Picnic Grounds,PICO13,WEBL,0,"4	",4W,0,
,2023-07-13T00:00:00Z,,,KL,Picnic Grounds,PICO13,WEBL,2 in,"4	",-,4,
,2023-07-18T00:00:00Z,2:17,2:20,"KL, YZ",Picnic Grounds,PICO13,WEBL,0,"4	",0,4,Too small to bleed; come back for bleed & measure Thursday
,2023-07-26T00:00:00Z,,,KL,Picnic Grounds,PICO13,WEBL,-,"4	",-,-,2 dead nestlings :/
,2021-04-15T00:00:00Z,6:15,7:00,"KL, KG",Picnic Grounds,PICO2,TRES?,-,".25/0	",-,-,-
,2021-04-22T00:00:00Z,1:15,2:00,KL KG,Picnic Grounds,PICO2,-,-,"-	",-,-,just a few twigs
,2021-04-29T00:00:00Z,1:50,2:30,KL KG,Picnic Grounds,PICO2,-,-,"-	",-,-,Empty
,2021-05-07T00:00:00Z,5:30,6:00,"KL, KG",Picnic Grounds,PICO2,-,-,"-	",-,-,
,2021-05-14T00:00:00Z,23:30,1:00,"KL, KG, DK",Picnic Grounds,PICO2,-,-,"-	",-,-,
,2021-05-21T00:00:00Z,0:19,1:20,KL KG,Picnic Grounds,PICO2,-,-,"-	",-,-,empty
,2021-05-21T00:00:00Z,0:19,1:20,KL KG,Picnic Grounds,PICO2,-,-,"-	",-,-,empty
,2021-05-28T00:00:00Z,0:00,0:30,"KL, KG",Picnic Grounds,PICO2,-,-,"-	",-,-,
,2021-06-04T00:00:00Z,0:00,0:30,"KL, KG",Picnic Grounds,PICO2,WEBL?,1 near,"1	",-,-,
,2021-06-11T00:00:00Z,0:30,1:15,"KL, KG",Picnic Grounds,PICO2,WEBL,1 near,"4	",3W,-,Male nearby; placed loggers
,2021-06-18T00:00:00Z,22:30,23:30,"KL, KG",Picnic Grounds,PICO2,WEBL,1 in,"4	",4W,-,Loggers
,2021-06-25T00:00:00Z,3:00,3:15,"KL, KG",Picnic Grounds,PICO2,WEBL,-,"4	",4W,-,
,2021-07-02T00:00:00Z,1:45,2:30,KL KG,Picnic Grounds,PICO2,WEBL,1 near,"4	",4W,-,dead eggs?
,2021-07-16T00:00:00Z,3:15,3:30,KG,Picnic Grounds,PICO2,WEBL,2 near,"4	",4C,-,loggers removed- female looks very young ! fledgling spots on her chest
,2022-03-15T00:00:00Z,1:08,1:30,"KL, IS, CP",Picnic Grounds,PICO2,WEBL,1 male,"2	",0,0,
,2022-03-23T00:00:00Z,0:55,1:15,KG RS,Picnic Grounds,PICO2,WEBL,-,"2	",-,-,-
,2022-03-29T00:00:00Z,23:20,0:00,KL,Picnic Grounds,PICO2,WEBL,-,"2	",-,-,
,2022-04-05T00:00:00Z,1:40,2:10,VW,Picnic Grounds,PICO2,-,-,"2	",-,-,
,2022-04-12T00:00:00Z,0:00,0:10,KL VW,Picnic Grounds,PICO2,TRES,-,"3/2	",-,-,over WEBL nest
,2022-04-22T00:00:00Z,3:00,16:30,CP,Picnic Grounds,PICO2,WEBL,1 female near,"3	",-,-,
,2022-04-27T00:00:00Z,5:00,7:00,KL,Picnic Grounds,PICO2,WEBL,-,"3	",-,-,
,2022-05-04T00:00:00Z,,,SM KL PGG,Picnic Grounds,PICO2,TRES?,-,"4/1	",-,-,
,2022-05-12T00:00:00Z,,,VW SM YW,Picnic Grounds,PICO2,TRES?,-,"3	",-,-,-
,2022-05-18T00:00:00Z,,,KG,Picnic Grounds,PICO2,WEBL,0,"4	",0,0,
,2022-05-24T00:00:00Z,,,VW,Picnic Grounds,PICO2,TRES,-,"2	",-,-,
,2022-05-31T00:00:00Z,,,VW PGG KG,Picnic Grounds,PICO2,TRES,-,"2/2	",-,-,
,2022-06-07T00:00:00Z,,,CP,Picnic Grounds,PICO2,TRES,0,"4/1	",0,0,
,2022-06-14T00:00:00Z,,,VW,Picnic Grounds,PICO2,WEBL,1 IN,"4	",2A,-,
,2022-06-21T00:00:00Z,,,VW YW,Picnic Grounds,PICO2,WEBL,1 IN,"4	",5W,-,
,2022-06-30T00:00:00Z,,,VW YW,Picnic Grounds,PICO2,WEBL,-,"4	",1C,-,
,2022-07-06T00:00:00Z,,,SM,Picnic Grounds,PICO2,WEBL,-,"4	",1:00 AM,-,
,2022-07-12T00:00:00Z,,,KL,Picnic Grounds,PICO2,WEBL,-,"4	",1C,-,Old egg
,2022-07-21T00:00:00Z,,,KG,Picnic Grounds,PICO2,-,-,"4	",-,-,old nest
,2022-07-27T00:00:00Z,,,SM,Picnic Grounds,PICO2,WEBL,1 WEBL male near,"4	",1C,0,"Egg light in color and weight, looks old"
,2023-04-01T00:00:00Z,3:48,4:15,KL,Picnic Grounds,PICO2,WEBL,-,"3	",-,-,
,2023-04-04T00:00:00Z,0:30,0:40,"kL, RK, YZ",Picnic Grounds,PICO2,WEBL,0,"3	",0,0,2 nearby TRES
,2023-04-11T00:00:00Z,0:30,0:50,YZ,Picnic Grounds,PICO2,TRES,2 nearby,"3/15	",0,0,
,2023-04-18T00:00:00Z,0:19,0:50,"RK, YZ",Picnic Grounds,PICO2,TRES,2 nearby,"3/1	",0,0,
,2023-04-25T00:00:00Z,23:34,23:40,YZ,Picnic Grounds,PICO2,TRES,2 nearby,"4/15	",0,0,
,2023-05-02T00:00:00Z,0:35,1:00,RK,Picnic Grounds,PICO2,TRES,1 nearby,"4/4	",3A,0,
,2023-05-09T00:00:00Z,23:29,23:50,YZ,Picnic Grounds,PICO2,TRES,1 inside,"4/10	",5W,0,
,2023-05-16T00:00:00Z,1:17,1:30,YZ,Picnic Grounds,PICO2,TRES,1 inside,"4/15	",5W,0,
,2023-06-01T00:00:00Z,,,KL,Picnic Grounds,PICO2,Skipped,-,"Skipped	",Skipped,Skipped,
,2023-06-29T00:00:00Z,2:00,2:10,"KL, YZ",Picnic Grounds,PICO2,WEBL,1 nearby,"4	",4W,0,
,2023-07-13T00:00:00Z,,,KL,Picnic Grounds,PICO2,WEBL,1 in,"4	",4W,-,
,2021-04-15T00:00:00Z,6:25,8:00,KL KG,Picnic Grounds,PICO3,-,-,"-	",-,-,One wasp!
,2021-04-22T00:00:00Z,1:15,2:00,KL KG,Picnic Grounds,PICO3,-,-,"-	",-,-,one wasp- murdered
,2021-04-29T00:00:00Z,1:50,2:30,KL KG,Picnic Grounds,PICO3,-,-,"-	",-,-,Empty
,2021-05-07T00:00:00Z,5:30,6:00,"KL, KG",Picnic Grounds,PICO3,-,-,"-	",-,-,
,2021-05-14T00:00:00Z,23:30,1:00,"KL, KG, DK",Picnic Grounds,PICO3,-,-,"-	",-,-,
,2021-05-21T00:00:00Z,0:19,1:20,KL KG,Picnic Grounds,PICO3,-,-,"-	",-,-,empty
,2021-05-28T00:00:00Z,0:00,0:30,"KL, KG",Picnic Grounds,PICO3,-,-,"-	",-,-,
,2021-06-04T00:00:00Z,0:00,0:30,"KL, KG",Picnic Grounds,PICO3,-,-,"-	",-,-,
,2021-06-11T00:00:00Z,0:30,1:15,"KL, KG",Picnic Grounds,PICO3,-,-,"-	",-,-,
,2021-06-18T00:00:00Z,22:30,23:30,"KL, KG",Picnic Grounds,PICO3,-,-,"-	",-,-,
,2021-06-25T00:00:00Z,3:00,3:15,"KL, KG",Picnic Grounds,PICO3,-,-,"-	",-,-,
,2022-03-15T00:00:00Z,1:08,1:30,"KL, IS, CP",Picnic Grounds,PICO3,WEBL,0,"3	",0,0,
,2022-03-29T00:00:00Z,23:20,0:00,KG,Picnic Grounds,PICO3,WEBL,1 female flew out of box,"4	","3 warm eggs, 1 cracked egg",0,Loggers installed
,2022-04-05T00:00:00Z,1:40,2:00,VW,Picnic Grounds,PICO3,WEBL,Female in,"4	",4W,-,
,2022-04-12T00:00:00Z,2:55,3:00,KL VW,Picnic Grounds,PICO3,WEBL,2 in,"4	",1W,3,"WC: 16, 16, 14"
,2022-04-22T00:00:00Z,3:00,4:30,KL,Picnic Grounds,PICO3,WEBL,-,"4	",-,-,Loggers removed; nestlings gone
,2022-04-27T00:00:00Z,5:00,7:00,KL,Picnic Grounds,PICO3,WEBL,-,"4	",5C,-,
,2022-05-05T00:00:00Z,,,"KL, SM, PGG",Picnic Grounds,PICO3,WEBL,-,"4	",6W,-,
,2022-05-12T00:00:00Z,,,"YW, VW, SM",Picnic Grounds,PICO3,WEBL,-,"4	",6W,-,-
,2022-05-18T00:00:00Z,,,KL,Picnic Grounds,PICO3,WEBL,-,"4	",-,6,
,2022-05-31T00:00:00Z,,,KG PGG VW,Picnic Grounds,PICO3,WEBL,1 near,"skipped	",skipped,skipped,-
,2022-06-07T00:00:00Z,,,CP,Picnic Grounds,PICO3,WEBL,0,"4	",0,0,
,2022-06-14T00:00:00Z,,,VW,Picnic Grounds,PICO3,WEBL,-,"4	",-,-,old nest
,2022-06-21T00:00:00Z,,,VW YW,Picnic Grounds,PICO3,WEBL,-,"4	",-,-,fledged. Removed old nest because its too dirty
,2022-06-30T00:00:00Z,,,VW YW,Picnic Grounds,PICO3,-,-,"-	",-,-,empty
,2022-07-06T00:00:00Z,,,SM,Picnic Grounds,PICO3,-,-,"-	",-,-,
,2022-07-12T00:00:00Z,,,KL,Picnic Grounds,PICO3,-,-,"-	",-,-,
,2022-07-21T00:00:00Z,,,KG,Picnic Grounds,PICO3,-,-,"-	",-,-,empty
,2022-07-27T00:00:00Z,,,SM,Picnic Grounds,PICO3,-,0,"0	",0,0,
,2023-04-01T00:00:00Z,3:48,4:15,KL,Picnic Grounds,PICO3,-,-,"-	",-,-,
,2023-04-04T00:00:00Z,0:32,0:40,"KL, YZ, RK",Picnic Grounds,PICO3,TRES,2 TRES nearby,"-	",-,-,
,2023-04-11T00:00:00Z,0:40,0:50,YZ,Picnic Grounds,PICO3,TRES,0,"1/2	",0,0,
,2023-04-18T00:00:00Z,0:25,0:50,"RK, YZ",Picnic Grounds,PICO3,TRES,1 nearby,"4/10	",-,-,
,2023-04-25T00:00:00Z,23:37,23:40,YZ,Picnic Grounds,PICO3,TRES,2 nearby,"4/20	",0,0,
,2023-04-25T00:00:00Z,,,KL,Picnic Grounds,PICO3,WEBL,1 in,"4	",3/W,-,
,2023-05-02T00:00:00Z,0:38,1:00,RK,Picnic Grounds,PICO3,TRES,1 inside,"4/12	",5W,0,
,2023-05-09T00:00:00Z,,,KL,Picnic Grounds,PICO3,TRES,1 in,"4/20	",6W,-,
,2023-05-18T00:00:00Z,0:30,1:00,"RK, KL",Picnic Grounds,PICO3,TRES,1 female,"4/25	",2,4,Hatch day!
,2023-05-25T00:00:00Z,3:00,3:30,"RK, YZ, KL",Picnic Grounds,PICO3,TRES,1 near,"4/20	",0,4,
,2023-05-30T00:00:00Z,23:30,0:00,"RK, YZ, KL",Picnic Grounds,PICO3,TRES,1 near,"4/35	",0,4,
,2023-06-16T00:00:00Z,,,KL,Picnic Grounds,PICO3,TRES,-,"4/5	",-,-,
,2023-08-02T00:00:00Z,3:30,3:35,"KL, RK, YZ",Picnic Grounds,PICO3,WEBL,0,"4	",0,4,
,2021-04-15T00:00:00Z,6:15,7:00,"KL, KG",Picnic Grounds,PICO4,-,-,"-	",-,-,-
,2021-04-22T00:00:00Z,1:15,2:00,KL KG,Picnic Grounds,PICO4,-,-,"-	",-,-,empty
,2021-04-29T00:00:00Z,1:50,2:30,KL KG,Picnic Grounds,PICO4,-,-,"-	",-,-,Empty
,2021-05-07T00:00:00Z,5:30,6:00,"KL, KG",Picnic Grounds,PICO4,-,-,"-	",-,-,
,2021-05-14T00:00:00Z,23:30,1:00,"KL, KG, DK",Picnic Grounds,PICO4,-,-,"-	",-,-,
,2021-05-21T00:00:00Z,0:19,1:20,KL KG,Picnic Grounds,PICO4,-,-,"-	",-,-,empty
,2021-05-28T00:00:00Z,0:00,0:30,"KL, KG",Picnic Grounds,PICO4,-,-,"-	",-,-,
,2021-06-04T00:00:00Z,0:00,0:30,"KL, KG",Picnic Grounds,PICO4,-,-,"-	",-,-,
,2021-06-11T00:00:00Z,0:30,1:15,"KL, KG",Picnic Grounds,PICO4,-,-,"-	",-,-,
,2021-06-18T00:00:00Z,22:30,23:30,"KL, KG",Picnic Grounds,PICO4,-,-,"-	",-,-,
,2021-06-25T00:00:00Z,3:00,3:15,"KL, KG",Picnic Grounds,PICO4,-,-,"-	",-,-,
,2022-03-15T00:00:00Z,1:08,1:30,"KL, IS, CP",Picnic Grounds,PICO4,WEBL,1 female near,"3, 5 feathers	",0,0,
,2022-03-29T00:00:00Z,23:20,0:00,KG,Picnic Grounds,PICO4,WEBL,2 UB,"4	",5W,-,loggers added !
,2022-04-05T00:00:00Z,1:45,2:15,"SM, VW, KL",Picnic Grounds,PICO4,WEBL,1 in,"4	",5W,-,F wouldnt leave box
,2022-04-12T00:00:00Z,23:15,2:30,"KL, VW",Picnic Grounds,PICO4,WEBL,1 in 1 near,"4	",1A,4,"Babies cold, will measure Thurs? Mother bled B001"
,2022-04-16T00:00:00Z,16:15,16:45,"KL, KG, YW",Picnic Grounds,PICO4,WEBL,2 near,"4	",1W,3,"WC: 14,12,15"
,2022-04-27T00:00:00Z,5:00,7:00,KL,Picnic Grounds,PICO4,WEBL,2 near,"4	",1C,3,"Banded, bled"
,2022-05-05T00:00:00Z,,,"KL, SM, PGG",Picnic Grounds,PICO4,WEBL,-,"4	",1A,-,
,2022-05-12T00:00:00Z,,,"YW, KL, VW, VW",Picnic Grounds,PICO4,WEBL,1near,"-	",-,-,-
,2022-05-18T00:00:00Z,,,KG,Picnic Grounds,PICO4,WEBL,1 WEBL male and 1 WEBL female near,"4	",6W,-,
,2022-05-23T00:00:00Z,,,KL,Picnic Grounds,PICO4,WEBL,2 near,"4	",6W,-,
,2022-05-31T00:00:00Z,,,KG PGG VW,Picnic Grounds,PICO4,WEBL,1 female near,"4	",2W,3,hatch day- skipped m1 still needs to occur
,2022-06-02T00:00:00Z,1:30,2:30,KL,Picnic Grounds,PICO4,WEBL,"1 WEBL female in, 1 WEBL male in","4	",0,6,
,2022-06-09T00:00:00Z,,,SM CP KL,Picnic Grounds,PICO4,WEBL,-,"4	",-,6,
,2022-06-14T00:00:00Z,,,VW,Picnic Grounds,PICO4,WEBL,-,"-	",-,-,1 fully fledged baby near box!
,2022-06-21T00:00:00Z,,,VW YW,Picnic Grounds,PICO4,-,-,"-	",-,-,Nothing heard
,2022-06-30T00:00:00Z,,,VW YW,Picnic Grounds,PICO4,-,-,"4	",-,-,
,2022-07-06T00:00:00Z,,,SM,Picnic Grounds,PICO4,TRES?,-,"3/1	",-,-,
,2022-07-12T00:00:00Z,,,KL,Picnic Grounds,PICO4,WEBL,-,"4	",-,-,
,2022-07-21T00:00:00Z,,,KG,Picnic Grounds,PICO4,-,-,"4	",-,-,old nest
,2022-07-27T00:00:00Z,,,SM,Picnic Grounds,PICO4,WEBL,-,"4	",0,0,Removed old nest
,2023-04-01T00:00:00Z,3:48,4:15,KL,Picnic Grounds,PICO4,-,-,"-	",-,-,
,2023-04-04T00:00:00Z,0:30,0:40,"KL, RK, YZ",Picnic Grounds,PICO4,-,0,"0	",0,0,
,2023-04-11T00:00:00Z,0:40,0:50,YZ,Picnic Grounds,PICO4,WEBL,2 nearby,"0	",0,0,
,2023-04-18T00:00:00Z,0:29,0:50,"RK, YZ",Picnic Grounds,PICO4,WEBL,1 on top,"3	",0,0,
,2023-04-25T00:00:00Z,23:39,23:40,YZ,Picnic Grounds,PICO4,TRES,0,"4/3	",0,0,
,2023-04-25T00:00:00Z,0:19,0:45,RK,Picnic Grounds,PICO4,WEBL,1 nearby,"3	",-,-,
,2023-05-02T00:00:00Z,0:45,1:00,RK,Picnic Grounds,PICO4,WEBL,3 nearby,"4	",4C,0,
,2023-05-09T00:00:00Z,23:36,23:50,YZ,Picnic Grounds,PICO4,WEBL,1 inside,"4	",4W,0,
,2023-05-16T00:00:00Z,1:19,1:30,YZ,Picnic Grounds,PICO4,WEBL,1 inside,"4	",4W,0,
,2023-05-23T00:00:00Z,2:15,2:45,"KL, RK, YZ",Picnic Grounds,PICO4,WEBL,1 inside,"4	",2W,2,
,2023-06-16T00:00:00Z,,,KL,Picnic Grounds,PICO4,TRES,-,"4/5	",-,-,
,2021-04-15T00:00:00Z,6:32,8:00,KL KG,Picnic Grounds,PICO5,WEBL,-,"3	",-,-,-
,2021-04-22T00:00:00Z,1:15,2:00,"KL, KG",Picnic Grounds,PICO5,WEBL,WEBL,"4	",3A,-,-
,2021-04-29T00:00:00Z,2:00,2:30,"KL, KG",Picnic Grounds,PICO5,WEBL,2 unbanded,"4	",5W,-,Placed loggers
,2021-05-07T00:00:00Z,5:30,6:00,"KL, KG",Picnic Grounds,PICO5,WEBL,1 in,"4	",5W,-,
,2021-05-14T00:00:00Z,23:30,1:00,"KL, KG, DK",Picnic Grounds,PICO5,WEBL,1 in 1 on,"4	",-,4,"Both UB, WC: 9, 15, 13, 12"
,2021-05-21T00:00:00Z,0:30,2:00,"KL, KG",Picnic Grounds,PICO5,WEBL,2 near,"4	",-,4,banded
,2021-05-28T00:00:00Z,0:00,0:30,"KL, KG",Picnic Grounds,PICO5,WEBL,2 near,"Skipped	",Skipped,Skipped,Skip 1
,2021-06-04T00:00:00Z,0:00,0:30,"KL, KG",Picnic Grounds,PICO5,WEBL,1 near,"Skipped	",Skipped,Skipped,
,2021-06-11T00:00:00Z,0:30,1:15,"KL, KG",Picnic Grounds,PICO5,WEBL,1 near,"4	",1A,-,Left loggers up but downloaded data; removed cam
,2021-06-18T00:00:00Z,22:30,23:30,KL KG,Picnic Grounds,PICO5,WEBL,2 near,"4	",2C,-,-
,2021-06-18T00:00:00Z,22:30,23:30,KL KG,Picnic Grounds,PICO5,WEBL,2 near,"4	",2C,-,-
,2021-06-25T00:00:00Z,3:00,3:15,"KL, KG",Picnic Grounds,PICO5,WEBL,1 in,"4	",6W,-,
,2021-07-02T00:00:00Z,1:45,2:00,KL KG,Picnic Grounds,PICO5,WEBL,2 near,"4	",6W,-,-
,2021-07-09T00:00:00Z,0:45,1:15,"KL, KG",Picnic Grounds,PICO5,WEBL,2 near,"4	",1,5,"Measure 1; 1 baby deformed beak; added camera; WC: 13,13,19,20,18"
,2021-08-05T00:00:00Z,3:00,3:19,KG,Picnic Grounds,PICO5,WEBL,-,"4	",-,-,loggers and cam 1 removed
,2021-08-05T00:00:00Z,3:00,3:19,KG,Picnic Grounds,PICO5,WEBL,-,"4	",-,-,loggers and cam 1 removed
,2022-03-15T00:00:00Z,1:08,1:45,"KL, CP, IS",Picnic Grounds,PICO5,WEBL,-,"-	",-,-,
,2022-03-29T00:00:00Z,23:20,0:00,KG,Picnic Grounds,PICO5,WEBL?,-,"2	",-,-,-
,2022-04-05T00:00:00Z,1:45,2:15,"SM, VW, KL",Picnic Grounds,PICO5,TRES,-,"3/3	",-,-,
,2022-04-05T00:00:00Z,23:40,1:00,SM KL PGG,Picnic Grounds,PICO5,TRES,1 in,"4/25	",6 W,-,
,2022-04-12T00:00:00Z,1:31,1:35,VW,Picnic Grounds,PICO5,TRES,2 DIVE,"4/8	",-,-,
,2022-04-22T00:00:00Z,3:00,5:00,KL,Picnic Grounds,PICO5,TRES,1 in,"4/20	",5W,-,Loggers added
,2022-04-27T00:00:00Z,5:00,7:00,KL,Picnic Grounds,PICO5,TRES,-,"4/20	",6W,-,Loggers
,2022-05-12T00:00:00Z,,,KL,Picnic Grounds,PICO5,TRES,-,"4/20	",1W,5,
,2022-05-18T00:00:00Z,,,KG CP KL,Picnic Grounds,PICO5,TRES,2 near,"4/4	",-,5,-
,2022-05-24T00:00:00Z,,,VW,Picnic Grounds,PICO5,TRES,2 FEEDING,"4	",-,-,Huge babies poking head out and begging food when parents fly by.Cutest thing ever🦄
,2022-05-31T00:00:00Z,,,VW,Picnic Grounds,PICO5,-,-,"4/6	",-,-,
,2022-06-07T00:00:00Z,,,CP,Picnic Grounds,PICO5,TRES,0,"4/6	",0,0,Post-fledge
,2022-06-14T00:00:00Z,,,VW,Picnic Grounds,PICO5,TRES,-,"4/3	",-,-,
,2022-06-21T00:00:00Z,,,VW,Picnic Grounds,PICO5,TRES,-,"4/4	",-,-,fledged
,2022-06-30T00:00:00Z,,,VW YW,Picnic Grounds,PICO5,TRES,-,"4/7	",-,-,old
,2022-07-06T00:00:00Z,,,SM,Picnic Grounds,PICO5,TRES,-,"4/5	",-,-,
,2022-07-12T00:00:00Z,,,KL,Picnic Grounds,PICO5,TRES,-,"4/10	",-,-,Old nest removed
,2022-07-21T00:00:00Z,,,KG,Picnic Grounds,PICO5,-,-,"-	",-,-,"nest cleared out, poop"
,2022-07-27T00:00:00Z,,,SM,Picnic Grounds,PICO5,-,0,"0	",0,0,
,2023-04-01T00:00:00Z,3:48,4:15,KL,Picnic Grounds,PICO5,WEBL,-,"3	",-,-,
,2023-04-04T00:00:00Z,0:40,0:50,"KL, YZ, RK",Picnic Grounds,PICO5,WEBL,2 male WEBL nearby,"4	",2,-,
,2023-04-11T00:00:00Z,0:45,0:50,YZ,Picnic Grounds,PICO5,WEBL,1 on top,"4	",6W,0,2 adult TRES nearby
,2023-04-18T00:00:00Z,0:30,0:50,"RK, YZ",Picnic Grounds,PICO5,WEBL,"1 inside, flew out","4	",6W,-,1 TRES nearby
,2023-04-25T00:00:00Z,23:30,23:40,"KL, YZ",Picnic Grounds,PICO5,WEBL,2,"4	",0,6,Male bleed
,2023-04-25T00:00:00Z,0:21,0:45,RK,Picnic Grounds,PICO5,TRES,-,"2/0	",-,-,
,2023-05-02T00:00:00Z,,,AS,Picnic Grounds,PICO5,WEBL,1 in,"4	",0,6,
,2023-05-16T00:00:00Z,1:20,1:30,YZ,Picnic Grounds,PICO5,-,-,"-	",-,-,
,2023-06-01T00:00:00Z,3:46,3:50,YZ,Picnic Grounds,PICO5,WEBL,1 inside,"4	",5W,0,
,2023-06-06T00:00:00Z,1:15,1:45,"KL, RK, YZ",Picnic Grounds,PICO5,HOSP,1 HOSP inside,"4	",2,0,HOSP took over WEBL nest and built up nest over. 3 HOSP eggs removed and part of nest removed. 2 WEBL eggs left in nest and loggers kept on
,2023-06-20T00:00:00Z,0:03,0:05,YZ,Picnic Grounds,PICO5,WEBL,0,"4	",0,0,
,2021-04-15T00:00:00Z,6:35,8:00,KL KG,Picnic Grounds,PICO6,WEBL,-,"4	",1A,-,-
,2021-04-22T00:00:00Z,1:15,2:00,"KL, KG",Picnic Grounds,PICO6,WEBL,1 in,"4	",3w,-,Placed loggers
,2021-04-29T00:00:00Z,2:00,2:30,"KL, KG",Picnic Grounds,PICO6,WEBL,-,"4	",3W,-,-
,2021-05-07T00:00:00Z,5:30,6:00,"KL, KG",Picnic Grounds,PICO6,WEBL,1 in,"4	",2W,1,WC: 10
,2021-05-17T00:00:00Z,1:30,1:35,"KL, AG",Picnic Grounds,PICO6,WEBL,-,"4	",2,1,banded
,2021-05-21T00:00:00Z,0:30,2:00,"KL, KG",Picnic Grounds,PICO6,WEBL,2 near,"Skipped	",Skipped,Skipped,No noise from box
,2021-05-28T00:00:00Z,0:00,0:30,"KL, KG",Picnic Grounds,PICO6,WEBL,-,"Skipped	",Skipped,Skipped,No nestlings audible; skip 2
,2021-06-04T00:00:00Z,0:00,0:30,"KL, KG",Picnic Grounds,PICO6,WEBL,1 near,"4	",-,-,"Empty nest, loggers removed"
,2021-06-11T00:00:00Z,0:30,1:15,"KL, KG",Picnic Grounds,PICO6,WEBL,-,"4	",-,-,
,2021-06-18T00:00:00Z,22:30,23:30,KL KG,Picnic Grounds,PICO6,WEBL?,-,"4	",-,-,-
,2021-06-25T00:00:00Z,3:00,3:15,"KL, KG",Picnic Grounds,PICO6,WEBL,-,"4	",-,-,
,2021-07-02T00:00:00Z,1:45,2:00,KL KG,Picnic Grounds,PICO6,WEBL,-,"4	",-,-,-
,2022-03-29T00:00:00Z,23:20,0:00,KG,Picnic Grounds,PICO6,WEBL?,-,"1.5	",-,-,-
,2022-04-05T00:00:00Z,1:45,2:15,"SM, VW, KL",Picnic Grounds,PICO6,TRES,1 in 1 flying,"1/0	",-,-,
,2022-04-12T00:00:00Z,1:28,1:30,VW,Picnic Grounds,PICO6,TRES？,3 dive,"4	",-,-,
,2022-04-22T00:00:00Z,3:00,5:00,KL,Picnic Grounds,PICO6,TRES,2 near,"4/0	",-,-,
,2022-04-27T00:00:00Z,5:00,7:00,KL,Picnic Grounds,PICO6,TRES,1 in,"3/8	",-,-,
,2022-05-05T00:00:00Z,,,"KL, SM, PGG",Picnic Grounds,PICO6,TRES,-,"4/5	",3W,-,
,2022-05-12T00:00:00Z,,,"YW, KL, VW, SM",Picnic Grounds,PICO6,TRES,1near,"4	",6W,-,-
,2022-05-18T00:00:00Z,,,"KL, KG, CP",Picnic Grounds,PICO6,TRES,1 near,"4/10	",5W,-,
,2022-05-24T00:00:00Z,,,KL,Picnic Grounds,PICO6,TRES,1 in 1 near,"4/15	",2W,4,
,2022-05-31T00:00:00Z,,,VW,Picnic Grounds,PICO6,TRES,1,"4/5	",1:00 AM,4,
,2022-06-03T00:00:00Z,0:30,1:10,"KL, KG",Picnic Grounds,PICO6,TRES,2 TRES near,"4	",1,4,
,2022-06-07T00:00:00Z,,,CP,Picnic Grounds,PICO6,-,-,"-	",-,-,
,2022-06-14T00:00:00Z,,,VW,Picnic Grounds,PICO6,TRES,1 NEAR,"4	",-,2,Huge babies so didn't remove loggers
,2022-06-21T00:00:00Z,,,VW YW,Picnic Grounds,PICO6,WEBL,-,"4	",-,-,fledged
,2022-06-30T00:00:00Z,,,VW YW,Picnic Grounds,PICO6,-,-,"4	",-,-,old
,2022-07-06T00:00:00Z,,,SM,Picnic Grounds,PICO6,TRES,-,"3/5	",-,-,
,2022-07-12T00:00:00Z,,,KL,Picnic Grounds,PICO6,TRES,-,"4/5	",-,-,Old nest removed
,2022-07-21T00:00:00Z,,,KG,Picnic Grounds,PICO6,-,-,"-	",-,-,"nest cleared out, poop"
,2022-07-27T00:00:00Z,,,SM,Picnic Grounds,PICO6,-,"4 WEBL near (one male, one female, 2 recently fledged)","0	",0,0,
,2023-04-01T00:00:00Z,3:48,4:15,KL,Picnic Grounds,PICO6,TRES,2 near,"-	",-,-,
,2023-04-04T00:00:00Z,0:40,0:40,"KL, RK, YZ",Picnic Grounds,PICO6,WEBL,"2 adults nearby, male banded","0	",0,0,
,2023-04-11T00:00:00Z,0:45,0:50,YZ,Picnic Grounds,PICO6,WEBL,2 nearby,"3	",0,0,
,2023-04-18T00:00:00Z,0:31,0:50,"RK, YZ",Picnic Grounds,PICO6,WEBL,1 inside,"4	",0,0,1 adult TRES nearby
,2023-04-25T00:00:00Z,23:40,23:50,YZ,Picnic Grounds,PICO6,WEBL,1 inside,"4	",3W,0,
,2023-04-25T00:00:00Z,0:23,0:45,"RK, YZ",Picnic Grounds,PICO6,-,-,"1	",-,-,
,2023-05-02T00:00:00Z,0:47,1:00,RK,Picnic Grounds,PICO6,WEBL,0,"4	",6W,0,
,2023-05-09T00:00:00Z,23:32,23:50,YZ,Picnic Grounds,PICO6,WEBL,1 inside,"4	",6W,0,
,2023-05-16T00:00:00Z,1:26,1:30,"KL, YZ",Picnic Grounds,PICO6,WEBL,1 nearby,"4	",1,5,
,2023-06-06T00:00:00Z,1:00,1:00,"RK, YZ",Picnic Grounds,PICO6,-,0,"4	",0,0,
,2023-06-16T00:00:00Z,,,KL,Picnic Grounds,PICO6,WEBL,1 near,"4	",5W,-,
,2023-06-20T00:00:00Z,0:00,0:03,YZ,Picnic Grounds,PICO6,WEBL,4 nearby,"4	",0,0,
,2021-04-15T00:00:00Z,6:38,8:00,KL KG,Picnic Grounds,PICO7,-,-,"-	",-,-,nothing !
,2021-04-22T00:00:00Z,1:15,2:00,"KL, KG",Picnic Grounds,PICO7,-,-,"-	",-,-,-
,2021-04-29T00:00:00Z,2:00,2:30,"KL, KG",Picnic Grounds,PICO7,-,-,"-	",-,-,-
,2021-05-07T00:00:00Z,5:35,6:15,KL KG,Picnic Grounds,PICO7,-,-,"-	",-,-,Empty
,2021-05-14T00:00:00Z,23:35,0:10,KL KG DK,Picnic Grounds,PICO7,WEBL?,-,"0.25	",-,-,New nest
,2021-05-21T00:00:00Z,0:00,1:30,"KL, KG",Picnic Grounds,PICO7,WEBL?,-,"1	",-,-,
,2021-05-28T00:00:00Z,0:00,0:30,KL KG,Picnic Grounds,PICO7,TRES?,-,"1/1	",-,-,-
,2021-06-04T00:00:00Z,0:00,1:00,KL KG,Picnic Grounds,PICO7,WEBL?,-,"1	",-,-,-
,2021-06-11T00:00:00Z,0:25,1:15,KL KG POK,Picnic Grounds,PICO7,TRES?,-,"1/1	",-,-,-
,2021-06-18T00:00:00Z,22:30,23:30,KL KG,Picnic Grounds,PICO7,-,-,"1	",-,-,-
,2021-06-25T00:00:00Z,3:00,3:30,KL KG,Picnic Grounds,PICO7,-,-,"-	",-,-,empty
,2022-03-15T00:00:00Z,1:08,1:30,"KL, CP, IS",Picnic Grounds,PICO7,-,-,"-	",-,-,Lots of poop
,2022-03-23T00:00:00Z,0:55,1:15,"KL, IS",Picnic Grounds,PICO7,-,-,"-	",-,-,
,2022-03-29T00:00:00Z,23:20,0:00,KG,Picnic Grounds,PICO7,-,-,"-	",-,-,
,2022-04-05T00:00:00Z,1:40,2:10,VW,Picnic Grounds,PICO7,-,-,"-	",-,_,oNY poop in the box
,2022-04-12T00:00:00Z,3:01,3:10,VW,Picnic Grounds,PICO7,-,-,"2	",-,-,
,2022-04-22T00:00:00Z,3:00,5:00,KL,Picnic Grounds,PICO7,TRES,-,"2/2	",-,-,
,2022-04-27T00:00:00Z,5:00,7:00,KL,Picnic Grounds,PICO7,WEBL,-,"2	",-,-,
,2022-05-05T00:00:00Z,,,"KL, SM, PGG",Picnic Grounds,PICO7,TRES,-,"2/1	",-,-,
,2022-05-12T00:00:00Z,,,VW YW,Picnic Grounds,PICO7,-,-,"2	",-,-,-
,2022-05-18T00:00:00Z,,,CP,Picnic Grounds,PICO7,TRES,0,"3/2	",0,0,
,2022-05-24T00:00:00Z,,,VW,Picnic Grounds,PICO7,-,-,"1	",-,-,
,2022-05-31T00:00:00Z,,,VW,Picnic Grounds,PICO7,TRES,-,"1/1	",-,-,
,2022-06-07T00:00:00Z,,,KL,Picnic Grounds,PICO7,WEBL,-,"4	",-,-,
,2022-06-14T00:00:00Z,,,KL,Picnic Grounds,PICO7,WEBL,1 in,"4	",4W,-,
,2022-06-21T00:00:00Z,,,KL,Picnic Grounds,PICO7,WEBL,1 in,"4	",4W,-,
,2022-06-30T00:00:00Z,,,KL,Picnic Grounds,PICO7,WEBL,2 near,"4	",1W,3,At least 2 fledgelings begging from parents
,2022-07-06T00:00:00Z,,,KL,Picnic Grounds,PICO7,WEBL,1 in,"Skipped	",Skipped,Skipped,There are nestlings but didn’t count them because they are being measured tomorrow
,2022-07-07T00:00:00Z,,,KL,Picnic Grounds,PICO7,WEBL,2 near,"4	",-,3,
,2022-07-12T00:00:00Z,,,KL,Picnic Grounds,PICO7,WEBL,2 near,"Skipped	",Skipped,Skipped,
,2022-07-21T00:00:00Z,,,KG,Picnic Grounds,PICO7,TRES,-,"4/4	",-,-,loggers removed
,2022-07-27T00:00:00Z,,,SM,Picnic Grounds,PICO7,WEBL,0,"4	",0,0,Removed nest
,2023-04-01T00:00:00Z,3:48,4:15,KL,Picnic Grounds,PICO7,WEBL,-,"4	",-,-,
,2023-04-04T00:00:00Z,0:48,0:50,"KL, YZ, RK",Picnic Grounds,PICO7,WEBL,-,"4	",0,-,
,2023-04-11T00:00:00Z,0:30,1:00,"KL,RK",Picnic Grounds,PICO7,-,-,"-	",-,-,"New box, replacement for pico13"
,2023-04-18T00:00:00Z,,,KL,Picnic Grounds,PICO7,WEBL,1 female in,"4	",4W,-,
,2023-04-25T00:00:00Z,23:33,0:00,RK,Picnic Grounds,PICO7,WEBL,-,"4	",1C,-,
,2023-05-02T00:00:00Z,0:22,1:00,RK,Picnic Grounds,PICO7,WEBL,-,"4	",1C,0,
,2023-05-09T00:00:00Z,23:02,0:00,RK,Picnic Grounds,PICO7,WEBL,0,"4	",1C,0,Nest adandoned
,2023-05-16T00:00:00Z,1:04,1:20,YZ,Picnic Grounds,PICO7,WEBL,0,"4	",0,0,1 empty egg shell in nest
,2023-06-01T00:00:00Z,3:48,3:59,RK,Picnic Grounds,PICO7,WEBL,0,"4	",0,0,
,2021-04-15T00:00:00Z,6:41,8:00,KL KG,Picnic Grounds,PICO8,-,-,"-	",-,-,nothing !
,2021-04-22T00:00:00Z,1:15,2:00,"KL, KG",Picnic Grounds,PICO8,-,-,"-	",-,-,-
,2021-04-29T00:00:00Z,2:00,2:15,"KL, KG",Picnic Grounds,PICO8,-,-,"-	",-,-,-
,2021-05-07T00:00:00Z,5:35,6:15,KL KG,Picnic Grounds,PICO8,-,-,"-	",-,-,Wasps nest
,2021-05-14T00:00:00Z,23:35,0:10,KL KG DK,Picnic Grounds,PICO8,-,-,"-	",-,-,Wasps nest
,2021-05-21T00:00:00Z,0:30,1:30,"KL, KG",Picnic Grounds,PICO8,-,-,"-	",-,-,
,2021-05-28T00:00:00Z,0:00,0:30,KL KG,Picnic Grounds,PICO8,-,-,"-	",-,-,empty
,2021-06-04T00:00:00Z,0:00,1:00,KL KG,Picnic Grounds,PICO8,-,-,"-	",-,-,empty
,2021-06-11T00:00:00Z,0:25,1:15,KL KG POK,Picnic Grounds,PICO8,-,-,"-	",-,-,wasps nest that paul destroyed
,2021-06-18T00:00:00Z,22:30,23:30,KL KG,Picnic Grounds,PICO8,-,-,"-	",-,-,empty
,2021-06-25T00:00:00Z,3:00,3:30,KL KG,Picnic Grounds,PICO8,-,-,"-	",-,-,empty
,2021-06-25T00:00:00Z,3:00,3:30,KL KG,Picnic Grounds,PICO8,-,-,"-	",-,-,empty
,2022-03-15T00:00:00Z,1:08,1:30,"KL, CP, IS",Picnic Grounds,PICO8,WEBL,-,"2	",-,-,
,2022-03-23T00:00:00Z,0:55,1:15,"KL, IS",Picnic Grounds,PICO8,WEBL,-,"2	",-,-,
,2022-03-29T00:00:00Z,23:20,0:00,KG,Picnic Grounds,PICO8,WEBL,-,"2	",-,-,
,2022-04-05T00:00:00Z,1:45,2:15,"SM, VW, KL",Picnic Grounds,PICO8,WEBL,-,"4	",-,-,Nest lining includes a plastic bag??
,2022-04-12T00:00:00Z,3:02,3:19,VW,Picnic Grounds,PICO8,WEBL,1 in,"4	",5W,-,loggers added
,2022-04-22T00:00:00Z,15:00,5:00,Austin,Picnic Grounds,PICO8,WEBL,-,"4	",5W,-,loggers
,2022-04-28T00:00:00Z,,,KL,Picnic Grounds,PICO8,WEBL,1 in,"4	",-,5,"m1; capture mom; WC: 11,12,12,12,10"
,2022-05-05T00:00:00Z,,,"KL, SM, PGG",Picnic Grounds,PICO8,TRES,-,"4	",-,5,
,2022-05-12T00:00:00Z,,,SM VW YW,Picnic Grounds,PICO8,WEBL,2 nearby,"-	",-,-,
,2022-05-18T00:00:00Z,,,CP,Picnic Grounds,PICO8,WEBL,0,"4	",0,0,
,2022-05-24T00:00:00Z,,,VW,Picnic Grounds,PICO8,-,-,"2	",-,-,
,2022-05-31T00:00:00Z,,,VW,Picnic Grounds,PICO8,WEBL,-,"-	",-,-,
,2022-06-07T00:00:00Z,,,KL,Picnic Grounds,PICO8,WEBL,-,"3	",-,-,Cleaned out old nest
,2022-06-14T00:00:00Z,,,KL,Picnic Grounds,PICO8,-,-,"-	",-,-,
,2022-06-21T00:00:00Z,,,VW YW,Picnic Grounds,PICO8,-,-,"-	",-,-,
,2022-06-30T00:00:00Z,,,VW,Picnic Grounds,PICO8,-,-,"-	",-,-,empty
,2022-07-06T00:00:00Z,,,SM,Picnic Grounds,PICO8,-,-,"-	",-,-,
,2022-07-12T00:00:00Z,,,VW,Picnic Grounds,PICO8,-,-,"-	",-,-,empty
,2022-07-21T00:00:00Z,,,KG,Picnic Grounds,PICO8,-,-,"-	",-,-,-
,2022-07-27T00:00:00Z,,,SM,Picnic Grounds,PICO8,-,0,"0	",0,0,
,2021-04-15T00:00:00Z,6:43,8:00,KL KG,Picnic Grounds,PICO9,-,-,"-	",-,-,nothing!
,2021-04-22T00:00:00Z,1:15,2:00,KL KG,Picnic Grounds,PICO9,-,-,"-	",-,-,empty
,2021-04-29T00:00:00Z,1:50,2:30,KL KG,Picnic Grounds,PICO9,-,-,"-	",-,-,Empty
,2021-05-07T00:00:00Z,5:35,6:15,KL KG,Picnic Grounds,PICO9,WEBL?,-,"1	",-,-,Small circle
,2021-05-14T00:00:00Z,23:35,0:10,KL KG DK,Picnic Grounds,PICO9,WEBL?,-,"3	",-,-,Plastic material in nest
,2021-05-21T00:00:00Z,0:30,1:30,"KL, KG",Picnic Grounds,PICO9,WEBL,-,"3	",-,-,
,2021-05-28T00:00:00Z,0:00,0:30,KL KG,Picnic Grounds,PICO9,WEBL,-,"3	",-,-,-
,2021-06-04T00:00:00Z,0:00,1:00,KL KG,Picnic Grounds,PICO9,WEBL,-,"3.5	",-,-,sprinklers
,2021-06-11T00:00:00Z,0:25,1:15,KL KG POK,Picnic Grounds,PICO9,WEBL,-,"3	",-,-,-
,2021-06-25T00:00:00Z,3:00,3:30,KL KG,Picnic Grounds,PICO9,WEBL,-,"3	",-,-,-
,2022-03-15T00:00:00Z,1:08,1:30,"KL, CP, IS",Picnic Grounds,PICO9,-,-,"-	",-,-,
,2022-03-23T00:00:00Z,0:55,1:15,"KL, IS",Picnic Grounds,PICO9,WEBL,-,"1	",-,-,
,2022-03-29T00:00:00Z,23:20,0:00,KG,Picnic Grounds,PICO9,WEBL,Male and female near,"1.5	",0,0,
,2022-04-05T00:00:00Z,1:40,2:20,VW,Picnic Grounds,PICO9,TRES,-,"3/3	",-,-,
,2022-04-12T00:00:00Z,3:02,3:15,VW,Picnic Grounds,PICO9,WEBL,-,"4	",4 C,-,
,2022-04-22T00:00:00Z,3:00,5:00,Austin,Picnic Grounds,PICO9,WEBL,1 female on nest,"4	",5W,-,loggers added
,2022-04-28T00:00:00Z,,,KL,Picnic Grounds,PICO9,WEBL,1 in,"4	",-,5,"female captured; m1; WC: 8,8,9,8,7"
,2022-05-05T00:00:00Z,,,"KL, SM, PGG",Picnic Grounds,PICO9,WEBL,-,"4	",-,5,
,2022-05-12T00:00:00Z,,,SM YW VW,Picnic Grounds,PICO9,WEBL,-,"-	",-,-,
,2022-05-18T00:00:00Z,,,CP,Picnic Grounds,PICO9,WEBL,0,"4	",0,0,
,2022-05-24T00:00:00Z,,,VW,Picnic Grounds,PICO9,,-,"3	",-,-,
,2022-05-31T00:00:00Z,,,VW,Picnic Grounds,PICO9,WEBL,-,"3	",-,-,
,2022-06-07T00:00:00Z,,,KL,Picnic Grounds,PICO9,WEBL,-,"3	",-,-,Cleaned out old nest
,2022-06-14T00:00:00Z,,,KL,Picnic Grounds,PICO9,-,-,"-	",-,-,
,2022-06-21T00:00:00Z,,,VW YW,Picnic Grounds,PICO9,-,-,"-	",-,-,
,2022-06-30T00:00:00Z,,,VW YW,Picnic Grounds,PICO9,-,-,"-	",-,-,
,2022-07-06T00:00:00Z,,,SM,Picnic Grounds,PICO9,-,-,"-	",-,-,
,2022-07-12T00:00:00Z,,,VW,Picnic Grounds,PICO9,-,-,"1	",-,-,
,2022-07-21T00:00:00Z,,,KG,Picnic Grounds,PICO9,-,-,"-	",-,-,-
,2022-07-27T00:00:00Z,,,SM,Picnic Grounds,PICO9,-,0,"0	",0,0,
,2021-04-15T00:00:00Z,7:00,7:30,"KL, KG",Picnic Grounds,PICR1,TRES,-,"2.5/3	",-,-,-
,2021-04-22T00:00:00Z,1:45,2:15,"KL, KG",Picnic Grounds,PICR1,TRES,-,"4/7	",-,-,-
,2021-04-29T00:00:00Z,2:15,2:45,KL KG,Picnic Grounds,PICR1,TRES,-,"4/8	",-,-,-
,2021-05-07T00:00:00Z,4:55,5:30,KL KG,Picnic Grounds,PICR1,TRES,1 near,"4/11	",-,-,-
,2021-05-14T00:00:00Z,0:55,1:30,KL KG DK,Picnic Grounds,PICR1,TRES,-,"4/8	",-,-,-
,2021-05-21T00:00:00Z,1:30,2:30,"KL, KG",Picnic Grounds,PICR1,TRES,-,"3/5	",-,-,
,2021-05-28T00:00:00Z,0:45,1:15,"KL, KG",Picnic Grounds,PICR1,TRES?,-,"4/3	",-,-,Looks like TRES building over WEBL?
,2021-06-04T00:00:00Z,0:45,1:30,"KL, KG",Picnic Grounds,PICR1,TRES,-,"4/10	",-,-,
,2021-06-11T00:00:00Z,2:10,3:00,KL KG POK,Picnic Grounds,PICR1,TRES,-,"4/10	",-,-,-
,2021-06-18T00:00:00Z,23:20,0:30,KL KG,Picnic Grounds,PICR1,WEBL?,2 near,"4/6	",-,-,-
,2021-06-25T00:00:00Z,2:15,2:45,"KL, KG",Picnic Grounds,PICR1,TRES,-,"4/7	",-,-,
,2021-07-02T00:00:00Z,1:25,2:00,KL KG,Picnic Grounds,PICR1,TRES,-,"4/4	",-,-,-
,2022-03-15T00:00:00Z,2:01,2:45,"KL, CP, IS",Picnic Grounds,PICR1,-,-,"-	",-,-,
,2022-03-23T00:00:00Z,1:20,1:49,KG RS,Picnic Grounds,PICR1,-,-,"-	",-,-,-
,2022-03-29T00:00:00Z,0:15,0:45,KG CP,Picnic Grounds,PICR1,TRES,1 on box silver band only,"1	",-,-,-
,2022-04-05T00:00:00Z,1:45,2:15,KL,Picnic Grounds,PICR1,-,-,"-	",-,-,
,2022-04-12T00:00:00Z,3:19,3:40,Vw,Picnic Grounds,PICR1,-,-,"-	",-,-,
,2022-04-19T00:00:00Z,3:40,16:00,VW,Picnic Grounds,PICR1,-,1 TRES ON,"-	",-,-,
,2022-04-26T00:00:00Z,3:56,16:00,PGG VW,Picnic Grounds,PICR1,-,-,"-	",-,-,
,2022-05-05T00:00:00Z,3:18,3:19,MZ,Picnic Grounds,PICR1,WEBL,-,"4	",-,-,
,2022-05-18T00:00:00Z,,,"KL, KG, CP",Picnic Grounds,PICR1,TRES,-,"4/15	",5W,-,
,2022-05-24T00:00:00Z,,,KL,Picnic Grounds,PICR1,TRES,1 near,"4/15	",2W,3,Hatch day!
,2022-05-31T00:00:00Z,,,KG PGG VW,Picnic Grounds,PICR1,TRES,-,"4/12	",-,5,-
,2022-06-07T00:00:00Z,0:05,1:00,CP,Picnic Grounds,PICR1,TRES,2 TRES near,"4/15	",0,4,"Banding size nestlings, rough check to avoid panic fledge"
,2022-06-14T00:00:00Z,,,KL,Picnic Grounds,PICR1,TRES,-,"4/5	",-,"Large bois, at least 4",
,2022-06-21T00:00:00Z,,,VW YW,Picnic Grounds,PICR1,TRES,-,"4/4	",-,-,FLEDGED
,2022-06-30T00:00:00Z,,,VW YW,Picnic Grounds,PICR1,TRES,1 WEBL on,"4/5	",-,-,old nest
,2022-07-06T00:00:00Z,,,SM KL,Picnic Grounds,PICR1,TRES,-,"4/10	",-,-,
,2022-07-12T00:00:00Z,,,KL,Picnic Grounds,PICR1,-,-,"-	",-,-,
,2022-07-21T00:00:00Z,,,KG,Picnic Grounds,PICR1,-,-,"-	",-,-,
,2022-07-27T00:00:00Z,,,KL,Picnic Grounds,PICR1,-,-,"-	",-,-,
,2023-04-01T00:00:00Z,4:15,4:30,KL,Picnic Grounds,PICR1,-,-,"-	",-,-,
,2023-04-04T00:00:00Z,1:09,1:10,"RK, KL, YZ",Picnic Grounds,PICR1,TRES,2 TRES,"0	",-,-,2 TRES on top of nestbox
,2023-04-11T00:00:00Z,1:34,1:49,"RK, YZ",Picnic Grounds,PICR1,WEBL,1,"1	",-,-,1 adult on top of box
,2023-04-18T00:00:00Z,,,KL,Picnic Grounds,PICR1,WEBL,1 on 1 near,"4	",-,-,
,2023-04-25T00:00:00Z,0:18,0:30,YZ,Picnic Grounds,PICR1,WEBL,"1 on top, 1 nearby","4	",0,0,4 adult TRES nearbg
,2023-05-02T00:00:00Z,1:33,1:49,RK,Picnic Grounds,PICR1,WEBL,0,"4	",5W,0,
,2023-05-09T00:00:00Z,23:58,0:30,RK,Picnic Grounds,PICR1,WEBL,1 female inside,"4	",5W,0,
,2023-05-16T00:00:00Z,0:00,0:15,"RK, YZ",Picnic Grounds,PICR1,WEBL,1 nearby,"4	",2W,3,
,2023-05-30T00:00:00Z,,,"KL, RK, YZ",Picnic Grounds,PICR1,WEBL,2 nearby,"4	",0,5,
,2023-06-16T00:00:00Z,0:25,0:30,"KL, YZ",Picnic Grounds,PICR1,TRES,2 nearby,"4/10	",5W,0,
,2023-06-29T00:00:00Z,,,KL,Picnic Grounds,PICR1,TRES,1 in,"4/15	",1W,3,
,2023-07-04T00:00:00Z,,,KL,Picnic Grounds,PICR1,TRES,2 near,"4/15	",-,4,
,2023-07-11T00:00:00Z,,,KL,Picnic Grounds,PICR1,TRES,1 near,"4/15	",-,4,
,2023-08-02T00:00:00Z,3:00,3:05,YZ,Picnic Grounds,PICR1,TRES,0,"4/15	",0,0,
,2021-04-15T00:00:00Z,7:23,8:00,KL KG,Picnic Grounds,PICR10,WEBL?,-,"0.25	",-,-,-
,2021-04-22T00:00:00Z,1:15,2:00,KL KG,Picnic Grounds,PICR10,-,-,"-	",-,-,two twigs
,2021-04-29T00:00:00Z,2:15,2:45,"KL, KG",Picnic Grounds,PICR10,-,-,"-	",-,-,-
,2021-05-07T00:00:00Z,4:55,5:30,KL KG,Picnic Grounds,PICR10,-,-,"-	",-,-,Empty
,2021-05-14T00:00:00Z,0:55,1:30,KL KG DK,Picnic Grounds,PICR10,-,-,"-	",-,-,-
,2021-05-21T00:00:00Z,1:20,2:20,KL KG,Picnic Grounds,PICR10,TRES?,-,"1.5/2	",-,-,deep nest but bottom not covered- looks TRES bc two feathers but also looks WEBL bc very grassy
,2021-05-28T00:00:00Z,0:30,1:30,KL KG,Picnic Grounds,PICR10,WEBL,1 in 1 on,"4	",2C,-,very aggressive male!
,2021-06-04T00:00:00Z,0:40,2:00,KL KG,Picnic Grounds,PICR10,WEBL,2 near aggresive,"4	",4W,-,loggers added
,2021-06-11T00:00:00Z,2:10,3:00,KL KG POK,Picnic Grounds,PICR10,WEBL,1 near,"4	",4W,-,cam next week
,2021-06-18T00:00:00Z,23:20,0:30,KL KG,Picnic Grounds,PICR10,WEBL,2 near,"4	",-,4,"WC: 17,17,13, 18- camera added"
,2021-06-25T00:00:00Z,2:15,3:00,KL KG,Picnic Grounds,PICR10,WEBL,2 near + loud,"4	",-,4,banded !
,2021-06-25T00:00:00Z,2:15,3:00,KL KG,Picnic Grounds,PICR10,WEBL,2 near + loud,"4	",-,4,banded !
,2021-07-02T00:00:00Z,1:25,2:00,KL KG,Picnic Grounds,PICR10,skipped,skipped,"skipped	",skipped,skipped,skipped
,2021-07-16T00:00:00Z,3:00,3:10,KG,Picnic Grounds,PICR10,WEBL,-,"4	",-,-,loggers removed and cam removed
,2022-03-15T00:00:00Z,1:08,1:30,"KL, IS, CP",Picnic Grounds,PICR10,-,-,"-	",-,-,
,2022-03-23T00:00:00Z,1:30,2:00,KG RS,Picnic Grounds,PICR10,TRES,0,"0	",-,-,
,2022-03-29T00:00:00Z,0:15,0:45,KG CP,Picnic Grounds,PICR10,-,-,"0	",-,-,-
,2022-03-29T00:00:00Z,0:15,0:45,KG,Picnic Grounds,PICR10,TRES,2 on top of box,"1	",0,0,
,2022-04-05T00:00:00Z,1:45,2:15,KL,Picnic Grounds,PICR10,TRES,1 near,"4/5	",-,-,
,2022-04-12T00:00:00Z,3:19,16:00,VW,Picnic Grounds,PICR10,TRES,1DIVE,"4	",-,-,"perfectly lined with tons of feathers, like a flower!"
,2022-04-19T00:00:00Z,3:41,16:00,VW,Picnic Grounds,PICR10,TRES,1 IN,"4/10	",3C,-,
,2022-04-26T00:00:00Z,3:50,16:00,PGG KG VW,Picnic Grounds,PICR10,TRES,1 IN,"4/8	",5W,-,loggers need to be added but we had none
,2022-04-28T00:00:00Z,3:19,3:30,KG,Picnic Grounds,PICR10,TRES,1 in 1 on,"4/9	",6W,-,loggers added
,2022-05-01T00:00:00Z,4:00,4:30,KG,Picnic Grounds,PICR10,TRES,1 in! thought she was dead but she was fine! left after a minute,"4/6	",5W,-,loggers added!
,2022-05-05T00:00:00Z,,,KG MZ,Picnic Grounds,PICR10,TRES,1 in,"4-6	",6W,-,
,2022-05-12T00:00:00Z,,,"PGG, YW, KG, SM",Picnic Grounds,PICR10,TRES,1 on,"4/10	",-,6,-
,2022-05-19T00:00:00Z,,,VW,Picnic Grounds,PICR10,TRES,2 ON,"4/7	",-,5,"1 dead infant，orange color
figure out color of B 226. Could be purple or Green!"
,2022-05-24T00:00:00Z,23:50,,VW KL,Picnic Grounds,PICR10,TRES,2 ON,"4/6	",-,5,thought we need to band them today but we actually did that last week. Opened the box and grabbed them and freaked out because they are too big. Mom came to feed after they are back and they seemed to be ok.
,2022-05-31T00:00:00Z,,,VW PGG KG,Picnic Grounds,PICR10,-,-,"-	",-,-,
,2022-06-07T00:00:00Z,,,KL,Picnic Grounds,PICR10,TRES,-,"4/5	",-,-,Cleaned out nest
,2022-06-14T00:00:00Z,,,VW,Picnic Grounds,PICR10,TRES,1 NEAR,"4/1	",5W,-,
,2022-06-21T00:00:00Z,,,KL,Picnic Grounds,PICR10,TRES,2 near,"4/10	",5W,-,
,2022-06-30T00:00:00Z,,,"KL, YW, VW",Picnic Grounds,PICR10,TRES,-,"4	",-,3,-
,2022-07-10T00:00:00Z,,,KG,Picnic Grounds,PICR10,TRES,2 near,"4/4	",-,3,-
,2022-07-12T00:00:00Z,,,VW KL,Picnic Grounds,PICR10,TRES,1 IN,"-	",-,-,
,2022-07-21T00:00:00Z,,,KG,Picnic Grounds,PICR10,TRES,-,"4/8	",-,-,loggers removed
,2022-07-27T00:00:00Z,,,KL,Picnic Grounds,PICR10,-,-,"-	",-,-,
,2023-04-01T00:00:00Z,3:48,4:15,KL,Picnic Grounds,PICR10,WEBL,-,"2	",-,-,
,2023-04-04T00:00:00Z,0:55,1:10,"KL, RK, YZ",Picnic Grounds,PICR10,WEBL,2,"2	",0,0,3 adult TRES nearby
,2023-04-11T00:00:00Z,1:25,1:49,"RK, YZ",Picnic Grounds,PICR10,WEBL,1 adult on top,"4	",0,0,
,2023-04-18T00:00:00Z,0:40,0:55,YZ,Picnic Grounds,PICR10,WEBL,0,"4	",1C,0,
,2023-04-25T00:00:00Z,0:12,0:45,"RK, YZ",Picnic Grounds,PICR10,WEBL,1 on top of box,"4	",5W,-,
,2023-05-02T00:00:00Z,1:29,1:29,YZ,Picnic Grounds,PICR10,WEBL,1 inside,"4	",5W,0,
,2023-05-09T00:00:00Z,0:19,0:50,"KL, YZ",Picnic Grounds,PICR10,WEBL,2 nearby,"4	",0,5,
,2023-05-16T00:00:00Z,0:03,0:15,RK,Picnic Grounds,PICR10,WEBL,1 nearby,"4	",0,5,
,2023-05-20T00:00:00Z,,,KL,Picnic Grounds,PICR10,WEBL,1 near,"4	",-,5,
,2023-06-06T00:00:00Z,1:40,1:45,"RK, YZ",Picnic Grounds,PICR10,WEBL,0,"4	",0,0,1 dead fledgling inside
,2021-04-15T00:00:00Z,7:00,7:30,"KL, KG",Picnic Grounds,PICR2,-,-,"-	",-,-,-
,2021-04-22T00:00:00Z,1:45,2:15,"KL, KG",Picnic Grounds,PICR2,TRES?,-,".25/0	",-,-,-
,2021-04-29T00:00:00Z,2:15,2:45,"KL, KG",Picnic Grounds,PICR2,-,-,"-	",-,-,-
,2021-05-07T00:00:00Z,5:30,6:00,"KL, KG",Picnic Grounds,PICR2,-,-,"-	",-,-,2 TRES near
,2021-05-14T00:00:00Z,1:00,1:30,"KL, KG, DK",Picnic Grounds,PICR2,-,-,"-	",-,-,
,2021-05-21T00:00:00Z,1:30,2:30,"KL, KG",Picnic Grounds,PICR2,-,-,"-	",-,-,
,2021-05-28T00:00:00Z,0:30,1:30,KL KG,Picnic Grounds,PICR2,-,-,"-	",-,-,empty
,2021-05-28T00:00:00Z,1:15,2:00,KL KG NB,Picnic Grounds,PICR2,TRES,1 in,"-	",-,-,skipped - week 3? skipped due to birds being on and in
,2021-06-04T00:00:00Z,0:45,1:30,"KL, KG",Picnic Grounds,PICR2,-,-,"-	",-,-,
,2021-06-11T00:00:00Z,2:10,3:00,KL KG POK,Picnic Grounds,PICR2,-,-,"-	",-,-,empty
,2021-06-18T00:00:00Z,23:20,0:30,KL KG,Picnic Grounds,PICR2,-,-,"-	",-,-,empty
,2021-06-25T00:00:00Z,2:00,2:45,"KL, KG",Picnic Grounds,PICR2,-,-,"-	",-,-,
,2021-07-02T00:00:00Z,1:30,2:00,"KL, KG",Picnic Grounds,PICR2,-,-,"-	",-,-,
,2022-03-15T00:00:00Z,2:01,2:45,"KL, CP, IS",Picnic Grounds,PICR2,-,-,"-	",-,-,
,2022-03-23T00:00:00Z,1:20,1:49,KG RS,Picnic Grounds,PICR2,TRES?,4 near,"-	",-,-,-
,2022-03-29T00:00:00Z,0:15,0:45,KG CP,Picnic Grounds,PICR2,-,-,"0	",-,-,-
,2022-04-05T00:00:00Z,1:45,2:15,KL,Picnic Grounds,PICR2,TRES,-,"1/0	",-,-,
,2022-04-12T00:00:00Z,3:30,3:45,"KL, VW",Picnic Grounds,PICR2,-,-,"-	",-,-,
,2022-04-19T00:00:00Z,3:40,16:00,VW,Picnic Grounds,PICR2,-,-,"1	",-,-,
,2022-04-26T00:00:00Z,3:50,16:00,PGG VW,Picnic Grounds,PICR2,-,-,"-	",-,-,
,2022-05-05T00:00:00Z,3:25,3:25,MZ,Picnic Grounds,PICR2,-,-,"-	",-,-,
,2022-05-18T00:00:00Z,,,"KL, KG, CP",Picnic Grounds,PICR2,-,-,"-	",-,-,
,2022-05-31T00:00:00Z,,,KG PGG VW,Picnic Grounds,PICR2,WEBL?,-,"1	",-,-,-
,2022-06-07T00:00:00Z,,,CP,Picnic Grounds,PICR2,TRES,0,"2	",0,0,
,2022-06-14T00:00:00Z,,,KL,Picnic Grounds,PICR2,TRES,1 in,"1/0	",-,-,
,2022-06-21T00:00:00Z,,,KL,Picnic Grounds,PICR2,-,-,"-	",-,-,
,2022-06-30T00:00:00Z,,,VW YW,Picnic Grounds,PICR2,-,-,"-	",-,-,
,2022-07-06T00:00:00Z,,,KL,Picnic Grounds,PICR2,-,-,"-	",-,-,
,2022-07-12T00:00:00Z,,,KL,Picnic Grounds,PICR2,-,-,"-	",-,-,
,2022-07-21T00:00:00Z,,,KG,Picnic Grounds,PICR2,-,-,"-	",-,-,empty
,2022-07-27T00:00:00Z,,,KL,Picnic Grounds,PICR2,-,-,"-	",-,-,
,2023-04-01T00:00:00Z,4:15,4:30,KL,Picnic Grounds,PICR2,-,-,"-	",-,-,
,2023-04-04T00:00:00Z,1:10,1:10,"KL, RK, YZ",Picnic Grounds,PICR2,TRES,2 on top of the box,"0	",0,0,
,2023-04-11T00:00:00Z,1:30,1:49,"RK, YZ",Picnic Grounds,PICR2,TRES,2 on top,"0	",0,0,
,2023-04-18T00:00:00Z,,,KL,Picnic Grounds,PICR2,-,-,"-	",-,-,
,2023-04-25T00:00:00Z,23:45,23:50,YZ,Picnic Grounds,PICR2,TRES,1 inside,"1/0	",0,0,
,2023-05-02T00:00:00Z,1:29,2:00,RK,Picnic Grounds,PICR2,TRES,0,"4/6	",0,0,
,2023-05-09T00:00:00Z,23:56,0:30,RK,Picnic Grounds,PICR2,TRES,1 nearby,"4/2	",3C,0,
,2023-05-16T00:00:00Z,23:59,0:15,RK,Picnic Grounds,PICR2,TRES,2 nearby,"4/30	",5W,0,
,2023-06-01T00:00:00Z,3:37,3:40,YZ,Picnic Grounds,PICR2,TRES,3 nearby,"4/20	",0,6,
,2021-04-15T00:00:00Z,7:00,7:30,"KL, KG",Picnic Grounds,PICR3,-,-,"-	",-,-,has HOBOS
,2021-04-22T00:00:00Z,1:45,2:15,"KL, KG",Picnic Grounds,PICR3,-,-,"-	",-,-,-
,2021-04-29T00:00:00Z,2:15,2:45,"KL, KG",Picnic Grounds,PICR3,-,-,"-	",-,-,-
,2021-05-07T00:00:00Z,5:30,6:00,"KL, KG",Picnic Grounds,PICR3,-,-,"-	",-,-,
,2021-05-14T00:00:00Z,1:00,1:30,"KL, KG, DK",Picnic Grounds,PICR3,-,-,"-	",-,-,
,2021-05-21T00:00:00Z,1:30,2:30,"KL, KG",Picnic Grounds,PICR3,TRES,-,"4/5	",-,-,
,2021-05-28T00:00:00Z,0:30,1:30,KL KG,Picnic Grounds,PICR3,TRES,1 in,"4/18	",4W,-,-
,2021-06-04T00:00:00Z,0:45,1:30,"KL, KG",Picnic Grounds,PICR3,TRES,1 in,"4/35	",3W,-,Has loggers
,2021-06-11T00:00:00Z,2:10,3:00,KL KG POK,Picnic Grounds,PICR3,TRES,1 in 1 near,"4/20	",1W,3,"WC: 7,6,8 first measure"
,2021-06-18T00:00:00Z,23:20,0:30,KL KG,Picnic Grounds,PICR3,TRES,2 near,"4/12	",1,3,"WC: 25,30,32"
,2021-06-18T00:00:00Z,23:20,0:30,KL KG,Picnic Grounds,PICR3,TRES,2 near,"4/12	",1,3,"WC: 25,30,32"
,2021-06-23T00:00:00Z,2:30,2:50,KL KG,Picnic Grounds,PICR3,TRES,2 near,"4/12	",1W,3,banded nest!
,2021-06-23T00:00:00Z,2:30,2:50,KL KG,Picnic Grounds,PICR3,TRES,2 near,"4/12	",1W,3,banded nest!
,2021-06-23T00:00:00Z,2:30,2:50,KL KG,Picnic Grounds,PICR3,TRES,2 near,"4/12	",1W,3,banded nest!
,2021-06-25T00:00:00Z,2:00,2:45,"KL, KG",Picnic Grounds,PICR3,TRES,1 near,"Skipped	",Skipped,Skipped,Nothing audible from outside
,2021-07-02T00:00:00Z,1:30,2:00,"KL, KG",Picnic Grounds,PICR3,Skipped,-,"Skipped	",Skipped,Skipped,Skip 1
,2021-07-09T00:00:00Z,0:15,0:45,"KL, KG",Picnic Grounds,PICR3,TRES,-,"4/20	",-,-,Removed loggers
,2022-03-15T00:00:00Z,2:01,2:45,"KL, CP, IS",Picnic Grounds,PICR3,-,-,"-	",-,-,
,2022-03-23T00:00:00Z,1:20,1:49,KG RS,Picnic Grounds,PICR3,TRES?,3 near,"0	",-,-,-
,2022-03-29T00:00:00Z,0:19,3:00,YW,Picnic Grounds,PICR3,WEBL,1on male UK/or:SV/or,"-	",-,-,
,2022-04-05T00:00:00Z,1:45,2:15,KL,Picnic Grounds,PICR3,WEBL,-,"3	",-,-,
,2022-04-12T00:00:00Z,3:30,3:45,"KL, VW",Picnic Grounds,PICR3,TRES,2 near,"3/0	",-,-,
,2022-04-19T00:00:00Z,3:40,4:00,KG VW,Picnic Grounds,PICR3,TRES,2 near,"3/4	",-,-,-
,2022-04-26T00:00:00Z,3:50,4:00,KG VW PGG,Picnic Grounds,PICR3,TRES,-,"4/5	",3A,-,tiny cup in nest !
,2022-05-05T00:00:00Z,3:10,3:45,KG MZ,Picnic Grounds,PICR3,TRES,2,"4/6	",5W,-,loggers now
,2022-05-12T00:00:00Z,,,KG PGG,Picnic Grounds,PICR3,TRES,1 female in,"4/7	",1W,4,"WC: 5,6 —> skipped M1 because they hatched today! :)"
,2022-05-19T00:00:00Z,,,VW CP,Picnic Grounds,PICR3,TRES,2 IN,"4/8	",-,5,
,2022-05-24T00:00:00Z,,,KL VW,Picnic Grounds,PICR3,TRES,-,"4/5	",-,5,
,2022-05-31T00:00:00Z,,,VW KG PGG,Picnic Grounds,PICR3,TRES,-,"-	",-,2 poking their heads out. Too cute to exist.,
,2022-06-07T00:00:00Z,,,CP,Picnic Grounds,PICR3,WEBL,0,"4	",0,0,Post-fledge
,2022-06-14T00:00:00Z,,,KL,Picnic Grounds,PICR3,-,-,"-	",-,-,
,2022-06-21T00:00:00Z,,,KL,Picnic Grounds,PICR3,-,-,"-	",-,-,
,2022-06-30T00:00:00Z,,,VW YW,Picnic Grounds,PICR3,-,-,"-	",-,-,
,2022-07-06T00:00:00Z,,,KL,Picnic Grounds,PICR3,-,-,"-	",-,-,
,2022-07-12T00:00:00Z,,,KL,Picnic Grounds,PICR3,-,-,"-	",-,-,
,2022-07-21T00:00:00Z,,,KG,Picnic Grounds,PICR3,-,-,"-	",-,-,old nest cleared out
,2022-07-27T00:00:00Z,,,KL,Picnic Grounds,PICR3,-,-,"-	",-,-,
,2023-04-01T00:00:00Z,3:48,16:15,KL,Picnic Grounds,PICR3,WEBL,-,"2	",-,-,
,2023-04-04T00:00:00Z,0:59,1:10,"KL, YZ, RK",Picnic Grounds,PICR3,WEBL,-,"1	",-,-,
,2023-04-11T00:00:00Z,1:27,1:49,"RK, YZ",Picnic Grounds,PICR3,WEBL,2 nearby,"1	",-,-,
,2023-04-18T00:00:00Z,0:38,0:55,RK,Picnic Grounds,PICR3,TRES,1 nearby,"3/3	",-,-,
,2023-04-25T00:00:00Z,0:16,0:45,RK,Picnic Grounds,PICR3,WEBL,1 nearby,"4	",0,-,
,2023-05-02T00:00:00Z,1:30,1:35,YZ,Picnic Grounds,PICR3,WEBL,-,"4	",0,0,
,2023-05-09T00:00:00Z,0:00,0:19,YZ,Picnic Grounds,PICR3,TRES,2 on top,"4/5	",0,0,
,2023-05-16T00:00:00Z,23:45,0:15,RK,Picnic Grounds,PICR3,TRES,"2; 1 on top of box, 1 inside box","4/15	",0,0,
,2023-06-01T00:00:00Z,3:30,3:40,YZ,Picnic Grounds,PICR3,TRES,1 nearby,"4/20	",5W,0,
,2023-06-06T00:00:00Z,,,KL,Picnic Grounds,PICR3,TRES,2 in,"4/20	",-,4,
,2023-06-29T00:00:00Z,0:40,0:47,"RK, YZ",Picnic Grounds,PICR3,TRES,1 near,"4/20	",0,0,
,2021-04-15T00:00:00Z,7:08,8:00,KL KG,Picnic Grounds,PICR4,WEBL,1 female,"0.25	",-,-,One female nearby
,2021-04-22T00:00:00Z,1:45,2:15,"KL, KG",Picnic Grounds,PICR4,WEBL,1 nea,"4	",1C,-,1 feather
,2021-04-29T00:00:00Z,2:15,2:45,"KL, KG",Picnic Grounds,PICR4,WEBL,1 female near,"4	",6W,-,-
,2021-05-07T00:00:00Z,5:30,6:00,"KL, KG",Picnic Grounds,PICR4,WEBL,-,"4	",6W,-,loggers placed
,2021-05-14T00:00:00Z,1:00,1:30,"KL, KG, DK",Picnic Grounds,PICR4,WEBL,-,"4	",-,6,"WC: 9,10,10,9,10,9 measure 1"
,2021-05-21T00:00:00Z,1:30,2:30,"KL, KG",Picnic Grounds,PICR4,WEBL,1 near,"4	",-,4,Measure week 2
,2021-05-27T00:00:00Z,1:15,1:35,KL KG,Picnic Grounds,PICR4,WEBL,2 near,"4	",-,4,banded!
,2021-05-27T00:00:00Z,1:15,1:35,KL KG,Picnic Grounds,PICR4,WEBL,2 near,"4	",-,4,banded!
,2021-05-28T00:00:00Z,0:30,1:30,KL KG,Picnic Grounds,PICR4,WEBL,2 adults,"Skipped	",Skipped,Skipped,skipped week 1
,2021-06-04T00:00:00Z,0:45,1:30,"KL, KG",Picnic Grounds,PICR4,WEBL,-,"Skipped	",Skipped,Skipped,Skip 2; loggers
,2021-06-11T00:00:00Z,2:15,3:30,"KL, KG",Picnic Grounds,PICR4,WEBL,-,"4	",-,-,Removed loggers
,2021-06-18T00:00:00Z,23:30,0:30,"KL, KG",Picnic Grounds,PICR4,WEBL,-,"4	",-,-,
,2021-06-25T00:00:00Z,2:00,2:45,"KL, KG",Picnic Grounds,PICR4,WEBL,-,"4	",-,-,
,2021-07-02T00:00:00Z,1:30,2:00,"KL, KG",Picnic Grounds,PICR4,WEBL,-,"4	",-,-,
,2021-07-09T00:00:00Z,0:15,0:45,"KL, KG",Picnic Grounds,PICR4,WEBL,1 on,"4	",-,-,
,2022-03-15T00:00:00Z,2:01,2:45,"KL, CP, IS",Picnic Grounds,PICR4,-,-,"-	",-,-,
,2022-03-19T00:00:00Z,0:00,3:00,YW,Picnic Grounds,PICR4,WEBL,2on,"1	",-,-,
,2022-03-23T00:00:00Z,1:20,1:49,KG RS,Picnic Grounds,PICR4,TRES?,2 near,"0.5	",-,-,-
,2022-04-05T00:00:00Z,1:45,2:15,KL,Picnic Grounds,PICR4,WEBL,-,"2	",-,-,
,2022-04-12T00:00:00Z,3:30,3:45,"KL, VW",Picnic Grounds,PICR4,TRES,-,"4/0	",-,-,
,2022-04-19T00:00:00Z,3:40,16:00,VW KG,Picnic Grounds,PICR4,WEBL,-,"4	",5W,-,loggers added
,2022-04-26T00:00:00Z,3:50,4:00,KG CW PGG,Picnic Grounds,PICR4,WEBL,-,"4	",5W,-,loggers
,2022-05-05T00:00:00Z,3:15,3:45,KG MZ,Picnic Grounds,PICR4,WEBL,1 near,"4	",1C,4,"WC: 8,8,8,7"
,2022-05-12T00:00:00Z,,,KG PGG,Picnic Grounds,PICR4,WEBL,1 male near,"4	",-,4,-
,2022-05-18T00:00:00Z,,,KG KL CP,Picnic Grounds,PICR4,WEBL,2 near,"4	",-,4,CRAZY jumpy baby!!!!! pink ? jumped out of nest 3+ times - both parents around “mobbing” baby ? interacting w baby- swainsons hawk near and almost took an opportunity ! scary !
,2022-05-24T00:00:00Z,,,VW,Picnic Grounds,PICR4,TRES?,1 NEAR,"-	",-,-,didn't hear babies p
,2022-06-07T00:00:00Z,,,CP,Picnic Grounds,PICR4,WEBL,"1 WEBL male and 1 WEBL female near, 2 WEBL fledglings (SV/GY, OR/GY) next to them :)","4	",0,0,New nesting material over old nest
,2022-06-14T00:00:00Z,,,KL,Picnic Grounds,PICR4,WEBL,1 in,"4	",4W,-,
,2022-06-21T00:00:00Z,,,KL,Picnic Grounds,PICR4,WEBL,2 near,"4	",5W,-,
,2022-06-30T00:00:00Z,,,KL,Picnic Grounds,PICR4,WEBL,1 in 1 near,"4	",-,5,
,2022-07-06T00:00:00Z,,,KL,Picnic Grounds,PICR4,WEBL,3 nearby,"4	",-,5,
,2022-07-12T00:00:00Z,,,KL,Picnic Grounds,PICR4,WEBL,2 near,"4	",-,5,"Banded & bled, battery replaced"
,2022-07-21T00:00:00Z,,,KG,Picnic Grounds,PICR4,Skipped,-,"-	",-,-,nothing heard
,2022-07-27T00:00:00Z,,,KL,Picnic Grounds,PICR4,WEBL,-,"4	",-,-,
,2023-04-11T00:00:00Z,,,KL,Picnic Grounds,PICR4,-,-,"-	",-,-,New box
,2023-04-18T00:00:00Z,0:42,0:55,RK,Picnic Grounds,PICR4,TRES,-,"1/2	",-,-,
,2023-05-02T00:00:00Z,1:34,1:35,YZ,Picnic Grounds,PICR4,WEBL,2 nearby,"4	",3C,0,
,2023-05-08T00:00:00Z,0:02,0:19,YZ,Picnic Grounds,PICR4,WEBL,1 inside,"4	",6W,0,
,2023-05-16T00:00:00Z,23:47,0:15,RK,Picnic Grounds,PICR4,WEBL,0,"4	",6W,0,
,2023-06-01T00:00:00Z,3:30,3:59,RK,Picnic Grounds,PICR4,TRES,0,"4/20	",0,5,
,2023-06-29T00:00:00Z,0:40,0:45,"RK, YZ",Picnic Grounds,PICR4,WEBL,2 near,"4	",4W,0,Already has loggers
,2023-07-04T00:00:00Z,,,KL,Picnic Grounds,PICR4,WEBL,2 near,"4	",5W,-,
,2023-07-11T00:00:00Z,,,KL,Picnic Grounds,PICR4,WEBL,1 in,"4	",5W,-,Come back Thursday?
,2023-07-13T00:00:00Z,23:27,23:30,"KL, RK, YZ",Picnic Grounds,PICR4,WEBL,"1 inside, 1 nearby","4	",5,0,Possible heat kill
,2021-04-15T00:00:00Z,7:10,8:00,KL KG,Picnic Grounds,PICR5,WEBL,-,"2	",-,-,-
,2021-04-22T00:00:00Z,1:45,2:15,"KL, KG",Picnic Grounds,PICR5,WEBL,-,"1	",-,-,-
,2021-04-29T00:00:00Z,2:15,2:45,"KL, KG",Picnic Grounds,PICR5,WEBL?,-,"1	",-,-,-
,2021-05-07T00:00:00Z,5:30,6:00,"KL, KG",Picnic Grounds,PICR5,WEBL,-,"1	",-,-,
,2021-05-14T00:00:00Z,1:00,1:30,"KL, KG, DK",Picnic Grounds,PICR5,TRES,-,"4/7	",-,-,
,2021-05-21T00:00:00Z,1:20,2:20,KL KG,Picnic Grounds,PICR5,TRES,-,"4/12	",-,-,abandoned ?
,2021-05-21T00:00:00Z,1:20,2:20,KL KG,Picnic Grounds,PICR5,TRES,-,"4/12	",-,-,abandoned ?
,2021-05-28T00:00:00Z,0:30,1:30,KL KG,Picnic Grounds,PICR5,TRES,-,"4/18	",-,-,abandoned ?
,2021-06-04T00:00:00Z,0:45,1:30,"KL, KG",Picnic Grounds,PICR5,TRES,-,"4/5	",-,-,TRES over WEBL nest
,2021-06-11T00:00:00Z,2:15,3:00,"KL, KG",Picnic Grounds,PICR5,TRES,-,"4/5	",-,-,
,2021-06-18T00:00:00Z,23:30,0:30,"KL, KG",Picnic Grounds,PICR5,TRES,-,"4/7	",-,-,
,2021-06-25T00:00:00Z,2:00,2:45,"KL, KG",Picnic Grounds,PICR5,TRES,-,"4/5	",-,-,
,2021-07-02T00:00:00Z,1:30,2:00,"KL, KG",Picnic Grounds,PICR5,TRES,-,"4/5	",-,-,
,2021-07-09T00:00:00Z,0:15,0:45,"KL, KG",Picnic Grounds,PICR5,-,-,"4/3	",-,-,
,2022-03-15T00:00:00Z,2:01,2:45,"KL, CP, IS",Picnic Grounds,PICR5,WEBL,-,"1	",-,-,
,2022-03-23T00:00:00Z,1:20,1:49,KG RS,Picnic Grounds,PICR5,TRES?,-,"0	",-,-,-
,2022-03-29T00:00:00Z,0:00,3:00,YW,Picnic Grounds,PICR5,TRES,1on 1in,"1/1	",-,-,
,2022-04-05T00:00:00Z,1:45,2:15,KL,Picnic Grounds,PICR5,TRES,2 on,"3/1	",-,-,
,2022-04-12T00:00:00Z,3:30,3:45,"KL, VW",Picnic Grounds,PICR5,TRES,2 near,"4/2	",-,-,
,2022-04-19T00:00:00Z,3:40,4:00,KG VW,Picnic Grounds,PICR5,TRES,-,"4/7	",-,-,-
,2022-05-05T00:00:00Z,3:15,3:45,KG MZ,Picnic Grounds,PICR5,TRES,2 near,"4/4	",6W,-,-
,2022-05-18T00:00:00Z,,,"KL, KG, CP",Picnic Grounds,PICR5,TRES,1 near,"4/10	",-,6,
,2022-05-24T00:00:00Z,,,VW,Picnic Grounds,PICR5,TRES,1 MOBBING,"4/3	",-,6,
,2022-05-31T00:00:00Z,,,KG PGG VW,Picnic Grounds,PICR5,TRES,2 in,"4/12	",-,5? big nestlings,did not measure WC- skip next week for sure
,2022-06-07T00:00:00Z,,,CP,Picnic Grounds,PICR5,-,-,"-	",-,-,
,2022-06-14T00:00:00Z,,,KL,Picnic Grounds,PICR5,TRES,1 in,"4/10	",3A,-,Add loggers next week
,2022-06-21T00:00:00Z,,,VW YW,Picnic Grounds,PICR5,TRES,1 ON,"4/6	",4W,-,
,2022-06-30T00:00:00Z,,,VW KL YW,Picnic Grounds,PICR5,TRES,2 in,"4/8	",-,4,-
,2022-07-06T00:00:00Z,,,SM KL,Picnic Grounds,PICR5,TRES,1 nearby,"4/5	",-,4,
,2022-07-12T00:00:00Z,,,KL,Picnic Grounds,PICR5,TRES,-,"4/10	",-,4,
,2022-07-21T00:00:00Z,,,KG,Picnic Grounds,PICR5,skipped,-,"-	",-,-,nothing heard
,2022-07-27T00:00:00Z,,,KL,Picnic Grounds,PICR5,TRES,-,"4/10	",-,-,Cleaned out nest
,2023-04-01T00:00:00Z,3:48,16:15,KL,Picnic Grounds,PICR5,-,-,"-	",-,-,
,2023-04-04T00:00:00Z,1:00,1:10,"KL, RK, YZ",Picnic Grounds,PICR5,TRES,2,"0	",0,0,
,2023-04-11T00:00:00Z,,,KL,Picnic Grounds,PICR5,TRES,1 on,"-	",-,-,
,2023-04-18T00:00:00Z,0:43,0:55,"YZ, RK",Picnic Grounds,PICR5,TRES,3 nearby,"1/1	",-,-,
,2023-05-02T00:00:00Z,,,KL,Picnic Grounds,PICR5,WEBL,-,"3	",-,-,
,2023-05-08T00:00:00Z,0:06,0:19,YZ,Picnic Grounds,PICR5,TRES,"1 on top, 1 inside","4/15	",2A,0,
,2023-05-16T00:00:00Z,23:50,0:15,RK,Picnic Grounds,PICR5,TRES,4 nearby,"4/20	",6W,0,
,2023-06-01T00:00:00Z,3:34,3:59,RK,Picnic Grounds,PICR5,TRES,0,"4/25	",2,4,
,2021-04-15T00:00:00Z,7:13,8:00,KL KG,Picnic Grounds,PICR6,WEBL,-,"2.5	",-,-,One nearby
,2021-04-22T00:00:00Z,1:15,2:00,KL KG,Picnic Grounds,PICR6,WEBL,-,"1.75	",-,-,large cup formed but bottom of nest not covered
,2021-04-29T00:00:00Z,2:15,2:45,KL KG,Picnic Grounds,PICR6,TRES,2 near,"1.5	",-,-,-
,2021-05-07T00:00:00Z,4:55,5:30,KL KG,Picnic Grounds,PICR6,TRES,2 near,"4/8	",-,-,-
,2021-05-14T00:00:00Z,0:55,1:30,KL KG DK,Picnic Grounds,PICR6,TRES,1 near,"4/12	",2C,-,-
,2021-05-21T00:00:00Z,1:30,2:30,"KL, KG",Picnic Grounds,PICR6,TRES,-,"4/15	",2C,-,
,2021-05-28T00:00:00Z,0:45,1:15,"KL, KG",Picnic Grounds,PICR6,TRES,-,"4/15	",2C,-,Abandoned- remove eggs next week
,2021-06-04T00:00:00Z,0:45,1:30,"KL, KG",Picnic Grounds,PICR6,TRES,-,"3/8	",2C,-,Abandoned- eggs removed
,2021-06-11T00:00:00Z,2:15,3:00,"KL, KG",Picnic Grounds,PICR6,TRES,-,"4/12	",-,-,
,2021-06-18T00:00:00Z,23:30,0:30,"KL, KG",Picnic Grounds,PICR6,TRES,-,"4/10	",-,-,
,2021-06-25T00:00:00Z,2:00,2:45,"KL, KG",Picnic Grounds,PICR6,TRES,-,"4/5	",-,-,
,2021-07-02T00:00:00Z,1:30,2:00,"KL, KG",Picnic Grounds,PICR6,TRES,-,"4/5	",-,-,
,2021-07-09T00:00:00Z,0:15,0:45,"KL, KG",Picnic Grounds,PICR6,-,-,"4/5	",-,-,
,2022-03-15T00:00:00Z,2:01,2:45,"KL, CP, IS",Picnic Grounds,PICR6,-,-,"-	",-,-,
,2022-03-23T00:00:00Z,1:20,1:49,KG RS,Picnic Grounds,PICR6,TRES,1 on 1 in,"0	",-,-,-
,2022-03-29T00:00:00Z,0:15,0:45,KG CP,Picnic Grounds,PICR6,TRES?,4 near loud,"0.5	",-,-,-
,2022-04-05T00:00:00Z,1:45,2:15,KL,Picnic Grounds,PICR6,TRES,1 on 1 near,"2/2	",-,-,
,2022-04-12T00:00:00Z,3:30,3:45,"KL, VW",Picnic Grounds,PICR6,TRES,-,"2/3	",-,-,
,2022-04-19T00:00:00Z,3:40,4:00,KG VW,Picnic Grounds,PICR6,TRES,-,"4/6	",-,-,-
,2022-05-01T00:00:00Z,4:00,4:30,KG,Picnic Grounds,PICR6,TRES,1 on 1 flying,"4/8	",3C,-,loggers next week!
,2022-05-05T00:00:00Z,3:15,3:45,KG MZ,Picnic Grounds,PICR6,TRES?,-,"3	",-,-,-
,2022-05-18T00:00:00Z,,,"KL, KG, CP",Picnic Grounds,PICR6,WEBL,-,"3	",-,-,
,2022-05-24T00:00:00Z,,,VW KL,Picnic Grounds,PICR6,TRES,-,"3/2	",-,-,
,2022-05-31T00:00:00Z,,,VW KG PGG,Picnic Grounds,PICR6,-,-,"4/3	",-,-,
,2022-06-07T00:00:00Z,,,CP,Picnic Grounds,PICR6,TRES,2 WEBL near (M and F),"4/3	",0,0,
,2022-06-14T00:00:00Z,,,KL,Picnic Grounds,PICR6,WEBL,-,"4	",-,-,
,2022-06-21T00:00:00Z,,,VW YW,Picnic Grounds,PICR6,WEBL,1 on,"4	",-,-,
,2022-06-28T00:00:00Z,,,KG VW PGG,Picnic Grounds,PICR6,TRES,-,"4/4	",-,-,-
,2022-06-30T00:00:00Z,,,VW YW,Picnic Grounds,PICR6,WEBL,-,"4	",-,-,yanshu and I fight with two wasps and won :)
,2022-07-06T00:00:00Z,,,SM KL,Picnic Grounds,PICR6,TRES?,-,"4/2	",-,-,
,2022-07-12T00:00:00Z,,,KL,Picnic Grounds,PICR6,WEBL,-,"4	",-,-,
,2022-07-21T00:00:00Z,,,KG,Picnic Grounds,PICR6,TRES,-,"4/4	",-,-,old nest
,2022-07-27T00:00:00Z,,,KL,Picnic Grounds,PICR6,WEBL,-,"3	",-,-,Cleaned out old nest
,2023-04-01T00:00:00Z,3:48,4:15,KL,Picnic Grounds,PICR6,WEBL,2 on,"-	",-,-,
,2023-04-04T00:00:00Z,1:04,1:10,"KL, YZ, RK",Picnic Grounds,PICR6,WEBL,"2 adults, 1 male and one female WEBL","0	",-,-,"2 WEBL sitting on top of box, 3 TRES nearby"
,2023-04-11T00:00:00Z,,,KL,Picnic Grounds,PICR6,WEBL,1 near,"1	",-,-,
,2023-04-18T00:00:00Z,,,KL,Picnic Grounds,PICR6,WEBL,1 on,"1	",-,-,
,2023-05-02T00:00:00Z,,,KL,Picnic Grounds,PICR6,TRES,1 in,"1/0	",-,-,
,2023-05-09T00:00:00Z,0:06,0:30,RK,Picnic Grounds,PICR6,TRES,"1 female inside, flew out","4/25	",2A,0,
,2023-05-16T00:00:00Z,23:53,0:15,RK,Picnic Grounds,PICR6,TRES,"4 Nearby, 1 female on nest","4/20	",6W,0,
,2023-06-01T00:00:00Z,,,KL,Picnic Grounds,PICR6,TRES,1 near,"4/35	",-,6,"Older babies, skip next week"
,2021-04-15T00:00:00Z,7:14,8:00,KL KG,Picnic Grounds,PICR7,TRES,1 nearby,"2.5/5	",-,-,one getting very close nearby!
,2021-04-22T00:00:00Z,1:15,2:00,KL KG,Picnic Grounds,PICR7,TRES,2 near,"4/10	",-,-,-
,2021-04-29T00:00:00Z,2:15,2:45,KL KG,Picnic Grounds,PICR7,TRES,1 in 1 out,"4/10	",-,-,2 TRES very active around me
,2021-05-07T00:00:00Z,4:55,5:30,KL KG,Picnic Grounds,PICR7,TRES,1 near,"4/14	",-,-,-
,2021-05-14T00:00:00Z,0:55,1:30,KL KG DK,Picnic Grounds,PICR7,TRES,-,"4/10	",-,-,Lots of poop on top of box
,2021-05-21T00:00:00Z,1:30,2:30,"KL, KG",Picnic Grounds,PICR7,TRES,-,"4/5	",-,-,
,2021-05-28T00:00:00Z,1:15,2:00,KL KG NB,Picnic Grounds,PICR7,skipped,skipped,"skipped	",skipped,skipped,skipped
,2021-05-28T00:00:00Z,0:45,1:15,"KL, KG",Picnic Grounds,PICR7,TRES,-,"4/15	",-,-,
,2021-06-04T00:00:00Z,0:45,1:30,"KL, KG",Picnic Grounds,PICR7,TRES,-,"4/10	",-,-,
,2021-06-11T00:00:00Z,2:10,3:00,KL KG POK,Picnic Grounds,PICR7,TRES,-,"4/10	",-,-,-
,2021-06-18T00:00:00Z,23:20,0:30,KL KG,Picnic Grounds,PICR7,-,-,"4/6	",-,-,-
,2021-06-18T00:00:00Z,23:20,0:30,KL KG,Picnic Grounds,PICR7,-,-,"4/6	",-,-,-
,2021-06-25T00:00:00Z,2:15,3:00,KL KG,Picnic Grounds,PICR7,TRES,-,"4/20	",-,-,-
,2021-06-25T00:00:00Z,2:15,3:00,KL KG,Picnic Grounds,PICR7,TRES,-,"4/20	",-,-,-
,2021-07-02T00:00:00Z,1:30,2:00,"KL, KG",Picnic Grounds,PICR7,TRES,-,"4/5	",-,-,
,2021-07-09T00:00:00Z,0:15,0:45,"KL, KG",Picnic Grounds,PICR7,-,-,"4/5	",-,-,
,2022-03-15T00:00:00Z,2:01,2:45,"KL, CP, IS",Picnic Grounds,PICR7,-,-,"-	",-,-,
,2022-03-23T00:00:00Z,1:20,1:49,KG RS,Picnic Grounds,PICR7,TRES,1 on,"0	",-,-,-
,2022-04-05T00:00:00Z,1:45,2:15,KL,Picnic Grounds,PICR7,WEBL,-,"1	",-,-,
,2022-04-12T00:00:00Z,3:30,3:45,"KL, VW",Picnic Grounds,PICR7,TRES,1 in 1 near,"1/3	",-,-,
,2022-04-19T00:00:00Z,3:40,4:00,KG VW,Picnic Grounds,PICR7,TRES,2 near,"4/7	",-,-,-
,2022-04-26T00:00:00Z,3:50,16:00,PGG VW,Picnic Grounds,PICR7,TRES,1 WEBL,"4/5	",-,-,
,2022-05-01T00:00:00Z,4:00,4:30,KG,Picnic Grounds,PICR7,TRES,-,"4/9	",2A,-,loggers next week?
,2022-05-05T00:00:00Z,3:14,3:15,MZ,Picnic Grounds,PICR7,TRES,NA,"4-6	",3C,-,
,2022-05-18T00:00:00Z,,,"KL, KG, CP",Picnic Grounds,PICR7,WEBL,2 near,"4	",3W,-,
,2022-05-24T00:00:00Z,,,VW KL,Picnic Grounds,PICR7,WEBL,1 IN 1 NEAR,"4	",3W,2,
,2022-05-31T00:00:00Z,,,KG PGG VW,Picnic Grounds,PICR7,WEBL,1 near,"4	",-,2,-
,2022-06-07T00:00:00Z,,,CP,Picnic Grounds,PICR7,-,-,"-	",-,-,
,2022-06-14T00:00:00Z,,,VW,Picnic Grounds,PICR7,WEBL,-,"4	",1C,-,-
,2022-06-21T00:00:00Z,,,VW YW,Picnic Grounds,PICR7,WEBL,-,"4	",1,-,door opened when we got there
,2022-06-30T00:00:00Z,,,VW YW,Picnic Grounds,PICR7,WEBL,-,"4	",2C,-,One fledgling on
,2022-07-06T00:00:00Z,,,SM KL,Picnic Grounds,PICR7,WEBL,-,"4	",2 C,-,Eggs are a bit pale and have poop? on them
,2022-07-12T00:00:00Z,,,KL,Picnic Grounds,PICR7,WEBL,-,"4	",-,-,
,2022-07-21T00:00:00Z,,,KG,Picnic Grounds,PICR7,TRES,-,"4/4	",-,-,old nest
,2022-07-27T00:00:00Z,,,KL,Picnic Grounds,PICR7,WEBL,1 on,"4	",2A,-,
,2023-04-01T00:00:00Z,3:48,4:30,KL,Picnic Grounds,PICR7,-,-,"-	",-,-,
,2023-04-04T00:00:00Z,1:04,1:10,"KL, RK, YZ",Picnic Grounds,PICR7,TRES,2 adults standing on box,"0	",0,0,
,2023-04-11T00:00:00Z,,,KL,Picnic Grounds,PICR7,-,-,"-	",-,-,
,2023-04-18T00:00:00Z,,,KL,Picnic Grounds,PICR7,WEBL,1 on 1 near,"1	",-,-,
,2023-04-25T00:00:00Z,0:22,0:30,YZ,Picnic Grounds,PICR7,TRES,1 nearby,"3/0	",0,0,
,2023-05-02T00:00:00Z,,,KL,Picnic Grounds,PICR7,WEBL,-,"4	",1C,-,
,2023-05-09T00:00:00Z,0:00,0:30,RK,Picnic Grounds,PICR7,WEBL,1 female inside,"4	",5W,0,
,2023-05-16T00:00:00Z,23:56,0:15,RK,Picnic Grounds,PICR7,WEBL,"1 inside, flew out","4	",5W,0,
,2023-06-01T00:00:00Z,,,KL,Picnic Grounds,PICR7,WEBL,1 on,"4	",-,5,"Older babies, skip next week"
,2023-06-16T00:00:00Z,0:30,,YZ,Picnic Grounds,PICR7,WEBL,0,"4	",0,0,
,2021-04-15T00:00:00Z,7:17,8:00,KL KG,Picnic Grounds,PICR8,WEBL,-,"4	",5A,-,-
,2021-04-22T00:00:00Z,1:45,2:15,"KL, KG",Picnic Grounds,PICR8,WEBL,1 in,"4	",5W,-,Hobos added
,2021-04-29T00:00:00Z,2:15,2:45,KL KG,Picnic Grounds,PICR8,WEBL,1 in 1 out,"4	",1,4,WOW!! Looks a few days old- took video! so magnificent- 2 WEBL parents very annoyed clicking at me
,2021-05-07T00:00:00Z,4:55,5:30,KL KG,Picnic Grounds,PICR8,WEBL,1 out 1 near,"4	",-,4,"WC: 34,33,29,30"
,2021-05-11T00:00:00Z,5:00,5:30,KL,Picnic Grounds,PICR8,WEBL,1 in,"4	",-,4,Banded
,2021-05-21T00:00:00Z,1:20,2:20,KL KG,Picnic Grounds,PICR8,WEBL,-,"Skipped	",Skipped,Skipped,skipped
,2021-05-28T00:00:00Z,0:45,1:00,"KL, KG",Picnic Grounds,PICR8,WEBL,-,"4	",-,-,No dead nestlings near or in box
,2021-05-28T00:00:00Z,1:20,2:20,KL KG,Picnic Grounds,PICR8,WEBL,-,"-	",-,-,skipped
,2021-06-04T00:00:00Z,0:40,2:00,KL KG,Picnic Grounds,PICR8,WEBL,-,"4	",-,-,first check after skips- no new nest
,2021-06-11T00:00:00Z,2:10,3:00,KL KG,Picnic Grounds,PICR8,WEBL,-,"4	",-,-,-
,2021-06-18T00:00:00Z,23:20,0:30,KL KG,Picnic Grounds,PICR8,-,-,"4	",-,-,empty
,2021-06-25T00:00:00Z,2:15,3:00,KL KG,Picnic Grounds,PICR8,WEBL,-,"4	",-,-,-
,2021-06-25T00:00:00Z,2:15,3:00,KL KG,Picnic Grounds,PICR8,WEBL,-,"4	",-,-,-
,2021-07-02T00:00:00Z,1:25,2:00,KL KG,Picnic Grounds,PICR8,TRES,-,"4/4	",-,-,-
,2022-03-15T00:00:00Z,2:00,2:30,"KL, IS, CP",Picnic Grounds,PICR8,-,-,"-	",-,-,"6 poops in box, one TRES overhead"
,2022-03-23T00:00:00Z,1:20,1:49,KG RS,Picnic Grounds,PICR8,WEBL?,-,"-	",-,-,-
,2022-03-29T00:00:00Z,0:15,0:45,KG,Picnic Grounds,PICR8,WEBL,Male and female on box UB,"2	",-,-,
,2022-04-05T00:00:00Z,1:45,2:15,KL,Picnic Grounds,PICR8,TRES,1 near,"2/0	",-,-,
,2022-04-12T00:00:00Z,3:19,3:40,VwlW,Picnic Grounds,PICR8,TRES,2 on,"2/2	",-,-,
,2022-04-19T00:00:00Z,3:40,16:00,VW,Picnic Grounds,PICR8,TRES,-,"4/8	",-,-,
,2022-04-26T00:00:00Z,4:06,4:10,BW,Picnic Grounds,PICR8,TRES,-,"4/5	",4A,-,
,2022-05-01T00:00:00Z,4:00,4:30,KG,Picnic Grounds,PICR8,WEBL,1 dead,"3	",-,-,1 unbanded female dead in nest :(( face looked smashed
,2022-05-05T00:00:00Z,3:44,3:45,KG MZ,Picnic Grounds,PICR8,TRES,1 near,"4-6	",5W,-,
,2022-05-12T00:00:00Z,,,KG PGG,Picnic Grounds,PICR8,TRES,1 near,"4/6	",-,5,newly hatched
,2022-05-19T00:00:00Z,,,"KL, CP, VW",Picnic Grounds,PICR8,TRES,2 in,"4/15	",-,5,
,2022-05-24T00:00:00Z,,,KL VW,Picnic Grounds,PICR8,TRES,1 IN,"4/6	",-,5,
,2022-05-31T00:00:00Z,,,"KG, VW, PGG",Picnic Grounds,PICR8,TRES,0,"skipped	",-,-,“remove loggers” BUT —> no loggers on box? one baby sticking head out so we skipped!
,2022-06-07T00:00:00Z,,,KL,Picnic Grounds,PICR8,TRES,-,"4/2	",-,-,1 dead chick- red paint; loggers already removed (?); cleaned out nest
,2022-06-14T00:00:00Z,,,KL,Picnic Grounds,PICR8,TRES,2 in,"1/0	",-,-,
,2022-06-21T00:00:00Z,,,VW YW,Picnic Grounds,PICR8,WEBL,-,"1	",-,-,
,2022-06-30T00:00:00Z,,,VW YW,Picnic Grounds,PICR8,WEBL,-,"3	",-,-,
,2022-07-06T00:00:00Z,,,KL,Picnic Grounds,PICR8,WEBL,-,"3	",-,-,
,2022-07-12T00:00:00Z,,,VW,Picnic Grounds,PICR8,WEBL,-,"3	",-,-,
,2022-07-21T00:00:00Z,,,KG,Picnic Grounds,PICR8,WEBL,-,"4	",-,-,old nest
,2022-07-27T00:00:00Z,,,KL,Picnic Grounds,PICR8,WEBL,-,"3	",-,-,
,2021-04-15T00:00:00Z,7:21,8:00,KL KG,Picnic Grounds,PICR9,WEBL?,-,"0.1	",-,-,a few twigs
,2021-04-22T00:00:00Z,1:15,2:00,KL KG,Picnic Grounds,PICR9,TRES,"2 nearby, 1 in box","4/10	",-,-,-
,2021-04-29T00:00:00Z,2:15,2:45,"KL, KG",Picnic Grounds,PICR9,TRES,2 near,"4/6	",-,-,-
,2021-05-07T00:00:00Z,4:55,5:30,KL KG,Picnic Grounds,PICR9,TRES,1 in,"4/11	",5A,-,-
,2021-05-14T00:00:00Z,0:55,1:30,KL KG DK,Picnic Grounds,PICR9,TRES,1 in,"4/16	",5W,-,HOBOs added
,2021-05-21T00:00:00Z,1:20,3:19,KL KG,Picnic Grounds,PICR9,TRES,1 in,"4/12	",-,5,"measured first time WC:8,8,78"
,2021-05-28T00:00:00Z,0:30,1:30,KL KG,Picnic Grounds,PICR9,TRES,2 near,"4/7	",-,4,"WC: 34,32,15,26"
,2021-05-31T00:00:00Z,9:30,11:00,"KL, IS",Picnic Grounds,PICR9,TRES,2 near,"4/10	",-,3,Banded
,2021-06-04T00:00:00Z,0:40,2:00,KL KG,Picnic Grounds,PICR9,TRES,2 near,"skipped	",skipped,skipped,skipped; loggers
,2021-06-11T00:00:00Z,2:10,3:00,KL KG POK,Picnic Grounds,PICR9,skipped,skipped,"skipped	",skipped,skipped,skipped
,2021-06-18T00:00:00Z,23:20,0:30,KL KG,Picnic Grounds,PICR9,-,-,"4/8	",-,-,loggers and camera removed
,2021-06-18T00:00:00Z,23:20,0:30,KL KG,Picnic Grounds,PICR9,-,-,"4/8	",-,-,loggers and camera removed
,2021-07-02T00:00:00Z,1:25,2:00,KL KG,Picnic Grounds,PICR9,TRES,-,"4/8	",-,-,-
,2022-03-15T00:00:00Z,1:08,1:30,"KL, IS, CP",Picnic Grounds,PICR9,-,-,"-	",-,-,4 TRES swooping during check
,2022-07-21T00:00:00Z,,,KG,Picnic Grounds,PICR9,doesnt exist,-,"-	",-,-,-
,2022-07-13T00:00:00Z,,,KG VW,Russell Ranch,RRRG 28,-,-,"-	",-,-,empty
,2021-04-16T00:00:00Z,12:50,13:49,KL KG,Russell Ranch,RRRG1,TRES,2,"4/ 8	",2C,-,2 adults in and around box
,2021-04-23T00:00:00Z,2:45,3:30,KL KG,Russell Ranch,RRRG1,TRES,1 in 2 near,"4/8	",6W,-,"TRES clicking at me, HOBOS added"
,2021-04-30T00:00:00Z,0:30,1:00,"KL, KG",Russell Ranch,RRRG1,TRES,1 in 1 on,"4/10	",6W,-,2 TRES super aggresive
,2021-05-06T00:00:00Z,7:40,21:40,KL KG,Russell Ranch,RRRG1,TRES,2 near,"4	",-,6,"Measured all stats- logger in this box WC: 10, 11, 10, 8, 8, 10"
,2021-05-13T00:00:00Z,0:20,3:00,KL KG,Russell Ranch,RRRG1,TRES,2 near,"4/22	",-,5,"One so small, one gone: WC: 35,36,37,32"
,2021-05-24T00:00:00Z,0:30,2:15,"KL, KG, AK",Russell Ranch,RRRG1,TRES,"1 near, 1 on","Skipped	",Skipped,Skipped,Multiple TRES flying around box and entering- fledgelings?
,2021-05-27T00:00:00Z,23:45,1:00,KL KG,Russell Ranch,RRRG1,WEBL?,-,"4	",-,-,tree swallows fledge and gone- loggers removed and camera removed
,2021-06-03T00:00:00Z,0:00,1:00,"KL, KG",Russell Ranch,RRRG1,TRES,-,"4/3	",5W,-,Placed loggers
,2021-06-10T00:00:00Z,1:30,2:30,KL KG,Russell Ranch,RRRG1,TRES,1 in,"4/10	",5W,-,-
,2021-06-17T00:00:00Z,22:30,23:30,"KL, KG",Russell Ranch,RRRG1,TRES,"1 in, 1 near","4/7	",1W,4,"WC: 7,7,7,8"
,2021-06-24T00:00:00Z,23:30,1:00,KL KG,Russell Ranch,RRRG1,TRES,3 near,"4/8	",-,3,"first measure WC: 28,34, 23"
,2021-06-28T00:00:00Z,23:15,23:55,KL KG,Russell Ranch,RRRG1,TRES,1 near,"4/8	",-,3,banded!
,2021-07-01T00:00:00Z,23:45,0:30,"KL, KG",Russell Ranch,RRRG1,TRES,-,"Skipped	",Skipped,Skipped,
,2021-07-08T00:00:00Z,22:30,22:45,"KL, KG",Russell Ranch,RRRG1,TRES,-,"Skipped	",Skipped,Skipped,Nothing audible inside; skip 2
,2021-07-15T00:00:00Z,2:30,2:55,KG,Russell Ranch,RRRG1,TRES,-,"4/12	",-,-,loggers removed
,2022-03-15T00:00:00Z,3:00,3:45,"KL, CP, IS",Russell Ranch,RRRG1,TRES,"1 on, 1 in","-	",-,-,Broken box
,2022-03-23T00:00:00Z,23:40,0:19,KG RS,Russell Ranch,RRRG1,-,-,"-	",-,-,RRRG1-5 all down
,2022-03-29T00:00:00Z,1:30,2:00,"KG, YW, VW",Russell Ranch,RRRG1,TRES,"1 on, 1 in box","3	",-,-,
,2022-04-05T00:00:00Z,2:30,3:00,VW,Russell Ranch,RRRG1,TRES,3 NEAR 1on,"3/3	",-,-,
,2022-04-12T00:00:00Z,2:10,3:00,"KG, YW",Russell Ranch,RRRG1,TRES,1 in,"4	",3,-,
,2022-04-16T00:00:00Z,2:50,3:10,KG YW KL,Russell Ranch,RRRG1,TRES,2 near,"4/6	",5W,-,loggers added
,2022-04-19T00:00:00Z,23:40,0:00,VW KG,Russell Ranch,RRRG1,TRES,1 on 1 in,"4/5	",5W,-,
,2022-04-26T00:00:00Z,23:50,0:30,KG PGG,Russell Ranch,RRRG1,TRES,1 in 1 out,"4	",5W,-,eggs! loggers!
,2022-05-05T00:00:00Z,0:40,1:30,KG VW MZ,Russell Ranch,RRRG1,TRES,1 in,"4/4	",-,3,"WC: 15,18,17"
,2022-05-10T00:00:00Z,,,KG PGG YW,Russell Ranch,RRRG1,TRES,2 in,"4/6	",-,5?,did not check nestlings as they will be measured bled and banded Th. tried to catch mom unsuccessful
,2022-05-13T00:00:00Z,23:45,1:00,KL,Russell Ranch,RRRG1,WEBL,"1 WEBL male and 1 WEBL female near, 2 TRES flying near","4	",0,0,Missing chicks
,2022-05-21T00:00:00Z,,,KG KL,Russell Ranch,RRRG1,WEBL,1 female in,"skipped	",skipped,skipped,skipped- peaked inside and seemed like no babies ? no loggers on this box tho
,2022-06-09T00:00:00Z,,,KG PGG,Russell Ranch,RRRG1,WEBL,-,"4	",-,3,-
,2022-06-16T00:00:00Z,,,CP,Russell Ranch,RRRG1,WEBL,0,"4	",0,3,"Banding size, wrote number on but only had thin sharpie"
,2022-06-22T00:00:00Z,,,VW,Russell Ranch,RRRG1,?,?,"?	",?,?,I saw two big bird heads through the hole.don't know if they are parents or big babies so I skipped it.
,2022-07-06T00:00:00Z,,,KG CP,Russell Ranch,RRRG1,-,-,"4	",-,-,old nest- empty
,2022-07-19T00:00:00Z,,,KG YW,Russell Ranch,RRRG1,WEBL,-,"-	",-,-,old nest
,2022-07-27T00:00:00Z,,,KG VW,Russell Ranch,RRRG1,-,-,"-	",-,-,empty nest cleared
,2021-04-16T00:00:00Z,0:50,1:49,KL KG,Russell Ranch,RRRG10,TRES,"2 adults IN BOX- one seems injured , one flew out","3	",unsure,-,hard to check box with what seems like injured female inside- will ask KL to check it out
,2021-04-23T00:00:00Z,2:45,3:30,KL KG,Russell Ranch,RRRG10,TRES,-,"3/3	",-,-,-
,2021-04-30T00:00:00Z,0:30,1:00,"KL, KG",Russell Ranch,RRRG10,TRES,"1 in, 1 on","4/0	",4A,-,-
,2021-05-06T00:00:00Z,7:40,21:40,KL KG,Russell Ranch,RRRG10,TRES,2 near,"4/7	",5W,-,-
,2021-05-13T00:00:00Z,0:20,3:00,KL KG,Russell Ranch,RRRG10,TRES,-,"4/15	",5W,-,-
,2021-05-20T00:00:00Z,23:40,0:15,"KL, KG",Russell Ranch,RRRG10,TRES,1 on,"4/10	",-,5,"WC: 14, 14, 13"
,2021-05-27T00:00:00Z,23:45,1:00,KL KG,Russell Ranch,RRRG10,TRES,-,"4/10	",-,4,"WC: 39,29,40"
,2021-06-03T00:00:00Z,0:00,1:00,"KL, KG",Russell Ranch,RRRG10,Skipped,-,"Skipped	",Skipped,Skipped,Skip 1
,2021-06-17T00:00:00Z,22:30,0:00,KL KG DV,Russell Ranch,RRRG10,TRES,-,"4/8	",-,-,4 dead nestlings
,2021-06-24T00:00:00Z,23:30,1:00,"KL, KG, DK, TP",Russell Ranch,RRRG10,TRES,-,"4/10	",4W,-,Looks like rotten eggs
,2021-07-01T00:00:00Z,23:45,0:30,"KL, KG",Russell Ranch,RRRG10,-,-,"2	",-,-,
,2022-03-23T00:00:00Z,23:40,0:19,KG RS,Russell Ranch,RRRG10,TRES,2,"4/1	",0,0,
,2022-03-29T00:00:00Z,23:00,3:00,KL,Russell Ranch,RRRG10,WEBL,1f in,"3	",-,-,
,2022-03-29T00:00:00Z,1:30,2:00,YW,Russell Ranch,RRRG10,-,-,"-	",-,-,
,2022-04-05T00:00:00Z,2:30,3:10,VW,Russell Ranch,RRRG10,-,-,"-	",-,-,BOX BROKEN
,2022-04-12T00:00:00Z,2:15,2:45,SM,Russell Ranch,RRRG10,-,"1 TRES on top, 1 TRES flying near","1	",-,-,
,2021-04-16T00:00:00Z,0:50,1:49,KL KG,Russell Ranch,RRRG11,WEBL,2 adults on box,"4	",-,-,-
,2021-04-23T00:00:00Z,2:45,3:30,KL KG,Russell Ranch,RRRG11,WEBL,1 on top,"4	",5W,-,"Female on box, HOBO added"
,2021-04-30T00:00:00Z,0:30,1:00,"KL, KG",Russell Ranch,RRRG11,WEBL,1 in,"4	",5W,-,-
,2021-05-06T00:00:00Z,7:40,21:40,KL KG,Russell Ranch,RRRG11,TRES,2 near,"4	",-,5,"Measured all stats- logger in this box, WC 9, 10, 9,9,9"
,2021-05-13T00:00:00Z,0:20,3:00,KL KG,Russell Ranch,RRRG11,WEBL,1 near,"4	",-,5,Two TRES on box!
,2021-05-17T00:00:00Z,2:00,3:30,"KL, AG",Russell Ranch,RRRG11,WEBL,-,"4	",-,5,banded
,2021-05-20T00:00:00Z,23:40,0:15,"KL, KG",Russell Ranch,RRRG11,WEBL,1 on,"Skipped	",Skipped,Skipped,Can hear babies inside- bird on top is male with food
,2021-05-27T00:00:00Z,0:00,0:40,"KL, KG, IS",Russell Ranch,RRRG11,TRES,"1 on, 1 in","Skipped	",Skipped,Skipped,"Skip 2, nestlings audible inside"
,2021-06-03T00:00:00Z,0:00,1:00,"KL, KG",Russell Ranch,RRRG11,TRES,1 in,"4/3	",2A,-,Removed loggers
,2021-06-17T00:00:00Z,22:30,0:00,KL KG DV,Russell Ranch,RRRG11,TRES,1 in,"4/5	",4W,-,-
,2021-06-24T00:00:00Z,23:30,1:00,"KL, KG, DK, TP",Russell Ranch,RRRG11,TRES,-,"3/5	",-,-,1 dead nestling
,2021-07-01T00:00:00Z,23:45,0:30,"KL, KG",Russell Ranch,RRRG11,TRES,-,"4/10	",3C,-,1 crushed egg on edge of nest
,2022-03-15T00:00:00Z,3:00,3:45,"KL, CP, IS",Russell Ranch,RRRG11,TRES,2 near,"1/0	",-,-,
,2022-03-29T00:00:00Z,1:30,2:00,YW,Russell Ranch,RRRG11,TRES,"looks like a swallow nest, two swallows were standing on it but then a bluebird came perched on box and chased them away","4	",-,-,
,2022-04-05T00:00:00Z,2:30,3:19,VW,Russell Ranch,RRRG11,TRES,-,"4/2	",-,-,knocked down to ground by cows
,2021-04-16T00:00:00Z,0:50,1:49,KL KG,Russell Ranch,RRRG12,TRES?,2 around,"1	",-,-,-
,2021-04-23T00:00:00Z,2:45,3:30,KL KG,Russell Ranch,RRRG12,TRES,1 near,"4/2	",-,-,-
,2021-04-30T00:00:00Z,0:30,1:00,"KL, KG",Russell Ranch,RRRG12,TRES,1 on 1 near,"3/4	",-,-,-
,2021-05-06T00:00:00Z,8:00,9:45,"KL, KG",Russell Ranch,RRRG12,TRES,1 near,"4/5	",1A,-,
,2021-05-13T00:00:00Z,0:20,3:00,KL KG,Russell Ranch,RRRG12,TRES,1 in,"4/12	",5W,-,-
,2021-05-20T00:00:00Z,23:40,0:15,"KL, KG",Russell Ranch,RRRG12,TRES,1 near,"4/15	",5A,-,
,2021-05-27T00:00:00Z,0:00,0:40,"KL, KG, IS",Russell Ranch,RRRG12,TRES,1 in,"4/15	",-,5,"WC 11, 13, 14"
,2021-06-03T00:00:00Z,0:00,1:00,"KL, KG",Russell Ranch,RRRG12,TRES,1 near,"4/5	",-,5,Almost banding size
,2021-06-17T00:00:00Z,22:30,0:00,KL KG DV,Russell Ranch,RRRG12,skipped,skipped,"skipped	",skipped,skipped,skipped
,2021-06-24T00:00:00Z,23:30,1:00,"KL, KG, DK, TP",Russell Ranch,RRRG12,TRES,-,"4/10	",-,4,"WC: 39, 38, 23"
,2021-07-01T00:00:00Z,23:45,0:30,"KL, KG",Russell Ranch,RRRG12,Skipped,-,"Skipped	",Skipped,Skipped,Nothing audible from outside
,2022-03-29T00:00:00Z,1:30,2:00,KG,Russell Ranch,RRRG12,-,-,"-	",-,-,box on floor :(
,2022-04-05T00:00:00Z,2:30,3:00,"KL, SM",Russell Ranch,RRRG12,-,-,"-	",-,-,
,2022-04-19T00:00:00Z,23:40,0:15,"SM, VW, KG",Russell Ranch,RRRG12,WEBL?,-,"3	",-,-,2 TRES on top
,2022-04-26T00:00:00Z,23:40,0:40,"YW, VW",Russell Ranch,RRRG12,TRES,1 near,"4/4	",-,-,
,2022-05-10T00:00:00Z,23:50,0:19,"YW, KG, PGG",Russell Ranch,RRRG12,TRES,-,"4	",-,-,"box on ground, 2 broken eggs"
,2021-04-16T00:00:00Z,0:50,1:49,KL KG,Russell Ranch,RRRG13,WEBL,1 on top,"4	",3/ ambient,-,2 nearby
,2021-04-23T00:00:00Z,2:45,3:30,KL KG,Russell Ranch,RRRG13,WEBL,1 female in box,"4	",6W,-,2 TRES around
,2021-04-30T00:00:00Z,0:30,1:00,"KL,KG",Russell Ranch,RRRG13,WEBL,-,"4	",6W,-,-
,2021-05-06T00:00:00Z,8:00,9:45,"KL, KG",Russell Ranch,RRRG13,WEBL,-,"4	",-,6,"Wing chord: 12, 14, 13"
,2021-05-13T00:00:00Z,0:20,3:00,KL KG,Russell Ranch,RRRG13,TRES,2 near,"4/12	",-,-,-
,2021-05-15T00:00:00Z,2:00,2:30,KL,Russell Ranch,RRRG13,WEBL,-,"4	",-,5,banded
,2021-05-20T00:00:00Z,23:40,0:15,"KL, KG",Russell Ranch,RRRG13,WEBL,-,"Skipped	",Skipped,Skipped,
,2021-05-27T00:00:00Z,0:00,0:40,"KL, KG, IS",Russell Ranch,RRRG13,TRES,2 on,"Skipped	",Skipped,Skipped,Skip 1
,2021-06-03T00:00:00Z,0:00,1:00,"KL, KG",Russell Ranch,RRRG13,TRES,1 near,"4/20	",3A,-,No nestlings- predation?
,2021-06-17T00:00:00Z,22:30,0:00,KL KG DV,Russell Ranch,RRRG13,TRES,1 on,"4/8	",-,4,"WC: 7,9,9,8"
,2021-07-01T00:00:00Z,23:45,0:30,"KL, KG",Russell Ranch,RRRG13,TRES,-,"Skipped	",Skipped,Skipped,Nestlings audible from inside nest
,2022-03-15T00:00:00Z,3:00,3:45,"KL, CP, IS",Russell Ranch,RRRG13,WEBL,1 on 1 in,"-	",-,-,
,2022-03-23T00:00:00Z,23:40,0:19,KG RS,Russell Ranch,RRRG13,TRES?,2,"0	",0,0,
,2022-03-29T00:00:00Z,1:30,2:00,KG,Russell Ranch,RRRG13,TRES?,1 near,"1	",-,-,-
,2022-04-05T00:00:00Z,2:30,3:00,VWP,Russell Ranch,RRRG13,-,-,"1	",-,-,
,2022-04-12T00:00:00Z,2:15,2:45,SM,Russell Ranch,RRRG13,TRES?,1 TRES flying near,"3	",-,-,
,2022-04-19T00:00:00Z,23:40,0:15,"SM, VW, KG",Russell Ranch,RRRG13,WEBL,-,"4	",-,-,
,2022-04-26T00:00:00Z,23:40,0:40,"YW, VW",Russell Ranch,RRRG13,TRES,2 on,"4	",4A,-,
,2022-05-10T00:00:00Z,,,KG PGG YW,Russell Ranch,RRRG13,TRES,1 near,"4/12	",6W,-,-
,2022-05-21T00:00:00Z,,,KG KL,Russell Ranch,RRRG13,TRES,2 near,"4/10	",-,at least 5,no loggers
,2022-06-09T00:00:00Z,,,KG PGG,Russell Ranch,RRRG13,TRES,-,"4/7	",-,-,-
,2022-06-14T00:00:00Z,,,CP,Russell Ranch,RRRG13,TRES,2 TRES flying near,"4/6	",0,0,
,2022-06-22T00:00:00Z,,,VW,Russell Ranch,RRRG13,TRES,1 ON,"4/8	",4W,-,
,2022-07-06T00:00:00Z,,,KG CP,Russell Ranch,RRRG13,TRES,1 in,"4/8	",1W,4,hatch day
,2022-07-27T00:00:00Z,,,KG VW,Russell Ranch,RRRG13,-,-,"-	",-,-,cleared
,2023-03-31T00:00:00Z,3:47,4:15,KL,Russell Ranch,RRRG13,-,-,"-	",-,-,
,2021-04-16T00:00:00Z,0:50,1:49,KL KG,Russell Ranch,RRRG14,WEBL,2 on top of box,"3.5	",-,-,-
,2021-04-23T00:00:00Z,2:45,3:30,"KL, KG",Russell Ranch,RRRG14,WEBL,-,"3	",-,-,-
,2021-04-30T00:00:00Z,0:30,1:00,"KL, KG",Russell Ranch,RRRG14,TRES,1 on,"4/4	",-,-,-
,2021-05-06T00:00:00Z,8:00,9:45,"KL, KG",Russell Ranch,RRRG14,TRES,1 near,"4/1	",3C,-,
,2021-05-13T00:00:00Z,0:20,3:00,KL KG,Russell Ranch,RRRG14,TRES,2 near,"4/18	",5W,-,-
,2021-05-20T00:00:00Z,23:40,0:15,"KL, KG",Russell Ranch,RRRG14,TRES,"1 on, 1 in","4/20	",5W,-,
,2021-05-27T00:00:00Z,0:00,0:40,"KL, KG, IS",Russell Ranch,RRRG14,TRES,-,"4/20	",-,5,"WC: 14, 18, 19"
,2021-06-03T00:00:00Z,0:00,1:00,"KL, KG",Russell Ranch,RRRG14,TRES,1 in,"4/20	",-,5,Almost banding size
,2021-06-17T00:00:00Z,22:30,0:00,KL KG DV,Russell Ranch,RRRG14,TRES,2 near,"skipped	",skipped,skipped,multiple lighter gray tree swallow fledglings going in and out of box
,2021-06-24T00:00:00Z,23:30,1:00,"KL, KG, DK",Russell Ranch,RRRG14,TRES,-,"4/10	",-,-,
,2021-07-01T00:00:00Z,23:45,0:30,"KL, KG",Russell Ranch,RRRG14,TRES,-,"4/20	",-,-,
,2022-03-15T00:00:00Z,3:00,3:45,"KL, CP, IS",Russell Ranch,RRRG14,TRES,-,"1/1	",-,-,
,2022-03-23T00:00:00Z,23:40,0:19,KG RS,Russell Ranch,RRRG14,TRES,2 near,".25/1	",-,-,-
,2022-03-29T00:00:00Z,1:30,2:00,KG,Russell Ranch,RRRG14,TRES,2 near,"1/1	",-,-,-
,2022-04-05T00:00:00Z,2:30,3:00,"KL, SM",Russell Ranch,RRRG14,WEBL?,-,"3	",-,-,
,2021-04-16T00:00:00Z,0:50,1:49,KL KG,Russell Ranch,RRRG15,-,-,"-	",-,-,No front on house
,2021-04-23T00:00:00Z,2:45,3:30,"KL, KG",Russell Ranch,RRRG15,TRES?,2 near,"1	",-,-,-
,2021-05-13T00:00:00Z,0:20,3:00,KL KG,Russell Ranch,RRRG15,-,-,"-	",-,-,-
,2022-03-29T00:00:00Z,1:30,2:00,KG,Russell Ranch,RRRG15,TRES,2 near,"0	",-,-,nail stuck! cannot open box (peeked in to see nest)
,2022-04-05T00:00:00Z,2:30,3:00,VW,Russell Ranch,RRRG15,TRES,-,"4/2	",-,-,DEAD female WEBL under the nesting material… what????
,2021-04-16T00:00:00Z,0:50,1:49,KL KG,Russell Ranch,RRRG16,-,-,"-	",-,-,empty
,2021-04-30T00:00:00Z,0:30,1:00,"KL, KG",Russell Ranch,RRRG16,TRES,"1 on, 1 near","3/2	",-,-,-
,2021-05-06T00:00:00Z,8:00,9:45,"KL, KG",Russell Ranch,RRRG16,TRES,1 in,"4/5	",3A,-,
,2021-05-13T00:00:00Z,0:20,3:00,KL KG,Russell Ranch,RRRG16,TRES,1 near,"4/17	",5W,-,-
,2021-05-20T00:00:00Z,23:40,0:15,"KL, KG",Russell Ranch,RRRG16,TRES,1 near,"4/15	",5W,-,
,2021-05-27T00:00:00Z,0:00,1:40,"KL, KG, IS",Russell Ranch,RRRG16,TRES,-,"4/25	",-,5,"WC: 14, 17, 20"
,2021-06-03T00:00:00Z,0:00,1:00,"KL, KG",Russell Ranch,RRRG16,TRES,1 in,"4/15	",-,5,Almost banding size
,2021-06-17T00:00:00Z,22:30,23:30,"KL, KG",Russell Ranch,RRRG16,Skipped,-,"Skipped	",Skipped,Skipped,Skip 2
,2021-06-24T00:00:00Z,23:30,1:30,"KL, KG, DK, TP",Russell Ranch,RRRG16,TRES,-,"4/10	",-,-,
,2021-07-01T00:00:00Z,23:45,0:30,"KL, KG",Russell Ranch,RRRG16,TRES,-,"2/7	",-,-,
,2022-03-15T00:00:00Z,3:00,3:45,"KL, CP, IS",Russell Ranch,RRRG16,TRES,3 on,"-	",-,-,
,2022-03-29T00:00:00Z,1:30,2:00,KG,Russell Ranch,RRRG16,TRES,1 on,"0	",-,-,nail missing - does not close complete
,2022-04-05T00:00:00Z,2:30,3:00,KL,Russell Ranch,RRRG16,-,-,"-	",-,-,Missing nail
,2021-04-16T00:00:00Z,0:50,1:49,KL KG,Russell Ranch,RRRG17,TRES?,1 on box,"0.25	",-,-,-
,2021-04-23T00:00:00Z,2:45,3:30,KL KG,Russell Ranch,RRRG17,TRES,2 near,"4/2	",-,-,Dead wasps nest
,2021-04-30T00:00:00Z,0:30,1:00,"KL, KG",Russell Ranch,RRRG17,TRES,2 on,"4/5	",1A,-,-
,2021-05-06T00:00:00Z,8:00,9:45,"KL, KG",Russell Ranch,RRRG17,TRES,"1 on, 1 in","4/10	",5W,-,
,2021-05-13T00:00:00Z,0:19,3:00,"KL, KG",Russell Ranch,RRRG17,TRES,-,"4/20	",5A,-,
,2021-05-20T00:00:00Z,23:40,0:15,"KL, KG",Russell Ranch,RRRG17,TRES,2 near,"4/20	",-,5,"WC: 8,8,7"
,2021-05-27T00:00:00Z,0:00,0:40,"KL, KG, IS",Russell Ranch,RRRG17,TRES,1 near,"4/20	",-,5,"WC 34, 36, 31"
,2021-06-03T00:00:00Z,23:50,1:30,KL KG,Russell Ranch,RRRG17,skipped,skipped,"skipped	",skipped,skipped,skipped
,2021-06-17T00:00:00Z,22:30,23:30,"KL, KG",Russell Ranch,RRRG17,TRES,-,"4/3	",-,-,"1 dead nestling, fairly well developed"
,2021-06-24T00:00:00Z,23:30,1:00,"KL, LG, DK, TP",Russell Ranch,RRRG17,TRES,-,"4/20	",-,-,
,2021-07-01T00:00:00Z,23:45,0:30,"KL, KG",Russell Ranch,RRRG17,TRES,-,"2/20	",-,-,
,2022-03-15T00:00:00Z,3:00,3:45,"KL, CP, IS",Russell Ranch,RRRG17,TRES,1 on 2 near,"-	",-,-,
,2022-03-29T00:00:00Z,1:30,2:00,YW,Russell Ranch,RRRG17,TRES,2 on,"-	",-,-,
,2022-04-05T00:00:00Z,2:30,3:00,"KL, SM",Russell Ranch,RRRG17,-,-,"-	",-,-,
,2022-04-12T00:00:00Z,2:10,3:00,"YW, KG",Russell Ranch,RRRG17,-,-,"3	",-,-,
,2021-04-16T00:00:00Z,0:50,1:49,KL KG,Russell Ranch,RRRG18,TRES?,2 TRES on box,"4/ 8	",-,-,about 6 TRES feathers but ALSO 2 WEBL feathers
,2021-04-23T00:00:00Z,2:45,3:30,KL KG,Russell Ranch,RRRG18,TRES,-,"4/ 0	",3C,-,Very small eggs
,2021-04-30T00:00:00Z,0:30,1:00,"KL, KG",Russell Ranch,RRRG18,TRES,1 on 1 near,"4/11	",5W,-,-
,2021-05-06T00:00:00Z,8:00,9:45,"KL, KG",Russell Ranch,RRRG18,TRES,1 on,"4/10	",5W,-,
,2021-05-13T00:00:00Z,0:20,3:00,KL KG,Russell Ranch,RRRG18,TRES,1 in,"4/8	",-,5,WC:9.8.9
,2021-05-20T00:00:00Z,23:40,0:15,"KL, KG",Russell Ranch,RRRG18,TRES,1 on,"4/20	",-,5,"WC: 39, 38, 37"
,2021-05-24T00:00:00Z,0:30,4:00,KL KG AK,Russell Ranch,RRRG18,TRES,2 near,"4/20	",-,5,banded
,2021-05-27T00:00:00Z,0:00,0:40,"KL, KG, IS",Russell Ranch,RRRG18,WEBL?,-,"Skipped	",Skipped,Skipped,No audible nestlings
,2021-06-03T00:00:00Z,23:50,1:30,KL KG,Russell Ranch,RRRG18,skipped,skipped,"skipped	",skipped,skipped,skipped
,2021-06-17T00:00:00Z,22:30,23:30,"KL, KG",Russell Ranch,RRRG18,TRES,-,"4/2	",3A,-,
,2021-06-24T00:00:00Z,23:30,1:00,"KL, KG, DK, TP",Russell Ranch,RRRG18,TRES,-,"4/3	",4W,-,
,2021-07-01T00:00:00Z,23:45,0:30,"KL, KG",Russell Ranch,RRRG18,TRES,1 in,"4/7	",2W,2,Hatch day is today
,2022-03-29T00:00:00Z,1:30,2:20,KG,Russell Ranch,RRRG18,TRES,2 on top,"-	",-,-,almost falling off
,2022-04-05T00:00:00Z,2:30,3:00,"KL, SM",Russell Ranch,RRRG18,-,-,"-	",-,-,
,2022-04-12T00:00:00Z,2:10,3:00,KG YW,Russell Ranch,RRRG18,-,-,"0.5	",-,-,-
,2021-04-16T00:00:00Z,0:50,1:49,KL KG,Russell Ranch,RRRG2,TRES,2,"3.5/4	",-,-,-
,2021-04-23T00:00:00Z,2:45,3:30,KL KG,Russell Ranch,RRRG2,WEBL,1 in 1 on,"4	",3C,-,1 female in box
,2021-04-30T00:00:00Z,0:30,1:00,"KL, KG",Russell Ranch,RRRG2,WEBL,1 in 1 on,"4	",5W,-,after I left 2 WEBL on top
,2021-05-06T00:00:00Z,7:40,21:40,KL KG,Russell Ranch,RRRG2,WEBL,1 flying near,"4	",5W,-,-
,2021-05-13T00:00:00Z,0:20,3:00,KL KG,Russell Ranch,RRRG2,WEBL,1 in,"4	",-,4,"ONe eating plastic! WC: 10,10,8"
,2021-05-20T00:00:00Z,23:40,2:00,KL KG,Russell Ranch,RRRG2,TRES,1 on,"4/2	",-,4,WC:32
,2021-05-24T00:00:00Z,0:30,4:00,KL KG AK,Russell Ranch,RRRG2,WEBL,1 near,"4	",-,4,banded
,2021-05-27T00:00:00Z,23:45,1:00,KL KG,Russell Ranch,RRRG2,TRES,1 near,"Skipped	",Skipped,Skipped,skipped- heard loud babies !
,2021-06-03T00:00:00Z,23:50,1:30,KL KG,Russell Ranch,RRRG2,skipped,skipped,"skipped	",skipped,skipped,skipped
,2021-06-03T00:00:00Z,23:50,1:30,KL KG,Russell Ranch,RRRG2,skipped,skipped,"skipped	",skipped,skipped,skipped
,2021-06-17T00:00:00Z,22:30,0:00,KL KG DV,Russell Ranch,RRRG2,WEBL?,-,"4	",-,-,new nest being built on top of old nest
,2021-07-01T00:00:00Z,23:45,0:30,"KL, KG",Russell Ranch,RRRG2,WEBL,-,"4	",4W,-,
,2021-07-08T00:00:00Z,22:30,22:45,"KL, KG",Russell Ranch,RRRG2,WEBL,1 in,"4	",4W,-,Added loggers
,2021-07-15T00:00:00Z,2:30,2:55,KG,Russell Ranch,RRRG2,WEBL,-,"4	",-,-,eggs disappeared- loggers removed
,2022-03-29T00:00:00Z,1:30,2:00,KG,Russell Ranch,RRRG2,TRES,1 on 1 in,"2.5	",-,-,-
,2022-04-05T00:00:00Z,2:30,3:10,VW,Russell Ranch,RRRG2,TRES,1on,"3/3	",-,-,knocked down by cows
,2022-04-12T00:00:00Z,2:10,3:00,"KG, YW",Russell Ranch,RRRG2,TRES,-,"4/6	",-,-,
,2022-04-19T00:00:00Z,23:40,0:19,KG SM VW,Russell Ranch,RRRG2,TRES,1 near,"4/3	",1A,-,-
,2022-04-26T00:00:00Z,23:50,0:30,KG PGG,Russell Ranch,RRRG2,TRES,1 on,"4/4	",5,0,
,2021-05-13T00:00:00Z,0:20,3:00,KL KG,Russell Ranch,RRRG23,-,-,"-	",-,-,-
,2021-04-16T00:00:00Z,1:00,2:00,KL,Russell Ranch,RRRG24,-,-,"-	",-,-,-
,2021-04-23T00:00:00Z,2:45,3:30,"KL, KG",Russell Ranch,RRRG24,TRES?,-,"0.5	",-,-,-
,2021-04-30T00:00:00Z,0:30,1:00,"KL, KG",Russell Ranch,RRRG24,TRES,-,"1/0	",-,-,-
,2021-05-06T00:00:00Z,8:00,9:45,"KL, KG",Russell Ranch,RRRG24,WEBL,-,"1	",-,-,
,2021-05-13T00:00:00Z,0:19,3:00,"KL, KG",Russell Ranch,RRRG24,WEBL,-,"1	",-,-,
,2021-05-20T00:00:00Z,23:40,0:15,"KL, KG",Russell Ranch,RRRG24,WEBL,-,"1.5	",-,-,1 TRES on top
,2021-05-27T00:00:00Z,0:00,0:40,"KL, KG, IS",Russell Ranch,RRRG24,TRES,2 in,"3/1	",-,-,"2 adult TRES inside, male CP 3, banded no 2061-00586"
,2021-06-03T00:00:00Z,0:00,1:00,"KL, KG",Russell Ranch,RRRG24,TRES,-,"4/15	",4W,-,
,2021-06-17T00:00:00Z,22:30,23:30,"KL, KG",Russell Ranch,RRRG24,TRES,-,"4/10	",1W,3,"WC: 8,7,8"
,2021-06-24T00:00:00Z,23:30,1:00,"KL, KG, DK, TP",Russell Ranch,RRRG24,TRES,-,"4/15	",-,3,"WC: 28, 22, 31; 1 dead"
,2021-07-01T00:00:00Z,23:45,0:30,"KL, KG",Russell Ranch,RRRG24,Skipped,-,"Skipped	",Skipped,Skipped,Nestlings audible inside
,2022-03-15T00:00:00Z,3:00,3:45,"KL, CP, IS",Russell Ranch,RRRG24,WEBL,-,"2	",-,-,
,2021-04-16T00:00:00Z,1:00,2:00,KL,Russell Ranch,RRRG25,TRES,"1in, 1on","3/0	",-,-,-
,2021-04-23T00:00:00Z,2:45,3:30,"KL, KG",Russell Ranch,RRRG25,WEBL,-,"4	",2,-,3 TRES near
,2021-04-30T00:00:00Z,0:30,1:00,"KL, KG",Russell Ranch,RRRG25,WEBL,-,"4	",5W,-,-
,2021-05-06T00:00:00Z,8:00,9:45,"KL, KG",Russell Ranch,RRRG25,WEBL,1 in,"4	",4W,-,
,2021-05-13T00:00:00Z,0:19,3:00,"KL, KG",Russell Ranch,RRRG25,WEBL,-,"4	",-,5,"WC: 11, 12, 11"
,2021-05-20T00:00:00Z,23:40,0:15,"KL, KG",Russell Ranch,RRRG25,WEBL,-,"4	",-,5,"WC: 39, 39, 40"
,2021-05-24T00:00:00Z,0:30,4:00,KL KG AK,Russell Ranch,RRRG25,WEBL,-,"4	",-,1,4 dead 1 alive; banded
,2021-05-27T00:00:00Z,0:00,0:40,"KL, KG, IS",Russell Ranch,RRRG25,WEBL,2 near,"Skipped	",Skipped,Skipped,Skip 1
,2021-06-03T00:00:00Z,0:00,1:00,"KL, KG",Russell Ranch,RRRG25,Skipped,-,"Skipped	",Skipped,Skipped,Skip 2
,2021-06-17T00:00:00Z,22:30,23:30,"KL, KG",Russell Ranch,RRRG25,WEBL,-,"4	",4W,-,
,2021-06-24T00:00:00Z,23:30,1:00,"KL, KG, DK TP",Russell Ranch,RRRG25,WEBL,-,"4	",4W,-,1 egg cracked
,2021-07-01T00:00:00Z,23:45,0:30,"KL, KG",Russell Ranch,RRRG25,WEBL,-,"4	",3A,-,
,2021-04-16T00:00:00Z,1:00,2:00,KL,Russell Ranch,RRRG26,WEBL,2 on,"3	",-,-,-
,2021-04-23T00:00:00Z,2:45,3:30,KL KG,Russell Ranch,RRRG26,WEBL,-,"4	",-,-,-
,2021-04-30T00:00:00Z,0:30,1:00,"KL, KG",Russell Ranch,RRRG26,WEBL,-,"4	",-,-,-
,2021-05-06T00:00:00Z,7:40,21:40,KL KG,Russell Ranch,RRRG26,WEBL,-,"4	",5W,-,-
,2021-05-13T00:00:00Z,0:20,3:00,KL KG,Russell Ranch,RRRG26,WEBL,1 in 1on,"4	",5W,-,-
,2021-05-20T00:00:00Z,23:40,1:00,KL KG,Russell Ranch,RRRG26,WEBL,1 female in,"4	",-,4,"1 dead nestling in nest :( WC: 8,8,7"
,2021-05-27T00:00:00Z,23:45,1:00,KL KG,Russell Ranch,RRRG26,WEBL,1 near,"4	",-,4,"approx WC: 22,20,18"
,2021-06-03T00:00:00Z,23:50,1:30,KL KG,Russell Ranch,RRRG26,skipped,skipped,"skipped	",skipped,skipped,skipped
,2021-06-17T00:00:00Z,22:30,0:00,KL KG DV,Russell Ranch,RRRG26,TRES,-,"4	",-,-,empty old nest w poops
,2021-06-24T00:00:00Z,23:30,1:00,KL KG TP DK,Russell Ranch,RRRG26,TRES,-,"4/1	",-,-,-
,2021-07-01T00:00:00Z,23:30,0:30,KL KG,Russell Ranch,RRRG26,TRES,-,"4/12	",-,-,-
,2021-07-01T00:00:00Z,23:30,0:30,KL KG,Russell Ranch,RRRG26,TRES,-,"4/12	",-,-,-
,2022-03-15T00:00:00Z,3:08,3:30,CP,Russell Ranch,RRRG26,WEBL,"2 WEBL on box (female carrying a stick inside), 3 TRES within 10 m","-	",-,-,Didn't check because adults inside
,2022-04-05T00:00:00Z,2:30,3:30,VW,Russell Ranch,RRRG26,WEBL?,-,"4	",-,-,box on ground. nest slightly tilted
,2022-04-12T00:00:00Z,2:15,2:45,"CP, YW, KG, SM",Russell Ranch,RRRG26,TRES,-,"4/5	",-,-,Front knocked off. Put it back on
,2022-04-19T00:00:00Z,23:40,0:15,"SM, VW, KG",Russell Ranch,RRRG26,WEBL,1 in,"4	",5 W,-,
,2022-04-26T00:00:00Z,23:40,0:40,"YW, VW",Russell Ranch,RRRG26,WEBL,1 in,"4	",5W,-,
,2022-05-10T00:00:00Z,23:50,0:19,"YW, KG, PGG",Russell Ranch,RRRG26,WEBL,-,"4	",3 C,1,wing chord 24
,2021-04-16T00:00:00Z,1:00,2:00,KL,Russell Ranch,RRRG27,TRES,"1on, 1in","4/6	",1A,-,-
,2021-04-23T00:00:00Z,2:45,3:30,KL KG,Russell Ranch,RRRG27,TRES,2 near,"4/4	",5W,-,front falling off a tad
,2021-04-30T00:00:00Z,0:30,1:00,"KL, KG",Russell Ranch,RRRG27,TRES,4 near,"4/8	",5W,-,-
,2021-05-06T00:00:00Z,7:40,21:40,KL KG,Russell Ranch,RRRG27,TRES,1 near,"4/10	",-,5,"Wing chords: 10, 9, 10"
,2021-05-13T00:00:00Z,0:20,3:00,KL KG,Russell Ranch,RRRG27,TRES,1 on 1 in,"4/20	",-,4,"WC: 35,37,38,40; banded"
,2021-05-20T00:00:00Z,23:40,1:00,KL KG,Russell Ranch,RRRG27,TRES,1 in,"Skipped	",Skipped,Skipped,skipped week 1
,2021-05-27T00:00:00Z,23:45,1:00,KL KG,Russell Ranch,RRRG27,TRES,2 on top,"Skipped	",Skipped,Skipped,skipped
,2021-06-03T00:00:00Z,23:50,1:30,KL KG,Russell Ranch,RRRG27,TRES,-,"4/7	",-,-,-
,2021-06-17T00:00:00Z,22:30,0:00,KL KG DV,Russell Ranch,RRRG27,TRES,1 near,"4/8	",4W,-,-
,2021-06-24T00:00:00Z,23:30,1:00,KL KG TP DK,Russell Ranch,RRRG27,TRES,1 near,"4/11	",-,4,"WC: 6,6,6,7"
,2021-07-01T00:00:00Z,23:30,0:30,KL KG,Russell Ranch,RRRG27,TRES,1 near,"4/11	",-,3,"WC: 21,22,26"
,2022-03-15T00:00:00Z,3:08,3:30,CP,Russell Ranch,RRRG27,TRES,2 on box,"3	",0,0,
,2022-03-23T00:00:00Z,23:40,0:19,KG RS,Russell Ranch,RRRG27,WEBL?,1,"4/2	",0,0,TRES near
,2022-03-29T00:00:00Z,1:30,2:30,vw,Russell Ranch,RRRG27,TRES,"2 TRES on box, UB","4/4	",-,-,
,2022-04-05T00:00:00Z,2:30,3:30,VW,Russell Ranch,RRRG27,TRES?,2 FLY,"4/1	",-,-,
,2022-04-12T00:00:00Z,2:15,2:45,"CP, YW, KG, SM",Russell Ranch,RRRG27,TRES,1 in 1 on,"4/0	",-,-,
,2022-04-19T00:00:00Z,23:40,0:15,"SM, VW, KG",Russell Ranch,RRRG27,TRES,3 flying,"4/0	",-,-,
,2022-04-26T00:00:00Z,23:40,0:40,"YW, VW",Russell Ranch,RRRG27,TRES,1 on,"4/8	",1C,-,
,2022-05-10T00:00:00Z,,,KG PGG VW,Russell Ranch,RRRG27,TRES,1 in,"4/7	",5W,-,-
,2022-05-21T00:00:00Z,,,KL,Russell Ranch,RRRG27,TRES,2 near,"4/15	",-,5,
,2022-05-24T00:00:00Z,,,KG PGG YW,Russell Ranch,RRRG27,TRES,1 near,"4/4	",-,5,-
,2022-06-02T00:00:00Z,,,VW PGG KG,Russell Ranch,RRRG27,TRES,-,"4/6	",-,4,We panic fledged one to the ground :( skip nest week!!
,2022-06-14T00:00:00Z,,,CP,Russell Ranch,RRRG27,TRES,1 TRES swooping,"4/7	",0,0,Post-fledge
,2022-06-22T00:00:00Z,,,VW,Russell Ranch,RRRG27,TRES,-,"4/10	",-,-,
,2022-06-28T00:00:00Z,,,KG PGG VW,Russell Ranch,RRRG27,-,-,"-	",-,-,empty
,2022-07-06T00:00:00Z,,,CP,Russell Ranch,RRRG27,-,0,"0	",0,0,Box previously cleaned out
,2022-07-13T00:00:00Z,,,KG VW,Russell Ranch,RRRG27,-,-,"-	",-,-,empty
,2022-07-27T00:00:00Z,,,KG VW,Russell Ranch,RRRG27,-,-,"-	",-,-,empty
,2021-04-16T00:00:00Z,1:00,2:00,KL,Russell Ranch,RRRG28,WEBL?,-,"1	",-,-,-
,2021-04-23T00:00:00Z,2:45,3:30,KL KG,Russell Ranch,RRRG28,-,-,"-	",-,-,Array of twigs
,2021-04-30T00:00:00Z,0:30,1:00,"KL, KG",Russell Ranch,RRRG28,WEBL?,-,"1	",-,-,-
,2021-05-06T00:00:00Z,7:40,21:40,KL KG,Russell Ranch,RRRG28,-,-,"-	",-,-,just some twigs
,2021-05-13T00:00:00Z,0:20,3:00,KL KG,Russell Ranch,RRRG28,TRES,1 in,"1/0	",-,-,-
,2021-05-27T00:00:00Z,23:45,1:00,KL KG,Russell Ranch,RRRG28,TRES,1 on,"1	",-,-,-
,2021-06-17T00:00:00Z,22:30,0:00,KL KG DV,Russell Ranch,RRRG28,-,-,"-	",-,-,some twigs
,2021-07-01T00:00:00Z,23:40,0:30,KL KG,Russell Ranch,RRRG28,-,-,"1	",-,-,-
,2022-03-15T00:00:00Z,3:08,3:30,CP,Russell Ranch,RRRG28,TRES,6 foraging within 50 m,"2	",0,0,
,2022-03-23T00:00:00Z,23:40,0:19,KG RS,Russell Ranch,RRRG28,WEBL,0,"2.5	",0,0,
,2022-03-29T00:00:00Z,1:30,2:30,VW,Russell Ranch,RRRG28,TRES,"2 WEBL near it, 2 TRES flying near by","4/2	",-,-,
,2022-04-05T00:00:00Z,2:30,3:30,VW,Russell Ranch,RRRG28,WEBL,-,"4	",3C,-,-
,2022-04-12T00:00:00Z,2:15,2:45,"CP, YW, KG, SM",Russell Ranch,RRRG28,WEBL,1 in,"4	",6 W,-,
,2022-04-19T00:00:00Z,23:40,0:15,"SM, VW, KG",Russell Ranch,RRRG28,WEBL,-,"4	",6 W,-,loggers
,2022-04-26T00:00:00Z,23:40,0:40,"YW, VW",Russell Ranch,RRRG28,WEBL,1 in,"4	",3,3,
,2022-04-26T00:00:00Z,23:40,0:40,"YW, VW",Russell Ranch,RRRG28,WEBL,1 in,"4	",5 W,-,
,2022-05-05T00:00:00Z,1:40,2:00,Vw KG MZ,Russell Ranch,RRRG28,WEBL,1 NEAR,"4-but was completely on the ground	",2 predated. cold,3,"box face is gone. the whole nest on the ground along with 2 eggs and two babies that I almost stepped on( literally my foot was 2 cm from them) 1 more sad baby in the empty box looking helpless. Babies are banding size and still very warm so we banded and measured them.  WC  45 44 49. Fixed the box and (tried, as if we are WEBL parents) made a nest for them."
,2022-05-10T00:00:00Z,,,KG PGG VW,Russell Ranch,RRRG28,WEBL,-,"-	",-,-,skipped - nest all good though from the outside
,2022-05-21T00:00:00Z,,,KL,Russell Ranch,RRRG28,TRES,2 near,"4/18	",4W,-,loggers
,2022-06-02T00:00:00Z,,,KG PGG VW,Russell Ranch,RRRG28,TRES,2 near,"4/8	",4W,1 hatch day,"loggers, didn’t measure the one hatched baby"
,2022-06-09T00:00:00Z,,,KG PGG,Russell Ranch,RRRG28,TRES,2 near,"4/4	",-,3,-
,2022-06-14T00:00:00Z,,,PGG,Russell Ranch,RRRG28,TRES,5 TRES flying near,"4/10	",0,3,No blood samples
,2022-06-28T00:00:00Z,,,KG PGG VW,Russell Ranch,RRRG28,-,-,"-	",-,-,has loggers
,2022-07-06T00:00:00Z,,,CP,Russell Ranch,RRRG28,TRES,0,"4/8	",0,0,Only outside logger was there
,2022-07-27T00:00:00Z,,,KG VW,Russell Ranch,RRRG28,-,-,"-	",-,-,empty
,2023-03-31T00:00:00Z,3:47,4:15,KL,Russell Ranch,RRRG28,-,-,"-	",-,-,Needs nail
,2021-04-16T00:00:00Z,0:50,1:49,KL KG,Russell Ranch,RRRG29,-,-,"-	",-,-,one wasps nest- box is missing front
,2021-04-23T00:00:00Z,2:45,3:30,KL KG,Russell Ranch,RRRG29,WEBL?,2 on,"-	",-,-,"Front off, no nest"
,2021-05-06T00:00:00Z,7:40,21:40,KL KG,Russell Ranch,RRRG29,-,-,"-	",-,-,Broken front
,2021-05-20T00:00:00Z,23:40,1:00,KL KG,Russell Ranch,RRRG29,TRES?,-,"1	",-,-,-
,2021-05-20T00:00:00Z,23:40,1:00,KL KG,Russell Ranch,RRRG29,TRES?,-,"1	",-,-,-
,2022-03-29T00:00:00Z,1:30,2:30,"VW, YW",Russell Ranch,RRRG29,TRES,2 on box,"3	",-,-,
,2022-04-05T00:00:00Z,2:30,3:19,VW,Russell Ranch,RRRG29,TRES,-,"4/4	",-,-,
,2022-05-10T00:00:00Z,,,KG PGG YW,Russell Ranch,RRRG29,TRES,1 near,"4/8	",-,2,WC: 47( skip next week).
,2022-06-16T00:00:00Z,23:45,0:45,CP,Russell Ranch,RRRG29,TRES,1 TRES on box,"4/10	",1A,2,
,2022-07-27T00:00:00Z,,,KG VW,Russell Ranch,RRRG29,-,-,"-	",-,-,empty nest cleared
,2021-04-16T00:00:00Z,0:50,1:49,KL KG,Russell Ranch,RRRG3,TRES,-,"4/1	",2C,-,the nest is very small and the eggs are smaller than average and quite cold- could be old or abandoned
,2021-04-23T00:00:00Z,2:45,3:30,KL KG,Russell Ranch,RRRG3,TRES,2 near,"4/1	",5W,-,very odd underdeveloped nest
,2021-04-30T00:00:00Z,0:30,1:00,"KL, KG",Russell Ranch,RRRG3,TRES,1 in 1 on,"4/3	",4W,-,small nest: female TRES stayed in box! again!
,2021-05-06T00:00:00Z,7:40,21:40,KL KG,Russell Ranch,RRRG3,TRES,2 near,"4/10	",-,5,"measured all stats- logger in this box, WC: 11, 11, 11, 9"
,2021-05-13T00:00:00Z,0:20,3:00,KL KG,Russell Ranch,RRRG3,TRES,2 near,"4/1	",-,5,"Front of box missing with inside logger on the ground. WC: 29,24,31,26"
,2021-05-13T00:00:00Z,4:30,4:45,"KL, KG",Russell Ranch,RRRG3,WEBL,-,"4	",5W,-,
,2021-05-17T00:00:00Z,2:00,3:30,"KL, AG",Russell Ranch,RRRG3,TRES,2 near,"4/0	",0,1,"4 dead nestlings removed - one banded: 2631-20627, remaning 1 banded"
,2021-05-20T00:00:00Z,23:40,2:00,KL KG,Russell Ranch,RRRG3,TRES,none near,"Skipped	",Skipped,Skipped,skipped week 1 i think
,2021-05-27T00:00:00Z,23:45,1:00,KL KG,Russell Ranch,RRRG3,TRES,2 near,"Skipped	",Skipped,Skipped,skipped
,2021-06-03T00:00:00Z,0:00,1:00,"KL, KG",Russell Ranch,RRRG3,TRES,2 in,"4/5	",5W,-,"1 dead nestling 2631-20647 inside, left loggers on box but downloaded data and reset memory"
,2021-06-10T00:00:00Z,1:30,2:30,KL KG,Russell Ranch,RRRG3,TRES,1 in,"4/8	",5W,-,-
,2021-06-17T00:00:00Z,22:30,23:30,"KL, KG",Russell Ranch,RRRG3,TRES,-,"4/6	",1W,4,"WC: 11,11,10,8"
,2021-06-24T00:00:00Z,23:30,1:00,"KL, KG",Russell Ranch,RRRG3,TRES,1 near,"4/10	",-,3,1 dead: blue nail polish. Measure 2
,2021-06-24T00:00:00Z,23:30,0:30,"KL, KG",Russell Ranch,RRRG3,WEBL,-,"4	",2C,-,Very cold
,2021-06-28T00:00:00Z,23:15,23:55,KL KG,Russell Ranch,RRRG3,TRES,2 near,"4/3	",-,3,banded!
,2021-06-28T00:00:00Z,23:15,23:55,KL KG,Russell Ranch,RRRG3,TRES,2 near,"4/3	",-,3,banded!
,2021-07-01T00:00:00Z,23:45,0:30,"KL, KG",Russell Ranch,RRRG3,TRES,-,"4	",Skipped,Skipped,"Accidentally opened nest, thought it was 2. Large babies inside, at least 3"
,2021-07-08T00:00:00Z,22:30,22:45,"KL, KG",Russell Ranch,RRRG3,Skipped,Skipped,"Skipped	",Skipped,Skipped,Nothing audible from outside; skip 2
,2021-07-15T00:00:00Z,2:30,2:55,KG,Russell Ranch,RRRG3,TRES,-,"4/12	",-,-,loggers removrd
,2022-03-29T00:00:00Z,1:30,2:00,"YW, VW",Russell Ranch,RRRG3,TRES,"1 on, 1 near","2	",-,-,
,2022-04-05T00:00:00Z,2:30,3:10,VW,Russell Ranch,RRRG3,-,-,"-	",-,-,completely knocked down by cow
,2022-04-12T00:00:00Z,2:10,3:00,KG YW,Russell Ranch,RRRG3,-,-,"-	",-,-,Box gone ?
,2021-04-16T00:00:00Z,1:00,2:00,KL,Russell Ranch,RRRG30,-,-,"-	",-,-,-
,2021-04-23T00:00:00Z,2:45,3:30,KL KG,Russell Ranch,RRRG30,-,-,"-	",-,-,Poops only in the box
,2021-04-30T00:00:00Z,0:30,1:00,"KL, KG",Russell Ranch,RRRG30,-,-,"-	",-,-,1 TREs on
,2021-05-06T00:00:00Z,7:40,21:40,KL KG,Russell Ranch,RRRG30,-,-,"-	",-,-,some poops
,2021-05-13T00:00:00Z,0:20,3:00,KL KG,Russell Ranch,RRRG30,-,-,"-	",-,-,-
,2021-05-27T00:00:00Z,23:45,1:00,KL KG,Russell Ranch,RRRG30,-,-,"-	",-,-,poops only
,2022-03-15T00:00:00Z,3:08,3:45,CP,Russell Ranch,RRRG30,-,2 TRES swooping during check,"-	",-,-,
,2022-03-23T00:00:00Z,23:40,0:19,KG RS,Russell Ranch,RRRG30,TRES,2,"0	",0,0,
,2022-03-29T00:00:00Z,1:30,2:30,"VW, YW, CP",Russell Ranch,RRRG30,-,2 TRES on box,"-	",-,-,8 POOPS. broken box
,2022-04-05T00:00:00Z,2:30,3:19,VW,Russell Ranch,RRRG30,-,1 TRES ON,"-	",-,-,box broken
,2021-04-23T00:00:00Z,2:45,3:30,KL KG,Russell Ranch,RRRG31,-,-,"-	",-,-,"Front off, no nest"
,2021-05-06T00:00:00Z,7:40,21:40,KL KG,Russell Ranch,RRRG31,-,-,"-	",-,-,Front off
,2021-06-03T00:00:00Z,23:50,1:00,KL KG,Russell Ranch,RRRG31,ATFL,-,"4	",-,-,new nest- filled with hair like material! not sure what species would do this
,2021-06-10T00:00:00Z,1:30,2:30,KL KG,Russell Ranch,RRRG31,ATFL,1 in,"4	",4W,-,-
,2021-06-17T00:00:00Z,22:30,23:30,"KL, KG",Russell Ranch,RRRG31,ATFL,-,"4	",4W,-,
,2021-06-24T00:00:00Z,23:30,1:00,"KL, KG",Russell Ranch,RRRG31,ATFL,-,"4	",2W,2,Hatch day is today!
,2021-07-01T00:00:00Z,23:45,0:30,"KL, KG, TP",Russell Ranch,RRRG31,ATFL,-,"4	",-,4,
,2021-04-30T00:00:00Z,0:30,1:00,"KL, KG",Russell Ranch,RRRG32,WEBL,1 male in,"4	",5W,-,male on box- newly marked box
,2021-05-06T00:00:00Z,7:40,21:40,KL KG,Russell Ranch,RRRG32,WEBL,1 in,"4	",5W,-,Female in box
,2021-05-13T00:00:00Z,0:20,3:00,KL KG,Russell Ranch,RRRG32,WEBL,-,"4	",-,5,"WC: 15,14,16"
,2021-05-24T00:00:00Z,0:30,4:00,KL KG AK,Russell Ranch,RRRG32,WEBL,-,"4	",-,2,3 dead 2 alive; banded
,2021-06-17T00:00:00Z,22:30,0:00,KL KG DV,Russell Ranch,RRRG32,WEBL,1 in,"4	",4w,-,-
,2021-06-24T00:00:00Z,23:30,1:00,KL KG TP DK,Russell Ranch,RRRG32,WEBL,-,"4	",4W,-,-
,2021-07-01T00:00:00Z,23:30,0:30,KL KG,Russell Ranch,RRRG32,WEBL,-,"4	",4A,-,-
,2022-03-15T00:00:00Z,3:08,3:30,CP,Russell Ranch,RRRG32,-,"2 WEBL on box male and female both UB, 2 TRES attempted to enter box","0	",0,0,
,2022-03-23T00:00:00Z,23:40,0:19,KG RS,Russell Ranch,RRRG32,WEBL,2,"0.1	",0,0,No nail
,2022-03-29T00:00:00Z,1:30,2:20,KG KL,Russell Ranch,RRRG32,WEBL,1 UB Male,"4	",-,-,nail missing
,2022-04-05T00:00:00Z,2:30,3:30,VW,Russell Ranch,RRRG32,-,-,"-	",-,-,Knocked over
,2022-03-29T00:00:00Z,1:30,2:00,KG,Russell Ranch,RRRG33,-,-,"-	",-,-,box falling over a little
,2022-04-05T00:00:00Z,2:30,3:10,VW,Russell Ranch,RRRG33,-,-,"1	",-,-,
,2022-04-12T00:00:00Z,2:10,3:00,"YW, KG",Russell Ranch,RRRG33,TRES,1 in 1on,"1	",-,-,
,2022-04-19T00:00:00Z,23:40,0:19,KG VW SM,Russell Ranch,RRRG33,TRES,1 ON,"2/0	",-,-,
,2022-04-26T00:00:00Z,23:40,0:40,"YW, VW",Russell Ranch,RRRG33,TRES,1on,"4/5	",-,-,
,2022-05-10T00:00:00Z,,,"YW, KG, PGG",Russell Ranch,RRRG33,TRES,1 in,"4	",6 W,-,-
,2022-05-21T00:00:00Z,,,KG KL,Russell Ranch,RRRG33,TRES,2 near,"4/12	",2W,2,-
,2022-06-09T00:00:00Z,,,KG PGG,Russell Ranch,RRRG33,TRES,1 in,"4	",-,2,big babies!
,2022-06-14T00:00:00Z,,,PGG,Russell Ranch,RRRG33,-,-,"-	",-,-,
,2022-06-22T00:00:00Z,,,VW,Russell Ranch,RRRG33,TRES,-,"4/9	",1C,-,
,2022-07-06T00:00:00Z,,,KG CP,Russell Ranch,RRRG33,TRES,-,"4/4	",-,-,old nest
,2022-07-27T00:00:00Z,,,KG VW,Russell Ranch,RRRG33,-,-,"-	",-,-,"emptied, nest cleared"
,2022-03-29T00:00:00Z,1:30,2:00,KG,Russell Ranch,RRRG34,TRES?,-,"-	",-,-,nail also missing
,2022-04-05T00:00:00Z,2:30,3:00,KL SM,Russell Ranch,RRRG34,-,-,"-	",-,-,
,2022-04-12T00:00:00Z,2:10,3:00,"YW, KG",Russell Ranch,RRRG34,TRES,1 in 1 on,"1	",-,-,
,2022-04-19T00:00:00Z,23:40,0:15,"SM, VW, KG",Russell Ranch,RRRG34,TRES,1 in,"4/0	",-,-,
,2022-04-26T00:00:00Z,23:50,0:30,KG PGG YW VW,Russell Ranch,RRRG34,TRES,1 on,"4	",3A,-,-
,2022-05-10T00:00:00Z,,,"YW, KG, PGG",Russell Ranch,RRRG34,TRES,1in 1near,"4	",5:00 AM,-,-
,2022-05-21T00:00:00Z,,,KG KL,Russell Ranch,RRRG34,TRES,1 in,"4/18	",-,5,non logger box
,2022-06-09T00:00:00Z,,,KG PGG,Russell Ranch,RRRG34,TRES,-,"4/11	",-,-,-
,2022-06-14T00:00:00Z,,,PGG,Russell Ranch,RRRG34,TRES,2 TRES flying near,"4/7	",0,0,
,2022-06-22T00:00:00Z,,,VW,Russell Ranch,RRRG34,TRES,-,"4/8	",-,-,
,2022-07-06T00:00:00Z,,,KG CP,Russell Ranch,RRRG34,TRES,-,"4/4	",-,-,old nest
,2022-07-27T00:00:00Z,,,KG VW,Russell Ranch,RRRG34,-,-,"-	",-,-,cleared
,2022-03-29T00:00:00Z,1:30,2:00,KG,Russell Ranch,RRRG35,TRES,2 on top,"-	",-,-,-
,2022-04-05T00:00:00Z,2:30,3:00,"KL, SM",Russell Ranch,RRRG35,-,-,"-	",-,-,
,2022-04-19T00:00:00Z,23:40,0:15,VW KG SM,Russell Ranch,RRRG35,WEBL,1 IN,"4	",3W,-,
,2022-04-26T00:00:00Z,23:50,0:30,KG PGG,Russell Ranch,RRRG35,TRES? WEBL?,2 TRES,"4	",1C,-,-
,2022-03-29T00:00:00Z,1:30,2:20,"VW, YW",Russell Ranch,RRRG36,-,-,"1	",-,-,
,2022-04-05T00:00:00Z,2:30,3:19,VW,Russell Ranch,RRRG36,TRES,-,"2/1	",-,-,
,2022-04-12T00:00:00Z,2:15,2:45,SM,Russell Ranch,RRRG36,TRES,"1 TRES on top, 1 TRES inside","4/10	",0,0,
,2022-04-19T00:00:00Z,23:40,0:15,"SM, VW, KG",Russell Ranch,RRRG36,TRES,1 in,"4/6	",1:00 AM,-,
,2022-05-10T00:00:00Z,,,KG PGG VW,Russell Ranch,RRRG36,TRES,2 in,"4/8	",4W,1,newly hatched baby!
,2022-05-21T00:00:00Z,,,KG KL,Russell Ranch,RRRG36,-,-,"-	",-,-,nail totally stuck could not open
,2022-06-09T00:00:00Z,,,KG PGG,Russell Ranch,RRRG36,TRES,1 in,"4/5	",2C,-,-
,2022-06-14T00:00:00Z,,,CP,Russell Ranch,RRRG36,TRES,1 TRES inside,"4/3	",6W,0,
,2022-06-22T00:00:00Z,,,SM KG VW,Russell Ranch,RRRG36,TRES,1 in,"4/7	",5 W,-,
,2022-07-05T00:00:00Z,,,KG PGG,Russell Ranch,RRRG36,TRES,none near,"4/4	",-,2,3 nestlings last week
,2022-07-13T00:00:00Z,,,KG VW,Russell Ranch,RRRG36,TRES,-,"-	",-,-,babies heard
,2022-07-27T00:00:00Z,,,KG VW,Russell Ranch,RRRG36,-,-,"-	",-,-,emptied
,2022-04-05T00:00:00Z,2:30,3:10,VW,Russell Ranch,RRRG37,-,-,"1	",-,-,
,2022-03-29T00:00:00Z,1:30,2:20,KG,Russell Ranch,RRRG38,-,-,"-	",-,-,tipping over a tad
,2022-04-12T00:00:00Z,2:10,3:00,"YW, KG",Russell Ranch,RRRG38,-,-,"-	",-,-,
,2022-04-19T00:00:00Z,23:40,0:10,VW,Russell Ranch,RRRG38,TRES,2 ON,"2/0	",-,-,
,2022-04-26T00:00:00Z,23:40,0:40,"YW, VW",Russell Ranch,RRRG38,TRES,1in 1on,"4/6	",7 W,-,
,2022-05-10T00:00:00Z,,,KG PGG YW,Russell Ranch,RRRG38,TRES,1 in 1 on,"4/6	",6W,-,-
,2022-05-21T00:00:00Z,,,KG KL,Russell Ranch,RRRG38,TRES,1 near,"4/8	",3W,3,non loggers
,2022-06-09T00:00:00Z,,,KG PGG,Russell Ranch,RRRG38,TRES,-,"4/6	",3C,-,dead eggs?
,2022-06-14T00:00:00Z,,,CP,Russell Ranch,RRRG38,TRES,0,"4/2	",3W,0,
,2022-04-19T00:00:00Z,23:40,0:15,"SM, VW, KG",Russell Ranch,RRRG39,-,-,"-	",-,-,
,2022-04-26T00:00:00Z,23:40,0:40,"YW, ZW",Russell Ranch,RRRG39,WEBL,-,"4	",-,-,
,2022-05-10T00:00:00Z,23:45,1:00,KG PGG YW,Russell Ranch,RRRG39,WEBL,1,"4	",5W,-,-
,2022-05-21T00:00:00Z,,,KL,Russell Ranch,RRRG39,WEBL,1 in,"4	",-,5,
,2022-05-24T00:00:00Z,,,KG PGG YW,Russell Ranch,RRRG39,WEBL,-,"4	",-,5,-
,2022-06-02T00:00:00Z,,,VW KG PGG,Russell Ranch,RRRG39,WEBL,-,"4	",-,4,
,2022-06-09T00:00:00Z,,,KG PGG,Russell Ranch,RRRG39,WEBL,-,"4	",-,-,-
,2022-06-14T00:00:00Z,1:30,2:30,PGG,Russell Ranch,RRRG39,TRES,1 TRES near perched,"-	",-,-,
,2022-06-22T00:00:00Z,23:40,1:00,SM KL VW,Russell Ranch,RRRG39,WEBL,-,"4	",-,-,
,2022-06-28T00:00:00Z,,,KG PGG VW,Russell Ranch,RRRG39,WEBL,-,"4- old nest	",-,-,-
,2022-07-06T00:00:00Z,23:34,0:15,CP,Russell Ranch,RRRG39,WEBL,0,"4	",0,0,
,2022-07-13T00:00:00Z,,,KG VW,Russell Ranch,RRRG39,WEBL,-,"-	",-,-,old nest
,2022-07-19T00:00:00Z,,,KG YW,Russell Ranch,RRRG39,WEBL,-,"-	",-,-,old nest
,2022-07-27T00:00:00Z,,,KG VW,Russell Ranch,RRRG39,-,-,"-	",-,-,empty nest cleared
,2023-04-11T00:00:00Z,2:23,2:50,"RK, YZ",Russell Ranch,RRRG39,-,-,"0	",-,-,
,2023-04-18T00:00:00Z,1:25,1:49,"RK, YZ",Russell Ranch,RRRG39,TRES,1 nearby,"0	",0,0,
,2023-04-25T00:00:00Z,1:54,2:00,"RK, YZ",Russell Ranch,RRRG39,TRES,0,"2/0	",0,0,
,2023-05-02T00:00:00Z,2:50,3:10,"RK, YZ",Russell Ranch,RRRG39,-,0,"2	",0,0,
,2023-05-11T00:00:00Z,0:47,1:10,"RK, YZ",Russell Ranch,RRRG39,ATFL,0,"4/30	",0,0,Nest lined with mammal fur
,2023-05-25T00:00:00Z,23:34,23:45,"RK, YZ",Russell Ranch,RRRG39,ATFL,1 inside,"4	",5W,0,
,2021-04-16T00:00:00Z,0:50,1:49,KL KG,Russell Ranch,RRRG4,TRES,2 around,"4/ 10	",-,-,-
,2021-04-23T00:00:00Z,2:45,3:30,KL KG,Russell Ranch,RRRG4,TRES,2 near,"4/2	",1W,-,Box very unstable- leaning forward
,2021-04-30T00:00:00Z,0:30,1:00,"KL, KG",Russell Ranch,RRRG4,TRES,2 near,"4/4	",5W,-,small nest
,2021-05-06T00:00:00Z,7:40,21:40,KL KG,Russell Ranch,RRRG4,TRES,2 near,"4/11	",4W,-,-
,2021-05-13T00:00:00Z,0:20,3:00,KL KG,Russell Ranch,RRRG4,TRES,-,"4/18	",-,4,"WC: 7,8,7"
,2021-05-20T00:00:00Z,23:40,0:15,"KL, KG",Russell Ranch,RRRG4,TRES,2 on,"4/10	",-,4,"WC: 30, 32, 33"
,2021-05-24T00:00:00Z,0:30,4:00,KL KG AK,Russell Ranch,RRRG4,TRES,2 near,"4/4	",-,3,3 alive 1 dead nestling
,2021-05-24T00:00:00Z,0:30,4:00,KL KG AK,Russell Ranch,RRRG4,TRES,2 near,"4/4	",-,3,3 alive 1 dead nestling; banded
,2021-05-27T00:00:00Z,23:45,1:00,KL KG,Russell Ranch,RRRG4,TRES,1 on,"Skipped	",Skipped,Skipped,skipped- heard loud babies!!
,2021-06-03T00:00:00Z,0:00,1:00,"KL, KG",Russell Ranch,RRRG4,TRES,3 near,"Skipped	",Skipped,Skipped,Skip 2
,2021-06-03T00:00:00Z,1:30,2:30,"KL, KG",Russell Ranch,RRRG4,WEBL,-,"2.5	",-,-,
,2021-06-17T00:00:00Z,22:30,23:30,"KL, KG",Russell Ranch,RRRG4,TRES,1 in,"4/13	",4W,-,
,2021-06-24T00:00:00Z,23:30,1:00,KL KG,Russell Ranch,RRRG4,TRES,1 in,"4/12	",4W,-,-
,2021-07-01T00:00:00Z,23:30,0:30,KL KG,Russell Ranch,RRRG4,TRES,2 near,"4/10	",1W,3,"WC: 12,12,14"
,2022-03-15T00:00:00Z,3:00,3:45,"KL, CP, IS",Russell Ranch,RRRG4,-,-,"-	",-,-,
,2022-03-15T00:00:00Z,3:00,3:30,"KL, CP, IS",Russell Ranch,RRRG4,-,-,"-	",-,-,
,2022-03-29T00:00:00Z,1:30,2:00,"YW, VW",Russell Ranch,RRRG4,TRES,"1 on, 1 stand on pole next to it","2	",-,-,
,2022-04-05T00:00:00Z,2:30,3:19,VW,Russell Ranch,RRRG4,TRES,1 FLY,"3/1	",-,-,
,2022-04-12T00:00:00Z,2:10,3:00,KG YW,Russell Ranch,RRRG4,TRES,-,"4/6	",4A,-,-
,2022-04-19T00:00:00Z,23:40,0:10,VW KG,Russell Ranch,RRRG4,TRES,1 ON 1 IN,"4/4	",5W,-,Loggers added
,2022-04-26T00:00:00Z,23:50,0:30,KG PGG,Russell Ranch,RRRG4,TRES,1 on 1 near,"4/9	",5W,-,eggs loggers
,2022-05-05T00:00:00Z,0:40,1:30,KG VW MZ,Russell Ranch,RRRG4,TRES,1 on,"4/5	",1C,-,last week warm eggs- expecting babies but all are gone :/ may move loggers
,2022-05-10T00:00:00Z,,,KG PGG YW,Russell Ranch,RRRG4,TRES,2 near,"4/8	",6W,-,"last week 1 cold/ dead egg so loggers removed, this week new eggs —> moved loggers BACK to 4! (removed from 2)."
,2022-05-21T00:00:00Z,,,KG KL,Russell Ranch,RRRG4,TRES,1 in,"4/8	",6W,-,
,2022-06-09T00:00:00Z,,,KG PGG,Russell Ranch,RRRG4,TRES,2 near,"4/12	",-,4,banding age ish
,2022-06-14T00:00:00Z,,,PGG,Russell Ranch,RRRG4,TRES,1 TRES inside,"4/?	",5W,0,
,2022-06-16T00:00:00Z,,,CP,Russell Ranch,RRRG4,TRES,2 TRES in box,"4/4	",0,1,Wrote number on but only had thin sharpie
,2022-06-22T00:00:00Z,,,VW,Russell Ranch,RRRG4,TRES,-,"4/8	",-,-,
,2022-07-19T00:00:00Z,,,KG YW,Russell Ranch,RRRG4,-,-,"-	",-,-,empty
,2022-07-27T00:00:00Z,,,KG VW,Russell Ranch,RRRG4,-,-,"-	",-,-,empty nest cleared
,2023-03-31T00:00:00Z,3:47,4:15,KL,Russell Ranch,RRRG4,TRES,1 on,"2/0	",-,-,
,2022-04-18T00:00:00Z,23:40,0:15,"SM, VW, KG",Russell Ranch,RRRG40,TRES,1 in 1 on,"-	",-,-,
,2022-04-26T00:00:00Z,23:40,0:40,"YW, VW",Russell Ranch,RRRG40,TRES,one on,"2	",-,-,
,2022-05-10T00:00:00Z,23:50,0:19,"YW, KG, PGG",Russell Ranch,RRRG40,TRES,-,"4/5	",2,-,
,2022-05-21T00:00:00Z,,,KL,Russell Ranch,RRRG40,TRES,1 in,"2/5	",-,-,
,2022-05-24T00:00:00Z,,,KG PGG YW,Russell Ranch,RRRG40,TRES,1 in,"4/4	",4W,-,-
,2022-06-02T00:00:00Z,,,VW KG PGG,Russell Ranch,RRRG40,TRES,-,"4	",-,3,Really messed up nest. Group is not even covered but babies are in there.
,2022-06-09T00:00:00Z,,,KG PGG,Russell Ranch,RRRG40,TRES,2 near,"4/15	",-,3,measure 1- could not capture mom
,2022-06-14T00:00:00Z,,,PGG,Russell Ranch,RRRG40,TRES,2 TRES flying near,"-	",-,-,
,2022-06-22T00:00:00Z,,,VW KG SM,Russell Ranch,RRRG40,TRES,-,"4/6	",-,-,nest cleared out
,2022-06-28T00:00:00Z,,,KG PGG VW,Russell Ranch,RRRG40,TRES,-,"1	",-,-,old nest leftovers
,2022-07-06T00:00:00Z,,,CP,Russell Ranch,RRRG40,0,0,"0	",0,0,Box front panel broken
,2022-07-13T00:00:00Z,,,KG VW,Russell Ranch,RRRG40,WEBL,-,"-	",-,-,old nest
,2022-07-19T00:00:00Z,,,KG YW,Russell Ranch,RRRG40,WEBL,-,"-	",-,-,-
,2022-07-27T00:00:00Z,,,KG VW,Russell Ranch,RRRG40,-,-,"-	",-,-,empty nest cleared
,2023-03-31T00:00:00Z,3:47,4:15,KL,Russell Ranch,RRRG40,-,-,"-	",-,-,
,2022-04-18T00:00:00Z,23:40,0:15,"SM, VW, KG",Russell Ranch,RRRG41,TRES,1 on 1 flying,"1/0	",-,-,
,2022-04-26T00:00:00Z,23:40,0:40,"YW, VW",Russell Ranch,RRRG41,TRES,one in,"3/4	",-,-,
,2022-05-10T00:00:00Z,23:45,1:00,KG PGG YW,Russell Ranch,RRRG41,TRES,2 near,"4/4	",4C,-,-
,2022-05-21T00:00:00Z,,,KL,Russell Ranch,RRRG41,TRES,-,"4/10	",4C,-,Front broken
,2022-05-24T00:00:00Z,,,KG PGG YW,Russell Ranch,RRRG41,WEBL,1 female,"4	",4A,-,broken box- used bag handle to fix it
,2022-06-02T00:00:00Z,,,KG PGG VW,Russell Ranch,RRRG41,TRES,2 near,"4/4	",-,-,-
,2022-06-14T00:00:00Z,,,CP,Russell Ranch,RRRG41,WEBL,1 WEBL female and 1 WEBL male near,"4	",5W,0,
,2022-06-22T00:00:00Z,,,SM KG VW,Russell Ranch,RRRG41,WEBL,3 nearby,"4	",1,5,
,2022-06-28T00:00:00Z,,,KG PGG VW,Russell Ranch,RRRG41,TRES,1 near,"4/4	",1,5,- removed cam because box is so broken!
,2022-07-05T00:00:00Z,,,KG PGG,Russell Ranch,RRRG41,WEBL,3 near,"4	",-,5,box kind of fixed w tape
,2022-07-06T00:00:00Z,,,CP,Russell Ranch,RRRG41,WEBL,2 WEBL (1 male 1 female),"-	",-,-,
,2022-07-13T00:00:00Z,,,KG VW,Russell Ranch,RRRG41,WEBL,-,"-	",-,-,loggers removed
,2022-07-19T00:00:00Z,,,KG YW,Russell Ranch,RRRG41,,,"NA	",,,
,2022-07-27T00:00:00Z,,,KG VW,Russell Ranch,RRRG41,-,-,"-	",-,-,"empty nest cleared, need repair"
,2023-03-31T00:00:00Z,3:47,4:15,KL,Russell Ranch,RRRG41,-,-,"-	",-,-,Broken
,2022-04-19T00:00:00Z,23:40,0:15,"SM, VW, KG",Russell Ranch,RRRG42,TRES,2 nearby,"2/0	",-,-,
,2022-04-26T00:00:00Z,23:40,0:40,"YW, VW",Russell Ranch,RRRG42,TRES,2 on,"3/4	",-,-,
,2022-05-20T00:00:00Z,23:50,0:19,"YW,KG, PGG",Russell Ranch,RRRG42,TRES,2 in,"4	",6 W,-,
,2022-05-21T00:00:00Z,,,KL,Russell Ranch,RRRG42,TRES,2 near,"4/25	",-,6,
,2022-05-24T00:00:00Z,,,KG PGG YW,Russell Ranch,RRRG42,TRES,2 near,"4/4	",-,5,-
,2022-06-14T00:00:00Z,,,CP,Russell Ranch,RRRG42,Tres,1 TRES perched near,"-	",-,-,
,2022-06-22T00:00:00Z,,,VW,Russell Ranch,RRRG42,-,-,"4	",-,-,
,2022-06-28T00:00:00Z,,,KG PGG VW,Russell Ranch,RRRG42,TRES,-,"4/4	",-,-,-
,2022-07-06T00:00:00Z,,,CP,Russell Ranch,RRRG42,TRES,"4 WEBL (adult M/F pair, 2 juvs)","4/3	",0,0,
,2022-07-13T00:00:00Z,,,KG VW,Russell Ranch,RRRG42,WEBL,-,"-	",-,-,old nest
,2022-07-19T00:00:00Z,,,KG YW,Russell Ranch,RRRG42,,,"NA	",,,
,2022-07-27T00:00:00Z,,,KG VW,Russell Ranch,RRRG42,-,-,"-	",-,-,empty nest cleared
,2022-04-19T00:00:00Z,23:40,0:15,"SM, VW, KG",Russell Ranch,RRRG43,TRES,2 flying,"-	",-,-,
,2022-04-26T00:00:00Z,23:40,0:40,"YW, VW",Russell Ranch,RRRG43,TRES,1 on,"4/3	",-,-,
,2022-05-10T00:00:00Z,23:50,0:19,"YW, KG, PGG",Russell Ranch,RRRG43,TRES,2near,"4	",6A,-,-
,2022-05-21T00:00:00Z,,,KL,Russell Ranch,RRRG43,TRES,2 near,"4/20	",-,6,
,2022-05-24T00:00:00Z,,,"YW, KG, PGG",Russell Ranch,RRRG43,TRES,-,"4	",-,6,
,2022-06-02T00:00:00Z,,,VW PGG KG,Russell Ranch,RRRG43,TRES,3 NEAR,"4/5	",-,3?,big babies skip next week. Only did a peak so not sure how many
,2022-06-14T00:00:00Z,,,CP,Russell Ranch,RRRG43,-,-,"-	",-,-,
,2022-06-22T00:00:00Z,,,VW,Russell Ranch,RRRG43,TRES,-,"4/8	",-,-,nest?cleared out
,2022-06-28T00:00:00Z,,,KG PGG VW,Russell Ranch,RRRG43,-,-,"-	",-,-,empty
,2022-07-06T00:00:00Z,,,CP,Russell Ranch,RRRG43,TRES,0,"2/1	",0,0,
,2022-07-13T00:00:00Z,,,KG VW,Russell Ranch,RRRG43,-,-,"-	",-,-,empty
,2023-03-31T00:00:00Z,3:47,4:15,KL,Russell Ranch,RRRG43,TRES,-,"1	",-,-,
,2023-03-31T00:00:00Z,3:47,4:15,KL,Russell Ranch,RRRG43,TRES,1 in,"2/0	",-,-,
,2022-04-19T00:00:00Z,23:40,0:15,"SM, VW, KG",Russell Ranch,RRRG44,TRES,2 flying,"1/0	",-,-,
,2022-04-26T00:00:00Z,23:40,0:40,"YW, VW",Russell Ranch,RRRG44,TRES,1 near,"4/5	",-,-,
,2022-05-10T00:00:00Z,23:45,1:00,KG PGG VW,Russell Ranch,RRRG44,TRES,1 in,"4/12	",6W,-,-
,2022-05-21T00:00:00Z,,,KL,Russell Ranch,RRRG44,TRES,1 in 1 near,"4/20	",-,6,
,2022-05-24T00:00:00Z,,,"YW,KG, PGG",Russell Ranch,RRRG44,TRES,-,"4	",-,6,
,2022-06-02T00:00:00Z,,,KG PGG VW,Russell Ranch,RRRG44,TRES,2 near,"4/18	",-,3? maybe more closed nest quick,skip next week!
,2022-06-14T00:00:00Z,,,CP,Russell Ranch,RRRG44,-,-,"-	",-,-,
,2022-06-22T00:00:00Z,,,VW,Russell Ranch,RRRG44,WEBL,1 IN,"4	",5W,-,over old TRES nest
,2022-06-28T00:00:00Z,,,KG PGG VW,Russell Ranch,RRRG44,WEBL,1 near,"4/5- old TRES nest	",-,-,no loggers added bc we have 4 at this site
,2022-07-06T00:00:00Z,,,CP,Russell Ranch,RRRG44,WEBL,1 WEBL female in,"4	",0,5,
,2022-07-19T00:00:00Z,,,KG YW,Russell Ranch,RRRG44,WEBL,1 male near,"4	",-,1,"2 dead nestlings on outside of nest, one alive nestling, so many ants in the nest :( dead nestlings removed and buried, may they rest in peace"
,2022-07-27T00:00:00Z,,,KG VW,Russell Ranch,RRRG44,-,-,"-	",-,-,skipped
,2023-03-31T00:00:00Z,3:47,4:15,KL,Russell Ranch,RRRG44,TRES,-,"2/0	",-,-,
,2022-04-19T00:00:00Z,23:40,0:15,"SM, VW, KG",Russell Ranch,RRRG45,-,-,"-	",-,-,
,2022-04-26T00:00:00Z,23:40,0:40,"YW, VW",Russell Ranch,RRRG45,-,-,"-	",-,-,
,2022-05-24T00:00:00Z,,,KG PGG YW,Russell Ranch,RRRG45,ATFL!,1 in,"4/ super furry	",4W,-,so cool!
,2022-06-14T00:00:00Z,,,CP,Russell Ranch,RRRG45,TRES,Cloud of 12 TRES/CLSW foraging near,"4	",-,3 (at least),"BIG nestlings inside, heard clicking"
,2022-07-06T00:00:00Z,,,KG CP,Russell Ranch,RRRG45,ATFL!,-,"4/ fur!	",-,-,beautiful!
,2022-07-27T00:00:00Z,,,KG VW,Russell Ranch,RRRG45,-,-,"-	",-,-,cleared
,2023-03-31T00:00:00Z,3:47,4:15,KL,Russell Ranch,RRRG45,TRES,-,"-	",-,-,Roof broken
,2021-04-16T00:00:00Z,0:50,1:49,KL KG,Russell Ranch,RRRG5,TRES,1 on box,"4/9	",-,-,-
,2021-04-23T00:00:00Z,2:45,3:30,KL KG,Russell Ranch,RRRG5,TRES,4 near,"4/2	",3A,-,5 TRES nearby clicking at me
,2021-04-30T00:00:00Z,0:30,1:00,"KL,KG",Russell Ranch,RRRG5,TRES,2 on,"4/8	",5W,-,-
,2021-05-06T00:00:00Z,7:40,21:40,KL KG,Russell Ranch,RRRG5,TRES,1 in 1 near,"4/20	",5W,-,-
,2021-05-13T00:00:00Z,0:20,3:00,KL KG,Russell Ranch,RRRG5,TRES,-,"4/9	",1W,4,"WC:11,13,11"
,2021-05-20T00:00:00Z,23:40,2:00,KL KG,Russell Ranch,RRRG5,TRES,1 on 2 near,"4/6	",1,4,-
,2021-05-22T00:00:00Z,0:30,2:00,"KL, RE",Russell Ranch,RRRG5,TRES,2 near,"4/15	",1W,4,Banded
,2021-05-27T00:00:00Z,23:45,1:00,KL KG,Russell Ranch,RRRG5,TRES,2 on,"Skipped	",Skipped,Skipped,"skipped- two loud prents , no babies heard"
,2021-06-03T00:00:00Z,0:00,1:00,"KL, KG",Russell Ranch,RRRG5,Skipped,-,"Skipped	",Skipped,Skipped,Skip 2
,2021-06-17T00:00:00Z,22:30,23:30,"KL, KG",Russell Ranch,RRRG5,TRES,-,"4/12	",4W,-,
,2021-06-24T00:00:00Z,23:30,1:00,KL KG TP DK,Russell Ranch,RRRG5,TRES,-,"4/8	",4W,-,-
,2021-07-01T00:00:00Z,23:30,0:30,KL KG,Russell Ranch,RRRG5,TRES,2 near,"4/29	",1,3,"WC: 6,6,6 hatch day!"
,2022-03-29T00:00:00Z,1:30,2:00,"YW, VW",Russell Ranch,RRRG5,WEBL,a pair on pole next to it,"2	",-,-,
,2022-04-05T00:00:00Z,2:30,3:19,VW,Russell Ranch,RRRG5,WEBL?,-,"3	",-,-,
,2022-04-12T00:00:00Z,2:10,3:00,"KG, YW",Russell Ranch,RRRG5,WEBL,-,"4	",-,-,
,2022-04-19T00:00:00Z,20:40,0:10,KG VW,Russell Ranch,RRRG5,WEBL,1 IN banded，Orange/White on left leg,"4	",3W,-,"she stared at us when we opened the box. sooooo cute, loggers added"
,2022-04-26T00:00:00Z,23:50,0:30,KG PGG,Russell Ranch,RRRG5,WEBL,-,"4	",4W,-,loggers eggs
,2022-05-05T00:00:00Z,1:00,1:10,KG VW MZ,Russell Ranch,RRRG5,WEBL,2 NEAR,"4	",-,4,"WC  10,9,8,10"
,2022-05-10T00:00:00Z,,,KG PGG YW,Russell Ranch,RRRG5,WEBL,1 near,"4	",-,4,"WC: 21,21,19,18"
,2022-05-21T00:00:00Z,,,KG KL,Russell Ranch,RRRG5,WEBL,-,"-	",-,-,skipped!
,2022-06-09T00:00:00Z,,,KG PGG,Russell Ranch,RRRG5,TRES,1 on edge,"4/4	",5W,-,loggers were never removed from this box (my bad!) but now that there r eggs on it we r leaving them up!
,2022-06-14T00:00:00Z,,,PGG,Russell Ranch,RRRG5,TRES,1 TRES inside,"4/?	",4,1,Captured TRES from box but escaped
,2022-06-16T00:00:00Z,,,CP,Russell Ranch,RRRG5,TRES,2 TRES on top,"4/15	",0,5,Attempted female capture but didn't go in
,2022-06-22T00:00:00Z,,,VW KG SM,Russell Ranch,RRRG5,TRES,4 NEAR,"4/6	",-,5,no success in capturing mom
,2022-06-23T00:00:00Z,,,"KL,PGG,YW",Russell Ranch,RRRG5,TRES,5 near,"4/10	",-,5,Tried to cap adult- nestbox narrow for flap trap :(
,2022-06-28T00:00:00Z,,,KG PGG VW,Russell Ranch,RRRG5,TRES,2 near,"4/4	",-,5,-
,2022-07-06T00:00:00Z,,,KG CP,Russell Ranch,RRRG5,TRES,2 near,"skipped	",skipped,heard,skipped
,2022-07-13T00:00:00Z,,,KG VW,Russell Ranch,RRRG5,TRES,-,"-	",-,-,skipped
,2022-07-19T00:00:00Z,,,KG YW,Russell Ranch,RRRG5,TRES,-,"-	",-,-,-
,2022-07-27T00:00:00Z,,,KG VW,Russell Ranch,RRRG5,-,-,"-	",-,-,empty nest cleared
,2023-05-11T00:00:00Z,1:21,1:45,"RK, YZ",Russell Ranch,RRRG5,WEBL,1 female on nest,"4	",4W,0,
,2023-04-11T00:00:00Z,2:23,2:50,"RK, YZ",Russell Ranch,RRRG50,WEBL,2 nearby,"4	",0,0,
,2023-04-18T00:00:00Z,1:26,1:49,"RK, YZ",Russell Ranch,RRRG50,TRES,3 nearby,"3/0	",-,-,
,2023-04-25T00:00:00Z,1:54,2:00,"RK, YZ",Russell Ranch,RRRG50,TRES,2 nearby,"4/15	",0,0,
,2023-05-11T00:00:00Z,0:49,2:10,"RK, YZ",Russell Ranch,RRRG50,TRES,2 nearby,"4/25	",2A,0,
,2023-05-25T00:00:00Z,23:34,23:40,"RK, YZ",Russell Ranch,RRRG50,TRES,1 nearby,"4/30	",1C,0,
,2023-06-22T00:00:00Z,2:50,3:00,"RK, YZ",Russell Ranch,RRRG50,WEBL,0,"4	",3W,0,
,2023-06-27T00:00:00Z,,,KL,Russell Ranch,RRRG50,WEBL,1 near,"4	",1W,-,
,2023-07-06T00:00:00Z,,,KL,Russell Ranch,RRRG50,WEBL,1 in,"4	",1W,1,
,2023-07-11T00:00:00Z,2:25,2:55,"KL, RK, YZ",Russell Ranch,RRRG50,WEBL,1 nearby,"4	",0,1,
,2023-08-03T00:00:00Z,23:30,23:34,"RK, YZ",Russell Ranch,RRRG50,WEBL,0,"4	",2,0,1 dead nestling
,2023-04-11T00:00:00Z,2:24,2:50,"RK, YZ",Russell Ranch,RRRG51,-,-,"2	",-,-,
,2023-04-18T00:00:00Z,1:28,1:49,"RK, YZ",Russell Ranch,RRRG51,TRES,2 nearby,"4/0	",0,0,
,2023-04-25T00:00:00Z,1:55,2:20,"RK, YZ",Russell Ranch,RRRG51,TRES,-,"4/1	",-,-,
,2023-04-25T00:00:00Z,1:55,2:00,"RK, YZ",Russell Ranch,RRRG51,TRES,4 nearby,"RRRG52	",5-Mar,0,
,2023-05-02T00:00:00Z,2:51,3:10,"RK, YZ",Russell Ranch,RRRG51,TRES,1 inside,"4/0	",0,0,
,2023-05-11T00:00:00Z,0:50,1:10,"RK, YZ",Russell Ranch,RRRG51,TRES,2 nearby,"4/3	",0,0,
,2023-05-25T00:00:00Z,23:33,23:45,"RK, YZ",Russell Ranch,RRRG51,TRES,0,"4/30	",3,0,
,2023-04-11T00:00:00Z,2:26,2:50,"RK, YZ",Russell Ranch,RRRG52,TRES,0,"2/3	",0,0,
,2023-04-18T00:00:00Z,1:28,1:49,"RK, YZ",Russell Ranch,RRRG52,TRES,-,"4/10	",-,-,
,2023-05-02T00:00:00Z,2:53,3:10,"RK, YZ",Russell Ranch,RRRG52,TRES,0,"4/5	",0,0,
,2023-05-11T00:00:00Z,0:51,1:10,"RK, YZ",Russell Ranch,RRRG52,WEBL,0,"4	",1C,0,
,2023-05-25T00:00:00Z,23:32,23:40,"RK, YZ",Russell Ranch,RRRG52,WEBL,0,"4	",2C,0,1 broken egg shell
,2023-04-11T00:00:00Z,2:26,2:50,"RK, YZ",Russell Ranch,RRRG53,TRES,4 nearby,"1/0	",-,-,
,2023-04-18T00:00:00Z,1:29,1:49,"RK, YZ",Russell Ranch,RRRG53,TRES,1 nearby,"4/8	",0,0,
,2023-04-25T00:00:00Z,1:57,2:20,"RK, YZ",Russell Ranch,RRRG53,TRES,1 inside box,"4/10	",-,-,
,2023-05-11T00:00:00Z,0:51,1:10,"RK, YZ",Russell Ranch,RRRG53,TRES,0,"4/8	",4C,0,
,2023-04-11T00:00:00Z,2:27,2:50,"RK, YZ",Russell Ranch,RRRG54,TRES,11 nearby,"1/0	",0,0,
,2023-04-18T00:00:00Z,1:30,1:49,"RK, YZ",Russell Ranch,RRRG54,TRES,1 nearby,"2/0	",-,-,
,2023-04-25T00:00:00Z,1:58,2:00,"RK, YZ",Russell Ranch,RRRG54,TRES,1 nearby,"3/8	",0,0,
,2023-05-02T00:00:00Z,2:53,3:10,"RK, YZ",Russell Ranch,RRRG54,TRES,0,"4/10	",0,0,
,2023-05-11T00:00:00Z,0:54,1:10,"RK, YZ",Russell Ranch,RRRG54,TRES,0,"4/2	",2C,0,
,2023-05-18T00:00:00Z,3:15,3:30,"RK, KL",Russell Ranch,RRRG54,ATFL,1 near,"4	",2,0,ATFL took over TRES nest; 1 egg is ATFL and other is TRES
,2023-05-25T00:00:00Z,3:15,3:30,"RK, KL",Russell Ranch,RRRG54,ATFL,1 near,"4	",2,0,ATFL took over TRES nest; 1 egg is ATFL and other is TRES
,2023-04-11T00:00:00Z,2:27,2:50,"RK, YZ",Russell Ranch,RRRG55,TRES,1 nearby,"0/0	",-,-,
,2023-04-18T00:00:00Z,1:31,1:49,"RK, YZ",Russell Ranch,RRRG55,TRES,2 nearby,"2/1	",0,0,
,2023-04-25T00:00:00Z,1:59,2:20,"RK, YZ",Russell Ranch,RRRG55,WEBL,2 nearby,"2	",-,-,1 TRES nearby
,2023-05-02T00:00:00Z,2:56,3:10,RK,Russell Ranch,RRRG55,TRES,0,"4/5	",0,0,
,2023-05-11T00:00:00Z,,,KL,Russell Ranch,RRRG55,TRES,-,"4/5	",-,-,
,2023-05-25T00:00:00Z,23:27,23:45,"RK, YZ",Russell Ranch,RRRG55,ATFL,0,"4	",4,0,"4 ATFL eggs, 1 TRES egg; ATFL took over swallow nest"
,2023-06-13T00:00:00Z,3:00,,"RK, YZ",Russell Ranch,RRRG55,WEBL,-,"4	",0,0,
,2023-04-11T00:00:00Z,2:29,2:50,YZ,Russell Ranch,RRRG56,TRES,1 nearby,"3/0	",0,0,
,2023-04-18T00:00:00Z,,,KL,Russell Ranch,RRRG56,TRES,-,"3/2	",-,-,
,2023-04-25T00:00:00Z,,,KL,Russell Ranch,RRRG56,TRES,2 near,"4/7	",-,-,
,2023-05-02T00:00:00Z,2:57,3:10,"RK, YZ",Russell Ranch,RRRG56,TRES,0,"4/15	",5A,0,
,2023-05-11T00:00:00Z,,,KL,Russell Ranch,RRRG56,TRES,1 in,"4/25	",5W,-,
,2023-04-11T00:00:00Z,2:32,2:50,YZ,Russell Ranch,RRRG57,TRES,2 nearby,"3/2	",0,0,
,2023-04-18T00:00:00Z,,,KL,Russell Ranch,RRRG57,TRES,-,"4/4	",-,-,
,2023-04-25T00:00:00Z,,,KL,Russell Ranch,RRRG57,TRES,2 near,"4/7	",-,-,
,2023-05-02T00:00:00Z,2:59,3:10,"RK, YZ",Russell Ranch,RRRG57,TRES,0,"4/20	",0,0,
,2023-05-11T00:00:00Z,,,KL,Russell Ranch,RRRG57,TRES,-,"4/5	",-,-,
,2023-04-11T00:00:00Z,2:34,2:50,YZ,Russell Ranch,RRRG58,TRES,1 nearby,"3/0	",0,0,
,2023-04-18T00:00:00Z,,,KL,Russell Ranch,RRRG58,TRES,-,"3/1	",-,-,
,2023-04-25T00:00:00Z,,,KL,Russell Ranch,RRRG58,WEBL,-,"3	",-,-,
,2023-05-02T00:00:00Z,3:00,3:10,"RK, YZ",Russell Ranch,RRRG58,WEBL,0,"4	",2C,0,
,2023-05-11T00:00:00Z,,,KL,Russell Ranch,RRRG58,WEBL,-,"3	",-,-,
,2023-04-11T00:00:00Z,,,KL,Russell Ranch,RRRG59,WEBL,-,"3	",-,-,
,2023-04-18T00:00:00Z,,,KL,Russell Ranch,RRRG59,TRES,-,"2/0	",-,-,
,2023-04-25T00:00:00Z,,,KL,Russell Ranch,RRRG59,WEBL,-,"3	",-,-,
,2023-05-02T00:00:00Z,3:02,3:10,"RK, YZ",Russell Ranch,RRRG59,TRES,0,"4/30	",1C,0,
,2023-05-11T00:00:00Z,,,KL,Russell Ranch,RRRG59,TRES,-,"4/15	",2C,-,
,2021-04-16T00:00:00Z,0:50,1:49,KL KG,Russell Ranch,RRRG6,TRES,1 on box,"4/ 6	",-,-,-
,2021-04-23T00:00:00Z,2:45,3:30,KL KG,Russell Ranch,RRRG6,TRES,2 near,"4/2	",3C,-,very strange nest- uncupped
,2021-04-30T00:00:00Z,0:30,1:00,"KL, KG",Russell Ranch,RRRG6,TRES,1 near,"4/8	",4W,-,2 near 1 very aggresive
,2021-05-06T00:00:00Z,7:40,21:40,KL KG,Russell Ranch,RRRG6,TRES,2 near,"4/30	",4W,-,-
,2021-05-13T00:00:00Z,0:20,3:00,KL KG,Russell Ranch,RRRG6,TRES,2 near,"4/30	",-,4,"WC: 9,8,9 aggresive parents"
,2021-05-20T00:00:00Z,23:40,1:00,KL KG,Russell Ranch,RRRG6,TRES,1 on 1 near,"4/20	",-,4,"WC: 39,38 really brown icky poops"
,2021-05-24T00:00:00Z,0:30,4:00,KL KG AK,Russell Ranch,RRRG6,TRES,2 near,"4/12	",-,4,banded
,2021-05-27T00:00:00Z,23:45,1:00,KL KG,Russell Ranch,RRRG6,TRES,1 near,"Skipped	",Skipped,Skipped,skipped
,2021-06-03T00:00:00Z,23:50,1:30,KL KG,Russell Ranch,RRRG6,skipped,skipped,"skipped	",skipped,skipped,skipped
,2021-06-17T00:00:00Z,22:30,23:30,"KL, KG",Russell Ranch,RRRG6,TRES,1 near,"4/24	",-,-,
,2021-06-24T00:00:00Z,23:30,1:00,KL KG TP DK,Russell Ranch,RRRG6,TRES,4 near,"4/11	",4W,-,-
,2021-07-01T00:00:00Z,23:30,0:30,KL KG,Russell Ranch,RRRG6,TRES,2 near,"4/20	",4W,-,-
,2022-03-15T00:00:00Z,3:08,3:45,CP,Russell Ranch,RRRG6,TRES,2 TRES within 10 m,"1, 11 feathers	",0,0,
,2022-03-23T00:00:00Z,23:40,0:19,KG RS,Russell Ranch,RRRG6,-,-,"-	",-,-,Needs nail!
,2022-03-29T00:00:00Z,1:30,2:00,"YW, VW",Russell Ranch,RRRG6,TRES,2 on box,"2/2	",-,-,
,2022-04-05T00:00:00Z,2:30,3:19,VW,Russell Ranch,RRRG6,TRES,-,"4/5	",-,-,
,2022-04-12T00:00:00Z,2:10,3:00,KG YW,Russell Ranch,RRRG6,TRES,1 near,"4/8	",3A,-,-
,2022-04-19T00:00:00Z,23:40,0:10,KG VW SM,Russell Ranch,RRRG6,TRES,1 near,"4/6	",6W,-,-
,2022-04-26T00:00:00Z,23:50,0:30,KG PGG,Russell Ranch,RRRG6,TRES,2 near loud,"4/7	",6W,-,-
,2022-05-05T00:00:00Z,0:40,1:30,KG VW MZ,Russell Ranch,RRRG6,-,-,"-	",-,-,on the ground- humidity logger
,2022-05-10T00:00:00Z,,,KG PGG YW,Russell Ranch,RRRG6,-,2 TRES near,"-	",-,-,nest on ground - humidity logger
,2022-05-21T00:00:00Z,,,KG KL,Russell Ranch,RRRG6,-,-,"-	",-,-,-
,2023-04-11T00:00:00Z,,,KL,Russell Ranch,RRRG60,-,-,"-	",-,-,
,2023-04-18T00:00:00Z,,,KL,Russell Ranch,RRRG60,WEBL,-,"1	",-,-,
,2023-04-25T00:00:00Z,,,KL,Russell Ranch,RRRG60,WEBL,-,"2	",-,-,
,2023-05-02T00:00:00Z,3:03,3:10,"RK, YZ",Russell Ranch,RRRG60,TRES,0,"4/2	",0,0,
,2023-05-11T00:00:00Z,,,KL,Russell Ranch,RRRG60,WEBL,1 in 1 near,"4	",2C,-,
,2023-04-11T00:00:00Z,,,KL,Russell Ranch,RRRG61,-,-,"-	",-,-,
,2023-04-18T00:00:00Z,,,KL,Russell Ranch,RRRG61,WEBL,-,"-	",-,-,
,2023-04-25T00:00:00Z,,,KL,Russell Ranch,RRRG61,-,-,"-	",-,-,
,2023-05-02T00:00:00Z,3:05,3:10,"RK, YZ",Russell Ranch,RRRG61,-,0,"1	",0,0,
,2023-05-11T00:00:00Z,,,KL,Russell Ranch,RRRG61,TRES,-,"1/0	",-,-,
,2023-06-06T00:00:00Z,,,KL,Russell Ranch,RRRG61,WEBL,1 in,"4	",5W,-,
,2023-06-13T00:00:00Z,,,KL,Russell Ranch,RRRG61,WEBL,-,"4	",4W,-,
,2023-06-22T00:00:00Z,,,KL,Russell Ranch,RRRG61,WEBL,-,"4	",1C,1,1 very cold nestling rescued by Yifang
,2021-04-16T00:00:00Z,0:50,1:49,KL KG,Russell Ranch,RRRG7,WEBL?,2 TRES on box,"4	",1,-,"One WEBL egg, two adults unbranded TRES on box"
,2021-04-23T00:00:00Z,2:45,3:30,KL KG,Russell Ranch,RRRG7,WEBL,1 female on,"4	",4W,-,"1 female in box, 2 eggs stuck to bottom: eggs were cracked open and TRES around box"
,2021-04-30T00:00:00Z,0:30,1:00,"KL, KG",Russell Ranch,RRRG7,WEBL,-,"4	",4W,-,"2 W eggs, 2 cracked eggs"
,2021-05-06T00:00:00Z,7:40,21:40,KL KG,Russell Ranch,RRRG7,WEBL,2 near,"4	",-,2,"Wing chords: 10, 11"
,2021-05-13T00:00:00Z,0:20,3:00,KL KG,Russell Ranch,RRRG7,WEBL,-,"4	",-,2,-
,2021-05-17T00:00:00Z,2:00,3:30,"KL, AG",Russell Ranch,RRRG7,WEBL,-,"4	",-,2,banded
,2021-05-20T00:00:00Z,23:40,1:00,KL KG,Russell Ranch,RRRG7,TRES?,2 near,"Skipped	",Skipped,Skipped,skipped week 1
,2021-05-27T00:00:00Z,23:45,1:00,KL KG,Russell Ranch,RRRG7,TRES,1 on 1 in,"-	",-,-,skipped- babies heard
,2021-06-03T00:00:00Z,0:00,1:00,"KL, KG",Russell Ranch,RRRG7,TRES,"1 in, 1 near","4/1	",3A,-,
,2021-06-17T00:00:00Z,22:30,23:30,"KL, KG",Russell Ranch,RRRG7,TRES,1 in,"4/29	",5W,-,
,2021-06-24T00:00:00Z,23:30,1:00,KL KG TP DK,Russell Ranch,RRRG7,TRES,1 near,"4/11	",-,5,"WC: 19,16,16,7- one very small"
,2021-07-01T00:00:00Z,23:30,0:30,KL KG,Russell Ranch,RRRG7,TRES,1 near,"4/10	",-,4,"WC: 54 ,53"
,2022-03-29T00:00:00Z,1:30,2:00,"YW, VW",Russell Ranch,RRRG7,TRES,2 on pole next to box,"2	",-,-,a group of TRES are diving on us!
,2022-04-05T00:00:00Z,2:30,3:19,VW,Russell Ranch,RRRG7,TRES,"1 in, 1 near","4/3	",-,-,
,2022-04-12T00:00:00Z,2:10,3:00,"KG, YW",Russell Ranch,RRRG7,WEBL,1 in,"4	",4W,-,Loggers added
,2022-04-19T00:00:00Z,23:40,0:10,KG VW SM,Russell Ranch,RRRG7,WEBL,-,"4	",5W,-,loggers on this guy
,2022-04-26T00:00:00Z,23:50,0:30,KG PGG,Russell Ranch,RRRG7,WEBL,-,"4	",4W,1,"eggs loggers, 1 baby we did not measure"
,2022-05-05T00:00:00Z,0:30,1:40,KG VW MZ,Russell Ranch,RRRG7,WEBL,2 near,"4	",-,5,"WC: 28,29,27,28,30"
,2022-06-09T00:00:00Z,,,KG PGG,Russell Ranch,RRRG7,TRES,2 near,"4/6	",4W,-,the box is on the ground and they are still using it - also loggers on this box that must not have been removed- removing them today
,2021-04-16T00:00:00Z,0:50,1:49,KL KG,Russell Ranch,RRRG8,TRES,1 on box,"1/1	",-,-,-
,2021-04-23T00:00:00Z,2:45,3:30,KL KG,Russell Ranch,RRRG8,WEBL?,-,"1	",-,-,-
,2021-04-30T00:00:00Z,0:30,1:00,"KL, KG",Russell Ranch,RRRG8,TRES,1 in,"1.5	",-,-,-
,2021-05-06T00:00:00Z,7:40,21:40,KL KG,Russell Ranch,RRRG8,TRES,1 near,"3/6	",-,-,-
,2021-05-13T00:00:00Z,0:20,3:00,KL KG,Russell Ranch,RRRG8,TRES,1 near,"4/7	",2C,-,-
,2021-05-20T00:00:00Z,23:40,1:00,KL KG,Russell Ranch,RRRG8,TRES,1 in,"4/9	",6W,-,-
,2021-05-27T00:00:00Z,23:45,1:00,KL KG,Russell Ranch,RRRG8,TRES,2 on,"4/18	",6W,-,loggers added???
,2021-06-03T00:00:00Z,0:00,1:00,"KL, KG",Russell Ranch,RRRG8,TRES,1 in,"4/15	",1,5,"Placed cam, measure 1 WC: 9,9,8,9,8"
,2021-06-10T00:00:00Z,1:30,2:30,KL KG,Russell Ranch,RRRG8,TRES,1 near,"4/8	",-,3,"3 alive, 2 dead: blue and purple dead- yellow is extremely cold and unconscious  WC: 14,14,13"
,2021-06-14T00:00:00Z,3:19,3:25,"KL, KG",Russell Ranch,RRRG8,TRES,1 near,"4/15	",1W,1,Yellow and orange dead; pink alive. Band on Thurs
,2021-06-17T00:00:00Z,22:30,23:30,"KL, KG",Russell Ranch,RRRG8,TRES,1 on,"4/5	",1W,1,banded
,2021-06-24T00:00:00Z,23:30,1:00,KL KG TP DK,Russell Ranch,RRRG8,TRES,1 in 1 near,"skipped	",skipped,skipped,skipped
,2021-07-01T00:00:00Z,23:30,0:30,KL KG,Russell Ranch,RRRG8,TRES,skipped,"skipped	",skipped,skipped,camera falling off
,2021-07-08T00:00:00Z,22:30,23:00,"KL, KG, IS",Russell Ranch,RRRG8,TRES,-,"3/10	",1C,-,Removed loggers & cam
,2022-03-15T00:00:00Z,3:00,3:45,"KL, CP, IS",Russell Ranch,RRRG8,TRES,1 on 1 near,"3/0	",-,-,
,2022-03-23T00:00:00Z,23:40,0:19,KG RS,Russell Ranch,RRRG8,WEBL,-,"4	",1 C,-,!
,2022-03-29T00:00:00Z,1:30,2:00,"VW, YW",Russell Ranch,RRRG8,WEBL,-,"4	",5W,-,
,2022-04-05T00:00:00Z,2:30,3:10,VW,Russell Ranch,RRRG8,WEBL,1 TRES on,"4	",3 cold,-,loggers put last week. now box is broken and eggs are cold.
,2022-04-12T00:00:00Z,2:15,2:45,"CP, YW, KG, SM",Russell Ranch,RRRG8,TRES,3 flying,"2/2	",-,-,
,2022-04-19T00:00:00Z,23:40,0:15,"SM, VW, KG",Russell Ranch,RRRG8,TRES,2 nearby,"4/2	",-,-,Half of roof broken off
,2022-04-26T00:00:00Z,23:50,0:30,KG PGG,Russell Ranch,RRRG8,-,-,"3	",-,-,top of box off :(
,2022-05-10T00:00:00Z,,,KG PGG YW,Russell Ranch,RRRG8,TRES,-,"4/4	",1C,-,top of box broken
,2022-07-27T00:00:00Z,,,KG VW,Russell Ranch,RRRG8,-,-,"-	",-,-,nest totally broken on ground with a bone near it! so weird
,2021-04-16T00:00:00Z,0:50,1:49,KL KG,Russell Ranch,RRRG9,-,-,"-	",-,-,box is broken with half a side missing and no top- one nail inside of it
,2021-04-23T00:00:00Z,2:45,3:30,KL KG,Russell Ranch,RRRG9,-,-,"-	",-,-,No top or front of box
,2021-05-06T00:00:00Z,7:40,21:40,KL KG,Russell Ranch,RRRG9,-,-,"-	",-,-,front off
,2021-06-24T00:00:00Z,23:30,1:00,"KL, KG, DK, TP",Russell Ranch,RRRG9,TRES,-,"2/5	",-,-,
,2022-03-29T00:00:00Z,1:30,2:00,"VW, YW",Russell Ranch,RRRG9,WEBL,a pair on box,"-	",-,-,
,2022-04-05T00:00:00Z,2:30,3:19,VW,Russell Ranch,RRRG9,-,-,"-	",-,-,"nail missing, door opened"
,2022-04-12T00:00:00Z,2:15,2:45,SM,Russell Ranch,RRRG9,TRES,0,"2	",0,0,
,2022-04-19T00:00:00Z,23:40,0:10,KG SM CW,Russell Ranch,RRRG9,TRES,1 in 1 on,"4/4	",-,-,-
,2022-04-26T00:00:00Z,23:40,0:40,"YW, VW",Russell Ranch,RRRG9,TRES,1in,"4	",6W,-,
,2022-05-10T00:00:00Z,23:50,0:19,"YW, KG, PGG",Russell Ranch,RRRG9,TRES,1 in,"4	",1,4,nestlings very tiny
,2022-05-21T00:00:00Z,,,KG KL,Russell Ranch,RRRG9,TRES,2 near,"4/4	",-,5?,did not check wing chord or nestling count because they felt big! just peaked and closed box
,2022-06-09T00:00:00Z,,,KG PGG,Russell Ranch,RRRG9,TRES,-,"4/15	",-,-,dead nestlings
,2022-06-14T00:00:00Z,,,CP,Russell Ranch,RRRG9,WEBL,1 TRES on top,"4	",1A,0,
,2022-06-22T00:00:00Z,,,VW,Russell Ranch,RRRG9,WEBL,-,"4	",5W,-,-
,2022-06-28T00:00:00Z,,,VW,Russell Ranch,RRRG9,WEBL,-,"4	",5W,-,Has loggers
,2022-07-05T00:00:00Z,,,KG PGG,Russell Ranch,RRRG9,WEBL,2 near,"4	",1,3,one dead tiny nestling on outside of nest
,2022-07-13T00:00:00Z,,,KG VW,Russell Ranch,RRRG9,TRES,2 near,"4/4	",-,3 babies,bled and banded
,2022-07-19T00:00:00Z,,,KG YW,Russell Ranch,RRRG9,WEBL,-,"-	",-,-,skipped
,2022-07-27T00:00:00Z,,,KG VW,Russell Ranch,RRRG9,-,-,"-	",-,-,loggers removed
,2021-04-16T00:00:00Z,1:40,2:00,KL,Russell Ranch,RRRR1,-,-,"-	",-,-,-
,2021-04-30T00:00:00Z,1:10,1:45,"KL, KG",Russell Ranch,RRRR1,WEBL,-,"1	",-,-,-
,2021-05-07T00:00:00Z,2:10,2:35,KL KG,Russell Ranch,RRRR1,WEBL,-,"3	",-,-,-
,2021-05-13T00:00:00Z,4:30,4:45,"KL, KG",Russell Ranch,RRRR1,WEBL,-,"4	",2A,-,
,2021-05-20T00:00:00Z,0:45,2:00,"KL, KG",Russell Ranch,RRRR1,WEBL,-,"4	",5W,-,
,2021-05-27T00:00:00Z,2:20,3:30,KL KG,Russell Ranch,RRRR1,WEBL,1 near,"4	",5A,-,-
,2021-06-03T00:00:00Z,1:30,3:00,KL KG,Russell Ranch,RRRR1,WEBL,1 near,"4	",1W,4,"approx WC: 12,10,12"
,2021-06-10T00:00:00Z,2:15,2:45,"KL, KG",Russell Ranch,RRRR1,WEBL,-,"4	",-,4,Nest already scheduled
,2021-06-17T00:00:00Z,23:45,0:30,KL KG DV,Russell Ranch,RRRR1,WEBL?,1 on,"skipped	",skipped,skipped,one adult WEBL on top
,2021-06-24T00:00:00Z,1:00,1:15,"KL, KG, DK, TP",Russell Ranch,RRRR1,Skipped,Skipped,"Skipped	",Skipped,Skipped,Skip
,2021-07-01T00:00:00Z,0:30,1:00,"KL, KG",Russell Ranch,RRRR1,TRES,-,"4/10	",-,-,3 dead nestlings
,2021-07-08T00:00:00Z,23:15,0:00,"KL, KG, IS",Russell Ranch,RRRR1,TRES,-,"4/5	",-,-,
,2022-03-15T00:00:00Z,3:54,16:20,CP,Russell Ranch,RRRR1,-,1 TRES foraging far overhead (>100m),"-	",-,-,
,2022-03-23T00:00:00Z,0:30,1:00,KG RS,Russell Ranch,RRRR1,-,-,"-	",-,-,-
,2022-03-29T00:00:00Z,1:40,2:10,CP,Russell Ranch,RRRR1,WEBL?,WEBL male and female both UB on box,"1	",0,0,
,2022-04-07T00:00:00Z,0:06,0:30,VW,Russell Ranch,RRRR1,TRES?,2 CHASING ME,"1	",-,-,
,2022-04-12T00:00:00Z,1:45,2:15,"CP, YW, KG, SM",Russell Ranch,RRRR1,WEBL,2 nearby,"3	",-,-,
,2022-04-19T00:00:00Z,0:30,0:45,"SM, VW, KG",Russell Ranch,RRRR1,WEBL,-,"4	",2:00 AM,-,
,2022-04-26T00:00:00Z,0:45,1:10,VW PGG,Russell Ranch,RRRR1,WEBL,-,"4	",5W,-,
,2022-05-03T00:00:00Z,3:19,16:30,KG,Russell Ranch,RRRR1,WEBL,1 WEBL female inside,"4	",5W,0,
,2022-05-10T00:00:00Z,,,"YW, KG, PGG",Russell Ranch,RRRR1,WEBL,-,"4	",-,3,-
,2022-05-18T00:00:00Z,,,KG PGG,Russell Ranch,RRRR1,WEBL,2 near,"4	",-,3,-
,2022-05-24T00:00:00Z,,,"KG, PGG, YW",Russell Ranch,RRRR1,WEBL,1 on,"4	",-,1,2 nestlings dead - just the one banded
,2022-06-02T00:00:00Z,,,VW KG PGG,Russell Ranch,RRRR1,-,-,"-	",-,-,skipped， didn't hear anything
,2022-06-07T00:00:00Z,,,KG VW PGG,Russell Ranch,RRRR1,WEBL,-,"4	",-,-,fledged
,2022-06-14T00:00:00Z,,,PGG,Russell Ranch,RRRR1,WEBL,1 WEBL female near,"4	",0,0,
,2022-06-21T00:00:00Z,,,KG CP MZ,Russell Ranch,RRRR1,WEBL,-,"4	",-,-,old nest
,2022-06-30T00:00:00Z,0:05,1:00,PGG SM,Russell Ranch,RRRR1,-,-,"-	",-,-,
,2022-07-06T00:00:00Z,,,KG CP,Russell Ranch,RRRR1,WEBL,-,"4	",-,-,old nest
,2022-07-12T00:00:00Z,,,"YW, KG",Russell Ranch,RRRR1,WEBL,-,"4	",-,-,old nest
,2022-07-27T00:00:00Z,,,KG VW,Russell Ranch,RRRR1,-,-,"-	",-,-,empty
,2023-03-31T00:00:00Z,4:13,4:45,KL,Russell Ranch,RRRR1,-,-,"-	",-,-,
,2023-04-04T00:00:00Z,2:02,2:20,"YZ, RK",Russell Ranch,RRRR1,TRES,2 nearby,"0	",-,-,2 TRES nearby
,2023-04-11T00:00:00Z,2:53,3:19,"RK, YZ",Russell Ranch,RRRR1,-,0,"0	",0,0,
,2023-04-18T00:00:00Z,1:42,1:55,"RK, YZ",Russell Ranch,RRRR1,TRES,1 nearby,"0	",0,0,
,2023-04-25T00:00:00Z,2:08,2:20,"RK, YZ",Russell Ranch,RRRR1,0,0,"1	",0,0,
,2023-05-02T00:00:00Z,,,KL,Russell Ranch,RRRR1,WEBL,-,"4	",-,-,
,2023-05-11T00:00:00Z,,,KL,Russell Ranch,RRRR1,WEBL,1 in,"4	",4W,-,
,2021-04-16T00:00:00Z,1:40,2:00,KG,Russell Ranch,RRRR10,-,-,"-	",-,-,2 adult WEBL unbanded on box - poops inside (lots)
,2021-04-23T00:00:00Z,4:00,4:30,KL KG,Russell Ranch,RRRR10,WEBL,1 near,"1	",-,-,-
,2021-04-30T00:00:00Z,1:10,1:45,"KL, KG",Russell Ranch,RRRR10,WEBL,1 near,"3	",-,-,new nest?
,2021-05-07T00:00:00Z,2:10,2:35,KL KG,Russell Ranch,RRRR10,WEBL,-,"2.5	",-,-,Very hay like
,2021-05-13T00:00:00Z,16:25,17:00,KL KG,Russell Ranch,RRRR10,WEBL,1 near,"4	",-,-,-
,2021-05-20T00:00:00Z,0:40,2:00,KL KG,Russell Ranch,RRRR10,TRES,1 in,"2/0	",-,-,-
,2021-05-20T00:00:00Z,0:40,2:00,KL KG,Russell Ranch,RRRR10,TRES,1 in,"2/0	",-,-,-
,2021-05-27T00:00:00Z,2:20,3:30,KL KG,Russell Ranch,RRRR10,TRES?,-,"4/3	",-,-,-
,2021-05-27T00:00:00Z,2:20,3:30,KL KG,Russell Ranch,RRRR10,TRES?,-,"4/3	",-,-,-
,2021-06-03T00:00:00Z,1:30,3:00,KL KG,Russell Ranch,RRRR10,TRES?,-,"3/1	",-,-,-
,2021-06-10T00:00:00Z,2:20,3:00,KL KG,Russell Ranch,RRRR10,WEBL?,-,"3	",-,-,-
,2021-06-17T00:00:00Z,23:45,0:30,KL KG DV,Russell Ranch,RRRR10,WEBL?,-,"3	",-,-,-
,2021-06-24T00:00:00Z,1:00,1:40,KL KG TP DK,Russell Ranch,RRRR10,WEBL,-,"3/1?	",-,-,-
,2021-07-01T00:00:00Z,0:30,1:30,KL KG,Russell Ranch,RRRR10,WEBL,-,"3	",-,-,-
,2022-03-15T00:00:00Z,3:50,4:15,"KL, CP, IS",Russell Ranch,RRRR10,TRES,-,"1	",-,-,
,2022-03-23T00:00:00Z,0:30,1:00,KG RS,Russell Ranch,RRRR10,WEBL?,-,"1	",-,-,-
,2022-04-07T00:00:00Z,0:00,0:30,KG VW,Russell Ranch,RRRR10,WEBL,1 female on top 1 male near,"4	",2C,-,loggers to be added next week ?
,2022-04-12T00:00:00Z,1:40,2:20,"CP, YW",Russell Ranch,RRRR10,WEBL,1 nearby,"4	",5 C,-,
,2022-04-19T00:00:00Z,0:30,1:00,KG VW SM,Russell Ranch,RRRR10,WEBL,1 IN,"4	",5W,-,loggers added
,2022-04-19T00:00:00Z,0:30,1:00,VW,Russell Ranch,RRRR10,WEBL,1 IN,"4	",5,-,
,2022-04-26T00:00:00Z,0:50,1:20,"YW, KG",Russell Ranch,RRRR10,WEBL,1 in,"4	",5W,-,
,2022-05-03T00:00:00Z,3:50,3:55,VW KG PGG CP,Russell Ranch,RRRR10,WEBL,1 NEAR,"4	",1C,4,wc 17 17 17 13
,2022-05-10T00:00:00Z,,,"YW, KG, PGG",Russell Ranch,RRRR10,WEBL,-,"4	",-,4,wing chord 52
,2022-05-24T00:00:00Z,,,"YW, KG, PGG",Russell Ranch,RRRR10,TRES,-,"4	",-,-,nestlings hatches
,2022-06-02T00:00:00Z,,,VW PGG,Russell Ranch,RRRR10,WEBL,-,"4	",-,-,Prob old nest
,2022-06-07T00:00:00Z,,,VW KG PGG,Russell Ranch,RRRR10,WEBL,2 near,"4	",4W,-,Trios making to second round???
,2022-06-14T00:00:00Z,,,PGG,Russell Ranch,RRRR10,WEBL,1 WEBL female incubating,"4	",3W,0,Loggers already on
,2022-06-21T00:00:00Z,1:30,2:00,KG,Russell Ranch,RRRR10,WEBL,1 WEBL female inside,"4	",5W,0,
,2022-06-30T00:00:00Z,0:05,1:00,SM PGG,Russell Ranch,RRRR10,WEBL,1 nearby,"4	",-,5,
,2022-07-06T00:00:00Z,,,CP,Russell Ranch,RRRR10,WEBL,"4 WEBL (1 male, 3 female)","4	",0,5,
,2022-07-19T00:00:00Z,,,KG YW,Russell Ranch,RRRR10,WEBL,-,"old nest	",-,-,-
,2022-07-27T00:00:00Z,,,KG VW,Russell Ranch,RRRR10,-,-,"-	",-,-,"empty, wasps"
,2023-03-31T00:00:00Z,4:15,4:45,KL,Russell Ranch,RRRR10,-,-,"-	",-,-,
,2023-04-04T00:00:00Z,2:00,2:15,KL,Russell Ranch,RRRR10,-,-,"-	",-,-,
,2023-04-11T00:00:00Z,,,KL,Russell Ranch,RRRR10,WEBL,-,"2	",-,-,
,2023-04-18T00:00:00Z,,,KL,Russell Ranch,RRRR10,WEBL,-,"4	",-,-,
,2023-04-25T00:00:00Z,,,KL,Russell Ranch,RRRR10,TRES,-,"4/1	",1C,-,
,2023-04-25T00:00:00Z,,,KL,Russell Ranch,RRRR10,TRES,-,"4/1	",1C,-,
,2023-05-02T00:00:00Z,,,KL,Russell Ranch,RRRR10,WEBL,-,"4	",5C,-,
,2023-05-11T00:00:00Z,23:57,0:19,"RK, YZ",Russell Ranch,RRRR10,WEBL,1 nearby,"4	",5A,0,2 adult TRES on top
,2023-06-13T00:00:00Z,,,KL,Russell Ranch,RRRR10,See notes,-,"4/20	",See notes,-,4C TRES & 5C WEBL eggs
,2021-04-16T00:00:00Z,1:40,2:00,KL,Russell Ranch,RRRR2,TRES,"1 on, 1in","-	",-,-,1 TRES on UB
,2021-04-23T00:00:00Z,4:00,4:30,"KL, KG",Russell Ranch,RRRR2,TRES,"1 in, 1 near","2.5	",-,-,-
,2021-04-30T00:00:00Z,1:10,1:45,"KL, KG",Russell Ranch,RRRR2,TRES,1 on,"3/4	",-,-,-
,2021-05-07T00:00:00Z,2:00,2:30,"KL, KG",Russell Ranch,RRRR2,TRES,"1 on, 1 in","4/5	",4C,-,Has loggers
,2021-05-13T00:00:00Z,4:30,4:45,"KL, KG",Russell Ranch,RRRR2,TRES,2 near,"4/30	",5W,-,
,2021-05-20T00:00:00Z,0:45,2:00,"KL, KG",Russell Ranch,RRRR2,TRES,"1 on, 1 near","4/8	",5W,-,
,2021-05-27T00:00:00Z,2:20,3:30,"KL, KG, IS",Russell Ranch,RRRR2,TRES,-,"4/8	",-,5,"WC: 19, 18, 15, 11, 17"
,2021-06-03T00:00:00Z,1:30,3:00,KL KG,Russell Ranch,RRRR2,TRES,2 near,"4/18	",-,5,banded and replaced camera battery
,2021-06-10T00:00:00Z,2:15,2:45,"KL, KG",Russell Ranch,RRRR2,TRES,1 in,"Skipped	",Skipped,Skipped,Pulled plug out and put back in. Didn't hear nestlings inside
,2021-06-17T00:00:00Z,23:50,0:45,"KL, KG",Russell Ranch,RRRR2,TRES,-,"4/3	",-,-,"Removed loggers, cam"
,2021-06-24T00:00:00Z,1:00,1:15,"KL, KG, DK, TP",Russell Ranch,RRRR2,WEBL,-,"4	",2C,-,
,2021-07-01T00:00:00Z,0:30,1:00,"KL, KG",Russell Ranch,RRRR2,WEBL,1 in,"4	",3W,-,Placed loggers
,2021-07-08T00:00:00Z,23:15,0:00,"KL, KG, IS",Russell Ranch,RRRR2,WEBL,1 in,"4	",3W,-,
,2021-07-15T00:00:00Z,3:00,3:30,KG,Russell Ranch,RRRR2,WEBL,2 near,"4	",1,1,"1 dead nestling (looked like it died right after hatching)- one still alive and healthy! WC: 14, m1"
,2021-09-10T00:00:00Z,5:10,5:30,KL,Russell Ranch,RRRR2,TRES,-,"4/5	",-,-,"Removed hobos,"
,2022-03-15T00:00:00Z,3:54,16:20,CP,Russell Ranch,RRRR2,TRES,1 TRES foraging overhead,"1	",0,0,
,2022-03-23T00:00:00Z,0:30,1:00,KG RS,Russell Ranch,RRRR2,TRES?,2 near,"0.1	",-,-,-
,2022-03-29T00:00:00Z,1:40,2:10,CP,Russell Ranch,RRRR2,WEBL,"1 WEBL female UB flew out from inside, 5 TRES flying near","2	",0,0,
,2022-04-06T00:00:00Z,0:10,0:30,VW,Russell Ranch,RRRR2,WEBL,1 FEMALE ON,"4	",-,-,
,2022-04-12T00:00:00Z,1:45,2:15,KG SM,Russell Ranch,RRRR2,WEBL,1 female near,"4	",5W,-,loggers added
,2022-04-19T00:00:00Z,0:15,0:30,"SM, VW, KG",Russell Ranch,RRRR2,WEBL,2 nearby,"4	",6 W,-,
,2022-04-26T00:00:00Z,0:45,1:10,PGG VW,Russell Ranch,RRRR2,WEBL,-,"4	",6W,-,
,2022-05-03T00:00:00Z,3:19,3:19,VW KG PGG CP,Russell Ranch,RRRR2,TRES？,-,"4	",-,5C,did not measure baby because they are too cold and seemed dry
,2022-05-05T00:00:00Z,0:40,1:30,KG VW MZ,Russell Ranch,RRRR2,TRES,-,"4/6	",5W,-,-
,2022-05-10T00:00:00Z,,,"YW, KG, PGG",Russell Ranch,RRRR2,WEBL,-,"4	",-,5 die,nestlings die
,2022-05-18T00:00:00Z,,,KG PGG,Russell Ranch,RRRR2,WEBL,2 near,"4	",1A,-,-
,2022-05-24T00:00:00Z,,,KG PGG YW,Russell Ranch,RRRR2,WEBL,1 near,"4	",skipped,skipped,skipped - assumed eggs- maybe loggers next week ?
,2022-06-02T00:00:00Z,,,PGG KG VW,Russell Ranch,RRRR2,WEBL,-,"4	",5W,-,
,2022-06-07T00:00:00Z,,,KG PGG VW,Russell Ranch,RRRR2,WEBL,2 near,"4	",-,4,-
,2022-06-14T00:00:00Z,0:50,1:30,PGG,Russell Ranch,RRRR2,WEBL,1 WEBL female near,"4	",0,4,
,2022-06-21T00:00:00Z,,,KG CP MZ,Russell Ranch,RRRR2,TRES,2 near,"4/4	",skipped,some! big babies! we skipped WC and removing loggers,skipped - loggers still on
,2022-06-30T00:00:00Z,0:05,1:00,PGG SM,Russell Ranch,RRRR2,WEBL,-,"4	",-,-,
,2022-07-06T00:00:00Z,,,KG CP,Russell Ranch,RRRR2,WEBL,-,"4	",-,-,1 dead nestling could not decipher the band
,2022-07-12T00:00:00Z,,,"YW, KG",Russell Ranch,RRRR2,-,-,"-	",-,-,-
,2022-07-27T00:00:00Z,,,KG VW,Russell Ranch,RRRR2,-,-,"-	",-,-,empty
,2023-03-31T00:00:00Z,4:15,4:45,KL,Russell Ranch,RRRR2,WEBL,2 near,"1	",-,-,
,2023-04-04T00:00:00Z,2:00,2:20,"RK, YZ",Russell Ranch,RRRR2,WEBL,1 bearby,"0	",0,0,6 TRES nearby
,2023-04-11T00:00:00Z,2:55,3:19,"RK, YZ",Russell Ranch,RRRR2,TRES,4 nearby,"0	",0,0,
,2023-04-18T00:00:00Z,1:42,2:00,"RK, YZ",Russell Ranch,RRRR2,TRES,5 nearby,"1/0	",-,-,
,2023-04-25T00:00:00Z,2:10,2:20,"RK, YZ",Russell Ranch,RRRR2,-,0,"1	",0,0,
,2023-05-02T00:00:00Z,,,KL,Russell Ranch,RRRR2,WEBL,-,"2	",-,-,
,2023-05-11T00:00:00Z,,,KL,Russell Ranch,RRRR2,ATFL,1 on,"3	",-,-,
,2021-04-16T00:00:00Z,1:40,2:00,KL,Russell Ranch,RRRR3,TRES?,-,"1/0	",-,-,-
,2021-04-23T00:00:00Z,4:00,4:30,"KL, KG",Russell Ranch,RRRR3,TRES?,"1 in, 1 near","3	",-,-,-
,2021-04-30T00:00:00Z,1:10,1:45,"KL, KG",Russell Ranch,RRRR3,WEBL,1 on,"4	",-,-,-
,2021-05-07T00:00:00Z,2:00,2:30,"KL, KG",Russell Ranch,RRRR3,WEBL,1 in,"4	",5W,-,Placed loggers
,2021-05-20T00:00:00Z,0:40,2:00,KL KG,Russell Ranch,RRRR3,WEBL,2 near,"4	",-,5,"WC: 8,8,7,8,7; measure 1"
,2021-05-27T00:00:00Z,2:20,3:30,KL KG,Russell Ranch,RRRR3,WEBL,-,"4	",-,5,measured second time- colors got confused
,2021-06-03T00:00:00Z,1:30,3:00,KL KG,Russell Ranch,RRRR3,WEBL,2 near and clicking,"4	",-,5,banded!
,2021-06-10T00:00:00Z,2:15,2:45,"KL, KG",Russell Ranch,RRRR3,WEBL,-,"Skipped	",Skipped,Skipped,Nestlings audible inside
,2021-06-17T00:00:00Z,23:50,0:45,"KL, KG",Russell Ranch,RRRR3,TRES,-,"3/0	",-,-,Removed logger
,2021-06-24T00:00:00Z,1:00,1:15,"KL, KG, DK, TP",Russell Ranch,RRRR3,TRES,-,"3/10	",-,-,
,2021-07-01T00:00:00Z,0:30,1:00,"KL, KG",Russell Ranch,RRRR3,TRES,-,"3/5	",-,-,
,2021-07-08T00:00:00Z,23:15,0:00,"KL, KG, IS",Russell Ranch,RRRR3,TRES,-,"4/5	",-,-,
,2022-03-15T00:00:00Z,3:54,16:20,CO,Russell Ranch,RRRR3,-,-,"-	",-,-,
,2022-03-23T00:00:00Z,0:30,1:00,KG RS,Russell Ranch,RRRR3,TRES,2 on,"-	",-,-,-
,2022-03-29T00:00:00Z,1:40,2:10,CP,Russell Ranch,RRRR3,TRES,3 TRES flying nearby,"2	",0,0,
,2022-04-06T00:00:00Z,0:10,0:30,VW,Russell Ranch,RRRR3,-,TRES NEAR,"3	",-,-,
,2022-04-12T00:00:00Z,1:45,2:15,"CP, YW, KG, SM",Russell Ranch,RRRR3,WEBL,-,"4	",-,-,
,2022-04-19T00:00:00Z,0:30,0:45,"SM, VW, KG",Russell Ranch,RRRR3,TRES,1 on 1 flying,"3/0	",-,-,
,2022-04-26T00:00:00Z,0:45,1:10,VW PGG,Russell Ranch,RRRR3,TRES,1 ON,"4/3	",-,-,
,2022-05-03T00:00:00Z,3:19,3:50,KG PGG VW CP,Russell Ranch,RRRR3,TRES,2 near,"4/4	",6W,-,humidity loggers added
,2022-05-10T00:00:00Z,,,"YW, KG, PGG",Russell Ranch,RRRR3,TRES,1 on,"4/6	",5W,-,-
,2022-05-19T00:00:00Z,,,KG PGG,Russell Ranch,RRRR3,TRES,1 near,"4/6	",-,6,-
,2022-05-24T00:00:00Z,,,"KG, PGG, YW",Russell Ranch,RRRR3,TRES,1 near,"4	",-,6,did not bleed cause small and dehydrated
,2022-05-30T00:00:00Z,,,"KL, KG",Russell Ranch,RRRR3,TRES,1 in,"4/10	",-,6,One baby not banded bc too small
,2022-06-02T00:00:00Z,,,KG PGG VW,Russell Ranch,RRRR3,TRES,1 flying in and out,"skipped	",skipped,skipped,-
,2022-06-07T00:00:00Z,,,VW KG PGG,Russell Ranch,RRRR3,TRES,-,"4/7	",-,1,"1 huge baby, left loggers up. Skip next week?"
,2022-06-14T00:00:00Z,,,CP,Russell Ranch,RRRR3,-,-,"-	",-,-,
,2022-06-21T00:00:00Z,,,KG CP MZ,Russell Ranch,RRRR3,TRES,2 near,"4/4	",1A,-,-
,2022-06-30T00:00:00Z,0:05,1:00,PGG SM,Russell Ranch,RRRR3,TRES,1 in,"4/7	",4 W,-,
,2022-07-06T00:00:00Z,0:15,,KG,Russell Ranch,RRRR3,TRES,1 TRES in,"4/?	",3W,1,
,2022-07-06T00:00:00Z,,,KG CP,Russell Ranch,RRRR3,TRES,1 in,"4/5	",3W,1 TINY,caught mom but then realized majority eggs so did not extract blood
,2022-07-12T00:00:00Z,,,KG YW,Russell Ranch,RRRR3,TRES,2 near,"4/5	",-,2!,-
,2022-07-27T00:00:00Z,,,KG VW,Russell Ranch,RRRR3,-,-,"-	",-,-,empty
,2023-03-31T00:00:00Z,4:15,4:45,KL,Russell Ranch,RRRR3,-,-,"-	",-,-,
,2023-04-04T00:00:00Z,2:06,2:20,"YZ, RK",Russell Ranch,RRRR3,TRES,4,"0	",-,-,"4 TRES,, 2 nearby and 2 on top of nestbox"
,2023-04-11T00:00:00Z,2:58,3:19,"RK, YZ",Russell Ranch,RRRR3,TRES,2 on top,"1/0	",0,0,
,2023-04-18T00:00:00Z,1:45,1:49,"RK, YZ",Russell Ranch,RRRR3,WEBL,1 nearby,"4	",0,0,4 adult TRES nearby
,2023-04-25T00:00:00Z,2:11,2:30,"RK, YZ",Russell Ranch,RRRR3,WEBL,-,"4	",-,-,
,2023-05-02T00:00:00Z,,,KL,Russell Ranch,RRRR3,WEBL,1 female in,"4	",5W,-,
,2023-05-11T00:00:00Z,,,KL,Russell Ranch,RRRR3,WEBL,-,"4	",5W,-,
,2023-06-13T00:00:00Z,2:00,2:15,"RK, YZ",Russell Ranch,RRRR3,-,0,"4	",0,0,
,2023-06-22T00:00:00Z,0:50,1:00,"RK, YZ",Russell Ranch,RRRR3,WEBL,1 inside,"4	",4W,0,
,2023-06-27T00:00:00Z,,,KL,Russell Ranch,RRRR3,WEBL,-,"4	",5W,-,
,2023-07-05T00:00:00Z,3:19,3:45,"KL, RK",Russell Ranch,RRRR3,WEBL,1 in,"4	",0,3,
,2023-07-13T00:00:00Z,1:00,2:15,"KL, RK, YZ",Russell Ranch,RRRR3,WEBL,1 near,"4	",0,3,
,2023-08-03T00:00:00Z,23:53,23:55,"RK, YZ",Russell Ranch,RRRR3,WEBL,0,"4	",0,0,3 dead nestlings
,2021-04-16T00:00:00Z,1:40,2:00,KL,Russell Ranch,RRRR4,TRES?,-,".7/0	",-,-,-
,2021-04-23T00:00:00Z,4:00,4:30,"KL, KG",Russell Ranch,RRRR4,TRES?,-,".5/0	",-,-,-
,2021-04-30T00:00:00Z,1:10,1:45,"KL, KG",Russell Ranch,RRRR4,WEBL?,-,"0.1	",-,-,-
,2021-05-07T00:00:00Z,2:00,2:30,"KL, KG",Russell Ranch,RRRR4,-,-,"-	",-,-,
,2021-05-13T00:00:00Z,4:30,4:45,"KL, KG",Russell Ranch,RRRR4,-,-,"-	",-,-,
,2021-05-20T00:00:00Z,0:45,2:00,"KL, KG",Russell Ranch,RRRR4,TRES,-,"-	",-,-,
,2021-05-27T00:00:00Z,2:20,3:30,KL KG,Russell Ranch,RRRR4,-,-,"-	",-,-,one wasp
,2021-06-10T00:00:00Z,2:15,2:45,"KL, KG",Russell Ranch,RRRR4,TRES,-,"4/2	",2A,-,
,2021-06-17T00:00:00Z,23:45,0:30,KL KG DV,Russell Ranch,RRRR4,TRES,3 near,"4/4	",3W,-,loggers added
,2021-06-24T00:00:00Z,1:00,1:15,"KL, KG, DK, TP",Russell Ranch,RRRR4,TRES,2 near,"4/10	",3W,-,Loggers
,2021-07-01T00:00:00Z,0:30,1:00,"KL, KG",Russell Ranch,RRRR4,TRES,1 near,"4/15	",-,3,"WC: 18, 18, 18, measure 1, camera added"
,2021-07-15T00:00:00Z,3:00,3:30,KG,Russell Ranch,RRRR4,TRES,1 in,"skipped	",skipped,skipped,babies heard- camera falling off :(
,2021-07-29T00:00:00Z,22:00,23:00,KG,Russell Ranch,RRRR4,WEBL,-,"4	",-,-,loggers removed
,2022-03-15T00:00:00Z,3:54,3:19,CP,Russell Ranch,RRRR4,-,"2 WEBL female and male on power line 20m away, 2 TRES foraging overhead","-	",-,-,
,2022-03-23T00:00:00Z,0:30,1:00,KG RS,Russell Ranch,RRRR4,TRES,2 near,"-	",-,-,-
,2022-03-29T00:00:00Z,1:40,2:10,CP,Russell Ranch,RRRR4,TRES?,2 TRES on top of box,"1	",0,0,
,2022-04-06T00:00:00Z,0:10,0:30,VW,Russell Ranch,RRRR4,TRES,3 DIVE,"2	",-,-,Western kingbird near it！
,2022-04-12T00:00:00Z,1:45,2:15,KG SM,Russell Ranch,RRRR4,TRES,2 near,"4/5	",-,-,-
,2022-04-19T00:00:00Z,0:30,0:45,"SM, VW, KG",Russell Ranch,RRRR4,TRES,1 on,"4/7	",-,-,
,2022-04-26T00:00:00Z,0:45,1:10,PGG VW,Russell Ranch,RRRR4,TRES,1 ON,"4/6	",2:00 AM,-,
,2022-05-03T00:00:00Z,3:19,3:50,KG PGG VW CP,Russell Ranch,RRRR4,TRES,1 TRES flying near,"4/12	",6W,0,
,2022-05-10T00:00:00Z,,,"YW, KG, PGG",Russell Ranch,RRRR4,TRES,-,"4/6	",6A,-,
,2022-05-19T00:00:00Z,,,KG PGG,Russell Ranch,RRRR4,TRES,1 in,"4/10	",1,5,no loggers
,2022-05-24T00:00:00Z,,,KG PGG YW,Russell Ranch,RRRR4,TRES,2 on,"-	",skipped,skipped,"skipped- assumed nestlings (one week ago WC 9,10,12)"
,2022-06-02T00:00:00Z,,,KG PGG VW,Russell Ranch,RRRR4,TRES,1 feeding,"4/6	",-,5,big babies- to be skipped next week
,2022-06-07T00:00:00Z,,,VW KG PGG,Russell Ranch,RRRR4,TRES,1 MOB,"4/7	",-,3+,Huge babies!! Shouldn't open the box. Skip next week
,2022-06-14T00:00:00Z,,,CP,Russell Ranch,RRRR4,-,-,"-	",-,-,-
,2022-06-21T00:00:00Z,,,KG CP MZ,Russell Ranch,RRRR4,TRES,-,"4/4	",-,-,old nest
,2022-06-30T00:00:00Z,,,PGG SM,Russell Ranch,RRRR4,TRES?,-,"3/10	",1,-,Old nest removed including old egg
,2022-07-06T00:00:00Z,,,KG CP,Russell Ranch,RRRR4,-,-,"-	",-,-,old clear nest some poop empty
,2022-07-12T00:00:00Z,,,"YW, KG",Russell Ranch,RRRR4,-,-,"-	",-,-,-
,2022-07-27T00:00:00Z,,,KG VW,Russell Ranch,RRRR4,-,-,"-	",-,heard,skipped- mobbed by TRES
,2023-03-31T00:00:00Z,4:15,4:45,KL,Russell Ranch,RRRR4,-,-,"-	",-,-,
,2023-04-04T00:00:00Z,2:00,2:20,"RK, YZ",Russell Ranch,RRRR4,TRES,"2 on top, 1 nearby","0	",0,0,1 adult
,2023-04-11T00:00:00Z,3:00,3:19,"RK, YZ",Russell Ranch,RRRR4,TRES,3 nearby,"0	",0,0,
,2023-04-18T00:00:00Z,1:46,2:00,"RK, YZ",Russell Ranch,RRRR4,TRES,"3; 2 on top, 1 nearby","1/0	",-,-,
,2023-04-18T00:00:00Z,1:48,1:49,"RK, YZ",Russell Ranch,RRRR4,TRES,2 nearby,"0	",0,0,
,2023-04-25T00:00:00Z,2:13,2:20,"RK, YZ",Russell Ranch,RRRR4,TRES,2 nearby,"1/0	",0,0,
,2023-05-02T00:00:00Z,,,KL,Russell Ranch,RRRR4,WEBL,-,"1	",-,-,
,2023-05-11T00:00:00Z,,,KL,Russell Ranch,RRRR4,TRES,-,"2/0	",-,-,
,2021-04-16T00:00:00Z,1:40,2:00,KL,Russell Ranch,RRRR5,TRES?,-,".5/0	",-,-,-
,2021-04-23T00:00:00Z,4:00,4:30,"KL, KG",Russell Ranch,RRRR5,TRES?,-,"2/2	",-,-,-
,2021-04-30T00:00:00Z,1:10,1:45,"KL, KG",Russell Ranch,RRRR5,TRES,2 near,"4/8	",-,-,-
,2021-05-07T00:00:00Z,2:00,2:30,"KL, KG",Russell Ranch,RRRR5,TRES,1 on,"4/15	",6W,-,Placed loggers
,2021-05-13T00:00:00Z,4:30,4:45,"KL, KG",Russell Ranch,RRRR5,TRES,1 in,"4/30	",6W,-,
,2021-05-20T00:00:00Z,0:40,2:00,KL KG,Russell Ranch,RRRR5,TRES,2 near,"4/27	",2W,4,"WC:6,7,7,6; measure 1"
,2021-05-27T00:00:00Z,2:20,3:30,KL KG,Russell Ranch,RRRR5,TRES,2 near,"4/21	",-,6,"WC: 29,16,23,30,26,26; measure 2"
,2021-06-01T00:00:00Z,8:30,9:30,"KL, IS",Russell Ranch,RRRR5,TRES,1 near,"4/15	",-,6,Banded
,2021-06-03T00:00:00Z,1:30,2:30,"KL, KG",Russell Ranch,RRRR5,TRES,3 near,"Skipped	",Skipped,Skipped,"Skip 1, didn't hear nestlings inside"
,2021-06-10T00:00:00Z,2:15,2:45,"KL, KG",Russell Ranch,RRRR5,TRES,-,"Skipped	",Skipped,Skipped,1 large nestling sitting at hole of box; others audible inside
,2021-06-17T00:00:00Z,23:50,0:45,"KL, KG",Russell Ranch,RRRR5,TRES,-,"4/10	",-,-,Removed loggers
,2021-06-24T00:00:00Z,1:00,1:15,"KL, KG, DK, TP",Russell Ranch,RRRR5,TRES,1 near,"4/10	",-,-,
,2021-07-01T00:00:00Z,0:30,1:00,"KL, KG",Russell Ranch,RRRR5,-,-,"4/30	",-,-,
,2022-03-15T00:00:00Z,3:54,16:20,CP,Russell Ranch,RRRR5,TRES,3 TRES on power line 20m away,"2	",0,0,
,2022-03-23T00:00:00Z,0:30,1:00,KG RS,Russell Ranch,RRRR5,TRES,2 on,"1	",-,-,-
,2022-03-29T00:00:00Z,1:40,2:10,CP,Russell Ranch,RRRR5,TRES,"4 TRES flying near, 1 female WEBL UB on top","2	",0,0,
,2022-04-07T00:00:00Z,0:10,0:19,VW,Russell Ranch,RRRR5,TRES？,2 NEAR,"3	",-,-,
,2022-04-12T00:00:00Z,1:45,2:15,"CP, YW, KG, SM",Russell Ranch,RRRR5,WEBL,1 nearby,"4	",4 C,-,
,2022-04-19T00:00:00Z,0:30,0:45,KG SM VW,Russell Ranch,RRRR5,WEBL,1 male above 1 female in,"4	",5W,-,loggers added
,2022-04-26T00:00:00Z,0:45,1:10,PGG VW,Russell Ranch,RRRR5,WEBL,1 NEAR,"4	",5W,-,
,2022-05-03T00:00:00Z,3:19,3:50,KG VW PGG CP,Russell Ranch,RRRR5,WEBL,1 female in,"4	",-,5,a little dry :(
,2022-05-09T00:00:00Z,,,KL,Russell Ranch,RRRR5,WEBL,1 near,"4	",-,-,5 dead nestlings
,2022-05-18T00:00:00Z,,,KG PGG,Russell Ranch,RRRR5,WEBL,-,"4	",-,-,-
,2022-05-24T00:00:00Z,,,KG PGG YW,Russell Ranch,RRRR5,WEBL,-,"-	",skipped,skipped,skipped- empty last week- check again next week
,2022-06-02T00:00:00Z,,,KG PGG VW,Russell Ranch,RRRR5,TRES,2 near,"4/1	",-,-,-
,2022-06-07T00:00:00Z,,,KG PGG VW,Russell Ranch,RRRR5,TRES,2 near,"4/3	",-,-,-
,2022-06-14T00:00:00Z,,,PGG,Russell Ranch,RRRR5,WEBL,0,"0	",0,0,
,2022-06-21T00:00:00Z,,,KG CP VW,Russell Ranch,RRRR5,WEBL,-,"4	",-,-,old nest
,2022-06-30T00:00:00Z,0:05,1:00,PGG SM,Russell Ranch,RRRR5,WEBL,-,"4	",-,-,
,2022-07-06T00:00:00Z,,,KG CP,Russell Ranch,RRRR5,WEBL,-,"4	",-,-,old nest
,2022-07-12T00:00:00Z,,,"YW, KG",Russell Ranch,RRRR5,TRES,-,"4	",-,-,old nest
,2022-07-27T00:00:00Z,,,KG VW,Russell Ranch,RRRR5,-,-,"-	",-,-,"wasps nest, cleared"
,2023-04-04T00:00:00Z,2:10,2:20,"YZ, RK",Russell Ranch,RRRR5,TRES,5,"0	",-,-,"2 TRES on top of nestbox, 3 nearby"
,2023-04-11T00:00:00Z,3:00,3:19,"RK, YZ",Russell Ranch,RRRR5,TRES,1 nearby,"0	",0,0,
,2023-04-25T00:00:00Z,2:14,2:30,"RK, YZ",Russell Ranch,RRRR5,WEBL,-,"4	",-,-,
,2023-05-02T00:00:00Z,,,KL,Russell Ranch,RRRR5,WEBL,-,"4	",2C,-,
,2023-05-11T00:00:00Z,,,KL,Russell Ranch,RRRR5,WEBL,1 in,"4	",5W,-,
,2023-05-25T00:00:00Z,23:30,23:50,"RK, YZ",Russell Ranch,RRRR53,TRES,2 nearby,"4/20	",6C,0,
,2021-04-16T00:00:00Z,1:40,2:00,KL KG,Russell Ranch,RRRR6,-,-,"-	",-,-,empty but with many poops on predator guard only
,2021-04-23T00:00:00Z,4:00,4:30,KL KG,Russell Ranch,RRRR6,-,-,"-	",-,-,empty
,2021-04-30T00:00:00Z,1:10,1:45,"KL, KG",Russell Ranch,RRRR6,WEBL,1 near,"0.5	",-,-,male near
,2021-05-07T00:00:00Z,2:10,2:35,KL KG,Russell Ranch,RRRR6,TRES,1 in 1 near,"4/3	",-,-,-
,2021-05-13T00:00:00Z,16:25,17:00,KL KG,Russell Ranch,RRRR6,TRES,1 in,"4/8	",3A,-,-
,2021-05-20T00:00:00Z,0:40,2:00,KL KG,Russell Ranch,RRRR6,TRES,1 in,"4/18	",5W,-,-
,2021-05-27T00:00:00Z,2:25,3:30,KL KG,Russell Ranch,RRRR6,TRES,1 in,"4/32	",5W,-,-
,2021-06-03T00:00:00Z,1:03,2:30,"KL, KG",Russell Ranch,RRRR6,TRES,1 in,"4/25	",-,5,"WC: 11, 12, 13, 1 nestling with feathers tight around foot, very swollen and immobile. Removed feathers, bleeding slightly from wound, but able to move foot"
,2021-06-10T00:00:00Z,2:20,3:00,KL KG,Russell Ranch,RRRR6,TRES,2 near,"4/18	",-,4,"WC: 38,34,35- one dead baby w his broken leg :("
,2021-06-17T00:00:00Z,23:45,0:30,KL KG DV,Russell Ranch,RRRR6,TRES,1 near,"skipped	",skipped,skipped,heard babies
,2021-06-24T00:00:00Z,1:00,1:40,KL KG TP DK,Russell Ranch,RRRR6,skipped,skipped,"skipped	",skipped,skipped,skipped
,2021-07-01T00:00:00Z,0:30,1:30,KL KG,Russell Ranch,RRRR6,TRES,-,"4/12	",-,-,-
,2022-03-15T00:00:00Z,3:00,3:45,"KL, CP, IS",Russell Ranch,RRRR6,WEBL,-,"1	",-,-,
,2022-03-23T00:00:00Z,0:30,1:00,KG RS,Russell Ranch,RRRR6,TRES,2 on,"1.5	",-,-,-
,2022-03-29T00:00:00Z,23:00,3:00,KL,Russell Ranch,RRRR6,WEBL,-,"3	",-,-,Humidity logger added
,2022-03-29T00:00:00Z,1:40,2:10,CP,Russell Ranch,RRRR6,TRES,"1 TRES on top, 1 TRES flew out from inside box","2	",0,0,Just barely a 2
,2022-04-07T00:00:00Z,0:00,0:30,KG VW,Russell Ranch,RRRR6,TRES,4 near,"1	",-,-,-
,2022-04-12T00:00:00Z,1:40,2:20,"YW, CP",Russell Ranch,RRRR6,TRES,2 nearby,"2	",-,-,
,2022-04-19T00:00:00Z,0:30,0:45,"SM, VW, KG",Russell Ranch,RRRR6,TRES,1 on 1 flying,"3/0	",-,-,
,2022-04-26T00:00:00Z,0:45,1:10,KG,Russell Ranch,RRRR6,TRES,1 in 1 angry,"4/4	",2C,-,-
,2022-05-03T00:00:00Z,2:50,4:00,PGG,Russell Ranch,RRRR6,TRES,"1 TRES inside, 1 TRES flying near","4/6	",5W,0,Humidity logger on
,2022-05-10T00:00:00Z,,,"YW, KG, PGG",Russell Ranch,RRRR6,TRES,1 on,"4	",5 W,-,
,2022-05-19T00:00:00Z,,,KG PGG,Russell Ranch,RRRR6,TRES,1 near,"4/11	",-,6,-
,2022-05-24T00:00:00Z,,,"KG, PGG, YW",Russell Ranch,RRRR6,TRES,2near,"4	",-,2,did not bleed because babies are too big - one maybe tried to panic fledge but crisis averted
,2022-06-02T00:00:00Z,,,KG PGG VW,Russell Ranch,RRRR6,TRES,2 dive bombing,"skipped	",skipped,one peaking head out,-
,2022-06-07T00:00:00Z,,,KG PGG VW,Russell Ranch,RRRR6,TRES,skipped,"skipped	",skipped,skipped,skipped because last week was skip 1 and this week skip 2
,2022-06-14T00:00:00Z,,,CP,Russell Ranch,RRRR6,TRES,0,"4/10	",0,0,
,2022-06-21T00:00:00Z,,,KG MZ CP,Russell Ranch,RRRR6,TRES,-,"4/4	",-,-,old nest!
,2022-06-30T00:00:00Z,0:05,1:00,SM PGG,Russell Ranch,RRRR6,TRES,-,"4/5	",-,-,Old nest removed
,2022-07-12T00:00:00Z,,,"YW, KG",Russell Ranch,RRRR6,-,-,"-	",-,-,-
,2022-07-27T00:00:00Z,,,KG VW,Russell Ranch,RRRR6,-,-,"-	",-,-,"wasps nest, cleared"
,2023-03-31T00:00:00Z,4:15,4:45,KL,Russell Ranch,RRRR6,TRES,1 on,"-	",-,-,
,2023-04-04T00:00:00Z,2:00,2:15,KL,Russell Ranch,RRRR6,TRES,1 in 1 on,"1/0	",-,-,
,2023-04-11T00:00:00Z,,,KL,Russell Ranch,RRRR6,WEBL,-,"3	",-,-,
,2023-04-18T00:00:00Z,,,KL,Russell Ranch,RRRR6,TRES,1 on 1 near,"3/0	",-,-,
,2023-04-25T00:00:00Z,,,KL,Russell Ranch,RRRR6,TRES,2 near,"4/2	",1C,-,
,2023-05-02T00:00:00Z,,,KL,Russell Ranch,RRRR6,TRES,-,"4/2	",3C,-,
,2023-05-11T00:00:00Z,,,KL,Russell Ranch,RRRR6,TRES,1 in 1 near,"4/20	",4W,-,
,2023-05-18T00:00:00Z,,,KL,Russell Ranch,RRRR6,TRES,1 in,"4/20	",1W,3,
,2023-05-25T00:00:00Z,0:10,0:30,"RK, KL",Russell Ranch,RRRR6,TRES,2 nearby,"4/20	",1,3,
,2023-06-13T00:00:00Z,2:10,2:15,"RK, YZ",Russell Ranch,RRRR6,TRES,0,"4	",0,0,
,2021-04-16T00:00:00Z,1:40,2:00,KL KG,Russell Ranch,RRRR7,-,-,"-	",-,-,2 twigs only
,2021-04-23T00:00:00Z,4:00,4:30,KL KG,Russell Ranch,RRRR7,WEBL?,-,"-	",-,-,One female WEBL on top of box
,2021-04-30T00:00:00Z,1:10,1:45,"KL, KG",Russell Ranch,RRRR7,WEBL,-,"4	",-,-,may have bee abandoned
,2021-05-07T00:00:00Z,2:10,2:35,KL KG,Russell Ranch,RRRR7,WEBL,2 on,"4	",3C,-,-
,2021-05-13T00:00:00Z,16:25,17:00,KL KG,Russell Ranch,RRRR7,WEBL,-,"4	",5W,-,-
,2021-05-20T00:00:00Z,0:40,2:00,KL KG,Russell Ranch,RRRR7,WEBL,-,"4	",5W,-,-
,2021-05-27T00:00:00Z,2:20,3:30,KL KG,Russell Ranch,RRRR7,WEBL,1 near,"4	",3W,2,"approx WC: 10,11"
,2021-06-03T00:00:00Z,1:30,2:30,"KL, KG",Russell Ranch,RRRR7,WEBL,-,"4	",3,2,Almost banding size
,2021-06-10T00:00:00Z,2:20,3:00,KL KG,Russell Ranch,RRRR7,skipped,skipped,"skipped	",skipped,skipped,skipped
,2021-06-17T00:00:00Z,23:45,0:30,KL KG DV,Russell Ranch,RRRR7,skipped,skipped,"skipped	",skipped,skipped,skipped
,2021-06-24T00:00:00Z,1:00,1:40,KL KG TP DK,Russell Ranch,RRRR7,WEBL,-,"4	",3C,-,very dirty looking eggs
,2021-07-01T00:00:00Z,0:30,1:30,KL KG,Russell Ranch,RRRR7,WEBL,-,"4	",2C,-,old eggs
,2022-03-15T00:00:00Z,3:50,4:15,"KL, CP, IS",Russell Ranch,RRRR7,WEBL,-,"1	",-,-,
,2022-03-23T00:00:00Z,0:30,1:00,KG RS,Russell Ranch,RRRR7,TRES?,1,"0.5	",0,0,
,2022-03-29T00:00:00Z,23:00,3:00,KL,Russell Ranch,RRRR7,TRES,-,"2	",-,-,
,2022-04-07T00:00:00Z,0:00,0:30,KG VW,Russell Ranch,RRRR7,TRES,1 on top,"1	",-,-,-
,2022-04-10T00:00:00Z,0:30,0:50,VW,Russell Ranch,RRRR7,TRES,1 ON,"1/0	",-,-,
,2022-04-12T00:00:00Z,0:40,1:20,"YW, CP",Russell Ranch,RRRR7,-,-,"2	",-,-,
,2022-04-26T00:00:00Z,0:45,1:10,KG,Russell Ranch,RRRR7,TRES,2 near,"1.5	",-,-,-
,2022-05-03T00:00:00Z,2:50,4:00,VW,Russell Ranch,RRRR7,TRES,0,"2	",0,0,
,2022-05-10T00:00:00Z,,,KG PGG YW,Russell Ranch,RRRR7,-,-,"2	",-,-,-
,2022-05-19T00:00:00Z,,,KG PGG,Russell Ranch,RRRR7,TRES,1 near,"1	",-,-,-
,2022-05-24T00:00:00Z,,,KG PGG YW,Russell Ranch,RRRR7,TRES?,-,"1	",-,-,-
,2022-06-02T00:00:00Z,,,KG PGG VW,Russell Ranch,RRRR7,-,-,"2	",-,-,-
,2022-06-07T00:00:00Z,,,VW KG PGG,Russell Ranch,RRRR7,-,-,"1	",-,-,
,2022-06-14T00:00:00Z,,,PGG,Russell Ranch,RRRR7,-,0,"0	",0,0,
,2022-06-21T00:00:00Z,,,CP,Russell Ranch,RRRR7,TRES?,0,"1	",0,0,
,2022-06-30T00:00:00Z,0:05,1:00,SM PGG,Russell Ranch,RRRR7,-,-,"-	",-,-,
,2022-07-06T00:00:00Z,,,CP,Russell Ranch,RRRR7,TRES,0,"1	",0,0,
,2022-07-12T00:00:00Z,,,"YW, KG",Russell Ranch,RRRR7,-,-,"-	",-,-,-
,2022-07-27T00:00:00Z,,,KG VW,Russell Ranch,RRRR7,-,-,"-	",-,-,cleared
,2023-03-31T00:00:00Z,4:15,4:45,KL,Russell Ranch,RRRR7,-,-,"-	",-,-,
,2023-04-04T00:00:00Z,2:00,2:15,KL,Russell Ranch,RRRR7,-,-,"-	",-,-,
,2023-04-11T00:00:00Z,,,KL,Russell Ranch,RRRR7,-,-,"-	",-,-,
,2023-04-18T00:00:00Z,,,KL,Russell Ranch,RRRR7,-,-,"-	",-,-,
,2023-04-25T00:00:00Z,,,KL,Russell Ranch,RRRR7,TRES,1 near,"2/0	",-,-,
,2023-05-02T00:00:00Z,,,KL,Russell Ranch,RRRR7,WEBL,-,"4	",-,-,
,2023-05-11T00:00:00Z,0:05,0:30,"RK, YZ",Russell Ranch,RRRR7,TRES,0,"4/5	",0,0,
,2023-06-08T00:00:00Z,3:00,3:05,"KL, YZ",Russell Ranch,RRRR7,TRES,1 nearby,"4/35	",6,0,
,2023-06-13T00:00:00Z,,,KL,Russell Ranch,RRRR7,TRES,2 near,"4/30	",5W,-,
,2023-06-22T00:00:00Z,1:00,1:30,"KL, RK, YZ",Russell Ranch,RRRR7,TRES,1 in,"4/20	",1,5,
,2023-06-27T00:00:00Z,,,"KL,YZ, RK",Russell Ranch,RRRR7,TRES,1 near,"4/20	",1W,5,
,2023-07-18T00:00:00Z,,,"KL, YZ",Russell Ranch,RRRR7,TRES,-,"4/5	",-,-,Appears to have all fledged
,2021-04-16T00:00:00Z,1:40,2:00,KG,Russell Ranch,RRRR8,TRES,2,"1.75/ 7	",-,-,two unbranded TRES circling very very close- went back into box when i left
,2021-04-23T00:00:00Z,4:00,4:30,KL KG,Russell Ranch,RRRR8,TRES,2 on top,"4/12	",-,-,2 adult TRES clicking at me!
,2021-04-30T00:00:00Z,1:10,1:45,"KL, KG",Russell Ranch,RRRR8,TRES,2 near,"4/8	",-,-,male and female near
,2021-05-07T00:00:00Z,2:10,2:35,KL KG,Russell Ranch,RRRR8,TRES,2 near,"4/22	",-,-,-
,2021-05-13T00:00:00Z,16:25,17:00,KL KG,Russell Ranch,RRRR8,TRES,-,"4/18	",-,-,-
,2021-05-20T00:00:00Z,0:40,2:00,KL KG,Russell Ranch,RRRR8,TRES,2 near,"4/38	",-,-,-
,2021-05-27T00:00:00Z,2:20,3:30,KL KG,Russell Ranch,RRRR8,TRES,-,"4/24	",-,-,-
,2021-06-03T00:00:00Z,1:30,3:00,KL KG,Russell Ranch,RRRR8,TRES,2 near,"4/ 15	",5W,-,-
,2021-06-10T00:00:00Z,2:20,3:00,KL KG,Russell Ranch,RRRR8,TRES,1 in,"4/12	",4W,-,-
,2021-06-17T00:00:00Z,23:45,0:30,KL KG DV,Russell Ranch,RRRR8,TRES,1 in,"4/8	",-,4,"WC: 7,7,8,8"
,2021-06-24T00:00:00Z,1:00,1:40,KL KG TP DK,Russell Ranch,RRRR8,TRES,1 female in,"4/4	",-,4,"WC: 26,30,32,21"
,2021-07-01T00:00:00Z,0:30,1:30,KL KG,Russell Ranch,RRRR8,TRES,1 on,"skipped	",skipped,skipped,nestlings heard
,2022-03-15T00:00:00Z,3:50,4:15,"KL, CP, IS",Russell Ranch,RRRR8,TRES,2 on UB 1 near,"1/0	",-,-,
,2022-03-23T00:00:00Z,0:30,1:00,KG RS,Russell Ranch,RRRR8,TRES?,-,"0.1	",-,-,-
,2022-03-29T00:00:00Z,23:00,3:00,"KL,",Russell Ranch,RRRR8,TRES,"1 on, 1 near","1/0	",-,-,
,2022-04-07T00:00:00Z,0:00,0:30,KG VW,Russell Ranch,RRRR8,TRES,2 on,"1	",-,-,-
,2022-04-12T00:00:00Z,0:40,1:20,"CP, YW",Russell Ranch,RRRR8,TRES,1in 1on,"1	",-,-,
,2022-04-19T00:00:00Z,0:30,1:00,VW,Russell Ranch,RRRR8,TRES,1 ON,"3/0	",-,-,
,2022-04-26T00:00:00Z,0:45,1:10,KG YW,Russell Ranch,RRRR8,TRES,2 near,"4/7	",-,-,-
,2022-05-03T00:00:00Z,3:19,3:50,KG PGG VW CP,Russell Ranch,RRRR8,TRES,2 near,"4/6	",3C,-,-
,2022-05-10T00:00:00Z,,,"YE, KG, PGG",Russell Ranch,RRRR8,TRES,-,"4	",5 C,-,
,2022-05-19T00:00:00Z,,,KG PGG,Russell Ranch,RRRR8,TRES,2 near,"4/7	",5W,-,-
,2022-05-24T00:00:00Z,,,KG PGG YW,Russell Ranch,RRRR8,TRES,2 near,"4/4	",5W,-,-
,2022-06-02T00:00:00Z,,,VW PGG,Russell Ranch,RRRR8,TRES,1 NEAR,"4/6	",-,3,Estimated wc 40
,2022-06-07T00:00:00Z,,,VW KG PGG,Russell Ranch,RRRR8,TRES,1 feeding,"4	",-,-,Skipped
,2022-06-14T00:00:00Z,,,CP,Russell Ranch,RRRR8,-,-,"-	",-,-,Heard nestlings inside
,2022-06-21T00:00:00Z,,,CP,Russell Ranch,RRRR8,TRES,0,"4/15	",0,0,Post-fledge
,2022-06-30T00:00:00Z,0:05,1:00,SM PGG,Russell Ranch,RRRR8,TRES,-,"4/10	",1,-,Removed old nest including old egg
,2022-07-06T00:00:00Z,,,CP,Russell Ranch,RRRR8,-,0,"0	",0,0,
,2022-07-12T00:00:00Z,,,"YW, KG",Russell Ranch,RRRR8,-,-,"-	",-,-,-
,2022-07-27T00:00:00Z,,,KG VW,Russell Ranch,RRRR8,-,-,"-	",-,-,"wasps nest, cleared"
,2023-03-31T00:00:00Z,4:15,4:45,KL,Russell Ranch,RRRR8,TRES,-,"-	",-,-,
,2023-04-04T00:00:00Z,2:00,2:15,KL,Russell Ranch,RRRR8,TRES,2 near,"1/0	",-,-,
,2023-04-11T00:00:00Z,,,KL,Russell Ranch,RRRR8,WEBL,-,"2	",-,-,
,2023-04-18T00:00:00Z,,,KL,Russell Ranch,RRRR8,TRES,2 on,"2/0	",-,-,
,2023-04-25T00:00:00Z,,,KL,Russell Ranch,RRRR8,TRES,1 near,"3/0	",-,-,
,2023-05-02T00:00:00Z,,,KL,Russell Ranch,RRRR8,WEBL,-,"4	",-,-,
,2023-05-11T00:00:00Z,0:02,0:19,"RK, YZ",Russell Ranch,RRRR8,WEBL,1 inside,"4	",5W,0,
,2023-05-18T00:00:00Z,,,KL,Russell Ranch,RRRR8,WEBL,1 in,"4	",5W,-,
,2023-05-25T00:00:00Z,0:40,1:17,"RK, KL, YZ",Russell Ranch,RRRR8,WEBL,2 nearby,"4	",0,5,
,2023-06-01T00:00:00Z,1:20,1:30,"RK, YZ, KL",Russell Ranch,RRRR8,WEBL,0,"4	",0,0,Nestlings gone; predation
,2023-06-22T00:00:00Z,0:59,1:15,"RK, YZ",Russell Ranch,RRRR8,WEBL,1 near,"4	",5W,0,
,2023-06-27T00:00:00Z,,,KL,Russell Ranch,RRRR8,WEBL,1 in,"4	",5W,-,
,2023-07-05T00:00:00Z,,,KL,Russell Ranch,RRRR8,WEBL,2 in,"4	",-,5,
,2023-07-13T00:00:00Z,1:00,2:15,"KL, RK, YZ",Russell Ranch,RRRR8,WEBL,1 near,"4	",0,4,
,2023-08-03T00:00:00Z,,,KL,Russell Ranch,RRRR8,TRES,-,"4/3	",-,-,Dead nestling band 2941-94708
,2021-04-16T00:00:00Z,1:40,2:00,KG,Russell Ranch,RRRR9,WEBL?,2 nearby,"0.75	",-,-,TRES also nearby
,2021-04-23T00:00:00Z,4:00,4:30,KL KG,Russell Ranch,RRRR9,WEBL,1 on,"2	",-,-,2 TRES on box
,2021-04-30T00:00:00Z,1:10,1:45,"KL, KG",Russell Ranch,RRRR9,WEBL,2 on box,"3	",-,-,male and female on box
,2021-05-07T00:00:00Z,2:10,2:35,KL KG,Russell Ranch,RRRR9,WEBL,2 on,"4	",4C,-,-
,2021-05-13T00:00:00Z,16:25,17:00,KL KG,Russell Ranch,RRRR9,WEBL,-,"4	",5W,-,-
,2021-05-20T00:00:00Z,0:40,2:00,KL KG,Russell Ranch,RRRR9,WEBL,1 near,"4	",5W,-,-
,2021-05-20T00:00:00Z,0:40,2:00,KL KG,Russell Ranch,RRRR9,WEBL,1 near,"4	",5W,-,-
,2021-05-27T00:00:00Z,2:20,3:30,KL KG,Russell Ranch,RRRR9,WEBL,-,"4	",-,5,"approx WC: 13,15,16"
,2021-06-03T00:00:00Z,1:30,3:00,KL KG,Russell Ranch,RRRR9,WEBL,2 near,"4	",-,5,banding size- skipped WC because they are large- one less developed than the others with a flimsy neck
,2021-06-10T00:00:00Z,2:20,3:00,KL KG,Russell Ranch,RRRR9,WEBL,1 on,"skipped	",skipped,skipped,one male on and babies heard
,2021-06-17T00:00:00Z,23:45,0:30,KL KG DV,Russell Ranch,RRRR9,skipped,skipped,"skipped	",skipped,skipped,skipped
,2021-06-24T00:00:00Z,1:00,1:40,KL KG TP DK,Russell Ranch,RRRR9,WEBL,-,"4	",-,-,-
,2021-07-01T00:00:00Z,0:30,1:30,KL KG,Russell Ranch,RRRR9,TRES,-,"4/7	",-,-,-
,2021-07-01T00:00:00Z,0:30,1:30,KL KG,Russell Ranch,RRRR9,TRES,-,"4/7	",-,-,-
,2022-03-15T00:00:00Z,3:50,4:15,"KL, CP, IS",Russell Ranch,RRRR9,TRES,1 on 5 near,"1/0	",-,-,
,2022-03-23T00:00:00Z,0:30,1:00,KG RS,Russell Ranch,RRRR9,TRES,2 on,"0	",-,-,-
,2022-03-29T00:00:00Z,23:00,3:00,KL,Russell Ranch,RRRR9,TRES,"2 on, 1 (m?) Banded","1/0	",-,-,
,2022-04-07T00:00:00Z,0:00,0:30,KG VW,Russell Ranch,RRRR9,TRES,1 on top,"1	",-,-,-
,2022-04-12T00:00:00Z,1:40,2:20,"CP, YW",Russell Ranch,RRRR9,TRES,1in 1on,"2	",-,-,
,2022-04-19T00:00:00Z,0:30,1:00,VW,Russell Ranch,RRRR9,TRES,1 ON,"3/0	",-,-,
,2022-04-26T00:00:00Z,0:50,1:20,"YW, KG",Russell Ranch,RRRR9,TRES,-,"4/2	",-,-,
,2022-05-03T00:00:00Z,3:19,3:50,KG PGG VW CP,Russell Ranch,RRRR9,TRES,2 near,"4/3	",5A,-,-
,2022-05-10T00:00:00Z,,,"YW, KG, PGG",Russell Ranch,RRRR9,TRES,1in,"4	",5A,-,
,2022-05-19T00:00:00Z,,,KG PGG,Russell Ranch,RRRR9,TRES,2 nesr,"4	",-,5,tiny just hatched today
,2022-05-24T00:00:00Z,,,KG PGG YW,Russell Ranch,RRRR9,TRES,-,"-	",-,5,"WC:7,8 LAST week (may 10) this week did not check"
,2022-06-02T00:00:00Z,,,VW PGG,Russell Ranch,RRRR9,TRES,-,"4/3	",-,2,Very big babies! Estimated WC 50. Should skip next week
,2022-06-07T00:00:00Z,,,KG PGG VW,Russell Ranch,RRRR9,WEBL?,skipped,"skipped	",skipped,skipped,skipped bc last week was skip 1 and we did not want to risk it
,2022-06-14T00:00:00Z,,,CP,Russell Ranch,RRRR9,-,-,"-	",-,-,Didn't hear nestlings inside
,2022-06-21T00:00:00Z,,,CP,Russell Ranch,RRRR9,TRES,0,"4/6	",1W,0,
,2022-06-30T00:00:00Z,0:05,1:00,SM PGG,Russell Ranch,RRRR9,TRES,-,"4/5	",1 C,-,
,2022-07-06T00:00:00Z,,,CP,Russell Ranch,RRRR9,TRES,0,"4/5	",1C,0,
,2022-07-12T00:00:00Z,,,"YW, KG",Russell Ranch,RRRR9,TRES,-,"4	",-,-,old nest
,2022-07-19T00:00:00Z,,,KG YW,Russell Ranch,RRRR9,TRES,-,"-	",-,-,old nest
,2022-07-27T00:00:00Z,,,KG VW,Russell Ranch,RRRR9,-,-,"-	",-,-,cleared
,2023-03-31T00:00:00Z,4:15,4:45,KL,Russell Ranch,RRRR9,-,-,"-	",-,-,
,2023-04-04T00:00:00Z,2:00,2:15,KL,Russell Ranch,RRRR9,-,-,"-	",-,-,
,2023-04-11T00:00:00Z,,,KL,Russell Ranch,RRRR9,TRES,2 on,"1/0	",-,-,
,2023-04-18T00:00:00Z,,,KL,Russell Ranch,RRRR9,TRES,2 near,"2/0	",-,-,
,2023-04-25T00:00:00Z,,,KL,Russell Ranch,RRRR9,TRES,2 near,"3/0	",-,-,
,2023-05-02T00:00:00Z,,,KL,Russell Ranch,RRRR9,WEBL,-,"3	",-,-,
,2023-05-11T00:00:00Z,23:59,0:30,"RK, YZ",Russell Ranch,RRRR9,WEBL,2 nearby,"4	",4A,0,
